[quarterly-refresh] start 20260924-073002
[quarterly-refresh-detect] 2026-09-24T05:30:09.512235+00:00 NEW ADBE: 1 filing(s) → ['10-Q 2026-09-22']
[quarterly-refresh-detect] 2026-09-24T05:30:14.167859+00:00 NEW AEE: 1 filing(s) → ['8-K 2026-09-18']
[quarterly-refresh-detect] 2026-09-24T05:30:32.463849+00:00 NEW AMT: 1 filing(s) → ['8-K 2026-09-18']
[quarterly-refresh-detect] 2026-09-24T05:30:35.255406+00:00 NEW AON: 1 filing(s) → ['8-K 2026-09-22']
[quarterly-refresh-detect] 2026-09-24T05:30:40.203584+00:00 NEW APO: 1 filing(s) → ['8-K 2026-09-21']
[quarterly-refresh-detect] 2026-09-24T05:30:50.756364+00:00 NEW AXON: 1 filing(s) → ['8-K 2026-09-21']
[quarterly-refresh-detect] 2026-09-24T05:30:52.626379+00:00 NEW AZO: 1 filing(s) → ['8-K 2026-09-22']
[quarterly-refresh-detect] 2026-09-24T05:31:01.707918+00:00 NEW BF.B: 1 filing(s) → ['8-K 2026-09-21']
[quarterly-refresh-detect] 2026-09-24T05:31:02.551527+00:00 NEW BG: 1 filing(s) → ['8-K 2026-09-21']
[quarterly-refresh-detect] 2026-09-24T05:31:09.794141+00:00 progress 100/664
[quarterly-refresh-detect] 2026-09-24T05:31:12.547581+00:00 NEW BSX: 1 filing(s) → ['8-K 2026-09-23']
[quarterly-refresh-detect] 2026-09-24T05:31:13.496726+00:00 NEW BX: 1 filing(s) → ['8-K 2026-09-22']
[quarterly-refresh-detect] 2026-09-24T05:31:17.498445+00:00 NEW CAH: 1 filing(s) → ['DEF 14A 2026-09-21']
[quarterly-refresh-detect] 2026-09-24T05:31:27.749890+00:00 NEW CDW: 1 filing(s) → ['8-K 2026-09-21']
[quarterly-refresh-detect] 2026-09-24T05:31:51.560642+00:00 progress 150/664
[quarterly-refresh-detect] 2026-09-24T05:31:58.843056+00:00 NEW CRWV: 1 filing(s) → ['8-K 2026-09-22']
[quarterly-refresh-detect] 2026-09-24T05:32:02.027130+00:00 NEW CTAS: 1 filing(s) → ['8-K 2026-09-23']
[quarterly-refresh-detect] 2026-09-24T05:32:03.591368+00:00 NEW CTVA: 1 filing(s) → ['8-K 2026-09-21']
[quarterly-refresh-detect] 2026-09-24T05:32:08.313858+00:00 NEW DASH: 1 filing(s) → ['8-K 2026-09-18']
[quarterly-refresh-detect] 2026-09-24T05:32:23.996342+00:00 progress 200/664
[quarterly-refresh-detect] 2026-09-24T05:32:28.500907+00:00 NEW ECHO: 1 filing(s) → ['DEF 14A 2026-09-18']
[quarterly-refresh-detect] 2026-09-24T05:33:03.835451+00:00 progress 250/664
[quarterly-refresh-detect] 2026-09-24T05:33:08.561534+00:00 NEW FISV: 1 filing(s) → ['8-K 2026-09-22']
[quarterly-refresh-detect] 2026-09-24T05:33:09.433304+00:00 NEW FITB: 1 filing(s) → ['8-K 2026-09-23']
[quarterly-refresh-detect] 2026-09-24T05:33:18.709018+00:00 NEW GE: 1 filing(s) → ['8-K 2026-09-22']
[quarterly-refresh-detect] 2026-09-24T05:33:19.563753+00:00 NEW GEHC: 1 filing(s) → ['8-K 2026-09-22']
[quarterly-refresh-detect] 2026-09-24T05:33:23.916746+00:00 NEW GIS: 2 filing(s) → ['10-Q 2026-09-23', '8-K 2026-09-23']
[quarterly-refresh-detect] 2026-09-24T05:33:34.785987+00:00 NEW HBAN: 1 filing(s) → ['8-K 2026-09-18']
[quarterly-refresh-detect] 2026-09-24T05:33:38.281876+00:00 progress 300/664
[quarterly-refresh-detect] 2026-09-24T05:33:43.126057+00:00 NEW HPQ: 1 filing(s) → ['8-K 2026-09-21']
[quarterly-refresh-detect] 2026-09-24T05:33:44.869586+00:00 NEW HSIC: 1 filing(s) → ['8-K 2026-09-22']
[quarterly-refresh-detect] 2026-09-24T05:33:58.888077+00:00 NEW IQV: 1 filing(s) → ['8-K 2026-09-23']
[quarterly-refresh-detect] 2026-09-24T05:34:05.509179+00:00 NEW J: 1 filing(s) → ['8-K/A 2026-09-23']
[quarterly-refresh-detect] 2026-09-24T05:34:14.177840+00:00 progress 350/664
[quarterly-refresh-detect] 2026-09-24T05:34:17.785771+00:00 NEW KLAC: 1 filing(s) → ['DEF 14A 2026-09-22']
[quarterly-refresh-detect] 2026-09-24T05:34:21.209598+00:00 NEW KR: 1 filing(s) → ['10-Q 2026-09-18']
[quarterly-refresh-detect] 2026-09-24T05:34:25.643085+00:00 NEW LH: 1 filing(s) → ['8-K 2026-09-22']
[quarterly-refresh-detect] 2026-09-24T05:34:27.451463+00:00 NEW LII: 1 filing(s) → ['8-K 2026-09-18']
[quarterly-refresh-detect] 2026-09-24T05:34:44.324383+00:00 NEW MCD: 1 filing(s) → ['8-K 2026-09-23']
[quarterly-refresh-detect] 2026-09-24T05:34:52.669074+00:00 progress 400/664
[quarterly-refresh-detect] 2026-09-24T05:35:08.575517+00:00 NEW MSTR: 1 filing(s) → ['8-K 2026-09-21']
[quarterly-refresh-detect] 2026-09-24T05:35:09.648115+00:00 NEW MTB: 2 filing(s) → ['8-K 2026-09-22', '424B5 2026-09-22']
[quarterly-refresh-detect] 2026-09-24T05:35:27.793773+00:00 NEW NWS: 5 filing(s) → ['8-K 2026-09-18', '8-K 2026-09-21', '8-K 2026-09-22', 'DEF 14A 2026-09-23', '8-K 2026-09-23']
[quarterly-refresh-detect] 2026-09-24T05:35:30.381214+00:00 NEW ODFL: 1 filing(s) → ['8-K 2026-09-22']
[quarterly-refresh-detect] 2026-09-24T05:35:30.381408+00:00 progress 450/664
[quarterly-refresh-detect] 2026-09-24T05:35:38.502583+00:00 NEW PAYX: 1 filing(s) → ['8-K 2026-09-23']
[quarterly-refresh-detect] 2026-09-24T05:35:46.577949+00:00 NEW PGR: 1 filing(s) → ['8-K 2026-09-18']
[quarterly-refresh-detect] 2026-09-24T05:35:47.420341+00:00 NEW PH: 1 filing(s) → ['DEF 14A 2026-09-18']
[quarterly-refresh-detect] 2026-09-24T05:35:51.749950+00:00 NEW PM: 1 filing(s) → ['8-K 2026-09-18']
[quarterly-refresh-detect] 2026-09-24T05:35:53.551750+00:00 NEW PNR: 2 filing(s) → ['8-K 2026-09-18', '8-K 2026-09-22']
[quarterly-refresh-detect] 2026-09-24T05:35:55.287757+00:00 NEW PODD: 1 filing(s) → ['8-K 2026-09-21']
[quarterly-refresh-detect] 2026-09-24T05:36:07.107748+00:00 NEW RCL: 1 filing(s) → ['8-K 2026-09-23']
[quarterly-refresh-detect] 2026-09-24T05:36:11.189796+00:00 NEW RJF: 1 filing(s) → ['8-K 2026-09-23']
[quarterly-refresh-detect] 2026-09-24T05:36:30.272727+00:00 progress 550/664
[quarterly-refresh-detect] 2026-09-24T05:36:36.848310+00:00 NEW STLD: 1 filing(s) → ['8-K 2026-09-18']
[quarterly-refresh-detect] 2026-09-24T05:36:39.293226+00:00 NEW STZ: 1 filing(s) → ['8-K 2026-09-18']
[quarterly-refresh-detect] 2026-09-24T05:36:44.587248+00:00 NEW SYY: 2 filing(s) → ['424B5 2026-09-18', '424B5 2026-09-18']
[quarterly-refresh-detect] 2026-09-24T05:36:47.735856+00:00 NEW TDG: 1 filing(s) → ['8-K 2026-09-21']
[quarterly-refresh-detect] 2026-09-24T05:36:49.531028+00:00 NEW TECH: 1 filing(s) → ['8-K 2026-09-23']
[quarterly-refresh-detect] 2026-09-24T05:37:09.267041+00:00 NEW TTD: 1 filing(s) → ['DEF 14A 2026-09-18']
[quarterly-refresh-detect] 2026-09-24T05:37:22.459280+00:00 NEW V: 1 filing(s) → ['8-K 2026-09-23']
[quarterly-refresh-detect] 2026-09-24T05:37:24.192331+00:00 NEW VICI: 1 filing(s) → ['8-K/A 2026-09-22']
[quarterly-refresh-detect] 2026-09-24T05:37:24.997486+00:00 NEW VLO: 1 filing(s) → ['8-K 2026-09-18']
[quarterly-refresh-detect] 2026-09-24T05:37:44.811626+00:00 NEW WFC: 1 filing(s) → ['8-K 2026-09-23']
[quarterly-refresh-detect] 2026-09-24T05:37:51.160879+00:00 progress 650/664
[quarterly-refresh-detect] 2026-09-24T05:37:55.867613+00:00 NEW WYNN: 1 filing(s) → ['8-K 2026-09-22']
[quarterly-refresh-detect] 2026-09-24T05:38:04.075017+00:00 Ecrit /Users/yann/spx-app/.conv-state/quarterly-refresh-detected.json : 56 ste(s) a rafraichir, 135 erreur(s)
[quarterly-refresh] detect rc=0, 56 ste(s) a rafraichir
[quarterly-refresh-run] 2026-09-24T05:38:04.268311+00:00 === ADBE (quarter, 1 filing(s)) ===
[quarterly-refresh-run] 2026-09-24T05:38:05.322642+00:00   ADBE: facts=183 kpi_updated=4 kpi_added=0 errors=0
[quarterly-refresh-run] 2026-09-24T05:38:05.322657+00:00 === AEE (docs, 1 filing(s)) ===
[quarterly-refresh-run] 2026-09-24T05:38:06.678787+00:00   AEE: facts=132 kpi_updated=0 kpi_added=0 errors=0
[quarterly-refresh-run] 2026-09-24T05:38:06.678921+00:00 === AMT (docs, 1 filing(s)) ===
[quarterly-refresh-run] 2026-09-24T05:38:07.928488+00:00   AMT: facts=144 kpi_updated=0 kpi_added=0 errors=0
[quarterly-refresh-run] 2026-09-24T05:38:07.928505+00:00 === AON (docs, 1 filing(s)) ===
[quarterly-refresh-run] 2026-09-24T05:38:09.310455+00:00   AON: facts=154 kpi_updated=0 kpi_added=0 errors=0
[quarterly-refresh-run] 2026-09-24T05:38:09.310472+00:00 === APO (docs, 1 filing(s)) ===
[quarterly-refresh-run] 2026-09-24T05:38:10.367292+00:00   APO: facts=108 kpi_updated=0 kpi_added=0 errors=0
[quarterly-refresh-run] 2026-09-24T05:38:10.367310+00:00 === AXON (docs, 1 filing(s)) ===
[quarterly-refresh-run] 2026-09-24T05:38:11.535911+00:00   AXON: facts=203 kpi_updated=0 kpi_added=0 errors=0
[quarterly-refresh-run] 2026-09-24T05:38:11.535930+00:00 === AZO (quarter, 1 filing(s)) ===
[quarterly-refresh-run] 2026-09-24T05:38:12.625654+00:00   AZO: facts=174 kpi_updated=0 kpi_added=0 errors=0
[quarterly-refresh-run] 2026-09-24T05:38:12.625927+00:00 === BF.B (docs, 1 filing(s)) ===
[quarterly-refresh-run] 2026-09-24T05:38:13.904133+00:00   BF.B: facts=185 kpi_updated=0 kpi_added=0 errors=0
[quarterly-refresh-run] 2026-09-24T05:38:13.904186+00:00 === BG (docs, 1 filing(s)) ===
[quarterly-refresh-run] 2026-09-24T05:38:14.905184+00:00   BG: facts=141 kpi_updated=0 kpi_added=0 errors=0
[quarterly-refresh-run] 2026-09-24T05:38:14.905279+00:00 === BSX (docs, 1 filing(s)) ===
[quarterly-refresh-run] 2026-09-24T05:38:15.626923+00:00   down BSX 8-K 2026-09-23 -> data-lake/BSX/8K/BSX_2026-09-23_0000885725-26-000061.htm.gz
[quarterly-refresh-run] 2026-09-24T05:38:16.820956+00:00   BSX: facts=176 kpi_updated=0 kpi_added=0 errors=0
[quarterly-refresh-run] 2026-09-24T05:38:16.820976+00:00 === BX (docs, 1 filing(s)) ===
[quarterly-refresh-run] 2026-09-24T05:38:18.038267+00:00   BX: facts=132 kpi_updated=0 kpi_added=0 errors=0
[quarterly-refresh-run] 2026-09-24T05:38:18.040871+00:00 === CAH (docs, 1 filing(s)) ===
[quarterly-refresh-run] 2026-09-24T05:38:19.264850+00:00   CAH: facts=163 kpi_updated=0 kpi_added=0 errors=0
[quarterly-refresh-run] 2026-09-24T05:38:19.264876+00:00 === CDW (docs, 1 filing(s)) ===
[quarterly-refresh-run] 2026-09-24T05:38:20.460557+00:00   CDW: facts=176 kpi_updated=0 kpi_added=0 errors=0
[quarterly-refresh-run] 2026-09-24T05:38:20.460657+00:00 === CRWV (docs, 1 filing(s)) ===
[quarterly-refresh-run] 2026-09-24T05:38:21.520458+00:00   CRWV: facts=85 kpi_updated=0 kpi_added=0 errors=0
[quarterly-refresh-run] 2026-09-24T05:38:21.520572+00:00 === CTAS (quarter, 1 filing(s)) ===
[quarterly-refresh-run] 2026-09-24T05:38:22.221434+00:00   down CTAS 8-K 2026-09-23 -> data-lake/CTAS/8K/CTAS_2026-09-23_0000723254-26-000044.htm.gz
[quarterly-refresh-run] 2026-09-24T05:38:23.472738+00:00   CTAS: facts=166 kpi_updated=0 kpi_added=0 errors=0
[quarterly-refresh-run] 2026-09-24T05:38:23.472768+00:00 === CTVA (docs, 1 filing(s)) ===
[quarterly-refresh-run] 2026-09-24T05:38:24.675280+00:00   CTVA: facts=143 kpi_updated=0 kpi_added=0 errors=0
[quarterly-refresh-run] 2026-09-24T05:38:24.675423+00:00 === DASH (docs, 1 filing(s)) ===
[quarterly-refresh-run] 2026-09-24T05:38:25.684554+00:00   DASH: facts=176 kpi_updated=0 kpi_added=0 errors=0
[quarterly-refresh-run] 2026-09-24T05:38:25.684627+00:00 === ECHO (docs, 1 filing(s)) ===
[quarterly-refresh-run] 2026-09-24T05:38:26.860925+00:00   ECHO: facts=171 kpi_updated=0 kpi_added=0 errors=0
[quarterly-refresh-run] 2026-09-24T05:38:26.860954+00:00 === FISV (docs, 1 filing(s)) ===
[quarterly-refresh-run] 2026-09-24T05:38:27.929816+00:00   FISV: facts=148 kpi_updated=0 kpi_added=0 errors=0
[quarterly-refresh-run] 2026-09-24T05:38:27.929833+00:00 === FITB (docs, 1 filing(s)) ===
[quarterly-refresh-run] 2026-09-24T05:38:28.624495+00:00   down FITB 8-K 2026-09-23 -> data-lake/FITB/8K/FITB_2026-09-23_0000035527-26-000222.htm.gz
[quarterly-refresh-run] 2026-09-24T05:38:29.931395+00:00   FITB: facts=88 kpi_updated=0 kpi_added=0 errors=0
[quarterly-refresh-run] 2026-09-24T05:38:29.931715+00:00 === GE (docs, 1 filing(s)) ===
[quarterly-refresh-run] 2026-09-24T05:38:31.037943+00:00   GE: facts=138 kpi_updated=0 kpi_added=0 errors=0
[quarterly-refresh-run] 2026-09-24T05:38:31.037966+00:00 === GEHC (docs, 1 filing(s)) ===
[quarterly-refresh-run] 2026-09-24T05:38:32.008534+00:00   GEHC: facts=143 kpi_updated=0 kpi_added=0 errors=0
[quarterly-refresh-run] 2026-09-24T05:38:32.008589+00:00 === GIS (quarter, 2 filing(s)) ===
[quarterly-refresh-run] 2026-09-24T05:38:32.843237+00:00   down GIS 10-Q 2026-09-23 -> data-lake/GIS/10Q/GIS_2026-09-23.htm.gz
[quarterly-refresh-run] 2026-09-24T05:38:33.474018+00:00   down GIS 8-K 2026-09-23 -> data-lake/GIS/8K/GIS_2026-09-23_0001628280-26-063141.htm.gz
[quarterly-refresh-run] 2026-09-24T05:38:35.075555+00:00   GIS: facts=208 kpi_updated=4 kpi_added=0 errors=0
[quarterly-refresh-run] 2026-09-24T05:38:35.075589+00:00 === HBAN (docs, 1 filing(s)) ===
[quarterly-refresh-run] 2026-09-24T05:38:36.498376+00:00   HBAN: facts=106 kpi_updated=0 kpi_added=0 errors=0
[quarterly-refresh-run] 2026-09-24T05:38:36.504713+00:00 === HPQ (docs, 1 filing(s)) ===
[quarterly-refresh-run] 2026-09-24T05:38:37.703764+00:00   HPQ: facts=188 kpi_updated=0 kpi_added=0 errors=0
[quarterly-refresh-run] 2026-09-24T05:38:37.703781+00:00 === HSIC (docs, 1 filing(s)) ===
[quarterly-refresh-run] 2026-09-24T05:38:38.902324+00:00   HSIC: facts=143 kpi_updated=0 kpi_added=0 errors=0
[quarterly-refresh-run] 2026-09-24T05:38:38.902340+00:00 === IQV (docs, 1 filing(s)) ===
[quarterly-refresh-run] 2026-09-24T05:38:39.635112+00:00   down IQV 8-K 2026-09-23 -> data-lake/IQV/8K/IQV_2026-09-23_0001193125-26-399616.htm.gz
[quarterly-refresh-run] 2026-09-24T05:38:40.760952+00:00   IQV: facts=149 kpi_updated=0 kpi_added=0 errors=0
[quarterly-refresh-run] 2026-09-24T05:38:40.760995+00:00 === J (docs, 1 filing(s)) ===
[quarterly-refresh-run] 2026-09-24T05:38:41.509069+00:00   down J 8-K/A 2026-09-23 -> data-lake/J/8K/J_2026-09-23_0001628280-26-063217.htm.gz
[quarterly-refresh-run] 2026-09-24T05:38:42.944623+00:00   J: facts=166 kpi_updated=0 kpi_added=0 errors=0
[quarterly-refresh-run] 2026-09-24T05:38:42.944759+00:00 === KLAC (docs, 1 filing(s)) ===
[quarterly-refresh-run] 2026-09-24T05:38:44.606963+00:00   KLAC: facts=159 kpi_updated=0 kpi_added=0 errors=0
[quarterly-refresh-run] 2026-09-24T05:38:44.606982+00:00 === KR (quarter, 1 filing(s)) ===
[quarterly-refresh-run] 2026-09-24T05:38:45.698208+00:00   KR: facts=124 kpi_updated=0 kpi_added=0 errors=0
[quarterly-refresh-run] 2026-09-24T05:38:45.698225+00:00 === LH (docs, 1 filing(s)) ===
[quarterly-refresh-run] 2026-09-24T05:38:47.081466+00:00   LH: facts=176 kpi_updated=0 kpi_added=0 errors=0
[quarterly-refresh-run] 2026-09-24T05:38:47.081478+00:00 === LII (docs, 1 filing(s)) ===
[quarterly-refresh-run] 2026-09-24T05:38:48.221456+00:00   LII: facts=181 kpi_updated=0 kpi_added=0 errors=0
[quarterly-refresh-run] 2026-09-24T05:38:48.221484+00:00 === MCD (docs, 1 filing(s)) ===
[quarterly-refresh-run] 2026-09-24T05:38:48.939732+00:00   down MCD 8-K 2026-09-23 -> data-lake/MCD/8K/MCD_2026-09-23_0000063908-26-000076.htm.gz
[quarterly-refresh-run] 2026-09-24T05:38:50.011946+00:00   MCD: facts=176 kpi_updated=0 kpi_added=0 errors=0
[quarterly-refresh-run] 2026-09-24T05:38:50.014742+00:00 === MSTR (docs, 1 filing(s)) ===
[quarterly-refresh-run] 2026-09-24T05:38:51.113622+00:00   MSTR: facts=202 kpi_updated=0 kpi_added=0 errors=0
[quarterly-refresh-run] 2026-09-24T05:38:51.113653+00:00 === MTB (docs, 2 filing(s)) ===
[quarterly-refresh-run] 2026-09-24T05:38:52.383874+00:00   MTB: facts=93 kpi_updated=0 kpi_added=0 errors=0
[quarterly-refresh-run] 2026-09-24T05:38:52.383903+00:00 === NWS (docs, 5 filing(s)) ===
[quarterly-refresh-run] 2026-09-24T05:38:53.328902+00:00   down NWS DEF 14A 2026-09-23 -> data-lake/NWS/DEF14A/NWS_2026-09-23.htm.gz
[quarterly-refresh-run] 2026-09-24T05:38:54.064889+00:00   down NWS 8-K 2026-09-23 -> data-lake/NWS/8K/NWS_2026-09-23_0001564708-26-000207.htm.gz
[quarterly-refresh-run] 2026-09-24T05:38:55.511569+00:00   NWS: facts=135 kpi_updated=0 kpi_added=0 errors=0
[quarterly-refresh-run] 2026-09-24T05:38:55.511596+00:00 === ODFL (docs, 1 filing(s)) ===
[quarterly-refresh-run] 2026-09-24T05:38:56.603567+00:00   ODFL: facts=121 kpi_updated=0 kpi_added=0 errors=0
[quarterly-refresh-run] 2026-09-24T05:38:56.607562+00:00 === PAYX (quarter, 1 filing(s)) ===
[quarterly-refresh-run] 2026-09-24T05:38:57.344083+00:00   down PAYX 8-K 2026-09-23 -> data-lake/PAYX/8K/PAYX_2026-09-23_0000723531-26-000004.htm.gz
[quarterly-refresh-run] 2026-09-24T05:38:58.416790+00:00   PAYX: facts=141 kpi_updated=0 kpi_added=0 errors=0
[quarterly-refresh-run] 2026-09-24T05:38:58.416862+00:00 === PGR (docs, 1 filing(s)) ===
[quarterly-refresh-run] 2026-09-24T05:38:59.755975+00:00   PGR: facts=110 kpi_updated=0 kpi_added=0 errors=0
[quarterly-refresh-run] 2026-09-24T05:38:59.755994+00:00 === PH (docs, 1 filing(s)) ===
[quarterly-refresh-run] 2026-09-24T05:39:01.817732+00:00   PH: facts=143 kpi_updated=0 kpi_added=0 errors=0
[quarterly-refresh-run] 2026-09-24T05:39:01.817758+00:00 === PM (docs, 1 filing(s)) ===
[quarterly-refresh-run] 2026-09-24T05:39:03.150088+00:00   PM: facts=181 kpi_updated=0 kpi_added=0 errors=0
[quarterly-refresh-run] 2026-09-24T05:39:03.150114+00:00 === PNR (docs, 2 filing(s)) ===
[quarterly-refresh-run] 2026-09-24T05:39:04.606876+00:00   PNR: facts=190 kpi_updated=0 kpi_added=0 errors=0
[quarterly-refresh-run] 2026-09-24T05:39:04.607002+00:00 === PODD (docs, 1 filing(s)) ===
[quarterly-refresh-run] 2026-09-24T05:39:05.885324+00:00   PODD: facts=179 kpi_updated=0 kpi_added=0 errors=0
[quarterly-refresh-run] 2026-09-24T05:39:05.885355+00:00 === RCL (docs, 1 filing(s)) ===
[quarterly-refresh-run] 2026-09-24T05:39:06.619575+00:00   down RCL 8-K 2026-09-23 -> data-lake/RCL/8K/RCL_2026-09-23_0001104659-26-109755.htm.gz
[quarterly-refresh-run] 2026-09-24T05:39:07.952218+00:00   RCL: facts=154 kpi_updated=0 kpi_added=0 errors=0
[quarterly-refresh-run] 2026-09-24T05:39:07.952265+00:00 === RJF (docs, 1 filing(s)) ===
[quarterly-refresh-run] 2026-09-24T05:39:08.538711+00:00   down RJF 8-K 2026-09-23 -> data-lake/RJF/8K/RJF_2026-09-23_0000720005-26-000077.htm.gz
[quarterly-refresh-run] 2026-09-24T05:39:11.642436+00:00   RJF: facts=130 kpi_updated=0 kpi_added=0 errors=0
[quarterly-refresh-run] 2026-09-24T05:39:11.642461+00:00 === STLD (docs, 1 filing(s)) ===
[quarterly-refresh-run] 2026-09-24T05:39:14.231985+00:00   STLD: facts=194 kpi_updated=0 kpi_added=0 errors=0
[quarterly-refresh-run] 2026-09-24T05:39:14.232038+00:00 === STZ (docs, 1 filing(s)) ===
[quarterly-refresh-run] 2026-09-24T05:39:15.362997+00:00   STZ: facts=179 kpi_updated=0 kpi_added=0 errors=0
[quarterly-refresh-run] 2026-09-24T05:39:15.368362+00:00 === SYY (docs, 2 filing(s)) ===
[quarterly-refresh-run] 2026-09-24T05:39:17.385288+00:00   SYY: facts=179 kpi_updated=0 kpi_added=0 errors=0
[quarterly-refresh-run] 2026-09-24T05:39:17.385315+00:00 === TDG (docs, 1 filing(s)) ===
[quarterly-refresh-run] 2026-09-24T05:39:19.152106+00:00   TDG: facts=184 kpi_updated=0 kpi_added=0 errors=0
[quarterly-refresh-run] 2026-09-24T05:39:19.152135+00:00 === TECH (docs, 1 filing(s)) ===
[quarterly-refresh-run] 2026-09-24T05:39:19.904863+00:00   down TECH 8-K 2026-09-23 -> data-lake/TECH/8K/TECH_2026-09-23_0001140361-26-037450.htm.gz
[quarterly-refresh-run] 2026-09-24T05:39:22.012050+00:00   TECH: facts=197 kpi_updated=0 kpi_added=0 errors=0
[quarterly-refresh-run] 2026-09-24T05:39:22.017360+00:00 === TTD (docs, 1 filing(s)) ===
[quarterly-refresh-run] 2026-09-24T05:39:23.159291+00:00   TTD: facts=176 kpi_updated=0 kpi_added=0 errors=0
[quarterly-refresh-run] 2026-09-24T05:39:23.159344+00:00 === V (docs, 1 filing(s)) ===
[quarterly-refresh-run] 2026-09-24T05:39:23.896035+00:00   down V 8-K 2026-09-23 -> data-lake/V/8K/V_2026-09-23_0001403161-26-000121.htm.gz
[quarterly-refresh-run] 2026-09-24T05:39:25.199214+00:00   V: facts=115 kpi_updated=0 kpi_added=0 errors=0
[quarterly-refresh-run] 2026-09-24T05:39:25.199266+00:00 === VICI (docs, 1 filing(s)) ===
[quarterly-refresh-run] 2026-09-24T05:39:26.289443+00:00   VICI: facts=121 kpi_updated=0 kpi_added=0 errors=0
[quarterly-refresh-run] 2026-09-24T05:39:26.289502+00:00 === VLO (docs, 1 filing(s)) ===
[quarterly-refresh-run] 2026-09-24T05:39:27.569015+00:00   VLO: facts=121 kpi_updated=0 kpi_added=0 errors=0
[quarterly-refresh-run] 2026-09-24T05:39:27.572288+00:00 === WFC (docs, 1 filing(s)) ===
[quarterly-refresh-run] 2026-09-24T05:39:28.270066+00:00   down WFC 8-K 2026-09-23 -> data-lake/WFC/8K/WFC_2026-09-23_0000072971-26-000308.htm.gz
[quarterly-refresh-run] 2026-09-24T05:39:29.599037+00:00   WFC: facts=77 kpi_updated=3 kpi_added=0 errors=0
[quarterly-refresh-run] 2026-09-24T05:39:29.599052+00:00 === WYNN (docs, 1 filing(s)) ===
[quarterly-refresh-run] 2026-09-24T05:39:31.064558+00:00   WYNN: facts=132 kpi_updated=0 kpi_added=0 errors=0
[quarterly-refresh-run] 2026-09-24T05:39:31.065590+00:00 Ecrit /Users/yann/spx-app/.conv-state/quarterly-refresh-run-result.json (56 ste(s))
[quarterly-refresh] run rc=0
[lock1] ADBE: OK (4/6 points concordants, 0 écarts, 2 invérifiables)
[lock1] AEE: OK (3/5 points concordants, 0 écarts, 2 invérifiables)
[lock1] AMT: OK (3/6 points concordants, 0 écarts, 3 invérifiables)
[lock1] AON: OK (4/6 points concordants, 0 écarts, 2 invérifiables)
[lock1] APO: OK (4/5 points concordants, 0 écarts, 1 invérifiables)
[lock1] AXON: OK (4/7 points concordants, 0 écarts, 3 invérifiables)
[lock1] AZO: OK (4/6 points concordants, 0 écarts, 2 invérifiables)
[lock1] BF.B: OK (6/6 points concordants, 0 écarts, 0 invérifiables)
[lock1] BG: OK (4/7 points concordants, 0 écarts, 3 invérifiables)
[lock1] BSX: OK (3/6 points concordants, 0 écarts, 3 invérifiables)
[lock1] BX: OK (4/6 points concordants, 0 écarts, 2 invérifiables)
[lock1] CAH: OK (3/6 points concordants, 0 écarts, 3 invérifiables)
[lock1] CDW: OK (4/6 points concordants, 0 écarts, 2 invérifiables)
[lock1] CRWV: OK (4/7 points concordants, 0 écarts, 3 invérifiables)
[lock1] CTAS: OK (6/6 points concordants, 0 écarts, 0 invérifiables)
[lock1] CTVA: OK (4/6 points concordants, 0 écarts, 2 invérifiables)
[lock1] DASH: OK (7/7 points concordants, 0 écarts, 0 invérifiables)
[lock1] ECHO: OK (4/7 points concordants, 0 écarts, 3 invérifiables)
[lock1] FISV: OK (4/6 points concordants, 0 écarts, 2 invérifiables)
[lock1] FITB: OK (3/5 points concordants, 0 écarts, 2 invérifiables)
[lock1] GE: OK (4/6 points concordants, 0 écarts, 2 invérifiables)
[lock1] GEHC: OK (4/5 points concordants, 0 écarts, 1 invérifiables)
[lock1] GIS: OK (7/7 points concordants, 0 écarts, 0 invérifiables)
[lock1] HBAN: OK (4/6 points concordants, 0 écarts, 2 invérifiables)
[lock1] HPQ: OK (4/6 points concordants, 0 écarts, 2 invérifiables)
[lock1] HSIC: OK (4/5 points concordants, 0 écarts, 1 invérifiables)
[lock1] IQV: OK (4/5 points concordants, 0 écarts, 1 invérifiables)
[lock1] J: OK (3/5 points concordants, 0 écarts, 2 invérifiables)
[lock1] KLAC: OK (7/7 points concordants, 0 écarts, 0 invérifiables)
[lock1] KR: OK (4/5 points concordants, 0 écarts, 1 invérifiables)
[lock1] LH: OK (4/6 points concordants, 0 écarts, 2 invérifiables)
[lock1] LII: OK (4/7 points concordants, 0 écarts, 3 invérifiables)
[lock1] MCD: OK (4/6 points concordants, 0 écarts, 2 invérifiables)
[lock1] MSTR: OK (4/7 points concordants, 0 écarts, 3 invérifiables)
[lock1] MTB: OK (4/5 points concordants, 0 écarts, 1 invérifiables)
[lock1] NWS: OK (5/6 points concordants, 0 écarts, 1 invérifiables)
[lock1] ODFL: OK (3/4 points concordants, 0 écarts, 1 invérifiables)
[lock1] PAYX: OK (6/6 points concordants, 0 écarts, 0 invérifiables)
[lock1] PGR: OK (4/6 points concordants, 0 écarts, 2 invérifiables)
[lock1] PH: OK (6/6 points concordants, 0 écarts, 0 invérifiables)
[lock1] PM: OK (4/7 points concordants, 0 écarts, 3 invérifiables)
[lock1] PNR: OK (4/7 points concordants, 0 écarts, 3 invérifiables)
[lock1] PODD: OK (4/7 points concordants, 0 écarts, 3 invérifiables)
[lock1] RCL: OK (4/6 points concordants, 0 écarts, 2 invérifiables)
[lock1] RJF: OK (4/6 points concordants, 0 écarts, 2 invérifiables)
[lock1] STLD: OK (4/6 points concordants, 0 écarts, 2 invérifiables)
[lock1] STZ: OK (5/5 points concordants, 0 écarts, 0 invérifiables)
[lock1] SYY: OK (5/5 points concordants, 0 écarts, 0 invérifiables)
[lock1] TDG: MISMATCH (3/7 points concordants, 1 écarts, 3 invérifiables)
[lock1] TECH: OK (7/7 points concordants, 0 écarts, 0 invérifiables)
[lock1] TTD: OK (4/7 points concordants, 0 écarts, 3 invérifiables)
[lock1] V: OK (3/4 points concordants, 0 écarts, 1 invérifiables)
[lock1] VICI: OK (4/5 points concordants, 0 écarts, 1 invérifiables)
[lock1] VLO: OK (3/4 points concordants, 0 écarts, 1 invérifiables)
[lock1] WFC: OK (3/4 points concordants, 0 écarts, 1 invérifiables)
[lock1] WYNN: OK (3/5 points concordants, 0 écarts, 2 invérifiables)
[lock1] résultat écrit: /Users/yann/spx-app/.conv-state/qr-lock1-result.json
[quarterly-refresh] lock1 rc=0
[lock2] ADBE: INCOMPLETE (3/20 KPI à jour, 17 manquants, todo=['ec_synthesis', 'stories_rotation', 'risks', 'segments_geo', 'events', 'profit_warning', 'governance', 'governance_top_holders', 'dilution', 'description', 'headcount', 'ai_positioning'], lock1=OK)
[lock2] AEE: INCOMPLETE (4/18 KPI à jour, 14 manquants, todo=['ec_synthesis', 'stories_rotation', 'risks', 'segments_geo', 'events', 'profit_warning', 'governance', 'governance_top_holders', 'dilution', 'description', 'headcount', 'ai_positioning'], lock1=OK)
[lock2] AMT: INCOMPLETE (2/10 KPI à jour, 8 manquants, todo=['ec_synthesis', 'stories_rotation', 'risks', 'segments_geo', 'events', 'profit_warning', 'governance', 'governance_top_holders', 'dilution', 'description', 'headcount', 'ai_positioning'], lock1=OK)
[lock2] AON: INCOMPLETE (4/17 KPI à jour, 13 manquants, todo=['ec_synthesis', 'stories_rotation', 'risks', 'segments_geo', 'events', 'profit_warning', 'governance', 'governance_top_holders', 'dilution', 'description', 'headcount', 'ai_positioning'], lock1=OK)
[lock2] APO: INCOMPLETE (3/15 KPI à jour, 12 manquants, todo=['ec_synthesis', 'stories_rotation', 'risks', 'segments_geo', 'events', 'profit_warning', 'governance', 'governance_top_holders', 'dilution', 'description', 'headcount', 'ai_positioning'], lock1=OK)
[lock2] AXON: INCOMPLETE (3/9 KPI à jour, 6 manquants, todo=['ec_synthesis', 'stories_rotation', 'risks', 'segments_geo', 'events', 'profit_warning', 'governance', 'governance_top_holders', 'dilution', 'description', 'headcount', 'ai_positioning'], lock1=OK)
[lock2] AZO: INCOMPLETE (0/13 KPI à jour, 13 manquants, todo=['ec_synthesis', 'stories_rotation', 'risks', 'segments_geo', 'events', 'profit_warning', 'governance', 'governance_top_holders', 'dilution', 'description', 'headcount', 'ai_positioning'], lock1=OK)
[lock2] BF.B: INCOMPLETE (3/6 KPI à jour, 3 manquants, todo=['ec_synthesis', 'stories_rotation', 'risks', 'segments_geo', 'events', 'profit_warning', 'governance', 'governance_top_holders', 'dilution', 'description', 'headcount', 'ai_positioning'], lock1=OK)
[lock2] BG: INCOMPLETE (0/7 KPI à jour, 7 manquants, todo=['ec_synthesis', 'stories_rotation', 'risks', 'segments_geo', 'events', 'profit_warning', 'governance', 'governance_top_holders', 'dilution', 'description', 'headcount', 'ai_positioning'], lock1=OK)
[lock2] BSX: INCOMPLETE (2/13 KPI à jour, 11 manquants, todo=['ec_synthesis', 'stories_rotation', 'risks', 'segments_geo', 'events', 'profit_warning', 'governance', 'governance_top_holders', 'dilution', 'description', 'headcount', 'ai_positioning'], lock1=OK)
[lock2] BX: INCOMPLETE (4/11 KPI à jour, 7 manquants, todo=['ec_synthesis', 'stories_rotation', 'risks', 'segments_geo', 'events', 'profit_warning', 'governance', 'governance_top_holders', 'dilution', 'description', 'headcount', 'ai_positioning'], lock1=OK)
[lock2] CAH: INCOMPLETE (0/11 KPI à jour, 11 manquants, todo=['ec_synthesis', 'stories_rotation', 'risks', 'segments_geo', 'events', 'profit_warning', 'governance', 'governance_top_holders', 'dilution', 'description', 'headcount', 'ai_positioning'], lock1=OK)
[lock2] CDW: INCOMPLETE (3/6 KPI à jour, 3 manquants, todo=['ec_synthesis', 'stories_rotation', 'risks', 'segments_geo', 'events', 'profit_warning', 'governance', 'governance_top_holders', 'dilution', 'description', 'headcount', 'ai_positioning'], lock1=OK)
[lock2] CRWV: INCOMPLETE (3/5 KPI à jour, 2 manquants, todo=['ec_synthesis', 'stories_rotation', 'risks', 'segments_geo', 'events', 'profit_warning', 'governance', 'governance_top_holders', 'dilution', 'description', 'headcount', 'ai_positioning'], lock1=OK)
[lock2] CTAS: INCOMPLETE (0/10 KPI à jour, 10 manquants, todo=['ec_synthesis', 'stories_rotation', 'risks', 'segments_geo', 'events', 'profit_warning', 'governance', 'governance_top_holders', 'dilution', 'description', 'headcount', 'ai_positioning'], lock1=OK)
[lock2] CTVA: INCOMPLETE (3/3 KPI à jour, 0 manquants, todo=['ec_synthesis', 'stories_rotation', 'risks', 'segments_geo', 'events', 'profit_warning', 'governance', 'governance_top_holders', 'dilution', 'description', 'headcount', 'ai_positioning'], lock1=OK)
[lock2] DASH: INCOMPLETE (3/13 KPI à jour, 10 manquants, todo=['ec_synthesis', 'stories_rotation', 'risks', 'segments_geo', 'events', 'profit_warning', 'governance', 'governance_top_holders', 'dilution', 'description', 'headcount', 'ai_positioning'], lock1=OK)
[lock2] ECHO: INCOMPLETE (3/12 KPI à jour, 9 manquants, todo=['ec_synthesis', 'stories_rotation', 'risks', 'segments_geo', 'events', 'profit_warning', 'governance', 'governance_top_holders', 'dilution', 'description', 'headcount', 'ai_positioning'], lock1=OK)
[lock2] FISV: INCOMPLETE (3/8 KPI à jour, 5 manquants, todo=['ec_synthesis', 'stories_rotation', 'risks', 'segments_geo', 'events', 'profit_warning', 'governance', 'governance_top_holders', 'dilution', 'description', 'headcount', 'ai_positioning'], lock1=OK)
[lock2] FITB: INCOMPLETE (3/12 KPI à jour, 9 manquants, todo=['ec_synthesis', 'stories_rotation', 'risks', 'segments_geo', 'events', 'profit_warning', 'governance', 'governance_top_holders', 'dilution', 'description', 'headcount', 'ai_positioning'], lock1=OK)
[lock2] GE: INCOMPLETE (3/13 KPI à jour, 10 manquants, todo=['ec_synthesis', 'stories_rotation', 'risks', 'segments_geo', 'events', 'profit_warning', 'governance', 'governance_top_holders', 'dilution', 'description', 'headcount', 'ai_positioning'], lock1=OK)
[lock2] GEHC: INCOMPLETE (0/7 KPI à jour, 7 manquants, todo=['ec_synthesis', 'stories_rotation', 'risks', 'segments_geo', 'events', 'profit_warning', 'governance', 'governance_top_holders', 'dilution', 'description', 'headcount', 'ai_positioning'], lock1=OK)
[lock2] GIS: INCOMPLETE (6/14 KPI à jour, 8 manquants, todo=['ec_synthesis', 'stories_rotation', 'risks', 'segments_geo', 'events', 'profit_warning', 'governance', 'governance_top_holders', 'dilution', 'description', 'headcount', 'ai_positioning'], lock1=OK)
[lock2] HBAN: INCOMPLETE (0/10 KPI à jour, 10 manquants, todo=['ec_synthesis', 'stories_rotation', 'risks', 'segments_geo', 'events', 'profit_warning', 'governance', 'governance_top_holders', 'dilution', 'description', 'headcount', 'ai_positioning'], lock1=OK)
[lock2] HPQ: INCOMPLETE (4/6 KPI à jour, 2 manquants, todo=['ec_synthesis', 'stories_rotation', 'risks', 'segments_geo', 'events', 'profit_warning', 'governance', 'governance_top_holders', 'dilution', 'description', 'headcount', 'ai_positioning'], lock1=OK)
[lock2] HSIC: INCOMPLETE (3/6 KPI à jour, 3 manquants, todo=['ec_synthesis', 'stories_rotation', 'risks', 'segments_geo', 'events', 'profit_warning', 'governance', 'governance_top_holders', 'dilution', 'description', 'headcount', 'ai_positioning'], lock1=OK)
[lock2] IQV: INCOMPLETE (1/12 KPI à jour, 11 manquants, todo=['ec_synthesis', 'stories_rotation', 'risks', 'segments_geo', 'events', 'profit_warning', 'governance', 'governance_top_holders', 'dilution', 'description', 'headcount', 'ai_positioning'], lock1=OK)
[lock2] J: INCOMPLETE (2/2 KPI à jour, 0 manquants, todo=['ec_synthesis', 'stories_rotation', 'risks', 'segments_geo', 'events', 'profit_warning', 'governance', 'governance_top_holders', 'dilution', 'description', 'headcount', 'ai_positioning'], lock1=OK)
[lock2] KLAC: INCOMPLETE (2/19 KPI à jour, 17 manquants, todo=['ec_synthesis', 'stories_rotation', 'risks', 'segments_geo', 'events', 'profit_warning', 'governance', 'governance_top_holders', 'dilution', 'description', 'headcount', 'ai_positioning'], lock1=OK)
[lock2] KR: INCOMPLETE (8/9 KPI à jour, 1 manquants, todo=['ec_synthesis', 'stories_rotation', 'risks', 'segments_geo', 'events', 'profit_warning', 'governance', 'governance_top_holders', 'dilution', 'description', 'headcount', 'ai_positioning'], lock1=OK)
[lock2] LH: INCOMPLETE (3/9 KPI à jour, 6 manquants, todo=['ec_synthesis', 'stories_rotation', 'risks', 'segments_geo', 'events', 'profit_warning', 'governance', 'governance_top_holders', 'dilution', 'description', 'headcount', 'ai_positioning'], lock1=OK)
[lock2] LII: INCOMPLETE (0/3 KPI à jour, 3 manquants, todo=['ec_synthesis', 'stories_rotation', 'risks', 'segments_geo', 'events', 'profit_warning', 'governance', 'governance_top_holders', 'dilution', 'description', 'headcount', 'ai_positioning'], lock1=OK)
[lock2] MCD: INCOMPLETE (5/9 KPI à jour, 4 manquants, todo=['ec_synthesis', 'stories_rotation', 'risks', 'segments_geo', 'events', 'profit_warning', 'governance', 'governance_top_holders', 'dilution', 'description', 'headcount', 'ai_positioning'], lock1=OK)
[lock2] MSTR: INCOMPLETE (3/8 KPI à jour, 5 manquants, todo=['ec_synthesis', 'stories_rotation', 'risks', 'segments_geo', 'events', 'profit_warning', 'governance', 'governance_top_holders', 'dilution', 'description', 'headcount', 'ai_positioning'], lock1=OK)
[lock2] MTB: INCOMPLETE (3/15 KPI à jour, 12 manquants, todo=['ec_synthesis', 'stories_rotation', 'risks', 'segments_geo', 'events', 'profit_warning', 'governance', 'governance_top_holders', 'dilution', 'description', 'headcount', 'ai_positioning'], lock1=OK)
[lock2] NWS: INCOMPLETE (0/8 KPI à jour, 8 manquants, todo=['ec_synthesis', 'stories_rotation', 'risks', 'segments_geo', 'events', 'profit_warning', 'governance', 'governance_top_holders', 'dilution', 'description', 'headcount', 'ai_positioning'], lock1=OK)
[lock2] ODFL: INCOMPLETE (4/11 KPI à jour, 7 manquants, todo=['ec_synthesis', 'stories_rotation', 'risks', 'segments_geo', 'events', 'profit_warning', 'governance', 'governance_top_holders', 'dilution', 'description', 'headcount', 'ai_positioning'], lock1=OK)
[lock2] PAYX: INCOMPLETE (0/12 KPI à jour, 12 manquants, todo=['ec_synthesis', 'stories_rotation', 'risks', 'segments_geo', 'events', 'profit_warning', 'governance', 'governance_top_holders', 'dilution', 'description', 'headcount', 'ai_positioning'], lock1=OK)
[lock2] PGR: INCOMPLETE (3/10 KPI à jour, 7 manquants, todo=['ec_synthesis', 'stories_rotation', 'risks', 'segments_geo', 'events', 'profit_warning', 'governance', 'governance_top_holders', 'dilution', 'description', 'headcount', 'ai_positioning'], lock1=OK)
[lock2] PH: INCOMPLETE (1/7 KPI à jour, 6 manquants, todo=['ec_synthesis', 'stories_rotation', 'risks', 'segments_geo', 'events', 'profit_warning', 'governance', 'governance_top_holders', 'dilution', 'description', 'headcount', 'ai_positioning'], lock1=OK)
[lock2] PM: INCOMPLETE (3/6 KPI à jour, 3 manquants, todo=['ec_synthesis', 'stories_rotation', 'risks', 'segments_geo', 'events', 'profit_warning', 'governance', 'governance_top_holders', 'dilution', 'description', 'headcount', 'ai_positioning'], lock1=OK)
[lock2] PNR: INCOMPLETE (0/7 KPI à jour, 7 manquants, todo=['ec_synthesis', 'stories_rotation', 'risks', 'segments_geo', 'events', 'profit_warning', 'governance', 'governance_top_holders', 'dilution', 'description', 'headcount', 'ai_positioning'], lock1=OK)
[lock2] PODD: INCOMPLETE (5/10 KPI à jour, 5 manquants, todo=['ec_synthesis', 'stories_rotation', 'risks', 'segments_geo', 'events', 'profit_warning', 'governance', 'governance_top_holders', 'dilution', 'description', 'headcount', 'ai_positioning'], lock1=OK)
[lock2] RCL: INCOMPLETE (4/13 KPI à jour, 9 manquants, todo=['ec_synthesis', 'stories_rotation', 'risks', 'segments_geo', 'events', 'profit_warning', 'governance', 'governance_top_holders', 'dilution', 'description', 'headcount', 'ai_positioning'], lock1=OK)
[lock2] RJF: INCOMPLETE (11/26 KPI à jour, 15 manquants, todo=['ec_synthesis', 'stories_rotation', 'risks', 'segments_geo', 'events', 'profit_warning', 'governance', 'governance_top_holders', 'dilution', 'description', 'headcount', 'ai_positioning'], lock1=OK)
[lock2] STLD: INCOMPLETE (3/6 KPI à jour, 3 manquants, todo=['ec_synthesis', 'stories_rotation', 'risks', 'segments_geo', 'events', 'profit_warning', 'governance', 'governance_top_holders', 'dilution', 'description', 'headcount', 'ai_positioning'], lock1=OK)
[lock2] STZ: INCOMPLETE (2/7 KPI à jour, 5 manquants, todo=['ec_synthesis', 'stories_rotation', 'risks', 'segments_geo', 'events', 'profit_warning', 'governance', 'governance_top_holders', 'dilution', 'description', 'headcount', 'ai_positioning'], lock1=OK)
[lock2] SYY: INCOMPLETE (0/11 KPI à jour, 11 manquants, todo=['ec_synthesis', 'stories_rotation', 'risks', 'segments_geo', 'events', 'profit_warning', 'governance', 'governance_top_holders', 'dilution', 'description', 'headcount', 'ai_positioning'], lock1=OK)
[lock2] TDG: INCOMPLETE (4/11 KPI à jour, 7 manquants, todo=['ec_synthesis', 'stories_rotation', 'risks', 'segments_geo', 'events', 'profit_warning', 'governance', 'governance_top_holders', 'dilution', 'description', 'headcount', 'ai_positioning'], lock1=MISMATCH)
[lock2] TECH: INCOMPLETE (0/10 KPI à jour, 10 manquants, todo=['ec_synthesis', 'stories_rotation', 'risks', 'segments_geo', 'events', 'profit_warning', 'governance', 'governance_top_holders', 'dilution', 'description', 'headcount', 'ai_positioning'], lock1=OK)
[lock2] TTD: INCOMPLETE (3/7 KPI à jour, 4 manquants, todo=['ec_synthesis', 'stories_rotation', 'risks', 'segments_geo', 'events', 'profit_warning', 'governance', 'governance_top_holders', 'dilution', 'description', 'headcount', 'ai_positioning'], lock1=OK)
[lock2] V: INCOMPLETE (0/8 KPI à jour, 8 manquants, todo=['ec_synthesis', 'stories_rotation', 'risks', 'segments_geo', 'events', 'profit_warning', 'governance', 'governance_top_holders', 'dilution', 'description', 'headcount', 'ai_positioning'], lock1=OK)
[lock2] VICI: INCOMPLETE (3/20 KPI à jour, 17 manquants, todo=['ec_synthesis', 'stories_rotation', 'risks', 'segments_geo', 'events', 'profit_warning', 'governance', 'governance_top_holders', 'dilution', 'description', 'headcount', 'ai_positioning'], lock1=OK)
[lock2] VLO: INCOMPLETE (3/6 KPI à jour, 3 manquants, todo=['ec_synthesis', 'stories_rotation', 'risks', 'segments_geo', 'events', 'profit_warning', 'governance', 'governance_top_holders', 'dilution', 'description', 'headcount', 'ai_positioning'], lock1=OK)
[lock2] WFC: INCOMPLETE (3/14 KPI à jour, 11 manquants, todo=['ec_synthesis', 'stories_rotation', 'risks', 'segments_geo', 'events', 'profit_warning', 'governance', 'governance_top_holders', 'dilution', 'description', 'headcount', 'ai_positioning'], lock1=OK)
[lock2] WYNN: INCOMPLETE (4/13 KPI à jour, 9 manquants, todo=['ec_synthesis', 'stories_rotation', 'risks', 'segments_geo', 'events', 'profit_warning', 'governance', 'governance_top_holders', 'dilution', 'description', 'headcount', 'ai_positioning'], lock1=OK)
[lock2] résultat écrit: /Users/yann/spx-app/.conv-state/qr-lock2-result.json
[quarterly-refresh] lock2 rc=0
[quarterly-refresh] audit pages: ADBE AEE AMT AON APO AXON AZO BF.B BG BSX BX CAH CDW CRWV CTAS CTVA DASH ECHO FISV FITB GE GEHC GIS HBAN HPQ HSIC IQV J KLAC KR LH LII MCD MSTR MTB NWS ODFL PAYX PGR PH PM PNR PODD RCL RJF STLD STZ SYY TDG TECH TTD V VICI VLO WFC WYNN
special_kpis merge failed for ADBE: Error: supabaseUrl is required.
    at validateSupabaseUrl (/Users/yann/spx-app/node_modules/@supabase/supabase-js/src/lib/helpers.ts:86:11)
    at new SupabaseClient (/Users/yann/spx-app/node_modules/@supabase/supabase-js/src/SupabaseClient.ts:284:21)
    at createClient (/Users/yann/spx-app/node_modules/@supabase/supabase-js/src/index.ts:65:10)
    at admin (/Users/yann/spx-app/src/lib/desk/special-kpis.ts:152:10)
    at listPublishedForTicker (/Users/yann/spx-app/src/lib/desk/special-kpis.ts:175:16)
    at loadV17CompanyBrut (/Users/yann/spx-app/src/lib/company-core/load-company.ts:1793:30)
    at async loadV17Company (/Users/yann/spx-app/src/lib/company-core/load-company.ts:493:14)
    at async auditTicker (/Users/yann/spx-app/scripts/audit-pages-full.ts:51:19)
    at async main (/Users/yann/spx-app/scripts/audit-pages-full.ts:153:17)
image_findings merge failed for ADBE: Error: supabaseUrl is required.
    at validateSupabaseUrl (/Users/yann/spx-app/node_modules/@supabase/supabase-js/src/lib/helpers.ts:86:11)
    at new SupabaseClient (/Users/yann/spx-app/node_modules/@supabase/supabase-js/src/SupabaseClient.ts:284:21)
    at createClient (/Users/yann/spx-app/node_modules/@supabase/supabase-js/src/index.ts:65:10)
    at admin (/Users/yann/spx-app/src/lib/desk/image-findings.ts:124:10)
    at listApprovedForTicker (/Users/yann/spx-app/src/lib/desk/image-findings.ts:305:16)
    at loadV17CompanyBrut (/Users/yann/spx-app/src/lib/company-core/load-company.ts:2296:28)
    at async loadV17Company (/Users/yann/spx-app/src/lib/company-core/load-company.ts:493:14)
    at async auditTicker (/Users/yann/spx-app/scripts/audit-pages-full.ts:51:19)
    at async main (/Users/yann/spx-app/scripts/audit-pages-full.ts:153:17)
[hero-kpi-overrides] refetch failed, using stale cache Error: SUPABASE_SERVICE_ROLE_KEY manquante — vérifier .env.local
    at createSupabaseAdminClient (/Users/yann/spx-app/src/lib/supabase/admin.ts:16:11)
    at fetchAll (/Users/yann/spx-app/src/lib/company-core/hero-kpi-overrides.ts:31:20)
    at getHeroKpiOverride (/Users/yann/spx-app/src/lib/company-core/hero-kpi-overrides.ts:58:21)
    at loadV17CompanyBrut (/Users/yann/spx-app/src/lib/company-core/load-company.ts:3062:28)
    at async loadV17Company (/Users/yann/spx-app/src/lib/company-core/load-company.ts:493:14)
    at async auditTicker (/Users/yann/spx-app/scripts/audit-pages-full.ts:51:19)
    at async main (/Users/yann/spx-app/scripts/audit-pages-full.ts:153:17)
special_kpis merge failed for AEE: Error: supabaseUrl is required.
    at validateSupabaseUrl (/Users/yann/spx-app/node_modules/@supabase/supabase-js/src/lib/helpers.ts:86:11)
    at new SupabaseClient (/Users/yann/spx-app/node_modules/@supabase/supabase-js/src/SupabaseClient.ts:284:21)
    at createClient (/Users/yann/spx-app/node_modules/@supabase/supabase-js/src/index.ts:65:10)
    at admin (/Users/yann/spx-app/src/lib/desk/special-kpis.ts:152:10)
    at listPublishedForTicker (/Users/yann/spx-app/src/lib/desk/special-kpis.ts:175:16)
    at loadV17CompanyBrut (/Users/yann/spx-app/src/lib/company-core/load-company.ts:1793:30)
    at async loadV17Company (/Users/yann/spx-app/src/lib/company-core/load-company.ts:493:14)
    at async auditTicker (/Users/yann/spx-app/scripts/audit-pages-full.ts:51:19)
    at async main (/Users/yann/spx-app/scripts/audit-pages-full.ts:153:17)
image_findings merge failed for AEE: Error: supabaseUrl is required.
    at validateSupabaseUrl (/Users/yann/spx-app/node_modules/@supabase/supabase-js/src/lib/helpers.ts:86:11)
    at new SupabaseClient (/Users/yann/spx-app/node_modules/@supabase/supabase-js/src/SupabaseClient.ts:284:21)
    at createClient (/Users/yann/spx-app/node_modules/@supabase/supabase-js/src/index.ts:65:10)
    at admin (/Users/yann/spx-app/src/lib/desk/image-findings.ts:124:10)
    at listApprovedForTicker (/Users/yann/spx-app/src/lib/desk/image-findings.ts:305:16)
    at loadV17CompanyBrut (/Users/yann/spx-app/src/lib/company-core/load-company.ts:2296:28)
    at async loadV17Company (/Users/yann/spx-app/src/lib/company-core/load-company.ts:493:14)
    at async auditTicker (/Users/yann/spx-app/scripts/audit-pages-full.ts:51:19)
    at async main (/Users/yann/spx-app/scripts/audit-pages-full.ts:153:17)
[hero-kpi-overrides] refetch failed, using stale cache Error: SUPABASE_SERVICE_ROLE_KEY manquante — vérifier .env.local
    at createSupabaseAdminClient (/Users/yann/spx-app/src/lib/supabase/admin.ts:16:11)
    at fetchAll (/Users/yann/spx-app/src/lib/company-core/hero-kpi-overrides.ts:31:20)
    at getHeroKpiOverride (/Users/yann/spx-app/src/lib/company-core/hero-kpi-overrides.ts:58:21)
    at loadV17CompanyBrut (/Users/yann/spx-app/src/lib/company-core/load-company.ts:3062:28)
    at async loadV17Company (/Users/yann/spx-app/src/lib/company-core/load-company.ts:493:14)
    at async auditTicker (/Users/yann/spx-app/scripts/audit-pages-full.ts:51:19)
    at async main (/Users/yann/spx-app/scripts/audit-pages-full.ts:153:17)
special_kpis merge failed for AMT: Error: supabaseUrl is required.
    at validateSupabaseUrl (/Users/yann/spx-app/node_modules/@supabase/supabase-js/src/lib/helpers.ts:86:11)
    at new SupabaseClient (/Users/yann/spx-app/node_modules/@supabase/supabase-js/src/SupabaseClient.ts:284:21)
    at createClient (/Users/yann/spx-app/node_modules/@supabase/supabase-js/src/index.ts:65:10)
    at admin (/Users/yann/spx-app/src/lib/desk/special-kpis.ts:152:10)
    at listPublishedForTicker (/Users/yann/spx-app/src/lib/desk/special-kpis.ts:175:16)
    at loadV17CompanyBrut (/Users/yann/spx-app/src/lib/company-core/load-company.ts:1793:30)
    at async loadV17Company (/Users/yann/spx-app/src/lib/company-core/load-company.ts:493:14)
    at async auditTicker (/Users/yann/spx-app/scripts/audit-pages-full.ts:51:19)
    at async main (/Users/yann/spx-app/scripts/audit-pages-full.ts:153:17)
image_findings merge failed for AMT: Error: supabaseUrl is required.
    at validateSupabaseUrl (/Users/yann/spx-app/node_modules/@supabase/supabase-js/src/lib/helpers.ts:86:11)
    at new SupabaseClient (/Users/yann/spx-app/node_modules/@supabase/supabase-js/src/SupabaseClient.ts:284:21)
    at createClient (/Users/yann/spx-app/node_modules/@supabase/supabase-js/src/index.ts:65:10)
    at admin (/Users/yann/spx-app/src/lib/desk/image-findings.ts:124:10)
    at listApprovedForTicker (/Users/yann/spx-app/src/lib/desk/image-findings.ts:305:16)
    at loadV17CompanyBrut (/Users/yann/spx-app/src/lib/company-core/load-company.ts:2296:28)
    at async loadV17Company (/Users/yann/spx-app/src/lib/company-core/load-company.ts:493:14)
    at async auditTicker (/Users/yann/spx-app/scripts/audit-pages-full.ts:51:19)
    at async main (/Users/yann/spx-app/scripts/audit-pages-full.ts:153:17)
[hero-kpi-overrides] refetch failed, using stale cache Error: SUPABASE_SERVICE_ROLE_KEY manquante — vérifier .env.local
    at createSupabaseAdminClient (/Users/yann/spx-app/src/lib/supabase/admin.ts:16:11)
    at fetchAll (/Users/yann/spx-app/src/lib/company-core/hero-kpi-overrides.ts:31:20)
    at getHeroKpiOverride (/Users/yann/spx-app/src/lib/company-core/hero-kpi-overrides.ts:58:21)
    at loadV17CompanyBrut (/Users/yann/spx-app/src/lib/company-core/load-company.ts:3062:28)
    at async loadV17Company (/Users/yann/spx-app/src/lib/company-core/load-company.ts:493:14)
    at async auditTicker (/Users/yann/spx-app/scripts/audit-pages-full.ts:51:19)
    at async main (/Users/yann/spx-app/scripts/audit-pages-full.ts:153:17)
special_kpis merge failed for AON: Error: supabaseUrl is required.
    at validateSupabaseUrl (/Users/yann/spx-app/node_modules/@supabase/supabase-js/src/lib/helpers.ts:86:11)
    at new SupabaseClient (/Users/yann/spx-app/node_modules/@supabase/supabase-js/src/SupabaseClient.ts:284:21)
    at createClient (/Users/yann/spx-app/node_modules/@supabase/supabase-js/src/index.ts:65:10)
    at admin (/Users/yann/spx-app/src/lib/desk/special-kpis.ts:152:10)
    at listPublishedForTicker (/Users/yann/spx-app/src/lib/desk/special-kpis.ts:175:16)
    at loadV17CompanyBrut (/Users/yann/spx-app/src/lib/company-core/load-company.ts:1793:30)
    at async loadV17Company (/Users/yann/spx-app/src/lib/company-core/load-company.ts:493:14)
    at async auditTicker (/Users/yann/spx-app/scripts/audit-pages-full.ts:51:19)
    at async main (/Users/yann/spx-app/scripts/audit-pages-full.ts:153:17)
image_findings merge failed for AON: Error: supabaseUrl is required.
    at validateSupabaseUrl (/Users/yann/spx-app/node_modules/@supabase/supabase-js/src/lib/helpers.ts:86:11)
    at new SupabaseClient (/Users/yann/spx-app/node_modules/@supabase/supabase-js/src/SupabaseClient.ts:284:21)
    at createClient (/Users/yann/spx-app/node_modules/@supabase/supabase-js/src/index.ts:65:10)
    at admin (/Users/yann/spx-app/src/lib/desk/image-findings.ts:124:10)
    at listApprovedForTicker (/Users/yann/spx-app/src/lib/desk/image-findings.ts:305:16)
    at loadV17CompanyBrut (/Users/yann/spx-app/src/lib/company-core/load-company.ts:2296:28)
    at async loadV17Company (/Users/yann/spx-app/src/lib/company-core/load-company.ts:493:14)
    at async auditTicker (/Users/yann/spx-app/scripts/audit-pages-full.ts:51:19)
    at async main (/Users/yann/spx-app/scripts/audit-pages-full.ts:153:17)
[hero-kpi-overrides] refetch failed, using stale cache Error: SUPABASE_SERVICE_ROLE_KEY manquante — vérifier .env.local
    at createSupabaseAdminClient (/Users/yann/spx-app/src/lib/supabase/admin.ts:16:11)
    at fetchAll (/Users/yann/spx-app/src/lib/company-core/hero-kpi-overrides.ts:31:20)
    at getHeroKpiOverride (/Users/yann/spx-app/src/lib/company-core/hero-kpi-overrides.ts:58:21)
    at loadV17CompanyBrut (/Users/yann/spx-app/src/lib/company-core/load-company.ts:3062:28)
    at async loadV17Company (/Users/yann/spx-app/src/lib/company-core/load-company.ts:493:14)
    at async auditTicker (/Users/yann/spx-app/scripts/audit-pages-full.ts:51:19)
    at async main (/Users/yann/spx-app/scripts/audit-pages-full.ts:153:17)
special_kpis merge failed for APO: Error: supabaseUrl is required.
    at validateSupabaseUrl (/Users/yann/spx-app/node_modules/@supabase/supabase-js/src/lib/helpers.ts:86:11)
    at new SupabaseClient (/Users/yann/spx-app/node_modules/@supabase/supabase-js/src/SupabaseClient.ts:284:21)
    at createClient (/Users/yann/spx-app/node_modules/@supabase/supabase-js/src/index.ts:65:10)
    at admin (/Users/yann/spx-app/src/lib/desk/special-kpis.ts:152:10)
    at listPublishedForTicker (/Users/yann/spx-app/src/lib/desk/special-kpis.ts:175:16)
    at loadV17CompanyBrut (/Users/yann/spx-app/src/lib/company-core/load-company.ts:1793:30)
    at async loadV17Company (/Users/yann/spx-app/src/lib/company-core/load-company.ts:493:14)
    at async auditTicker (/Users/yann/spx-app/scripts/audit-pages-full.ts:51:19)
    at async main (/Users/yann/spx-app/scripts/audit-pages-full.ts:153:17)
image_findings merge failed for APO: Error: supabaseUrl is required.
    at validateSupabaseUrl (/Users/yann/spx-app/node_modules/@supabase/supabase-js/src/lib/helpers.ts:86:11)
    at new SupabaseClient (/Users/yann/spx-app/node_modules/@supabase/supabase-js/src/SupabaseClient.ts:284:21)
    at createClient (/Users/yann/spx-app/node_modules/@supabase/supabase-js/src/index.ts:65:10)
    at admin (/Users/yann/spx-app/src/lib/desk/image-findings.ts:124:10)
    at listApprovedForTicker (/Users/yann/spx-app/src/lib/desk/image-findings.ts:305:16)
    at loadV17CompanyBrut (/Users/yann/spx-app/src/lib/company-core/load-company.ts:2296:28)
    at async loadV17Company (/Users/yann/spx-app/src/lib/company-core/load-company.ts:493:14)
    at async auditTicker (/Users/yann/spx-app/scripts/audit-pages-full.ts:51:19)
    at async main (/Users/yann/spx-app/scripts/audit-pages-full.ts:153:17)
[hero-kpi-overrides] refetch failed, using stale cache Error: SUPABASE_SERVICE_ROLE_KEY manquante — vérifier .env.local
    at createSupabaseAdminClient (/Users/yann/spx-app/src/lib/supabase/admin.ts:16:11)
    at fetchAll (/Users/yann/spx-app/src/lib/company-core/hero-kpi-overrides.ts:31:20)
    at getHeroKpiOverride (/Users/yann/spx-app/src/lib/company-core/hero-kpi-overrides.ts:58:21)
    at loadV17CompanyBrut (/Users/yann/spx-app/src/lib/company-core/load-company.ts:3062:28)
    at async loadV17Company (/Users/yann/spx-app/src/lib/company-core/load-company.ts:493:14)
    at async auditTicker (/Users/yann/spx-app/scripts/audit-pages-full.ts:51:19)
    at async main (/Users/yann/spx-app/scripts/audit-pages-full.ts:153:17)
special_kpis merge failed for AXON: Error: supabaseUrl is required.
    at validateSupabaseUrl (/Users/yann/spx-app/node_modules/@supabase/supabase-js/src/lib/helpers.ts:86:11)
    at new SupabaseClient (/Users/yann/spx-app/node_modules/@supabase/supabase-js/src/SupabaseClient.ts:284:21)
    at createClient (/Users/yann/spx-app/node_modules/@supabase/supabase-js/src/index.ts:65:10)
    at admin (/Users/yann/spx-app/src/lib/desk/special-kpis.ts:152:10)
    at listPublishedForTicker (/Users/yann/spx-app/src/lib/desk/special-kpis.ts:175:16)
    at loadV17CompanyBrut (/Users/yann/spx-app/src/lib/company-core/load-company.ts:1793:30)
    at async loadV17Company (/Users/yann/spx-app/src/lib/company-core/load-company.ts:493:14)
    at async auditTicker (/Users/yann/spx-app/scripts/audit-pages-full.ts:51:19)
    at async main (/Users/yann/spx-app/scripts/audit-pages-full.ts:153:17)
image_findings merge failed for AXON: Error: supabaseUrl is required.
    at validateSupabaseUrl (/Users/yann/spx-app/node_modules/@supabase/supabase-js/src/lib/helpers.ts:86:11)
    at new SupabaseClient (/Users/yann/spx-app/node_modules/@supabase/supabase-js/src/SupabaseClient.ts:284:21)
    at createClient (/Users/yann/spx-app/node_modules/@supabase/supabase-js/src/index.ts:65:10)
    at admin (/Users/yann/spx-app/src/lib/desk/image-findings.ts:124:10)
    at listApprovedForTicker (/Users/yann/spx-app/src/lib/desk/image-findings.ts:305:16)
    at loadV17CompanyBrut (/Users/yann/spx-app/src/lib/company-core/load-company.ts:2296:28)
    at async loadV17Company (/Users/yann/spx-app/src/lib/company-core/load-company.ts:493:14)
    at async auditTicker (/Users/yann/spx-app/scripts/audit-pages-full.ts:51:19)
    at async main (/Users/yann/spx-app/scripts/audit-pages-full.ts:153:17)
[hero-kpi-overrides] refetch failed, using stale cache Error: SUPABASE_SERVICE_ROLE_KEY manquante — vérifier .env.local
    at createSupabaseAdminClient (/Users/yann/spx-app/src/lib/supabase/admin.ts:16:11)
    at fetchAll (/Users/yann/spx-app/src/lib/company-core/hero-kpi-overrides.ts:31:20)
    at getHeroKpiOverride (/Users/yann/spx-app/src/lib/company-core/hero-kpi-overrides.ts:58:21)
    at loadV17CompanyBrut (/Users/yann/spx-app/src/lib/company-core/load-company.ts:3062:28)
    at async loadV17Company (/Users/yann/spx-app/src/lib/company-core/load-company.ts:493:14)
    at async auditTicker (/Users/yann/spx-app/scripts/audit-pages-full.ts:51:19)
    at async main (/Users/yann/spx-app/scripts/audit-pages-full.ts:153:17)
special_kpis merge failed for AZO: Error: supabaseUrl is required.
    at validateSupabaseUrl (/Users/yann/spx-app/node_modules/@supabase/supabase-js/src/lib/helpers.ts:86:11)
    at new SupabaseClient (/Users/yann/spx-app/node_modules/@supabase/supabase-js/src/SupabaseClient.ts:284:21)
    at createClient (/Users/yann/spx-app/node_modules/@supabase/supabase-js/src/index.ts:65:10)
    at admin (/Users/yann/spx-app/src/lib/desk/special-kpis.ts:152:10)
    at listPublishedForTicker (/Users/yann/spx-app/src/lib/desk/special-kpis.ts:175:16)
    at loadV17CompanyBrut (/Users/yann/spx-app/src/lib/company-core/load-company.ts:1793:30)
    at async loadV17Company (/Users/yann/spx-app/src/lib/company-core/load-company.ts:493:14)
    at async auditTicker (/Users/yann/spx-app/scripts/audit-pages-full.ts:51:19)
    at async main (/Users/yann/spx-app/scripts/audit-pages-full.ts:153:17)
image_findings merge failed for AZO: Error: supabaseUrl is required.
    at validateSupabaseUrl (/Users/yann/spx-app/node_modules/@supabase/supabase-js/src/lib/helpers.ts:86:11)
    at new SupabaseClient (/Users/yann/spx-app/node_modules/@supabase/supabase-js/src/SupabaseClient.ts:284:21)
    at createClient (/Users/yann/spx-app/node_modules/@supabase/supabase-js/src/index.ts:65:10)
    at admin (/Users/yann/spx-app/src/lib/desk/image-findings.ts:124:10)
    at listApprovedForTicker (/Users/yann/spx-app/src/lib/desk/image-findings.ts:305:16)
    at loadV17CompanyBrut (/Users/yann/spx-app/src/lib/company-core/load-company.ts:2296:28)
    at async loadV17Company (/Users/yann/spx-app/src/lib/company-core/load-company.ts:493:14)
    at async auditTicker (/Users/yann/spx-app/scripts/audit-pages-full.ts:51:19)
    at async main (/Users/yann/spx-app/scripts/audit-pages-full.ts:153:17)
[hero-kpi-overrides] refetch failed, using stale cache Error: SUPABASE_SERVICE_ROLE_KEY manquante — vérifier .env.local
    at createSupabaseAdminClient (/Users/yann/spx-app/src/lib/supabase/admin.ts:16:11)
    at fetchAll (/Users/yann/spx-app/src/lib/company-core/hero-kpi-overrides.ts:31:20)
    at getHeroKpiOverride (/Users/yann/spx-app/src/lib/company-core/hero-kpi-overrides.ts:58:21)
    at loadV17CompanyBrut (/Users/yann/spx-app/src/lib/company-core/load-company.ts:3062:28)
    at async loadV17Company (/Users/yann/spx-app/src/lib/company-core/load-company.ts:493:14)
    at async auditTicker (/Users/yann/spx-app/scripts/audit-pages-full.ts:51:19)
    at async main (/Users/yann/spx-app/scripts/audit-pages-full.ts:153:17)
special_kpis merge failed for BF.B: Error: supabaseUrl is required.
    at validateSupabaseUrl (/Users/yann/spx-app/node_modules/@supabase/supabase-js/src/lib/helpers.ts:86:11)
    at new SupabaseClient (/Users/yann/spx-app/node_modules/@supabase/supabase-js/src/SupabaseClient.ts:284:21)
    at createClient (/Users/yann/spx-app/node_modules/@supabase/supabase-js/src/index.ts:65:10)
    at admin (/Users/yann/spx-app/src/lib/desk/special-kpis.ts:152:10)
    at listPublishedForTicker (/Users/yann/spx-app/src/lib/desk/special-kpis.ts:175:16)
    at loadV17CompanyBrut (/Users/yann/spx-app/src/lib/company-core/load-company.ts:1793:30)
    at async loadV17Company (/Users/yann/spx-app/src/lib/company-core/load-company.ts:493:14)
    at async auditTicker (/Users/yann/spx-app/scripts/audit-pages-full.ts:51:19)
    at async main (/Users/yann/spx-app/scripts/audit-pages-full.ts:153:17)
image_findings merge failed for BF.B: Error: supabaseUrl is required.
    at validateSupabaseUrl (/Users/yann/spx-app/node_modules/@supabase/supabase-js/src/lib/helpers.ts:86:11)
    at new SupabaseClient (/Users/yann/spx-app/node_modules/@supabase/supabase-js/src/SupabaseClient.ts:284:21)
    at createClient (/Users/yann/spx-app/node_modules/@supabase/supabase-js/src/index.ts:65:10)
    at admin (/Users/yann/spx-app/src/lib/desk/image-findings.ts:124:10)
    at listApprovedForTicker (/Users/yann/spx-app/src/lib/desk/image-findings.ts:305:16)
    at loadV17CompanyBrut (/Users/yann/spx-app/src/lib/company-core/load-company.ts:2296:28)
    at async loadV17Company (/Users/yann/spx-app/src/lib/company-core/load-company.ts:493:14)
    at async auditTicker (/Users/yann/spx-app/scripts/audit-pages-full.ts:51:19)
    at async main (/Users/yann/spx-app/scripts/audit-pages-full.ts:153:17)
[hero-kpi-overrides] refetch failed, using stale cache Error: SUPABASE_SERVICE_ROLE_KEY manquante — vérifier .env.local
    at createSupabaseAdminClient (/Users/yann/spx-app/src/lib/supabase/admin.ts:16:11)
    at fetchAll (/Users/yann/spx-app/src/lib/company-core/hero-kpi-overrides.ts:31:20)
    at getHeroKpiOverride (/Users/yann/spx-app/src/lib/company-core/hero-kpi-overrides.ts:58:21)
    at loadV17CompanyBrut (/Users/yann/spx-app/src/lib/company-core/load-company.ts:3062:28)
    at async loadV17Company (/Users/yann/spx-app/src/lib/company-core/load-company.ts:493:14)
    at async auditTicker (/Users/yann/spx-app/scripts/audit-pages-full.ts:51:19)
    at async main (/Users/yann/spx-app/scripts/audit-pages-full.ts:153:17)
special_kpis merge failed for BG: Error: supabaseUrl is required.
    at validateSupabaseUrl (/Users/yann/spx-app/node_modules/@supabase/supabase-js/src/lib/helpers.ts:86:11)
    at new SupabaseClient (/Users/yann/spx-app/node_modules/@supabase/supabase-js/src/SupabaseClient.ts:284:21)
    at createClient (/Users/yann/spx-app/node_modules/@supabase/supabase-js/src/index.ts:65:10)
    at admin (/Users/yann/spx-app/src/lib/desk/special-kpis.ts:152:10)
    at listPublishedForTicker (/Users/yann/spx-app/src/lib/desk/special-kpis.ts:175:16)
    at loadV17CompanyBrut (/Users/yann/spx-app/src/lib/company-core/load-company.ts:1793:30)
    at async loadV17Company (/Users/yann/spx-app/src/lib/company-core/load-company.ts:493:14)
    at async auditTicker (/Users/yann/spx-app/scripts/audit-pages-full.ts:51:19)
    at async main (/Users/yann/spx-app/scripts/audit-pages-full.ts:153:17)
image_findings merge failed for BG: Error: supabaseUrl is required.
    at validateSupabaseUrl (/Users/yann/spx-app/node_modules/@supabase/supabase-js/src/lib/helpers.ts:86:11)
    at new SupabaseClient (/Users/yann/spx-app/node_modules/@supabase/supabase-js/src/SupabaseClient.ts:284:21)
    at createClient (/Users/yann/spx-app/node_modules/@supabase/supabase-js/src/index.ts:65:10)
    at admin (/Users/yann/spx-app/src/lib/desk/image-findings.ts:124:10)
    at listApprovedForTicker (/Users/yann/spx-app/src/lib/desk/image-findings.ts:305:16)
    at loadV17CompanyBrut (/Users/yann/spx-app/src/lib/company-core/load-company.ts:2296:28)
    at async loadV17Company (/Users/yann/spx-app/src/lib/company-core/load-company.ts:493:14)
    at async auditTicker (/Users/yann/spx-app/scripts/audit-pages-full.ts:51:19)
    at async main (/Users/yann/spx-app/scripts/audit-pages-full.ts:153:17)
[hero-kpi-overrides] refetch failed, using stale cache Error: SUPABASE_SERVICE_ROLE_KEY manquante — vérifier .env.local
    at createSupabaseAdminClient (/Users/yann/spx-app/src/lib/supabase/admin.ts:16:11)
    at fetchAll (/Users/yann/spx-app/src/lib/company-core/hero-kpi-overrides.ts:31:20)
    at getHeroKpiOverride (/Users/yann/spx-app/src/lib/company-core/hero-kpi-overrides.ts:58:21)
    at loadV17CompanyBrut (/Users/yann/spx-app/src/lib/company-core/load-company.ts:3062:28)
    at async loadV17Company (/Users/yann/spx-app/src/lib/company-core/load-company.ts:493:14)
    at async auditTicker (/Users/yann/spx-app/scripts/audit-pages-full.ts:51:19)
    at async main (/Users/yann/spx-app/scripts/audit-pages-full.ts:153:17)
special_kpis merge failed for BSX: Error: supabaseUrl is required.
    at validateSupabaseUrl (/Users/yann/spx-app/node_modules/@supabase/supabase-js/src/lib/helpers.ts:86:11)
    at new SupabaseClient (/Users/yann/spx-app/node_modules/@supabase/supabase-js/src/SupabaseClient.ts:284:21)
    at createClient (/Users/yann/spx-app/node_modules/@supabase/supabase-js/src/index.ts:65:10)
    at admin (/Users/yann/spx-app/src/lib/desk/special-kpis.ts:152:10)
    at listPublishedForTicker (/Users/yann/spx-app/src/lib/desk/special-kpis.ts:175:16)
    at loadV17CompanyBrut (/Users/yann/spx-app/src/lib/company-core/load-company.ts:1793:30)
    at async loadV17Company (/Users/yann/spx-app/src/lib/company-core/load-company.ts:493:14)
    at async auditTicker (/Users/yann/spx-app/scripts/audit-pages-full.ts:51:19)
    at async main (/Users/yann/spx-app/scripts/audit-pages-full.ts:153:17)
image_findings merge failed for BSX: Error: supabaseUrl is required.
    at validateSupabaseUrl (/Users/yann/spx-app/node_modules/@supabase/supabase-js/src/lib/helpers.ts:86:11)
    at new SupabaseClient (/Users/yann/spx-app/node_modules/@supabase/supabase-js/src/SupabaseClient.ts:284:21)
    at createClient (/Users/yann/spx-app/node_modules/@supabase/supabase-js/src/index.ts:65:10)
    at admin (/Users/yann/spx-app/src/lib/desk/image-findings.ts:124:10)
    at listApprovedForTicker (/Users/yann/spx-app/src/lib/desk/image-findings.ts:305:16)
    at loadV17CompanyBrut (/Users/yann/spx-app/src/lib/company-core/load-company.ts:2296:28)
    at async loadV17Company (/Users/yann/spx-app/src/lib/company-core/load-company.ts:493:14)
    at async auditTicker (/Users/yann/spx-app/scripts/audit-pages-full.ts:51:19)
    at async main (/Users/yann/spx-app/scripts/audit-pages-full.ts:153:17)
[hero-kpi-overrides] refetch failed, using stale cache Error: SUPABASE_SERVICE_ROLE_KEY manquante — vérifier .env.local
    at createSupabaseAdminClient (/Users/yann/spx-app/src/lib/supabase/admin.ts:16:11)
    at fetchAll (/Users/yann/spx-app/src/lib/company-core/hero-kpi-overrides.ts:31:20)
    at getHeroKpiOverride (/Users/yann/spx-app/src/lib/company-core/hero-kpi-overrides.ts:58:21)
    at loadV17CompanyBrut (/Users/yann/spx-app/src/lib/company-core/load-company.ts:3062:28)
    at async loadV17Company (/Users/yann/spx-app/src/lib/company-core/load-company.ts:493:14)
    at async auditTicker (/Users/yann/spx-app/scripts/audit-pages-full.ts:51:19)
    at async main (/Users/yann/spx-app/scripts/audit-pages-full.ts:153:17)
special_kpis merge failed for BX: Error: supabaseUrl is required.
    at validateSupabaseUrl (/Users/yann/spx-app/node_modules/@supabase/supabase-js/src/lib/helpers.ts:86:11)
    at new SupabaseClient (/Users/yann/spx-app/node_modules/@supabase/supabase-js/src/SupabaseClient.ts:284:21)
    at createClient (/Users/yann/spx-app/node_modules/@supabase/supabase-js/src/index.ts:65:10)
    at admin (/Users/yann/spx-app/src/lib/desk/special-kpis.ts:152:10)
    at listPublishedForTicker (/Users/yann/spx-app/src/lib/desk/special-kpis.ts:175:16)
    at loadV17CompanyBrut (/Users/yann/spx-app/src/lib/company-core/load-company.ts:1793:30)
    at async loadV17Company (/Users/yann/spx-app/src/lib/company-core/load-company.ts:493:14)
    at async auditTicker (/Users/yann/spx-app/scripts/audit-pages-full.ts:51:19)
    at async main (/Users/yann/spx-app/scripts/audit-pages-full.ts:153:17)
image_findings merge failed for BX: Error: supabaseUrl is required.
    at validateSupabaseUrl (/Users/yann/spx-app/node_modules/@supabase/supabase-js/src/lib/helpers.ts:86:11)
    at new SupabaseClient (/Users/yann/spx-app/node_modules/@supabase/supabase-js/src/SupabaseClient.ts:284:21)
    at createClient (/Users/yann/spx-app/node_modules/@supabase/supabase-js/src/index.ts:65:10)
    at admin (/Users/yann/spx-app/src/lib/desk/image-findings.ts:124:10)
    at listApprovedForTicker (/Users/yann/spx-app/src/lib/desk/image-findings.ts:305:16)
    at loadV17CompanyBrut (/Users/yann/spx-app/src/lib/company-core/load-company.ts:2296:28)
    at async loadV17Company (/Users/yann/spx-app/src/lib/company-core/load-company.ts:493:14)
    at async auditTicker (/Users/yann/spx-app/scripts/audit-pages-full.ts:51:19)
    at async main (/Users/yann/spx-app/scripts/audit-pages-full.ts:153:17)
[hero-kpi-overrides] refetch failed, using stale cache Error: SUPABASE_SERVICE_ROLE_KEY manquante — vérifier .env.local
    at createSupabaseAdminClient (/Users/yann/spx-app/src/lib/supabase/admin.ts:16:11)
    at fetchAll (/Users/yann/spx-app/src/lib/company-core/hero-kpi-overrides.ts:31:20)
    at getHeroKpiOverride (/Users/yann/spx-app/src/lib/company-core/hero-kpi-overrides.ts:58:21)
    at loadV17CompanyBrut (/Users/yann/spx-app/src/lib/company-core/load-company.ts:3062:28)
    at async loadV17Company (/Users/yann/spx-app/src/lib/company-core/load-company.ts:493:14)
    at async auditTicker (/Users/yann/spx-app/scripts/audit-pages-full.ts:51:19)
    at async main (/Users/yann/spx-app/scripts/audit-pages-full.ts:153:17)
special_kpis merge failed for CAH: Error: supabaseUrl is required.
    at validateSupabaseUrl (/Users/yann/spx-app/node_modules/@supabase/supabase-js/src/lib/helpers.ts:86:11)
    at new SupabaseClient (/Users/yann/spx-app/node_modules/@supabase/supabase-js/src/SupabaseClient.ts:284:21)
    at createClient (/Users/yann/spx-app/node_modules/@supabase/supabase-js/src/index.ts:65:10)
    at admin (/Users/yann/spx-app/src/lib/desk/special-kpis.ts:152:10)
    at listPublishedForTicker (/Users/yann/spx-app/src/lib/desk/special-kpis.ts:175:16)
    at loadV17CompanyBrut (/Users/yann/spx-app/src/lib/company-core/load-company.ts:1793:30)
    at async loadV17Company (/Users/yann/spx-app/src/lib/company-core/load-company.ts:493:14)
    at async auditTicker (/Users/yann/spx-app/scripts/audit-pages-full.ts:51:19)
    at async main (/Users/yann/spx-app/scripts/audit-pages-full.ts:153:17)
image_findings merge failed for CAH: Error: supabaseUrl is required.
    at validateSupabaseUrl (/Users/yann/spx-app/node_modules/@supabase/supabase-js/src/lib/helpers.ts:86:11)
    at new SupabaseClient (/Users/yann/spx-app/node_modules/@supabase/supabase-js/src/SupabaseClient.ts:284:21)
    at createClient (/Users/yann/spx-app/node_modules/@supabase/supabase-js/src/index.ts:65:10)
    at admin (/Users/yann/spx-app/src/lib/desk/image-findings.ts:124:10)
    at listApprovedForTicker (/Users/yann/spx-app/src/lib/desk/image-findings.ts:305:16)
    at loadV17CompanyBrut (/Users/yann/spx-app/src/lib/company-core/load-company.ts:2296:28)
    at async loadV17Company (/Users/yann/spx-app/src/lib/company-core/load-company.ts:493:14)
    at async auditTicker (/Users/yann/spx-app/scripts/audit-pages-full.ts:51:19)
    at async main (/Users/yann/spx-app/scripts/audit-pages-full.ts:153:17)
[hero-kpi-overrides] refetch failed, using stale cache Error: SUPABASE_SERVICE_ROLE_KEY manquante — vérifier .env.local
    at createSupabaseAdminClient (/Users/yann/spx-app/src/lib/supabase/admin.ts:16:11)
    at fetchAll (/Users/yann/spx-app/src/lib/company-core/hero-kpi-overrides.ts:31:20)
    at getHeroKpiOverride (/Users/yann/spx-app/src/lib/company-core/hero-kpi-overrides.ts:58:21)
    at loadV17CompanyBrut (/Users/yann/spx-app/src/lib/company-core/load-company.ts:3062:28)
    at async loadV17Company (/Users/yann/spx-app/src/lib/company-core/load-company.ts:493:14)
    at async auditTicker (/Users/yann/spx-app/scripts/audit-pages-full.ts:51:19)
    at async main (/Users/yann/spx-app/scripts/audit-pages-full.ts:153:17)
special_kpis merge failed for CDW: Error: supabaseUrl is required.
    at validateSupabaseUrl (/Users/yann/spx-app/node_modules/@supabase/supabase-js/src/lib/helpers.ts:86:11)
    at new SupabaseClient (/Users/yann/spx-app/node_modules/@supabase/supabase-js/src/SupabaseClient.ts:284:21)
    at createClient (/Users/yann/spx-app/node_modules/@supabase/supabase-js/src/index.ts:65:10)
    at admin (/Users/yann/spx-app/src/lib/desk/special-kpis.ts:152:10)
    at listPublishedForTicker (/Users/yann/spx-app/src/lib/desk/special-kpis.ts:175:16)
    at loadV17CompanyBrut (/Users/yann/spx-app/src/lib/company-core/load-company.ts:1793:30)
    at async loadV17Company (/Users/yann/spx-app/src/lib/company-core/load-company.ts:493:14)
    at async auditTicker (/Users/yann/spx-app/scripts/audit-pages-full.ts:51:19)
    at async main (/Users/yann/spx-app/scripts/audit-pages-full.ts:153:17)
image_findings merge failed for CDW: Error: supabaseUrl is required.
    at validateSupabaseUrl (/Users/yann/spx-app/node_modules/@supabase/supabase-js/src/lib/helpers.ts:86:11)
    at new SupabaseClient (/Users/yann/spx-app/node_modules/@supabase/supabase-js/src/SupabaseClient.ts:284:21)
    at createClient (/Users/yann/spx-app/node_modules/@supabase/supabase-js/src/index.ts:65:10)
    at admin (/Users/yann/spx-app/src/lib/desk/image-findings.ts:124:10)
    at listApprovedForTicker (/Users/yann/spx-app/src/lib/desk/image-findings.ts:305:16)
    at loadV17CompanyBrut (/Users/yann/spx-app/src/lib/company-core/load-company.ts:2296:28)
    at async loadV17Company (/Users/yann/spx-app/src/lib/company-core/load-company.ts:493:14)
    at async auditTicker (/Users/yann/spx-app/scripts/audit-pages-full.ts:51:19)
    at async main (/Users/yann/spx-app/scripts/audit-pages-full.ts:153:17)
[hero-kpi-overrides] refetch failed, using stale cache Error: SUPABASE_SERVICE_ROLE_KEY manquante — vérifier .env.local
    at createSupabaseAdminClient (/Users/yann/spx-app/src/lib/supabase/admin.ts:16:11)
    at fetchAll (/Users/yann/spx-app/src/lib/company-core/hero-kpi-overrides.ts:31:20)
    at getHeroKpiOverride (/Users/yann/spx-app/src/lib/company-core/hero-kpi-overrides.ts:58:21)
    at loadV17CompanyBrut (/Users/yann/spx-app/src/lib/company-core/load-company.ts:3062:28)
    at async loadV17Company (/Users/yann/spx-app/src/lib/company-core/load-company.ts:493:14)
    at async auditTicker (/Users/yann/spx-app/scripts/audit-pages-full.ts:51:19)
    at async main (/Users/yann/spx-app/scripts/audit-pages-full.ts:153:17)
special_kpis merge failed for CRWV: Error: supabaseUrl is required.
    at validateSupabaseUrl (/Users/yann/spx-app/node_modules/@supabase/supabase-js/src/lib/helpers.ts:86:11)
    at new SupabaseClient (/Users/yann/spx-app/node_modules/@supabase/supabase-js/src/SupabaseClient.ts:284:21)
    at createClient (/Users/yann/spx-app/node_modules/@supabase/supabase-js/src/index.ts:65:10)
    at admin (/Users/yann/spx-app/src/lib/desk/special-kpis.ts:152:10)
    at listPublishedForTicker (/Users/yann/spx-app/src/lib/desk/special-kpis.ts:175:16)
    at loadV17CompanyBrut (/Users/yann/spx-app/src/lib/company-core/load-company.ts:1793:30)
    at async loadV17Company (/Users/yann/spx-app/src/lib/company-core/load-company.ts:493:14)
    at async auditTicker (/Users/yann/spx-app/scripts/audit-pages-full.ts:51:19)
    at async main (/Users/yann/spx-app/scripts/audit-pages-full.ts:153:17)
image_findings merge failed for CRWV: Error: supabaseUrl is required.
    at validateSupabaseUrl (/Users/yann/spx-app/node_modules/@supabase/supabase-js/src/lib/helpers.ts:86:11)
    at new SupabaseClient (/Users/yann/spx-app/node_modules/@supabase/supabase-js/src/SupabaseClient.ts:284:21)
    at createClient (/Users/yann/spx-app/node_modules/@supabase/supabase-js/src/index.ts:65:10)
    at admin (/Users/yann/spx-app/src/lib/desk/image-findings.ts:124:10)
    at listApprovedForTicker (/Users/yann/spx-app/src/lib/desk/image-findings.ts:305:16)
    at loadV17CompanyBrut (/Users/yann/spx-app/src/lib/company-core/load-company.ts:2296:28)
    at async loadV17Company (/Users/yann/spx-app/src/lib/company-core/load-company.ts:493:14)
    at async auditTicker (/Users/yann/spx-app/scripts/audit-pages-full.ts:51:19)
    at async main (/Users/yann/spx-app/scripts/audit-pages-full.ts:153:17)
[hero-kpi-overrides] refetch failed, using stale cache Error: SUPABASE_SERVICE_ROLE_KEY manquante — vérifier .env.local
    at createSupabaseAdminClient (/Users/yann/spx-app/src/lib/supabase/admin.ts:16:11)
    at fetchAll (/Users/yann/spx-app/src/lib/company-core/hero-kpi-overrides.ts:31:20)
    at getHeroKpiOverride (/Users/yann/spx-app/src/lib/company-core/hero-kpi-overrides.ts:58:21)
    at loadV17CompanyBrut (/Users/yann/spx-app/src/lib/company-core/load-company.ts:3062:28)
    at async loadV17Company (/Users/yann/spx-app/src/lib/company-core/load-company.ts:493:14)
    at async auditTicker (/Users/yann/spx-app/scripts/audit-pages-full.ts:51:19)
    at async main (/Users/yann/spx-app/scripts/audit-pages-full.ts:153:17)
special_kpis merge failed for CTAS: Error: supabaseUrl is required.
    at validateSupabaseUrl (/Users/yann/spx-app/node_modules/@supabase/supabase-js/src/lib/helpers.ts:86:11)
    at new SupabaseClient (/Users/yann/spx-app/node_modules/@supabase/supabase-js/src/SupabaseClient.ts:284:21)
    at createClient (/Users/yann/spx-app/node_modules/@supabase/supabase-js/src/index.ts:65:10)
    at admin (/Users/yann/spx-app/src/lib/desk/special-kpis.ts:152:10)
    at listPublishedForTicker (/Users/yann/spx-app/src/lib/desk/special-kpis.ts:175:16)
    at loadV17CompanyBrut (/Users/yann/spx-app/src/lib/company-core/load-company.ts:1793:30)
    at async loadV17Company (/Users/yann/spx-app/src/lib/company-core/load-company.ts:493:14)
    at async auditTicker (/Users/yann/spx-app/scripts/audit-pages-full.ts:51:19)
    at async main (/Users/yann/spx-app/scripts/audit-pages-full.ts:153:17)
image_findings merge failed for CTAS: Error: supabaseUrl is required.
    at validateSupabaseUrl (/Users/yann/spx-app/node_modules/@supabase/supabase-js/src/lib/helpers.ts:86:11)
    at new SupabaseClient (/Users/yann/spx-app/node_modules/@supabase/supabase-js/src/SupabaseClient.ts:284:21)
    at createClient (/Users/yann/spx-app/node_modules/@supabase/supabase-js/src/index.ts:65:10)
    at admin (/Users/yann/spx-app/src/lib/desk/image-findings.ts:124:10)
    at listApprovedForTicker (/Users/yann/spx-app/src/lib/desk/image-findings.ts:305:16)
    at loadV17CompanyBrut (/Users/yann/spx-app/src/lib/company-core/load-company.ts:2296:28)
    at async loadV17Company (/Users/yann/spx-app/src/lib/company-core/load-company.ts:493:14)
    at async auditTicker (/Users/yann/spx-app/scripts/audit-pages-full.ts:51:19)
    at async main (/Users/yann/spx-app/scripts/audit-pages-full.ts:153:17)
[hero-kpi-overrides] refetch failed, using stale cache Error: SUPABASE_SERVICE_ROLE_KEY manquante — vérifier .env.local
    at createSupabaseAdminClient (/Users/yann/spx-app/src/lib/supabase/admin.ts:16:11)
    at fetchAll (/Users/yann/spx-app/src/lib/company-core/hero-kpi-overrides.ts:31:20)
    at getHeroKpiOverride (/Users/yann/spx-app/src/lib/company-core/hero-kpi-overrides.ts:58:21)
    at loadV17CompanyBrut (/Users/yann/spx-app/src/lib/company-core/load-company.ts:3062:28)
    at async loadV17Company (/Users/yann/spx-app/src/lib/company-core/load-company.ts:493:14)
    at async auditTicker (/Users/yann/spx-app/scripts/audit-pages-full.ts:51:19)
    at async main (/Users/yann/spx-app/scripts/audit-pages-full.ts:153:17)
special_kpis merge failed for CTVA: Error: supabaseUrl is required.
    at validateSupabaseUrl (/Users/yann/spx-app/node_modules/@supabase/supabase-js/src/lib/helpers.ts:86:11)
    at new SupabaseClient (/Users/yann/spx-app/node_modules/@supabase/supabase-js/src/SupabaseClient.ts:284:21)
    at createClient (/Users/yann/spx-app/node_modules/@supabase/supabase-js/src/index.ts:65:10)
    at admin (/Users/yann/spx-app/src/lib/desk/special-kpis.ts:152:10)
    at listPublishedForTicker (/Users/yann/spx-app/src/lib/desk/special-kpis.ts:175:16)
    at loadV17CompanyBrut (/Users/yann/spx-app/src/lib/company-core/load-company.ts:1793:30)
    at async loadV17Company (/Users/yann/spx-app/src/lib/company-core/load-company.ts:493:14)
    at async auditTicker (/Users/yann/spx-app/scripts/audit-pages-full.ts:51:19)
    at async main (/Users/yann/spx-app/scripts/audit-pages-full.ts:153:17)
image_findings merge failed for CTVA: Error: supabaseUrl is required.
    at validateSupabaseUrl (/Users/yann/spx-app/node_modules/@supabase/supabase-js/src/lib/helpers.ts:86:11)
    at new SupabaseClient (/Users/yann/spx-app/node_modules/@supabase/supabase-js/src/SupabaseClient.ts:284:21)
    at createClient (/Users/yann/spx-app/node_modules/@supabase/supabase-js/src/index.ts:65:10)
    at admin (/Users/yann/spx-app/src/lib/desk/image-findings.ts:124:10)
    at listApprovedForTicker (/Users/yann/spx-app/src/lib/desk/image-findings.ts:305:16)
    at loadV17CompanyBrut (/Users/yann/spx-app/src/lib/company-core/load-company.ts:2296:28)
    at async loadV17Company (/Users/yann/spx-app/src/lib/company-core/load-company.ts:493:14)
    at async auditTicker (/Users/yann/spx-app/scripts/audit-pages-full.ts:51:19)
    at async main (/Users/yann/spx-app/scripts/audit-pages-full.ts:153:17)
[hero-kpi-overrides] refetch failed, using stale cache Error: SUPABASE_SERVICE_ROLE_KEY manquante — vérifier .env.local
    at createSupabaseAdminClient (/Users/yann/spx-app/src/lib/supabase/admin.ts:16:11)
    at fetchAll (/Users/yann/spx-app/src/lib/company-core/hero-kpi-overrides.ts:31:20)
    at getHeroKpiOverride (/Users/yann/spx-app/src/lib/company-core/hero-kpi-overrides.ts:58:21)
    at loadV17CompanyBrut (/Users/yann/spx-app/src/lib/company-core/load-company.ts:3062:28)
    at async loadV17Company (/Users/yann/spx-app/src/lib/company-core/load-company.ts:493:14)
    at async auditTicker (/Users/yann/spx-app/scripts/audit-pages-full.ts:51:19)
    at async main (/Users/yann/spx-app/scripts/audit-pages-full.ts:153:17)
special_kpis merge failed for DASH: Error: supabaseUrl is required.
    at validateSupabaseUrl (/Users/yann/spx-app/node_modules/@supabase/supabase-js/src/lib/helpers.ts:86:11)
    at new SupabaseClient (/Users/yann/spx-app/node_modules/@supabase/supabase-js/src/SupabaseClient.ts:284:21)
    at createClient (/Users/yann/spx-app/node_modules/@supabase/supabase-js/src/index.ts:65:10)
    at admin (/Users/yann/spx-app/src/lib/desk/special-kpis.ts:152:10)
    at listPublishedForTicker (/Users/yann/spx-app/src/lib/desk/special-kpis.ts:175:16)
    at loadV17CompanyBrut (/Users/yann/spx-app/src/lib/company-core/load-company.ts:1793:30)
    at async loadV17Company (/Users/yann/spx-app/src/lib/company-core/load-company.ts:493:14)
    at async auditTicker (/Users/yann/spx-app/scripts/audit-pages-full.ts:51:19)
    at async main (/Users/yann/spx-app/scripts/audit-pages-full.ts:153:17)
image_findings merge failed for DASH: Error: supabaseUrl is required.
    at validateSupabaseUrl (/Users/yann/spx-app/node_modules/@supabase/supabase-js/src/lib/helpers.ts:86:11)
    at new SupabaseClient (/Users/yann/spx-app/node_modules/@supabase/supabase-js/src/SupabaseClient.ts:284:21)
    at createClient (/Users/yann/spx-app/node_modules/@supabase/supabase-js/src/index.ts:65:10)
    at admin (/Users/yann/spx-app/src/lib/desk/image-findings.ts:124:10)
    at listApprovedForTicker (/Users/yann/spx-app/src/lib/desk/image-findings.ts:305:16)
    at loadV17CompanyBrut (/Users/yann/spx-app/src/lib/company-core/load-company.ts:2296:28)
    at async loadV17Company (/Users/yann/spx-app/src/lib/company-core/load-company.ts:493:14)
    at async auditTicker (/Users/yann/spx-app/scripts/audit-pages-full.ts:51:19)
    at async main (/Users/yann/spx-app/scripts/audit-pages-full.ts:153:17)
[hero-kpi-overrides] refetch failed, using stale cache Error: SUPABASE_SERVICE_ROLE_KEY manquante — vérifier .env.local
    at createSupabaseAdminClient (/Users/yann/spx-app/src/lib/supabase/admin.ts:16:11)
    at fetchAll (/Users/yann/spx-app/src/lib/company-core/hero-kpi-overrides.ts:31:20)
    at getHeroKpiOverride (/Users/yann/spx-app/src/lib/company-core/hero-kpi-overrides.ts:58:21)
    at loadV17CompanyBrut (/Users/yann/spx-app/src/lib/company-core/load-company.ts:3062:28)
    at async loadV17Company (/Users/yann/spx-app/src/lib/company-core/load-company.ts:493:14)
    at async auditTicker (/Users/yann/spx-app/scripts/audit-pages-full.ts:51:19)
    at async main (/Users/yann/spx-app/scripts/audit-pages-full.ts:153:17)
special_kpis merge failed for ECHO: Error: supabaseUrl is required.
    at validateSupabaseUrl (/Users/yann/spx-app/node_modules/@supabase/supabase-js/src/lib/helpers.ts:86:11)
    at new SupabaseClient (/Users/yann/spx-app/node_modules/@supabase/supabase-js/src/SupabaseClient.ts:284:21)
    at createClient (/Users/yann/spx-app/node_modules/@supabase/supabase-js/src/index.ts:65:10)
    at admin (/Users/yann/spx-app/src/lib/desk/special-kpis.ts:152:10)
    at listPublishedForTicker (/Users/yann/spx-app/src/lib/desk/special-kpis.ts:175:16)
    at loadV17CompanyBrut (/Users/yann/spx-app/src/lib/company-core/load-company.ts:1793:30)
    at async loadV17Company (/Users/yann/spx-app/src/lib/company-core/load-company.ts:493:14)
    at async auditTicker (/Users/yann/spx-app/scripts/audit-pages-full.ts:51:19)
    at async main (/Users/yann/spx-app/scripts/audit-pages-full.ts:153:17)
image_findings merge failed for ECHO: Error: supabaseUrl is required.
    at validateSupabaseUrl (/Users/yann/spx-app/node_modules/@supabase/supabase-js/src/lib/helpers.ts:86:11)
    at new SupabaseClient (/Users/yann/spx-app/node_modules/@supabase/supabase-js/src/SupabaseClient.ts:284:21)
    at createClient (/Users/yann/spx-app/node_modules/@supabase/supabase-js/src/index.ts:65:10)
    at admin (/Users/yann/spx-app/src/lib/desk/image-findings.ts:124:10)
    at listApprovedForTicker (/Users/yann/spx-app/src/lib/desk/image-findings.ts:305:16)
    at loadV17CompanyBrut (/Users/yann/spx-app/src/lib/company-core/load-company.ts:2296:28)
    at async loadV17Company (/Users/yann/spx-app/src/lib/company-core/load-company.ts:493:14)
    at async auditTicker (/Users/yann/spx-app/scripts/audit-pages-full.ts:51:19)
    at async main (/Users/yann/spx-app/scripts/audit-pages-full.ts:153:17)
[hero-kpi-overrides] refetch failed, using stale cache Error: SUPABASE_SERVICE_ROLE_KEY manquante — vérifier .env.local
    at createSupabaseAdminClient (/Users/yann/spx-app/src/lib/supabase/admin.ts:16:11)
    at fetchAll (/Users/yann/spx-app/src/lib/company-core/hero-kpi-overrides.ts:31:20)
    at getHeroKpiOverride (/Users/yann/spx-app/src/lib/company-core/hero-kpi-overrides.ts:58:21)
    at loadV17CompanyBrut (/Users/yann/spx-app/src/lib/company-core/load-company.ts:3062:28)
    at async loadV17Company (/Users/yann/spx-app/src/lib/company-core/load-company.ts:493:14)
    at async auditTicker (/Users/yann/spx-app/scripts/audit-pages-full.ts:51:19)
    at async main (/Users/yann/spx-app/scripts/audit-pages-full.ts:153:17)
special_kpis merge failed for FISV: Error: supabaseUrl is required.
    at validateSupabaseUrl (/Users/yann/spx-app/node_modules/@supabase/supabase-js/src/lib/helpers.ts:86:11)
    at new SupabaseClient (/Users/yann/spx-app/node_modules/@supabase/supabase-js/src/SupabaseClient.ts:284:21)
    at createClient (/Users/yann/spx-app/node_modules/@supabase/supabase-js/src/index.ts:65:10)
    at admin (/Users/yann/spx-app/src/lib/desk/special-kpis.ts:152:10)
    at listPublishedForTicker (/Users/yann/spx-app/src/lib/desk/special-kpis.ts:175:16)
    at loadV17CompanyBrut (/Users/yann/spx-app/src/lib/company-core/load-company.ts:1793:30)
    at async loadV17Company (/Users/yann/spx-app/src/lib/company-core/load-company.ts:493:14)
    at async auditTicker (/Users/yann/spx-app/scripts/audit-pages-full.ts:51:19)
    at async main (/Users/yann/spx-app/scripts/audit-pages-full.ts:153:17)
image_findings merge failed for FISV: Error: supabaseUrl is required.
    at validateSupabaseUrl (/Users/yann/spx-app/node_modules/@supabase/supabase-js/src/lib/helpers.ts:86:11)
    at new SupabaseClient (/Users/yann/spx-app/node_modules/@supabase/supabase-js/src/SupabaseClient.ts:284:21)
    at createClient (/Users/yann/spx-app/node_modules/@supabase/supabase-js/src/index.ts:65:10)
    at admin (/Users/yann/spx-app/src/lib/desk/image-findings.ts:124:10)
    at listApprovedForTicker (/Users/yann/spx-app/src/lib/desk/image-findings.ts:305:16)
    at loadV17CompanyBrut (/Users/yann/spx-app/src/lib/company-core/load-company.ts:2296:28)
    at async loadV17Company (/Users/yann/spx-app/src/lib/company-core/load-company.ts:493:14)
    at async auditTicker (/Users/yann/spx-app/scripts/audit-pages-full.ts:51:19)
    at async main (/Users/yann/spx-app/scripts/audit-pages-full.ts:153:17)
[hero-kpi-overrides] refetch failed, using stale cache Error: SUPABASE_SERVICE_ROLE_KEY manquante — vérifier .env.local
    at createSupabaseAdminClient (/Users/yann/spx-app/src/lib/supabase/admin.ts:16:11)
    at fetchAll (/Users/yann/spx-app/src/lib/company-core/hero-kpi-overrides.ts:31:20)
    at getHeroKpiOverride (/Users/yann/spx-app/src/lib/company-core/hero-kpi-overrides.ts:58:21)
    at loadV17CompanyBrut (/Users/yann/spx-app/src/lib/company-core/load-company.ts:3062:28)
    at async loadV17Company (/Users/yann/spx-app/src/lib/company-core/load-company.ts:493:14)
    at async auditTicker (/Users/yann/spx-app/scripts/audit-pages-full.ts:51:19)
    at async main (/Users/yann/spx-app/scripts/audit-pages-full.ts:153:17)
special_kpis merge failed for FITB: Error: supabaseUrl is required.
    at validateSupabaseUrl (/Users/yann/spx-app/node_modules/@supabase/supabase-js/src/lib/helpers.ts:86:11)
    at new SupabaseClient (/Users/yann/spx-app/node_modules/@supabase/supabase-js/src/SupabaseClient.ts:284:21)
    at createClient (/Users/yann/spx-app/node_modules/@supabase/supabase-js/src/index.ts:65:10)
    at admin (/Users/yann/spx-app/src/lib/desk/special-kpis.ts:152:10)
    at listPublishedForTicker (/Users/yann/spx-app/src/lib/desk/special-kpis.ts:175:16)
    at loadV17CompanyBrut (/Users/yann/spx-app/src/lib/company-core/load-company.ts:1793:30)
    at async loadV17Company (/Users/yann/spx-app/src/lib/company-core/load-company.ts:493:14)
    at async auditTicker (/Users/yann/spx-app/scripts/audit-pages-full.ts:51:19)
    at async main (/Users/yann/spx-app/scripts/audit-pages-full.ts:153:17)
image_findings merge failed for FITB: Error: supabaseUrl is required.
    at validateSupabaseUrl (/Users/yann/spx-app/node_modules/@supabase/supabase-js/src/lib/helpers.ts:86:11)
    at new SupabaseClient (/Users/yann/spx-app/node_modules/@supabase/supabase-js/src/SupabaseClient.ts:284:21)
    at createClient (/Users/yann/spx-app/node_modules/@supabase/supabase-js/src/index.ts:65:10)
    at admin (/Users/yann/spx-app/src/lib/desk/image-findings.ts:124:10)
    at listApprovedForTicker (/Users/yann/spx-app/src/lib/desk/image-findings.ts:305:16)
    at loadV17CompanyBrut (/Users/yann/spx-app/src/lib/company-core/load-company.ts:2296:28)
    at async loadV17Company (/Users/yann/spx-app/src/lib/company-core/load-company.ts:493:14)
    at async auditTicker (/Users/yann/spx-app/scripts/audit-pages-full.ts:51:19)
    at async main (/Users/yann/spx-app/scripts/audit-pages-full.ts:153:17)
[hero-kpi-overrides] refetch failed, using stale cache Error: SUPABASE_SERVICE_ROLE_KEY manquante — vérifier .env.local
    at createSupabaseAdminClient (/Users/yann/spx-app/src/lib/supabase/admin.ts:16:11)
    at fetchAll (/Users/yann/spx-app/src/lib/company-core/hero-kpi-overrides.ts:31:20)
    at getHeroKpiOverride (/Users/yann/spx-app/src/lib/company-core/hero-kpi-overrides.ts:58:21)
    at loadV17CompanyBrut (/Users/yann/spx-app/src/lib/company-core/load-company.ts:3062:28)
    at async loadV17Company (/Users/yann/spx-app/src/lib/company-core/load-company.ts:493:14)
    at async auditTicker (/Users/yann/spx-app/scripts/audit-pages-full.ts:51:19)
    at async main (/Users/yann/spx-app/scripts/audit-pages-full.ts:153:17)
special_kpis merge failed for GE: Error: supabaseUrl is required.
    at validateSupabaseUrl (/Users/yann/spx-app/node_modules/@supabase/supabase-js/src/lib/helpers.ts:86:11)
    at new SupabaseClient (/Users/yann/spx-app/node_modules/@supabase/supabase-js/src/SupabaseClient.ts:284:21)
    at createClient (/Users/yann/spx-app/node_modules/@supabase/supabase-js/src/index.ts:65:10)
    at admin (/Users/yann/spx-app/src/lib/desk/special-kpis.ts:152:10)
    at listPublishedForTicker (/Users/yann/spx-app/src/lib/desk/special-kpis.ts:175:16)
    at loadV17CompanyBrut (/Users/yann/spx-app/src/lib/company-core/load-company.ts:1793:30)
    at async loadV17Company (/Users/yann/spx-app/src/lib/company-core/load-company.ts:493:14)
    at async auditTicker (/Users/yann/spx-app/scripts/audit-pages-full.ts:51:19)
    at async main (/Users/yann/spx-app/scripts/audit-pages-full.ts:153:17)
image_findings merge failed for GE: Error: supabaseUrl is required.
    at validateSupabaseUrl (/Users/yann/spx-app/node_modules/@supabase/supabase-js/src/lib/helpers.ts:86:11)
    at new SupabaseClient (/Users/yann/spx-app/node_modules/@supabase/supabase-js/src/SupabaseClient.ts:284:21)
    at createClient (/Users/yann/spx-app/node_modules/@supabase/supabase-js/src/index.ts:65:10)
    at admin (/Users/yann/spx-app/src/lib/desk/image-findings.ts:124:10)
    at listApprovedForTicker (/Users/yann/spx-app/src/lib/desk/image-findings.ts:305:16)
    at loadV17CompanyBrut (/Users/yann/spx-app/src/lib/company-core/load-company.ts:2296:28)
    at async loadV17Company (/Users/yann/spx-app/src/lib/company-core/load-company.ts:493:14)
    at async auditTicker (/Users/yann/spx-app/scripts/audit-pages-full.ts:51:19)
    at async main (/Users/yann/spx-app/scripts/audit-pages-full.ts:153:17)
[hero-kpi-overrides] refetch failed, using stale cache Error: SUPABASE_SERVICE_ROLE_KEY manquante — vérifier .env.local
    at createSupabaseAdminClient (/Users/yann/spx-app/src/lib/supabase/admin.ts:16:11)
    at fetchAll (/Users/yann/spx-app/src/lib/company-core/hero-kpi-overrides.ts:31:20)
    at getHeroKpiOverride (/Users/yann/spx-app/src/lib/company-core/hero-kpi-overrides.ts:58:21)
    at loadV17CompanyBrut (/Users/yann/spx-app/src/lib/company-core/load-company.ts:3062:28)
    at async loadV17Company (/Users/yann/spx-app/src/lib/company-core/load-company.ts:493:14)
    at async auditTicker (/Users/yann/spx-app/scripts/audit-pages-full.ts:51:19)
    at async main (/Users/yann/spx-app/scripts/audit-pages-full.ts:153:17)
special_kpis merge failed for GEHC: Error: supabaseUrl is required.
    at validateSupabaseUrl (/Users/yann/spx-app/node_modules/@supabase/supabase-js/src/lib/helpers.ts:86:11)
    at new SupabaseClient (/Users/yann/spx-app/node_modules/@supabase/supabase-js/src/SupabaseClient.ts:284:21)
    at createClient (/Users/yann/spx-app/node_modules/@supabase/supabase-js/src/index.ts:65:10)
    at admin (/Users/yann/spx-app/src/lib/desk/special-kpis.ts:152:10)
    at listPublishedForTicker (/Users/yann/spx-app/src/lib/desk/special-kpis.ts:175:16)
    at loadV17CompanyBrut (/Users/yann/spx-app/src/lib/company-core/load-company.ts:1793:30)
    at async loadV17Company (/Users/yann/spx-app/src/lib/company-core/load-company.ts:493:14)
    at async auditTicker (/Users/yann/spx-app/scripts/audit-pages-full.ts:51:19)
    at async main (/Users/yann/spx-app/scripts/audit-pages-full.ts:153:17)
image_findings merge failed for GEHC: Error: supabaseUrl is required.
    at validateSupabaseUrl (/Users/yann/spx-app/node_modules/@supabase/supabase-js/src/lib/helpers.ts:86:11)
    at new SupabaseClient (/Users/yann/spx-app/node_modules/@supabase/supabase-js/src/SupabaseClient.ts:284:21)
    at createClient (/Users/yann/spx-app/node_modules/@supabase/supabase-js/src/index.ts:65:10)
    at admin (/Users/yann/spx-app/src/lib/desk/image-findings.ts:124:10)
    at listApprovedForTicker (/Users/yann/spx-app/src/lib/desk/image-findings.ts:305:16)
    at loadV17CompanyBrut (/Users/yann/spx-app/src/lib/company-core/load-company.ts:2296:28)
    at async loadV17Company (/Users/yann/spx-app/src/lib/company-core/load-company.ts:493:14)
    at async auditTicker (/Users/yann/spx-app/scripts/audit-pages-full.ts:51:19)
    at async main (/Users/yann/spx-app/scripts/audit-pages-full.ts:153:17)
[hero-kpi-overrides] refetch failed, using stale cache Error: SUPABASE_SERVICE_ROLE_KEY manquante — vérifier .env.local
    at createSupabaseAdminClient (/Users/yann/spx-app/src/lib/supabase/admin.ts:16:11)
    at fetchAll (/Users/yann/spx-app/src/lib/company-core/hero-kpi-overrides.ts:31:20)
    at getHeroKpiOverride (/Users/yann/spx-app/src/lib/company-core/hero-kpi-overrides.ts:58:21)
    at loadV17CompanyBrut (/Users/yann/spx-app/src/lib/company-core/load-company.ts:3062:28)
    at async loadV17Company (/Users/yann/spx-app/src/lib/company-core/load-company.ts:493:14)
    at async auditTicker (/Users/yann/spx-app/scripts/audit-pages-full.ts:51:19)
    at async main (/Users/yann/spx-app/scripts/audit-pages-full.ts:153:17)
special_kpis merge failed for GIS: Error: supabaseUrl is required.
    at validateSupabaseUrl (/Users/yann/spx-app/node_modules/@supabase/supabase-js/src/lib/helpers.ts:86:11)
    at new SupabaseClient (/Users/yann/spx-app/node_modules/@supabase/supabase-js/src/SupabaseClient.ts:284:21)
    at createClient (/Users/yann/spx-app/node_modules/@supabase/supabase-js/src/index.ts:65:10)
    at admin (/Users/yann/spx-app/src/lib/desk/special-kpis.ts:152:10)
    at listPublishedForTicker (/Users/yann/spx-app/src/lib/desk/special-kpis.ts:175:16)
    at loadV17CompanyBrut (/Users/yann/spx-app/src/lib/company-core/load-company.ts:1793:30)
    at async loadV17Company (/Users/yann/spx-app/src/lib/company-core/load-company.ts:493:14)
    at async auditTicker (/Users/yann/spx-app/scripts/audit-pages-full.ts:51:19)
    at async main (/Users/yann/spx-app/scripts/audit-pages-full.ts:153:17)
image_findings merge failed for GIS: Error: supabaseUrl is required.
    at validateSupabaseUrl (/Users/yann/spx-app/node_modules/@supabase/supabase-js/src/lib/helpers.ts:86:11)
    at new SupabaseClient (/Users/yann/spx-app/node_modules/@supabase/supabase-js/src/SupabaseClient.ts:284:21)
    at createClient (/Users/yann/spx-app/node_modules/@supabase/supabase-js/src/index.ts:65:10)
    at admin (/Users/yann/spx-app/src/lib/desk/image-findings.ts:124:10)
    at listApprovedForTicker (/Users/yann/spx-app/src/lib/desk/image-findings.ts:305:16)
    at loadV17CompanyBrut (/Users/yann/spx-app/src/lib/company-core/load-company.ts:2296:28)
    at async loadV17Company (/Users/yann/spx-app/src/lib/company-core/load-company.ts:493:14)
    at async auditTicker (/Users/yann/spx-app/scripts/audit-pages-full.ts:51:19)
    at async main (/Users/yann/spx-app/scripts/audit-pages-full.ts:153:17)
[hero-kpi-overrides] refetch failed, using stale cache Error: SUPABASE_SERVICE_ROLE_KEY manquante — vérifier .env.local
    at createSupabaseAdminClient (/Users/yann/spx-app/src/lib/supabase/admin.ts:16:11)
    at fetchAll (/Users/yann/spx-app/src/lib/company-core/hero-kpi-overrides.ts:31:20)
    at getHeroKpiOverride (/Users/yann/spx-app/src/lib/company-core/hero-kpi-overrides.ts:58:21)
    at loadV17CompanyBrut (/Users/yann/spx-app/src/lib/company-core/load-company.ts:3062:28)
    at async loadV17Company (/Users/yann/spx-app/src/lib/company-core/load-company.ts:493:14)
    at async auditTicker (/Users/yann/spx-app/scripts/audit-pages-full.ts:51:19)
    at async main (/Users/yann/spx-app/scripts/audit-pages-full.ts:153:17)
special_kpis merge failed for HBAN: Error: supabaseUrl is required.
    at validateSupabaseUrl (/Users/yann/spx-app/node_modules/@supabase/supabase-js/src/lib/helpers.ts:86:11)
    at new SupabaseClient (/Users/yann/spx-app/node_modules/@supabase/supabase-js/src/SupabaseClient.ts:284:21)
    at createClient (/Users/yann/spx-app/node_modules/@supabase/supabase-js/src/index.ts:65:10)
    at admin (/Users/yann/spx-app/src/lib/desk/special-kpis.ts:152:10)
    at listPublishedForTicker (/Users/yann/spx-app/src/lib/desk/special-kpis.ts:175:16)
    at loadV17CompanyBrut (/Users/yann/spx-app/src/lib/company-core/load-company.ts:1793:30)
    at async loadV17Company (/Users/yann/spx-app/src/lib/company-core/load-company.ts:493:14)
    at async auditTicker (/Users/yann/spx-app/scripts/audit-pages-full.ts:51:19)
    at async main (/Users/yann/spx-app/scripts/audit-pages-full.ts:153:17)
image_findings merge failed for HBAN: Error: supabaseUrl is required.
    at validateSupabaseUrl (/Users/yann/spx-app/node_modules/@supabase/supabase-js/src/lib/helpers.ts:86:11)
    at new SupabaseClient (/Users/yann/spx-app/node_modules/@supabase/supabase-js/src/SupabaseClient.ts:284:21)
    at createClient (/Users/yann/spx-app/node_modules/@supabase/supabase-js/src/index.ts:65:10)
    at admin (/Users/yann/spx-app/src/lib/desk/image-findings.ts:124:10)
    at listApprovedForTicker (/Users/yann/spx-app/src/lib/desk/image-findings.ts:305:16)
    at loadV17CompanyBrut (/Users/yann/spx-app/src/lib/company-core/load-company.ts:2296:28)
    at async loadV17Company (/Users/yann/spx-app/src/lib/company-core/load-company.ts:493:14)
    at async auditTicker (/Users/yann/spx-app/scripts/audit-pages-full.ts:51:19)
    at async main (/Users/yann/spx-app/scripts/audit-pages-full.ts:153:17)
[hero-kpi-overrides] refetch failed, using stale cache Error: SUPABASE_SERVICE_ROLE_KEY manquante — vérifier .env.local
    at createSupabaseAdminClient (/Users/yann/spx-app/src/lib/supabase/admin.ts:16:11)
    at fetchAll (/Users/yann/spx-app/src/lib/company-core/hero-kpi-overrides.ts:31:20)
    at getHeroKpiOverride (/Users/yann/spx-app/src/lib/company-core/hero-kpi-overrides.ts:58:21)
    at loadV17CompanyBrut (/Users/yann/spx-app/src/lib/company-core/load-company.ts:3062:28)
    at async loadV17Company (/Users/yann/spx-app/src/lib/company-core/load-company.ts:493:14)
    at async auditTicker (/Users/yann/spx-app/scripts/audit-pages-full.ts:51:19)
    at async main (/Users/yann/spx-app/scripts/audit-pages-full.ts:153:17)
special_kpis merge failed for HPQ: Error: supabaseUrl is required.
    at validateSupabaseUrl (/Users/yann/spx-app/node_modules/@supabase/supabase-js/src/lib/helpers.ts:86:11)
    at new SupabaseClient (/Users/yann/spx-app/node_modules/@supabase/supabase-js/src/SupabaseClient.ts:284:21)
    at createClient (/Users/yann/spx-app/node_modules/@supabase/supabase-js/src/index.ts:65:10)
    at admin (/Users/yann/spx-app/src/lib/desk/special-kpis.ts:152:10)
    at listPublishedForTicker (/Users/yann/spx-app/src/lib/desk/special-kpis.ts:175:16)
    at loadV17CompanyBrut (/Users/yann/spx-app/src/lib/company-core/load-company.ts:1793:30)
    at async loadV17Company (/Users/yann/spx-app/src/lib/company-core/load-company.ts:493:14)
    at async auditTicker (/Users/yann/spx-app/scripts/audit-pages-full.ts:51:19)
    at async main (/Users/yann/spx-app/scripts/audit-pages-full.ts:153:17)
image_findings merge failed for HPQ: Error: supabaseUrl is required.
    at validateSupabaseUrl (/Users/yann/spx-app/node_modules/@supabase/supabase-js/src/lib/helpers.ts:86:11)
    at new SupabaseClient (/Users/yann/spx-app/node_modules/@supabase/supabase-js/src/SupabaseClient.ts:284:21)
    at createClient (/Users/yann/spx-app/node_modules/@supabase/supabase-js/src/index.ts:65:10)
    at admin (/Users/yann/spx-app/src/lib/desk/image-findings.ts:124:10)
    at listApprovedForTicker (/Users/yann/spx-app/src/lib/desk/image-findings.ts:305:16)
    at loadV17CompanyBrut (/Users/yann/spx-app/src/lib/company-core/load-company.ts:2296:28)
    at async loadV17Company (/Users/yann/spx-app/src/lib/company-core/load-company.ts:493:14)
    at async auditTicker (/Users/yann/spx-app/scripts/audit-pages-full.ts:51:19)
    at async main (/Users/yann/spx-app/scripts/audit-pages-full.ts:153:17)
[hero-kpi-overrides] refetch failed, using stale cache Error: SUPABASE_SERVICE_ROLE_KEY manquante — vérifier .env.local
    at createSupabaseAdminClient (/Users/yann/spx-app/src/lib/supabase/admin.ts:16:11)
    at fetchAll (/Users/yann/spx-app/src/lib/company-core/hero-kpi-overrides.ts:31:20)
    at getHeroKpiOverride (/Users/yann/spx-app/src/lib/company-core/hero-kpi-overrides.ts:58:21)
    at loadV17CompanyBrut (/Users/yann/spx-app/src/lib/company-core/load-company.ts:3062:28)
    at async loadV17Company (/Users/yann/spx-app/src/lib/company-core/load-company.ts:493:14)
    at async auditTicker (/Users/yann/spx-app/scripts/audit-pages-full.ts:51:19)
    at async main (/Users/yann/spx-app/scripts/audit-pages-full.ts:153:17)
special_kpis merge failed for HSIC: Error: supabaseUrl is required.
    at validateSupabaseUrl (/Users/yann/spx-app/node_modules/@supabase/supabase-js/src/lib/helpers.ts:86:11)
    at new SupabaseClient (/Users/yann/spx-app/node_modules/@supabase/supabase-js/src/SupabaseClient.ts:284:21)
    at createClient (/Users/yann/spx-app/node_modules/@supabase/supabase-js/src/index.ts:65:10)
    at admin (/Users/yann/spx-app/src/lib/desk/special-kpis.ts:152:10)
    at listPublishedForTicker (/Users/yann/spx-app/src/lib/desk/special-kpis.ts:175:16)
    at loadV17CompanyBrut (/Users/yann/spx-app/src/lib/company-core/load-company.ts:1793:30)
    at async loadV17Company (/Users/yann/spx-app/src/lib/company-core/load-company.ts:493:14)
    at async auditTicker (/Users/yann/spx-app/scripts/audit-pages-full.ts:51:19)
    at async main (/Users/yann/spx-app/scripts/audit-pages-full.ts:153:17)
image_findings merge failed for HSIC: Error: supabaseUrl is required.
    at validateSupabaseUrl (/Users/yann/spx-app/node_modules/@supabase/supabase-js/src/lib/helpers.ts:86:11)
    at new SupabaseClient (/Users/yann/spx-app/node_modules/@supabase/supabase-js/src/SupabaseClient.ts:284:21)
    at createClient (/Users/yann/spx-app/node_modules/@supabase/supabase-js/src/index.ts:65:10)
    at admin (/Users/yann/spx-app/src/lib/desk/image-findings.ts:124:10)
    at listApprovedForTicker (/Users/yann/spx-app/src/lib/desk/image-findings.ts:305:16)
    at loadV17CompanyBrut (/Users/yann/spx-app/src/lib/company-core/load-company.ts:2296:28)
    at async loadV17Company (/Users/yann/spx-app/src/lib/company-core/load-company.ts:493:14)
    at async auditTicker (/Users/yann/spx-app/scripts/audit-pages-full.ts:51:19)
    at async main (/Users/yann/spx-app/scripts/audit-pages-full.ts:153:17)
[hero-kpi-overrides] refetch failed, using stale cache Error: SUPABASE_SERVICE_ROLE_KEY manquante — vérifier .env.local
    at createSupabaseAdminClient (/Users/yann/spx-app/src/lib/supabase/admin.ts:16:11)
    at fetchAll (/Users/yann/spx-app/src/lib/company-core/hero-kpi-overrides.ts:31:20)
    at getHeroKpiOverride (/Users/yann/spx-app/src/lib/company-core/hero-kpi-overrides.ts:58:21)
    at loadV17CompanyBrut (/Users/yann/spx-app/src/lib/company-core/load-company.ts:3062:28)
    at async loadV17Company (/Users/yann/spx-app/src/lib/company-core/load-company.ts:493:14)
    at async auditTicker (/Users/yann/spx-app/scripts/audit-pages-full.ts:51:19)
    at async main (/Users/yann/spx-app/scripts/audit-pages-full.ts:153:17)
special_kpis merge failed for IQV: Error: supabaseUrl is required.
    at validateSupabaseUrl (/Users/yann/spx-app/node_modules/@supabase/supabase-js/src/lib/helpers.ts:86:11)
    at new SupabaseClient (/Users/yann/spx-app/node_modules/@supabase/supabase-js/src/SupabaseClient.ts:284:21)
    at createClient (/Users/yann/spx-app/node_modules/@supabase/supabase-js/src/index.ts:65:10)
    at admin (/Users/yann/spx-app/src/lib/desk/special-kpis.ts:152:10)
    at listPublishedForTicker (/Users/yann/spx-app/src/lib/desk/special-kpis.ts:175:16)
    at loadV17CompanyBrut (/Users/yann/spx-app/src/lib/company-core/load-company.ts:1793:30)
    at async loadV17Company (/Users/yann/spx-app/src/lib/company-core/load-company.ts:493:14)
    at async auditTicker (/Users/yann/spx-app/scripts/audit-pages-full.ts:51:19)
    at async main (/Users/yann/spx-app/scripts/audit-pages-full.ts:153:17)
image_findings merge failed for IQV: Error: supabaseUrl is required.
    at validateSupabaseUrl (/Users/yann/spx-app/node_modules/@supabase/supabase-js/src/lib/helpers.ts:86:11)
    at new SupabaseClient (/Users/yann/spx-app/node_modules/@supabase/supabase-js/src/SupabaseClient.ts:284:21)
    at createClient (/Users/yann/spx-app/node_modules/@supabase/supabase-js/src/index.ts:65:10)
    at admin (/Users/yann/spx-app/src/lib/desk/image-findings.ts:124:10)
    at listApprovedForTicker (/Users/yann/spx-app/src/lib/desk/image-findings.ts:305:16)
    at loadV17CompanyBrut (/Users/yann/spx-app/src/lib/company-core/load-company.ts:2296:28)
    at async loadV17Company (/Users/yann/spx-app/src/lib/company-core/load-company.ts:493:14)
    at async auditTicker (/Users/yann/spx-app/scripts/audit-pages-full.ts:51:19)
    at async main (/Users/yann/spx-app/scripts/audit-pages-full.ts:153:17)
[hero-kpi-overrides] refetch failed, using stale cache Error: SUPABASE_SERVICE_ROLE_KEY manquante — vérifier .env.local
    at createSupabaseAdminClient (/Users/yann/spx-app/src/lib/supabase/admin.ts:16:11)
    at fetchAll (/Users/yann/spx-app/src/lib/company-core/hero-kpi-overrides.ts:31:20)
    at getHeroKpiOverride (/Users/yann/spx-app/src/lib/company-core/hero-kpi-overrides.ts:58:21)
    at loadV17CompanyBrut (/Users/yann/spx-app/src/lib/company-core/load-company.ts:3062:28)
    at async loadV17Company (/Users/yann/spx-app/src/lib/company-core/load-company.ts:493:14)
    at async auditTicker (/Users/yann/spx-app/scripts/audit-pages-full.ts:51:19)
    at async main (/Users/yann/spx-app/scripts/audit-pages-full.ts:153:17)
special_kpis merge failed for J: Error: supabaseUrl is required.
    at validateSupabaseUrl (/Users/yann/spx-app/node_modules/@supabase/supabase-js/src/lib/helpers.ts:86:11)
    at new SupabaseClient (/Users/yann/spx-app/node_modules/@supabase/supabase-js/src/SupabaseClient.ts:284:21)
    at createClient (/Users/yann/spx-app/node_modules/@supabase/supabase-js/src/index.ts:65:10)
    at admin (/Users/yann/spx-app/src/lib/desk/special-kpis.ts:152:10)
    at listPublishedForTicker (/Users/yann/spx-app/src/lib/desk/special-kpis.ts:175:16)
    at loadV17CompanyBrut (/Users/yann/spx-app/src/lib/company-core/load-company.ts:1793:30)
    at async loadV17Company (/Users/yann/spx-app/src/lib/company-core/load-company.ts:493:14)
    at async auditTicker (/Users/yann/spx-app/scripts/audit-pages-full.ts:51:19)
    at async main (/Users/yann/spx-app/scripts/audit-pages-full.ts:153:17)
image_findings merge failed for J: Error: supabaseUrl is required.
    at validateSupabaseUrl (/Users/yann/spx-app/node_modules/@supabase/supabase-js/src/lib/helpers.ts:86:11)
    at new SupabaseClient (/Users/yann/spx-app/node_modules/@supabase/supabase-js/src/SupabaseClient.ts:284:21)
    at createClient (/Users/yann/spx-app/node_modules/@supabase/supabase-js/src/index.ts:65:10)
    at admin (/Users/yann/spx-app/src/lib/desk/image-findings.ts:124:10)
    at listApprovedForTicker (/Users/yann/spx-app/src/lib/desk/image-findings.ts:305:16)
    at loadV17CompanyBrut (/Users/yann/spx-app/src/lib/company-core/load-company.ts:2296:28)
    at async loadV17Company (/Users/yann/spx-app/src/lib/company-core/load-company.ts:493:14)
    at async auditTicker (/Users/yann/spx-app/scripts/audit-pages-full.ts:51:19)
    at async main (/Users/yann/spx-app/scripts/audit-pages-full.ts:153:17)
[hero-kpi-overrides] refetch failed, using stale cache Error: SUPABASE_SERVICE_ROLE_KEY manquante — vérifier .env.local
    at createSupabaseAdminClient (/Users/yann/spx-app/src/lib/supabase/admin.ts:16:11)
    at fetchAll (/Users/yann/spx-app/src/lib/company-core/hero-kpi-overrides.ts:31:20)
    at getHeroKpiOverride (/Users/yann/spx-app/src/lib/company-core/hero-kpi-overrides.ts:58:21)
    at loadV17CompanyBrut (/Users/yann/spx-app/src/lib/company-core/load-company.ts:3062:28)
    at async loadV17Company (/Users/yann/spx-app/src/lib/company-core/load-company.ts:493:14)
    at async auditTicker (/Users/yann/spx-app/scripts/audit-pages-full.ts:51:19)
    at async main (/Users/yann/spx-app/scripts/audit-pages-full.ts:153:17)
special_kpis merge failed for KLAC: Error: supabaseUrl is required.
    at validateSupabaseUrl (/Users/yann/spx-app/node_modules/@supabase/supabase-js/src/lib/helpers.ts:86:11)
    at new SupabaseClient (/Users/yann/spx-app/node_modules/@supabase/supabase-js/src/SupabaseClient.ts:284:21)
    at createClient (/Users/yann/spx-app/node_modules/@supabase/supabase-js/src/index.ts:65:10)
    at admin (/Users/yann/spx-app/src/lib/desk/special-kpis.ts:152:10)
    at listPublishedForTicker (/Users/yann/spx-app/src/lib/desk/special-kpis.ts:175:16)
    at loadV17CompanyBrut (/Users/yann/spx-app/src/lib/company-core/load-company.ts:1793:30)
    at async loadV17Company (/Users/yann/spx-app/src/lib/company-core/load-company.ts:493:14)
    at async auditTicker (/Users/yann/spx-app/scripts/audit-pages-full.ts:51:19)
    at async main (/Users/yann/spx-app/scripts/audit-pages-full.ts:153:17)
image_findings merge failed for KLAC: Error: supabaseUrl is required.
    at validateSupabaseUrl (/Users/yann/spx-app/node_modules/@supabase/supabase-js/src/lib/helpers.ts:86:11)
    at new SupabaseClient (/Users/yann/spx-app/node_modules/@supabase/supabase-js/src/SupabaseClient.ts:284:21)
    at createClient (/Users/yann/spx-app/node_modules/@supabase/supabase-js/src/index.ts:65:10)
    at admin (/Users/yann/spx-app/src/lib/desk/image-findings.ts:124:10)
    at listApprovedForTicker (/Users/yann/spx-app/src/lib/desk/image-findings.ts:305:16)
    at loadV17CompanyBrut (/Users/yann/spx-app/src/lib/company-core/load-company.ts:2296:28)
    at async loadV17Company (/Users/yann/spx-app/src/lib/company-core/load-company.ts:493:14)
    at async auditTicker (/Users/yann/spx-app/scripts/audit-pages-full.ts:51:19)
    at async main (/Users/yann/spx-app/scripts/audit-pages-full.ts:153:17)
[hero-kpi-overrides] refetch failed, using stale cache Error: SUPABASE_SERVICE_ROLE_KEY manquante — vérifier .env.local
    at createSupabaseAdminClient (/Users/yann/spx-app/src/lib/supabase/admin.ts:16:11)
    at fetchAll (/Users/yann/spx-app/src/lib/company-core/hero-kpi-overrides.ts:31:20)
    at getHeroKpiOverride (/Users/yann/spx-app/src/lib/company-core/hero-kpi-overrides.ts:58:21)
    at loadV17CompanyBrut (/Users/yann/spx-app/src/lib/company-core/load-company.ts:3062:28)
    at async loadV17Company (/Users/yann/spx-app/src/lib/company-core/load-company.ts:493:14)
    at async auditTicker (/Users/yann/spx-app/scripts/audit-pages-full.ts:51:19)
    at async main (/Users/yann/spx-app/scripts/audit-pages-full.ts:153:17)
special_kpis merge failed for KR: Error: supabaseUrl is required.
    at validateSupabaseUrl (/Users/yann/spx-app/node_modules/@supabase/supabase-js/src/lib/helpers.ts:86:11)
    at new SupabaseClient (/Users/yann/spx-app/node_modules/@supabase/supabase-js/src/SupabaseClient.ts:284:21)
    at createClient (/Users/yann/spx-app/node_modules/@supabase/supabase-js/src/index.ts:65:10)
    at admin (/Users/yann/spx-app/src/lib/desk/special-kpis.ts:152:10)
    at listPublishedForTicker (/Users/yann/spx-app/src/lib/desk/special-kpis.ts:175:16)
    at loadV17CompanyBrut (/Users/yann/spx-app/src/lib/company-core/load-company.ts:1793:30)
    at async loadV17Company (/Users/yann/spx-app/src/lib/company-core/load-company.ts:493:14)
    at async auditTicker (/Users/yann/spx-app/scripts/audit-pages-full.ts:51:19)
    at async main (/Users/yann/spx-app/scripts/audit-pages-full.ts:153:17)
image_findings merge failed for KR: Error: supabaseUrl is required.
    at validateSupabaseUrl (/Users/yann/spx-app/node_modules/@supabase/supabase-js/src/lib/helpers.ts:86:11)
    at new SupabaseClient (/Users/yann/spx-app/node_modules/@supabase/supabase-js/src/SupabaseClient.ts:284:21)
    at createClient (/Users/yann/spx-app/node_modules/@supabase/supabase-js/src/index.ts:65:10)
    at admin (/Users/yann/spx-app/src/lib/desk/image-findings.ts:124:10)
    at listApprovedForTicker (/Users/yann/spx-app/src/lib/desk/image-findings.ts:305:16)
    at loadV17CompanyBrut (/Users/yann/spx-app/src/lib/company-core/load-company.ts:2296:28)
    at async loadV17Company (/Users/yann/spx-app/src/lib/company-core/load-company.ts:493:14)
    at async auditTicker (/Users/yann/spx-app/scripts/audit-pages-full.ts:51:19)
    at async main (/Users/yann/spx-app/scripts/audit-pages-full.ts:153:17)
[hero-kpi-overrides] refetch failed, using stale cache Error: SUPABASE_SERVICE_ROLE_KEY manquante — vérifier .env.local
    at createSupabaseAdminClient (/Users/yann/spx-app/src/lib/supabase/admin.ts:16:11)
    at fetchAll (/Users/yann/spx-app/src/lib/company-core/hero-kpi-overrides.ts:31:20)
    at getHeroKpiOverride (/Users/yann/spx-app/src/lib/company-core/hero-kpi-overrides.ts:58:21)
    at loadV17CompanyBrut (/Users/yann/spx-app/src/lib/company-core/load-company.ts:3062:28)
    at async loadV17Company (/Users/yann/spx-app/src/lib/company-core/load-company.ts:493:14)
    at async auditTicker (/Users/yann/spx-app/scripts/audit-pages-full.ts:51:19)
    at async main (/Users/yann/spx-app/scripts/audit-pages-full.ts:153:17)
special_kpis merge failed for LH: Error: supabaseUrl is required.
    at validateSupabaseUrl (/Users/yann/spx-app/node_modules/@supabase/supabase-js/src/lib/helpers.ts:86:11)
    at new SupabaseClient (/Users/yann/spx-app/node_modules/@supabase/supabase-js/src/SupabaseClient.ts:284:21)
    at createClient (/Users/yann/spx-app/node_modules/@supabase/supabase-js/src/index.ts:65:10)
    at admin (/Users/yann/spx-app/src/lib/desk/special-kpis.ts:152:10)
    at listPublishedForTicker (/Users/yann/spx-app/src/lib/desk/special-kpis.ts:175:16)
    at loadV17CompanyBrut (/Users/yann/spx-app/src/lib/company-core/load-company.ts:1793:30)
    at async loadV17Company (/Users/yann/spx-app/src/lib/company-core/load-company.ts:493:14)
    at async auditTicker (/Users/yann/spx-app/scripts/audit-pages-full.ts:51:19)
    at async main (/Users/yann/spx-app/scripts/audit-pages-full.ts:153:17)
image_findings merge failed for LH: Error: supabaseUrl is required.
    at validateSupabaseUrl (/Users/yann/spx-app/node_modules/@supabase/supabase-js/src/lib/helpers.ts:86:11)
    at new SupabaseClient (/Users/yann/spx-app/node_modules/@supabase/supabase-js/src/SupabaseClient.ts:284:21)
    at createClient (/Users/yann/spx-app/node_modules/@supabase/supabase-js/src/index.ts:65:10)
    at admin (/Users/yann/spx-app/src/lib/desk/image-findings.ts:124:10)
    at listApprovedForTicker (/Users/yann/spx-app/src/lib/desk/image-findings.ts:305:16)
    at loadV17CompanyBrut (/Users/yann/spx-app/src/lib/company-core/load-company.ts:2296:28)
    at async loadV17Company (/Users/yann/spx-app/src/lib/company-core/load-company.ts:493:14)
    at async auditTicker (/Users/yann/spx-app/scripts/audit-pages-full.ts:51:19)
    at async main (/Users/yann/spx-app/scripts/audit-pages-full.ts:153:17)
[hero-kpi-overrides] refetch failed, using stale cache Error: SUPABASE_SERVICE_ROLE_KEY manquante — vérifier .env.local
    at createSupabaseAdminClient (/Users/yann/spx-app/src/lib/supabase/admin.ts:16:11)
    at fetchAll (/Users/yann/spx-app/src/lib/company-core/hero-kpi-overrides.ts:31:20)
    at getHeroKpiOverride (/Users/yann/spx-app/src/lib/company-core/hero-kpi-overrides.ts:58:21)
    at loadV17CompanyBrut (/Users/yann/spx-app/src/lib/company-core/load-company.ts:3062:28)
    at async loadV17Company (/Users/yann/spx-app/src/lib/company-core/load-company.ts:493:14)
    at async auditTicker (/Users/yann/spx-app/scripts/audit-pages-full.ts:51:19)
    at async main (/Users/yann/spx-app/scripts/audit-pages-full.ts:153:17)
special_kpis merge failed for LII: Error: supabaseUrl is required.
    at validateSupabaseUrl (/Users/yann/spx-app/node_modules/@supabase/supabase-js/src/lib/helpers.ts:86:11)
    at new SupabaseClient (/Users/yann/spx-app/node_modules/@supabase/supabase-js/src/SupabaseClient.ts:284:21)
    at createClient (/Users/yann/spx-app/node_modules/@supabase/supabase-js/src/index.ts:65:10)
    at admin (/Users/yann/spx-app/src/lib/desk/special-kpis.ts:152:10)
    at listPublishedForTicker (/Users/yann/spx-app/src/lib/desk/special-kpis.ts:175:16)
    at loadV17CompanyBrut (/Users/yann/spx-app/src/lib/company-core/load-company.ts:1793:30)
    at async loadV17Company (/Users/yann/spx-app/src/lib/company-core/load-company.ts:493:14)
    at async auditTicker (/Users/yann/spx-app/scripts/audit-pages-full.ts:51:19)
    at async main (/Users/yann/spx-app/scripts/audit-pages-full.ts:153:17)
image_findings merge failed for LII: Error: supabaseUrl is required.
    at validateSupabaseUrl (/Users/yann/spx-app/node_modules/@supabase/supabase-js/src/lib/helpers.ts:86:11)
    at new SupabaseClient (/Users/yann/spx-app/node_modules/@supabase/supabase-js/src/SupabaseClient.ts:284:21)
    at createClient (/Users/yann/spx-app/node_modules/@supabase/supabase-js/src/index.ts:65:10)
    at admin (/Users/yann/spx-app/src/lib/desk/image-findings.ts:124:10)
    at listApprovedForTicker (/Users/yann/spx-app/src/lib/desk/image-findings.ts:305:16)
    at loadV17CompanyBrut (/Users/yann/spx-app/src/lib/company-core/load-company.ts:2296:28)
    at async loadV17Company (/Users/yann/spx-app/src/lib/company-core/load-company.ts:493:14)
    at async auditTicker (/Users/yann/spx-app/scripts/audit-pages-full.ts:51:19)
    at async main (/Users/yann/spx-app/scripts/audit-pages-full.ts:153:17)
[hero-kpi-overrides] refetch failed, using stale cache Error: SUPABASE_SERVICE_ROLE_KEY manquante — vérifier .env.local
    at createSupabaseAdminClient (/Users/yann/spx-app/src/lib/supabase/admin.ts:16:11)
    at fetchAll (/Users/yann/spx-app/src/lib/company-core/hero-kpi-overrides.ts:31:20)
    at getHeroKpiOverride (/Users/yann/spx-app/src/lib/company-core/hero-kpi-overrides.ts:58:21)
    at loadV17CompanyBrut (/Users/yann/spx-app/src/lib/company-core/load-company.ts:3062:28)
    at async loadV17Company (/Users/yann/spx-app/src/lib/company-core/load-company.ts:493:14)
    at async auditTicker (/Users/yann/spx-app/scripts/audit-pages-full.ts:51:19)
    at async main (/Users/yann/spx-app/scripts/audit-pages-full.ts:153:17)
special_kpis merge failed for MCD: Error: supabaseUrl is required.
    at validateSupabaseUrl (/Users/yann/spx-app/node_modules/@supabase/supabase-js/src/lib/helpers.ts:86:11)
    at new SupabaseClient (/Users/yann/spx-app/node_modules/@supabase/supabase-js/src/SupabaseClient.ts:284:21)
    at createClient (/Users/yann/spx-app/node_modules/@supabase/supabase-js/src/index.ts:65:10)
    at admin (/Users/yann/spx-app/src/lib/desk/special-kpis.ts:152:10)
    at listPublishedForTicker (/Users/yann/spx-app/src/lib/desk/special-kpis.ts:175:16)
    at loadV17CompanyBrut (/Users/yann/spx-app/src/lib/company-core/load-company.ts:1793:30)
    at async loadV17Company (/Users/yann/spx-app/src/lib/company-core/load-company.ts:493:14)
    at async auditTicker (/Users/yann/spx-app/scripts/audit-pages-full.ts:51:19)
    at async main (/Users/yann/spx-app/scripts/audit-pages-full.ts:153:17)
image_findings merge failed for MCD: Error: supabaseUrl is required.
    at validateSupabaseUrl (/Users/yann/spx-app/node_modules/@supabase/supabase-js/src/lib/helpers.ts:86:11)
    at new SupabaseClient (/Users/yann/spx-app/node_modules/@supabase/supabase-js/src/SupabaseClient.ts:284:21)
    at createClient (/Users/yann/spx-app/node_modules/@supabase/supabase-js/src/index.ts:65:10)
    at admin (/Users/yann/spx-app/src/lib/desk/image-findings.ts:124:10)
    at listApprovedForTicker (/Users/yann/spx-app/src/lib/desk/image-findings.ts:305:16)
    at loadV17CompanyBrut (/Users/yann/spx-app/src/lib/company-core/load-company.ts:2296:28)
    at async loadV17Company (/Users/yann/spx-app/src/lib/company-core/load-company.ts:493:14)
    at async auditTicker (/Users/yann/spx-app/scripts/audit-pages-full.ts:51:19)
    at async main (/Users/yann/spx-app/scripts/audit-pages-full.ts:153:17)
[hero-kpi-overrides] refetch failed, using stale cache Error: SUPABASE_SERVICE_ROLE_KEY manquante — vérifier .env.local
    at createSupabaseAdminClient (/Users/yann/spx-app/src/lib/supabase/admin.ts:16:11)
    at fetchAll (/Users/yann/spx-app/src/lib/company-core/hero-kpi-overrides.ts:31:20)
    at getHeroKpiOverride (/Users/yann/spx-app/src/lib/company-core/hero-kpi-overrides.ts:58:21)
    at loadV17CompanyBrut (/Users/yann/spx-app/src/lib/company-core/load-company.ts:3062:28)
    at async loadV17Company (/Users/yann/spx-app/src/lib/company-core/load-company.ts:493:14)
    at async auditTicker (/Users/yann/spx-app/scripts/audit-pages-full.ts:51:19)
    at async main (/Users/yann/spx-app/scripts/audit-pages-full.ts:153:17)
special_kpis merge failed for MSTR: Error: supabaseUrl is required.
    at validateSupabaseUrl (/Users/yann/spx-app/node_modules/@supabase/supabase-js/src/lib/helpers.ts:86:11)
    at new SupabaseClient (/Users/yann/spx-app/node_modules/@supabase/supabase-js/src/SupabaseClient.ts:284:21)
    at createClient (/Users/yann/spx-app/node_modules/@supabase/supabase-js/src/index.ts:65:10)
    at admin (/Users/yann/spx-app/src/lib/desk/special-kpis.ts:152:10)
    at listPublishedForTicker (/Users/yann/spx-app/src/lib/desk/special-kpis.ts:175:16)
    at loadV17CompanyBrut (/Users/yann/spx-app/src/lib/company-core/load-company.ts:1793:30)
    at async loadV17Company (/Users/yann/spx-app/src/lib/company-core/load-company.ts:493:14)
    at async auditTicker (/Users/yann/spx-app/scripts/audit-pages-full.ts:51:19)
    at async main (/Users/yann/spx-app/scripts/audit-pages-full.ts:153:17)
image_findings merge failed for MSTR: Error: supabaseUrl is required.
    at validateSupabaseUrl (/Users/yann/spx-app/node_modules/@supabase/supabase-js/src/lib/helpers.ts:86:11)
    at new SupabaseClient (/Users/yann/spx-app/node_modules/@supabase/supabase-js/src/SupabaseClient.ts:284:21)
    at createClient (/Users/yann/spx-app/node_modules/@supabase/supabase-js/src/index.ts:65:10)
    at admin (/Users/yann/spx-app/src/lib/desk/image-findings.ts:124:10)
    at listApprovedForTicker (/Users/yann/spx-app/src/lib/desk/image-findings.ts:305:16)
    at loadV17CompanyBrut (/Users/yann/spx-app/src/lib/company-core/load-company.ts:2296:28)
    at async loadV17Company (/Users/yann/spx-app/src/lib/company-core/load-company.ts:493:14)
    at async auditTicker (/Users/yann/spx-app/scripts/audit-pages-full.ts:51:19)
    at async main (/Users/yann/spx-app/scripts/audit-pages-full.ts:153:17)
[hero-kpi-overrides] refetch failed, using stale cache Error: SUPABASE_SERVICE_ROLE_KEY manquante — vérifier .env.local
    at createSupabaseAdminClient (/Users/yann/spx-app/src/lib/supabase/admin.ts:16:11)
    at fetchAll (/Users/yann/spx-app/src/lib/company-core/hero-kpi-overrides.ts:31:20)
    at getHeroKpiOverride (/Users/yann/spx-app/src/lib/company-core/hero-kpi-overrides.ts:58:21)
    at loadV17CompanyBrut (/Users/yann/spx-app/src/lib/company-core/load-company.ts:3062:28)
    at async loadV17Company (/Users/yann/spx-app/src/lib/company-core/load-company.ts:493:14)
    at async auditTicker (/Users/yann/spx-app/scripts/audit-pages-full.ts:51:19)
    at async main (/Users/yann/spx-app/scripts/audit-pages-full.ts:153:17)
special_kpis merge failed for MTB: Error: supabaseUrl is required.
    at validateSupabaseUrl (/Users/yann/spx-app/node_modules/@supabase/supabase-js/src/lib/helpers.ts:86:11)
    at new SupabaseClient (/Users/yann/spx-app/node_modules/@supabase/supabase-js/src/SupabaseClient.ts:284:21)
    at createClient (/Users/yann/spx-app/node_modules/@supabase/supabase-js/src/index.ts:65:10)
    at admin (/Users/yann/spx-app/src/lib/desk/special-kpis.ts:152:10)
    at listPublishedForTicker (/Users/yann/spx-app/src/lib/desk/special-kpis.ts:175:16)
    at loadV17CompanyBrut (/Users/yann/spx-app/src/lib/company-core/load-company.ts:1793:30)
    at async loadV17Company (/Users/yann/spx-app/src/lib/company-core/load-company.ts:493:14)
    at async auditTicker (/Users/yann/spx-app/scripts/audit-pages-full.ts:51:19)
    at async main (/Users/yann/spx-app/scripts/audit-pages-full.ts:153:17)
image_findings merge failed for MTB: Error: supabaseUrl is required.
    at validateSupabaseUrl (/Users/yann/spx-app/node_modules/@supabase/supabase-js/src/lib/helpers.ts:86:11)
    at new SupabaseClient (/Users/yann/spx-app/node_modules/@supabase/supabase-js/src/SupabaseClient.ts:284:21)
    at createClient (/Users/yann/spx-app/node_modules/@supabase/supabase-js/src/index.ts:65:10)
    at admin (/Users/yann/spx-app/src/lib/desk/image-findings.ts:124:10)
    at listApprovedForTicker (/Users/yann/spx-app/src/lib/desk/image-findings.ts:305:16)
    at loadV17CompanyBrut (/Users/yann/spx-app/src/lib/company-core/load-company.ts:2296:28)
    at async loadV17Company (/Users/yann/spx-app/src/lib/company-core/load-company.ts:493:14)
    at async auditTicker (/Users/yann/spx-app/scripts/audit-pages-full.ts:51:19)
    at async main (/Users/yann/spx-app/scripts/audit-pages-full.ts:153:17)
[hero-kpi-overrides] refetch failed, using stale cache Error: SUPABASE_SERVICE_ROLE_KEY manquante — vérifier .env.local
    at createSupabaseAdminClient (/Users/yann/spx-app/src/lib/supabase/admin.ts:16:11)
    at fetchAll (/Users/yann/spx-app/src/lib/company-core/hero-kpi-overrides.ts:31:20)
    at getHeroKpiOverride (/Users/yann/spx-app/src/lib/company-core/hero-kpi-overrides.ts:58:21)
    at loadV17CompanyBrut (/Users/yann/spx-app/src/lib/company-core/load-company.ts:3062:28)
    at async loadV17Company (/Users/yann/spx-app/src/lib/company-core/load-company.ts:493:14)
    at async auditTicker (/Users/yann/spx-app/scripts/audit-pages-full.ts:51:19)
    at async main (/Users/yann/spx-app/scripts/audit-pages-full.ts:153:17)
special_kpis merge failed for NWS: Error: supabaseUrl is required.
    at validateSupabaseUrl (/Users/yann/spx-app/node_modules/@supabase/supabase-js/src/lib/helpers.ts:86:11)
    at new SupabaseClient (/Users/yann/spx-app/node_modules/@supabase/supabase-js/src/SupabaseClient.ts:284:21)
    at createClient (/Users/yann/spx-app/node_modules/@supabase/supabase-js/src/index.ts:65:10)
    at admin (/Users/yann/spx-app/src/lib/desk/special-kpis.ts:152:10)
    at listPublishedForTicker (/Users/yann/spx-app/src/lib/desk/special-kpis.ts:175:16)
    at loadV17CompanyBrut (/Users/yann/spx-app/src/lib/company-core/load-company.ts:1793:30)
    at async loadV17Company (/Users/yann/spx-app/src/lib/company-core/load-company.ts:493:14)
    at async auditTicker (/Users/yann/spx-app/scripts/audit-pages-full.ts:51:19)
    at async main (/Users/yann/spx-app/scripts/audit-pages-full.ts:153:17)
image_findings merge failed for NWS: Error: supabaseUrl is required.
    at validateSupabaseUrl (/Users/yann/spx-app/node_modules/@supabase/supabase-js/src/lib/helpers.ts:86:11)
    at new SupabaseClient (/Users/yann/spx-app/node_modules/@supabase/supabase-js/src/SupabaseClient.ts:284:21)
    at createClient (/Users/yann/spx-app/node_modules/@supabase/supabase-js/src/index.ts:65:10)
    at admin (/Users/yann/spx-app/src/lib/desk/image-findings.ts:124:10)
    at listApprovedForTicker (/Users/yann/spx-app/src/lib/desk/image-findings.ts:305:16)
    at loadV17CompanyBrut (/Users/yann/spx-app/src/lib/company-core/load-company.ts:2296:28)
    at async loadV17Company (/Users/yann/spx-app/src/lib/company-core/load-company.ts:493:14)
    at async auditTicker (/Users/yann/spx-app/scripts/audit-pages-full.ts:51:19)
    at async main (/Users/yann/spx-app/scripts/audit-pages-full.ts:153:17)
[hero-kpi-overrides] refetch failed, using stale cache Error: SUPABASE_SERVICE_ROLE_KEY manquante — vérifier .env.local
    at createSupabaseAdminClient (/Users/yann/spx-app/src/lib/supabase/admin.ts:16:11)
    at fetchAll (/Users/yann/spx-app/src/lib/company-core/hero-kpi-overrides.ts:31:20)
    at getHeroKpiOverride (/Users/yann/spx-app/src/lib/company-core/hero-kpi-overrides.ts:58:21)
    at loadV17CompanyBrut (/Users/yann/spx-app/src/lib/company-core/load-company.ts:3062:28)
    at async loadV17Company (/Users/yann/spx-app/src/lib/company-core/load-company.ts:493:14)
    at async auditTicker (/Users/yann/spx-app/scripts/audit-pages-full.ts:51:19)
    at async main (/Users/yann/spx-app/scripts/audit-pages-full.ts:153:17)
special_kpis merge failed for ODFL: Error: supabaseUrl is required.
    at validateSupabaseUrl (/Users/yann/spx-app/node_modules/@supabase/supabase-js/src/lib/helpers.ts:86:11)
    at new SupabaseClient (/Users/yann/spx-app/node_modules/@supabase/supabase-js/src/SupabaseClient.ts:284:21)
    at createClient (/Users/yann/spx-app/node_modules/@supabase/supabase-js/src/index.ts:65:10)
    at admin (/Users/yann/spx-app/src/lib/desk/special-kpis.ts:152:10)
    at listPublishedForTicker (/Users/yann/spx-app/src/lib/desk/special-kpis.ts:175:16)
    at loadV17CompanyBrut (/Users/yann/spx-app/src/lib/company-core/load-company.ts:1793:30)
    at async loadV17Company (/Users/yann/spx-app/src/lib/company-core/load-company.ts:493:14)
    at async auditTicker (/Users/yann/spx-app/scripts/audit-pages-full.ts:51:19)
    at async main (/Users/yann/spx-app/scripts/audit-pages-full.ts:153:17)
image_findings merge failed for ODFL: Error: supabaseUrl is required.
    at validateSupabaseUrl (/Users/yann/spx-app/node_modules/@supabase/supabase-js/src/lib/helpers.ts:86:11)
    at new SupabaseClient (/Users/yann/spx-app/node_modules/@supabase/supabase-js/src/SupabaseClient.ts:284:21)
    at createClient (/Users/yann/spx-app/node_modules/@supabase/supabase-js/src/index.ts:65:10)
    at admin (/Users/yann/spx-app/src/lib/desk/image-findings.ts:124:10)
    at listApprovedForTicker (/Users/yann/spx-app/src/lib/desk/image-findings.ts:305:16)
    at loadV17CompanyBrut (/Users/yann/spx-app/src/lib/company-core/load-company.ts:2296:28)
    at async loadV17Company (/Users/yann/spx-app/src/lib/company-core/load-company.ts:493:14)
    at async auditTicker (/Users/yann/spx-app/scripts/audit-pages-full.ts:51:19)
    at async main (/Users/yann/spx-app/scripts/audit-pages-full.ts:153:17)
[hero-kpi-overrides] refetch failed, using stale cache Error: SUPABASE_SERVICE_ROLE_KEY manquante — vérifier .env.local
    at createSupabaseAdminClient (/Users/yann/spx-app/src/lib/supabase/admin.ts:16:11)
    at fetchAll (/Users/yann/spx-app/src/lib/company-core/hero-kpi-overrides.ts:31:20)
    at getHeroKpiOverride (/Users/yann/spx-app/src/lib/company-core/hero-kpi-overrides.ts:58:21)
    at loadV17CompanyBrut (/Users/yann/spx-app/src/lib/company-core/load-company.ts:3062:28)
    at async loadV17Company (/Users/yann/spx-app/src/lib/company-core/load-company.ts:493:14)
    at async auditTicker (/Users/yann/spx-app/scripts/audit-pages-full.ts:51:19)
    at async main (/Users/yann/spx-app/scripts/audit-pages-full.ts:153:17)
special_kpis merge failed for PAYX: Error: supabaseUrl is required.
    at validateSupabaseUrl (/Users/yann/spx-app/node_modules/@supabase/supabase-js/src/lib/helpers.ts:86:11)
    at new SupabaseClient (/Users/yann/spx-app/node_modules/@supabase/supabase-js/src/SupabaseClient.ts:284:21)
    at createClient (/Users/yann/spx-app/node_modules/@supabase/supabase-js/src/index.ts:65:10)
    at admin (/Users/yann/spx-app/src/lib/desk/special-kpis.ts:152:10)
    at listPublishedForTicker (/Users/yann/spx-app/src/lib/desk/special-kpis.ts:175:16)
    at loadV17CompanyBrut (/Users/yann/spx-app/src/lib/company-core/load-company.ts:1793:30)
    at async loadV17Company (/Users/yann/spx-app/src/lib/company-core/load-company.ts:493:14)
    at async auditTicker (/Users/yann/spx-app/scripts/audit-pages-full.ts:51:19)
    at async main (/Users/yann/spx-app/scripts/audit-pages-full.ts:153:17)
image_findings merge failed for PAYX: Error: supabaseUrl is required.
    at validateSupabaseUrl (/Users/yann/spx-app/node_modules/@supabase/supabase-js/src/lib/helpers.ts:86:11)
    at new SupabaseClient (/Users/yann/spx-app/node_modules/@supabase/supabase-js/src/SupabaseClient.ts:284:21)
    at createClient (/Users/yann/spx-app/node_modules/@supabase/supabase-js/src/index.ts:65:10)
    at admin (/Users/yann/spx-app/src/lib/desk/image-findings.ts:124:10)
    at listApprovedForTicker (/Users/yann/spx-app/src/lib/desk/image-findings.ts:305:16)
    at loadV17CompanyBrut (/Users/yann/spx-app/src/lib/company-core/load-company.ts:2296:28)
    at async loadV17Company (/Users/yann/spx-app/src/lib/company-core/load-company.ts:493:14)
    at async auditTicker (/Users/yann/spx-app/scripts/audit-pages-full.ts:51:19)
    at async main (/Users/yann/spx-app/scripts/audit-pages-full.ts:153:17)
[hero-kpi-overrides] refetch failed, using stale cache Error: SUPABASE_SERVICE_ROLE_KEY manquante — vérifier .env.local
    at createSupabaseAdminClient (/Users/yann/spx-app/src/lib/supabase/admin.ts:16:11)
    at fetchAll (/Users/yann/spx-app/src/lib/company-core/hero-kpi-overrides.ts:31:20)
    at getHeroKpiOverride (/Users/yann/spx-app/src/lib/company-core/hero-kpi-overrides.ts:58:21)
    at loadV17CompanyBrut (/Users/yann/spx-app/src/lib/company-core/load-company.ts:3062:28)
    at async loadV17Company (/Users/yann/spx-app/src/lib/company-core/load-company.ts:493:14)
    at async auditTicker (/Users/yann/spx-app/scripts/audit-pages-full.ts:51:19)
    at async main (/Users/yann/spx-app/scripts/audit-pages-full.ts:153:17)
special_kpis merge failed for PGR: Error: supabaseUrl is required.
    at validateSupabaseUrl (/Users/yann/spx-app/node_modules/@supabase/supabase-js/src/lib/helpers.ts:86:11)
    at new SupabaseClient (/Users/yann/spx-app/node_modules/@supabase/supabase-js/src/SupabaseClient.ts:284:21)
    at createClient (/Users/yann/spx-app/node_modules/@supabase/supabase-js/src/index.ts:65:10)
    at admin (/Users/yann/spx-app/src/lib/desk/special-kpis.ts:152:10)
    at listPublishedForTicker (/Users/yann/spx-app/src/lib/desk/special-kpis.ts:175:16)
    at loadV17CompanyBrut (/Users/yann/spx-app/src/lib/company-core/load-company.ts:1793:30)
    at async loadV17Company (/Users/yann/spx-app/src/lib/company-core/load-company.ts:493:14)
    at async auditTicker (/Users/yann/spx-app/scripts/audit-pages-full.ts:51:19)
    at async main (/Users/yann/spx-app/scripts/audit-pages-full.ts:153:17)
image_findings merge failed for PGR: Error: supabaseUrl is required.
    at validateSupabaseUrl (/Users/yann/spx-app/node_modules/@supabase/supabase-js/src/lib/helpers.ts:86:11)
    at new SupabaseClient (/Users/yann/spx-app/node_modules/@supabase/supabase-js/src/SupabaseClient.ts:284:21)
    at createClient (/Users/yann/spx-app/node_modules/@supabase/supabase-js/src/index.ts:65:10)
    at admin (/Users/yann/spx-app/src/lib/desk/image-findings.ts:124:10)
    at listApprovedForTicker (/Users/yann/spx-app/src/lib/desk/image-findings.ts:305:16)
    at loadV17CompanyBrut (/Users/yann/spx-app/src/lib/company-core/load-company.ts:2296:28)
    at async loadV17Company (/Users/yann/spx-app/src/lib/company-core/load-company.ts:493:14)
    at async auditTicker (/Users/yann/spx-app/scripts/audit-pages-full.ts:51:19)
    at async main (/Users/yann/spx-app/scripts/audit-pages-full.ts:153:17)
[hero-kpi-overrides] refetch failed, using stale cache Error: SUPABASE_SERVICE_ROLE_KEY manquante — vérifier .env.local
    at createSupabaseAdminClient (/Users/yann/spx-app/src/lib/supabase/admin.ts:16:11)
    at fetchAll (/Users/yann/spx-app/src/lib/company-core/hero-kpi-overrides.ts:31:20)
    at getHeroKpiOverride (/Users/yann/spx-app/src/lib/company-core/hero-kpi-overrides.ts:58:21)
    at loadV17CompanyBrut (/Users/yann/spx-app/src/lib/company-core/load-company.ts:3062:28)
    at async loadV17Company (/Users/yann/spx-app/src/lib/company-core/load-company.ts:493:14)
    at async auditTicker (/Users/yann/spx-app/scripts/audit-pages-full.ts:51:19)
    at async main (/Users/yann/spx-app/scripts/audit-pages-full.ts:153:17)
special_kpis merge failed for PH: Error: supabaseUrl is required.
    at validateSupabaseUrl (/Users/yann/spx-app/node_modules/@supabase/supabase-js/src/lib/helpers.ts:86:11)
    at new SupabaseClient (/Users/yann/spx-app/node_modules/@supabase/supabase-js/src/SupabaseClient.ts:284:21)
    at createClient (/Users/yann/spx-app/node_modules/@supabase/supabase-js/src/index.ts:65:10)
    at admin (/Users/yann/spx-app/src/lib/desk/special-kpis.ts:152:10)
    at listPublishedForTicker (/Users/yann/spx-app/src/lib/desk/special-kpis.ts:175:16)
    at loadV17CompanyBrut (/Users/yann/spx-app/src/lib/company-core/load-company.ts:1793:30)
    at async loadV17Company (/Users/yann/spx-app/src/lib/company-core/load-company.ts:493:14)
    at async auditTicker (/Users/yann/spx-app/scripts/audit-pages-full.ts:51:19)
    at async main (/Users/yann/spx-app/scripts/audit-pages-full.ts:153:17)
image_findings merge failed for PH: Error: supabaseUrl is required.
    at validateSupabaseUrl (/Users/yann/spx-app/node_modules/@supabase/supabase-js/src/lib/helpers.ts:86:11)
    at new SupabaseClient (/Users/yann/spx-app/node_modules/@supabase/supabase-js/src/SupabaseClient.ts:284:21)
    at createClient (/Users/yann/spx-app/node_modules/@supabase/supabase-js/src/index.ts:65:10)
    at admin (/Users/yann/spx-app/src/lib/desk/image-findings.ts:124:10)
    at listApprovedForTicker (/Users/yann/spx-app/src/lib/desk/image-findings.ts:305:16)
    at loadV17CompanyBrut (/Users/yann/spx-app/src/lib/company-core/load-company.ts:2296:28)
    at async loadV17Company (/Users/yann/spx-app/src/lib/company-core/load-company.ts:493:14)
    at async auditTicker (/Users/yann/spx-app/scripts/audit-pages-full.ts:51:19)
    at async main (/Users/yann/spx-app/scripts/audit-pages-full.ts:153:17)
[hero-kpi-overrides] refetch failed, using stale cache Error: SUPABASE_SERVICE_ROLE_KEY manquante — vérifier .env.local
    at createSupabaseAdminClient (/Users/yann/spx-app/src/lib/supabase/admin.ts:16:11)
    at fetchAll (/Users/yann/spx-app/src/lib/company-core/hero-kpi-overrides.ts:31:20)
    at getHeroKpiOverride (/Users/yann/spx-app/src/lib/company-core/hero-kpi-overrides.ts:58:21)
    at loadV17CompanyBrut (/Users/yann/spx-app/src/lib/company-core/load-company.ts:3062:28)
    at async loadV17Company (/Users/yann/spx-app/src/lib/company-core/load-company.ts:493:14)
    at async auditTicker (/Users/yann/spx-app/scripts/audit-pages-full.ts:51:19)
    at async main (/Users/yann/spx-app/scripts/audit-pages-full.ts:153:17)
special_kpis merge failed for PM: Error: supabaseUrl is required.
    at validateSupabaseUrl (/Users/yann/spx-app/node_modules/@supabase/supabase-js/src/lib/helpers.ts:86:11)
    at new SupabaseClient (/Users/yann/spx-app/node_modules/@supabase/supabase-js/src/SupabaseClient.ts:284:21)
    at createClient (/Users/yann/spx-app/node_modules/@supabase/supabase-js/src/index.ts:65:10)
    at admin (/Users/yann/spx-app/src/lib/desk/special-kpis.ts:152:10)
    at listPublishedForTicker (/Users/yann/spx-app/src/lib/desk/special-kpis.ts:175:16)
    at loadV17CompanyBrut (/Users/yann/spx-app/src/lib/company-core/load-company.ts:1793:30)
    at async loadV17Company (/Users/yann/spx-app/src/lib/company-core/load-company.ts:493:14)
    at async auditTicker (/Users/yann/spx-app/scripts/audit-pages-full.ts:51:19)
    at async main (/Users/yann/spx-app/scripts/audit-pages-full.ts:153:17)
image_findings merge failed for PM: Error: supabaseUrl is required.
    at validateSupabaseUrl (/Users/yann/spx-app/node_modules/@supabase/supabase-js/src/lib/helpers.ts:86:11)
    at new SupabaseClient (/Users/yann/spx-app/node_modules/@supabase/supabase-js/src/SupabaseClient.ts:284:21)
    at createClient (/Users/yann/spx-app/node_modules/@supabase/supabase-js/src/index.ts:65:10)
    at admin (/Users/yann/spx-app/src/lib/desk/image-findings.ts:124:10)
    at listApprovedForTicker (/Users/yann/spx-app/src/lib/desk/image-findings.ts:305:16)
    at loadV17CompanyBrut (/Users/yann/spx-app/src/lib/company-core/load-company.ts:2296:28)
    at async loadV17Company (/Users/yann/spx-app/src/lib/company-core/load-company.ts:493:14)
    at async auditTicker (/Users/yann/spx-app/scripts/audit-pages-full.ts:51:19)
    at async main (/Users/yann/spx-app/scripts/audit-pages-full.ts:153:17)
[hero-kpi-overrides] refetch failed, using stale cache Error: SUPABASE_SERVICE_ROLE_KEY manquante — vérifier .env.local
    at createSupabaseAdminClient (/Users/yann/spx-app/src/lib/supabase/admin.ts:16:11)
    at fetchAll (/Users/yann/spx-app/src/lib/company-core/hero-kpi-overrides.ts:31:20)
    at getHeroKpiOverride (/Users/yann/spx-app/src/lib/company-core/hero-kpi-overrides.ts:58:21)
    at loadV17CompanyBrut (/Users/yann/spx-app/src/lib/company-core/load-company.ts:3062:28)
    at async loadV17Company (/Users/yann/spx-app/src/lib/company-core/load-company.ts:493:14)
    at async auditTicker (/Users/yann/spx-app/scripts/audit-pages-full.ts:51:19)
    at async main (/Users/yann/spx-app/scripts/audit-pages-full.ts:153:17)
special_kpis merge failed for PNR: Error: supabaseUrl is required.
    at validateSupabaseUrl (/Users/yann/spx-app/node_modules/@supabase/supabase-js/src/lib/helpers.ts:86:11)
    at new SupabaseClient (/Users/yann/spx-app/node_modules/@supabase/supabase-js/src/SupabaseClient.ts:284:21)
    at createClient (/Users/yann/spx-app/node_modules/@supabase/supabase-js/src/index.ts:65:10)
    at admin (/Users/yann/spx-app/src/lib/desk/special-kpis.ts:152:10)
    at listPublishedForTicker (/Users/yann/spx-app/src/lib/desk/special-kpis.ts:175:16)
    at loadV17CompanyBrut (/Users/yann/spx-app/src/lib/company-core/load-company.ts:1793:30)
    at async loadV17Company (/Users/yann/spx-app/src/lib/company-core/load-company.ts:493:14)
    at async auditTicker (/Users/yann/spx-app/scripts/audit-pages-full.ts:51:19)
    at async main (/Users/yann/spx-app/scripts/audit-pages-full.ts:153:17)
image_findings merge failed for PNR: Error: supabaseUrl is required.
    at validateSupabaseUrl (/Users/yann/spx-app/node_modules/@supabase/supabase-js/src/lib/helpers.ts:86:11)
    at new SupabaseClient (/Users/yann/spx-app/node_modules/@supabase/supabase-js/src/SupabaseClient.ts:284:21)
    at createClient (/Users/yann/spx-app/node_modules/@supabase/supabase-js/src/index.ts:65:10)
    at admin (/Users/yann/spx-app/src/lib/desk/image-findings.ts:124:10)
    at listApprovedForTicker (/Users/yann/spx-app/src/lib/desk/image-findings.ts:305:16)
    at loadV17CompanyBrut (/Users/yann/spx-app/src/lib/company-core/load-company.ts:2296:28)
    at async loadV17Company (/Users/yann/spx-app/src/lib/company-core/load-company.ts:493:14)
    at async auditTicker (/Users/yann/spx-app/scripts/audit-pages-full.ts:51:19)
    at async main (/Users/yann/spx-app/scripts/audit-pages-full.ts:153:17)
[hero-kpi-overrides] refetch failed, using stale cache Error: SUPABASE_SERVICE_ROLE_KEY manquante — vérifier .env.local
    at createSupabaseAdminClient (/Users/yann/spx-app/src/lib/supabase/admin.ts:16:11)
    at fetchAll (/Users/yann/spx-app/src/lib/company-core/hero-kpi-overrides.ts:31:20)
    at getHeroKpiOverride (/Users/yann/spx-app/src/lib/company-core/hero-kpi-overrides.ts:58:21)
    at loadV17CompanyBrut (/Users/yann/spx-app/src/lib/company-core/load-company.ts:3062:28)
    at async loadV17Company (/Users/yann/spx-app/src/lib/company-core/load-company.ts:493:14)
    at async auditTicker (/Users/yann/spx-app/scripts/audit-pages-full.ts:51:19)
    at async main (/Users/yann/spx-app/scripts/audit-pages-full.ts:153:17)
special_kpis merge failed for PODD: Error: supabaseUrl is required.
    at validateSupabaseUrl (/Users/yann/spx-app/node_modules/@supabase/supabase-js/src/lib/helpers.ts:86:11)
    at new SupabaseClient (/Users/yann/spx-app/node_modules/@supabase/supabase-js/src/SupabaseClient.ts:284:21)
    at createClient (/Users/yann/spx-app/node_modules/@supabase/supabase-js/src/index.ts:65:10)
    at admin (/Users/yann/spx-app/src/lib/desk/special-kpis.ts:152:10)
    at listPublishedForTicker (/Users/yann/spx-app/src/lib/desk/special-kpis.ts:175:16)
    at loadV17CompanyBrut (/Users/yann/spx-app/src/lib/company-core/load-company.ts:1793:30)
    at async loadV17Company (/Users/yann/spx-app/src/lib/company-core/load-company.ts:493:14)
    at async auditTicker (/Users/yann/spx-app/scripts/audit-pages-full.ts:51:19)
    at async main (/Users/yann/spx-app/scripts/audit-pages-full.ts:153:17)
image_findings merge failed for PODD: Error: supabaseUrl is required.
    at validateSupabaseUrl (/Users/yann/spx-app/node_modules/@supabase/supabase-js/src/lib/helpers.ts:86:11)
    at new SupabaseClient (/Users/yann/spx-app/node_modules/@supabase/supabase-js/src/SupabaseClient.ts:284:21)
    at createClient (/Users/yann/spx-app/node_modules/@supabase/supabase-js/src/index.ts:65:10)
    at admin (/Users/yann/spx-app/src/lib/desk/image-findings.ts:124:10)
    at listApprovedForTicker (/Users/yann/spx-app/src/lib/desk/image-findings.ts:305:16)
    at loadV17CompanyBrut (/Users/yann/spx-app/src/lib/company-core/load-company.ts:2296:28)
    at async loadV17Company (/Users/yann/spx-app/src/lib/company-core/load-company.ts:493:14)
    at async auditTicker (/Users/yann/spx-app/scripts/audit-pages-full.ts:51:19)
    at async main (/Users/yann/spx-app/scripts/audit-pages-full.ts:153:17)
[hero-kpi-overrides] refetch failed, using stale cache Error: SUPABASE_SERVICE_ROLE_KEY manquante — vérifier .env.local
    at createSupabaseAdminClient (/Users/yann/spx-app/src/lib/supabase/admin.ts:16:11)
    at fetchAll (/Users/yann/spx-app/src/lib/company-core/hero-kpi-overrides.ts:31:20)
    at getHeroKpiOverride (/Users/yann/spx-app/src/lib/company-core/hero-kpi-overrides.ts:58:21)
    at loadV17CompanyBrut (/Users/yann/spx-app/src/lib/company-core/load-company.ts:3062:28)
    at async loadV17Company (/Users/yann/spx-app/src/lib/company-core/load-company.ts:493:14)
    at async auditTicker (/Users/yann/spx-app/scripts/audit-pages-full.ts:51:19)
    at async main (/Users/yann/spx-app/scripts/audit-pages-full.ts:153:17)
special_kpis merge failed for RCL: Error: supabaseUrl is required.
    at validateSupabaseUrl (/Users/yann/spx-app/node_modules/@supabase/supabase-js/src/lib/helpers.ts:86:11)
    at new SupabaseClient (/Users/yann/spx-app/node_modules/@supabase/supabase-js/src/SupabaseClient.ts:284:21)
    at createClient (/Users/yann/spx-app/node_modules/@supabase/supabase-js/src/index.ts:65:10)
    at admin (/Users/yann/spx-app/src/lib/desk/special-kpis.ts:152:10)
    at listPublishedForTicker (/Users/yann/spx-app/src/lib/desk/special-kpis.ts:175:16)
    at loadV17CompanyBrut (/Users/yann/spx-app/src/lib/company-core/load-company.ts:1793:30)
    at async loadV17Company (/Users/yann/spx-app/src/lib/company-core/load-company.ts:493:14)
    at async auditTicker (/Users/yann/spx-app/scripts/audit-pages-full.ts:51:19)
    at async main (/Users/yann/spx-app/scripts/audit-pages-full.ts:153:17)
image_findings merge failed for RCL: Error: supabaseUrl is required.
    at validateSupabaseUrl (/Users/yann/spx-app/node_modules/@supabase/supabase-js/src/lib/helpers.ts:86:11)
    at new SupabaseClient (/Users/yann/spx-app/node_modules/@supabase/supabase-js/src/SupabaseClient.ts:284:21)
    at createClient (/Users/yann/spx-app/node_modules/@supabase/supabase-js/src/index.ts:65:10)
    at admin (/Users/yann/spx-app/src/lib/desk/image-findings.ts:124:10)
    at listApprovedForTicker (/Users/yann/spx-app/src/lib/desk/image-findings.ts:305:16)
    at loadV17CompanyBrut (/Users/yann/spx-app/src/lib/company-core/load-company.ts:2296:28)
    at async loadV17Company (/Users/yann/spx-app/src/lib/company-core/load-company.ts:493:14)
    at async auditTicker (/Users/yann/spx-app/scripts/audit-pages-full.ts:51:19)
    at async main (/Users/yann/spx-app/scripts/audit-pages-full.ts:153:17)
[hero-kpi-overrides] refetch failed, using stale cache Error: SUPABASE_SERVICE_ROLE_KEY manquante — vérifier .env.local
    at createSupabaseAdminClient (/Users/yann/spx-app/src/lib/supabase/admin.ts:16:11)
    at fetchAll (/Users/yann/spx-app/src/lib/company-core/hero-kpi-overrides.ts:31:20)
    at getHeroKpiOverride (/Users/yann/spx-app/src/lib/company-core/hero-kpi-overrides.ts:58:21)
    at loadV17CompanyBrut (/Users/yann/spx-app/src/lib/company-core/load-company.ts:3062:28)
    at async loadV17Company (/Users/yann/spx-app/src/lib/company-core/load-company.ts:493:14)
    at async auditTicker (/Users/yann/spx-app/scripts/audit-pages-full.ts:51:19)
    at async main (/Users/yann/spx-app/scripts/audit-pages-full.ts:153:17)
special_kpis merge failed for RJF: Error: supabaseUrl is required.
    at validateSupabaseUrl (/Users/yann/spx-app/node_modules/@supabase/supabase-js/src/lib/helpers.ts:86:11)
    at new SupabaseClient (/Users/yann/spx-app/node_modules/@supabase/supabase-js/src/SupabaseClient.ts:284:21)
    at createClient (/Users/yann/spx-app/node_modules/@supabase/supabase-js/src/index.ts:65:10)
    at admin (/Users/yann/spx-app/src/lib/desk/special-kpis.ts:152:10)
    at listPublishedForTicker (/Users/yann/spx-app/src/lib/desk/special-kpis.ts:175:16)
    at loadV17CompanyBrut (/Users/yann/spx-app/src/lib/company-core/load-company.ts:1793:30)
    at async loadV17Company (/Users/yann/spx-app/src/lib/company-core/load-company.ts:493:14)
    at async auditTicker (/Users/yann/spx-app/scripts/audit-pages-full.ts:51:19)
    at async main (/Users/yann/spx-app/scripts/audit-pages-full.ts:153:17)
image_findings merge failed for RJF: Error: supabaseUrl is required.
    at validateSupabaseUrl (/Users/yann/spx-app/node_modules/@supabase/supabase-js/src/lib/helpers.ts:86:11)
    at new SupabaseClient (/Users/yann/spx-app/node_modules/@supabase/supabase-js/src/SupabaseClient.ts:284:21)
    at createClient (/Users/yann/spx-app/node_modules/@supabase/supabase-js/src/index.ts:65:10)
    at admin (/Users/yann/spx-app/src/lib/desk/image-findings.ts:124:10)
    at listApprovedForTicker (/Users/yann/spx-app/src/lib/desk/image-findings.ts:305:16)
    at loadV17CompanyBrut (/Users/yann/spx-app/src/lib/company-core/load-company.ts:2296:28)
    at async loadV17Company (/Users/yann/spx-app/src/lib/company-core/load-company.ts:493:14)
    at async auditTicker (/Users/yann/spx-app/scripts/audit-pages-full.ts:51:19)
    at async main (/Users/yann/spx-app/scripts/audit-pages-full.ts:153:17)
[hero-kpi-overrides] refetch failed, using stale cache Error: SUPABASE_SERVICE_ROLE_KEY manquante — vérifier .env.local
    at createSupabaseAdminClient (/Users/yann/spx-app/src/lib/supabase/admin.ts:16:11)
    at fetchAll (/Users/yann/spx-app/src/lib/company-core/hero-kpi-overrides.ts:31:20)
    at getHeroKpiOverride (/Users/yann/spx-app/src/lib/company-core/hero-kpi-overrides.ts:58:21)
    at loadV17CompanyBrut (/Users/yann/spx-app/src/lib/company-core/load-company.ts:3062:28)
    at async loadV17Company (/Users/yann/spx-app/src/lib/company-core/load-company.ts:493:14)
    at async auditTicker (/Users/yann/spx-app/scripts/audit-pages-full.ts:51:19)
    at async main (/Users/yann/spx-app/scripts/audit-pages-full.ts:153:17)
special_kpis merge failed for STLD: Error: supabaseUrl is required.
    at validateSupabaseUrl (/Users/yann/spx-app/node_modules/@supabase/supabase-js/src/lib/helpers.ts:86:11)
    at new SupabaseClient (/Users/yann/spx-app/node_modules/@supabase/supabase-js/src/SupabaseClient.ts:284:21)
    at createClient (/Users/yann/spx-app/node_modules/@supabase/supabase-js/src/index.ts:65:10)
    at admin (/Users/yann/spx-app/src/lib/desk/special-kpis.ts:152:10)
    at listPublishedForTicker (/Users/yann/spx-app/src/lib/desk/special-kpis.ts:175:16)
    at loadV17CompanyBrut (/Users/yann/spx-app/src/lib/company-core/load-company.ts:1793:30)
    at async loadV17Company (/Users/yann/spx-app/src/lib/company-core/load-company.ts:493:14)
    at async auditTicker (/Users/yann/spx-app/scripts/audit-pages-full.ts:51:19)
    at async main (/Users/yann/spx-app/scripts/audit-pages-full.ts:153:17)
image_findings merge failed for STLD: Error: supabaseUrl is required.
    at validateSupabaseUrl (/Users/yann/spx-app/node_modules/@supabase/supabase-js/src/lib/helpers.ts:86:11)
    at new SupabaseClient (/Users/yann/spx-app/node_modules/@supabase/supabase-js/src/SupabaseClient.ts:284:21)
    at createClient (/Users/yann/spx-app/node_modules/@supabase/supabase-js/src/index.ts:65:10)
    at admin (/Users/yann/spx-app/src/lib/desk/image-findings.ts:124:10)
    at listApprovedForTicker (/Users/yann/spx-app/src/lib/desk/image-findings.ts:305:16)
    at loadV17CompanyBrut (/Users/yann/spx-app/src/lib/company-core/load-company.ts:2296:28)
    at async loadV17Company (/Users/yann/spx-app/src/lib/company-core/load-company.ts:493:14)
    at async auditTicker (/Users/yann/spx-app/scripts/audit-pages-full.ts:51:19)
    at async main (/Users/yann/spx-app/scripts/audit-pages-full.ts:153:17)
[hero-kpi-overrides] refetch failed, using stale cache Error: SUPABASE_SERVICE_ROLE_KEY manquante — vérifier .env.local
    at createSupabaseAdminClient (/Users/yann/spx-app/src/lib/supabase/admin.ts:16:11)
    at fetchAll (/Users/yann/spx-app/src/lib/company-core/hero-kpi-overrides.ts:31:20)
    at getHeroKpiOverride (/Users/yann/spx-app/src/lib/company-core/hero-kpi-overrides.ts:58:21)
    at loadV17CompanyBrut (/Users/yann/spx-app/src/lib/company-core/load-company.ts:3062:28)
    at async loadV17Company (/Users/yann/spx-app/src/lib/company-core/load-company.ts:493:14)
    at async auditTicker (/Users/yann/spx-app/scripts/audit-pages-full.ts:51:19)
    at async main (/Users/yann/spx-app/scripts/audit-pages-full.ts:153:17)
special_kpis merge failed for STZ: Error: supabaseUrl is required.
    at validateSupabaseUrl (/Users/yann/spx-app/node_modules/@supabase/supabase-js/src/lib/helpers.ts:86:11)
    at new SupabaseClient (/Users/yann/spx-app/node_modules/@supabase/supabase-js/src/SupabaseClient.ts:284:21)
    at createClient (/Users/yann/spx-app/node_modules/@supabase/supabase-js/src/index.ts:65:10)
    at admin (/Users/yann/spx-app/src/lib/desk/special-kpis.ts:152:10)
    at listPublishedForTicker (/Users/yann/spx-app/src/lib/desk/special-kpis.ts:175:16)
    at loadV17CompanyBrut (/Users/yann/spx-app/src/lib/company-core/load-company.ts:1793:30)
    at async loadV17Company (/Users/yann/spx-app/src/lib/company-core/load-company.ts:493:14)
    at async auditTicker (/Users/yann/spx-app/scripts/audit-pages-full.ts:51:19)
    at async main (/Users/yann/spx-app/scripts/audit-pages-full.ts:153:17)
image_findings merge failed for STZ: Error: supabaseUrl is required.
    at validateSupabaseUrl (/Users/yann/spx-app/node_modules/@supabase/supabase-js/src/lib/helpers.ts:86:11)
    at new SupabaseClient (/Users/yann/spx-app/node_modules/@supabase/supabase-js/src/SupabaseClient.ts:284:21)
    at createClient (/Users/yann/spx-app/node_modules/@supabase/supabase-js/src/index.ts:65:10)
    at admin (/Users/yann/spx-app/src/lib/desk/image-findings.ts:124:10)
    at listApprovedForTicker (/Users/yann/spx-app/src/lib/desk/image-findings.ts:305:16)
    at loadV17CompanyBrut (/Users/yann/spx-app/src/lib/company-core/load-company.ts:2296:28)
    at async loadV17Company (/Users/yann/spx-app/src/lib/company-core/load-company.ts:493:14)
    at async auditTicker (/Users/yann/spx-app/scripts/audit-pages-full.ts:51:19)
    at async main (/Users/yann/spx-app/scripts/audit-pages-full.ts:153:17)
[hero-kpi-overrides] refetch failed, using stale cache Error: SUPABASE_SERVICE_ROLE_KEY manquante — vérifier .env.local
    at createSupabaseAdminClient (/Users/yann/spx-app/src/lib/supabase/admin.ts:16:11)
    at fetchAll (/Users/yann/spx-app/src/lib/company-core/hero-kpi-overrides.ts:31:20)
    at getHeroKpiOverride (/Users/yann/spx-app/src/lib/company-core/hero-kpi-overrides.ts:58:21)
    at loadV17CompanyBrut (/Users/yann/spx-app/src/lib/company-core/load-company.ts:3062:28)
    at async loadV17Company (/Users/yann/spx-app/src/lib/company-core/load-company.ts:493:14)
    at async auditTicker (/Users/yann/spx-app/scripts/audit-pages-full.ts:51:19)
    at async main (/Users/yann/spx-app/scripts/audit-pages-full.ts:153:17)
special_kpis merge failed for SYY: Error: supabaseUrl is required.
    at validateSupabaseUrl (/Users/yann/spx-app/node_modules/@supabase/supabase-js/src/lib/helpers.ts:86:11)
    at new SupabaseClient (/Users/yann/spx-app/node_modules/@supabase/supabase-js/src/SupabaseClient.ts:284:21)
    at createClient (/Users/yann/spx-app/node_modules/@supabase/supabase-js/src/index.ts:65:10)
    at admin (/Users/yann/spx-app/src/lib/desk/special-kpis.ts:152:10)
    at listPublishedForTicker (/Users/yann/spx-app/src/lib/desk/special-kpis.ts:175:16)
    at loadV17CompanyBrut (/Users/yann/spx-app/src/lib/company-core/load-company.ts:1793:30)
    at async loadV17Company (/Users/yann/spx-app/src/lib/company-core/load-company.ts:493:14)
    at async auditTicker (/Users/yann/spx-app/scripts/audit-pages-full.ts:51:19)
    at async main (/Users/yann/spx-app/scripts/audit-pages-full.ts:153:17)
image_findings merge failed for SYY: Error: supabaseUrl is required.
    at validateSupabaseUrl (/Users/yann/spx-app/node_modules/@supabase/supabase-js/src/lib/helpers.ts:86:11)
    at new SupabaseClient (/Users/yann/spx-app/node_modules/@supabase/supabase-js/src/SupabaseClient.ts:284:21)
    at createClient (/Users/yann/spx-app/node_modules/@supabase/supabase-js/src/index.ts:65:10)
    at admin (/Users/yann/spx-app/src/lib/desk/image-findings.ts:124:10)
    at listApprovedForTicker (/Users/yann/spx-app/src/lib/desk/image-findings.ts:305:16)
    at loadV17CompanyBrut (/Users/yann/spx-app/src/lib/company-core/load-company.ts:2296:28)
    at async loadV17Company (/Users/yann/spx-app/src/lib/company-core/load-company.ts:493:14)
    at async auditTicker (/Users/yann/spx-app/scripts/audit-pages-full.ts:51:19)
    at async main (/Users/yann/spx-app/scripts/audit-pages-full.ts:153:17)
[hero-kpi-overrides] refetch failed, using stale cache Error: SUPABASE_SERVICE_ROLE_KEY manquante — vérifier .env.local
    at createSupabaseAdminClient (/Users/yann/spx-app/src/lib/supabase/admin.ts:16:11)
    at fetchAll (/Users/yann/spx-app/src/lib/company-core/hero-kpi-overrides.ts:31:20)
    at getHeroKpiOverride (/Users/yann/spx-app/src/lib/company-core/hero-kpi-overrides.ts:58:21)
    at loadV17CompanyBrut (/Users/yann/spx-app/src/lib/company-core/load-company.ts:3062:28)
    at async loadV17Company (/Users/yann/spx-app/src/lib/company-core/load-company.ts:493:14)
    at async auditTicker (/Users/yann/spx-app/scripts/audit-pages-full.ts:51:19)
    at async main (/Users/yann/spx-app/scripts/audit-pages-full.ts:153:17)
special_kpis merge failed for TDG: Error: supabaseUrl is required.
    at validateSupabaseUrl (/Users/yann/spx-app/node_modules/@supabase/supabase-js/src/lib/helpers.ts:86:11)
    at new SupabaseClient (/Users/yann/spx-app/node_modules/@supabase/supabase-js/src/SupabaseClient.ts:284:21)
    at createClient (/Users/yann/spx-app/node_modules/@supabase/supabase-js/src/index.ts:65:10)
    at admin (/Users/yann/spx-app/src/lib/desk/special-kpis.ts:152:10)
    at listPublishedForTicker (/Users/yann/spx-app/src/lib/desk/special-kpis.ts:175:16)
    at loadV17CompanyBrut (/Users/yann/spx-app/src/lib/company-core/load-company.ts:1793:30)
    at async loadV17Company (/Users/yann/spx-app/src/lib/company-core/load-company.ts:493:14)
    at async auditTicker (/Users/yann/spx-app/scripts/audit-pages-full.ts:51:19)
    at async main (/Users/yann/spx-app/scripts/audit-pages-full.ts:153:17)
image_findings merge failed for TDG: Error: supabaseUrl is required.
    at validateSupabaseUrl (/Users/yann/spx-app/node_modules/@supabase/supabase-js/src/lib/helpers.ts:86:11)
    at new SupabaseClient (/Users/yann/spx-app/node_modules/@supabase/supabase-js/src/SupabaseClient.ts:284:21)
    at createClient (/Users/yann/spx-app/node_modules/@supabase/supabase-js/src/index.ts:65:10)
    at admin (/Users/yann/spx-app/src/lib/desk/image-findings.ts:124:10)
    at listApprovedForTicker (/Users/yann/spx-app/src/lib/desk/image-findings.ts:305:16)
    at loadV17CompanyBrut (/Users/yann/spx-app/src/lib/company-core/load-company.ts:2296:28)
    at async loadV17Company (/Users/yann/spx-app/src/lib/company-core/load-company.ts:493:14)
    at async auditTicker (/Users/yann/spx-app/scripts/audit-pages-full.ts:51:19)
    at async main (/Users/yann/spx-app/scripts/audit-pages-full.ts:153:17)
[hero-kpi-overrides] refetch failed, using stale cache Error: SUPABASE_SERVICE_ROLE_KEY manquante — vérifier .env.local
    at createSupabaseAdminClient (/Users/yann/spx-app/src/lib/supabase/admin.ts:16:11)
    at fetchAll (/Users/yann/spx-app/src/lib/company-core/hero-kpi-overrides.ts:31:20)
    at getHeroKpiOverride (/Users/yann/spx-app/src/lib/company-core/hero-kpi-overrides.ts:58:21)
    at loadV17CompanyBrut (/Users/yann/spx-app/src/lib/company-core/load-company.ts:3062:28)
    at async loadV17Company (/Users/yann/spx-app/src/lib/company-core/load-company.ts:493:14)
    at async auditTicker (/Users/yann/spx-app/scripts/audit-pages-full.ts:51:19)
    at async main (/Users/yann/spx-app/scripts/audit-pages-full.ts:153:17)
special_kpis merge failed for TECH: Error: supabaseUrl is required.
    at validateSupabaseUrl (/Users/yann/spx-app/node_modules/@supabase/supabase-js/src/lib/helpers.ts:86:11)
    at new SupabaseClient (/Users/yann/spx-app/node_modules/@supabase/supabase-js/src/SupabaseClient.ts:284:21)
    at createClient (/Users/yann/spx-app/node_modules/@supabase/supabase-js/src/index.ts:65:10)
    at admin (/Users/yann/spx-app/src/lib/desk/special-kpis.ts:152:10)
    at listPublishedForTicker (/Users/yann/spx-app/src/lib/desk/special-kpis.ts:175:16)
    at loadV17CompanyBrut (/Users/yann/spx-app/src/lib/company-core/load-company.ts:1793:30)
    at async loadV17Company (/Users/yann/spx-app/src/lib/company-core/load-company.ts:493:14)
    at async auditTicker (/Users/yann/spx-app/scripts/audit-pages-full.ts:51:19)
    at async main (/Users/yann/spx-app/scripts/audit-pages-full.ts:153:17)
image_findings merge failed for TECH: Error: supabaseUrl is required.
    at validateSupabaseUrl (/Users/yann/spx-app/node_modules/@supabase/supabase-js/src/lib/helpers.ts:86:11)
    at new SupabaseClient (/Users/yann/spx-app/node_modules/@supabase/supabase-js/src/SupabaseClient.ts:284:21)
    at createClient (/Users/yann/spx-app/node_modules/@supabase/supabase-js/src/index.ts:65:10)
    at admin (/Users/yann/spx-app/src/lib/desk/image-findings.ts:124:10)
    at listApprovedForTicker (/Users/yann/spx-app/src/lib/desk/image-findings.ts:305:16)
    at loadV17CompanyBrut (/Users/yann/spx-app/src/lib/company-core/load-company.ts:2296:28)
    at async loadV17Company (/Users/yann/spx-app/src/lib/company-core/load-company.ts:493:14)
    at async auditTicker (/Users/yann/spx-app/scripts/audit-pages-full.ts:51:19)
    at async main (/Users/yann/spx-app/scripts/audit-pages-full.ts:153:17)
[hero-kpi-overrides] refetch failed, using stale cache Error: SUPABASE_SERVICE_ROLE_KEY manquante — vérifier .env.local
    at createSupabaseAdminClient (/Users/yann/spx-app/src/lib/supabase/admin.ts:16:11)
    at fetchAll (/Users/yann/spx-app/src/lib/company-core/hero-kpi-overrides.ts:31:20)
    at getHeroKpiOverride (/Users/yann/spx-app/src/lib/company-core/hero-kpi-overrides.ts:58:21)
    at loadV17CompanyBrut (/Users/yann/spx-app/src/lib/company-core/load-company.ts:3062:28)
    at async loadV17Company (/Users/yann/spx-app/src/lib/company-core/load-company.ts:493:14)
    at async auditTicker (/Users/yann/spx-app/scripts/audit-pages-full.ts:51:19)
    at async main (/Users/yann/spx-app/scripts/audit-pages-full.ts:153:17)
...50/56
special_kpis merge failed for TTD: Error: supabaseUrl is required.
    at validateSupabaseUrl (/Users/yann/spx-app/node_modules/@supabase/supabase-js/src/lib/helpers.ts:86:11)
    at new SupabaseClient (/Users/yann/spx-app/node_modules/@supabase/supabase-js/src/SupabaseClient.ts:284:21)
    at createClient (/Users/yann/spx-app/node_modules/@supabase/supabase-js/src/index.ts:65:10)
    at admin (/Users/yann/spx-app/src/lib/desk/special-kpis.ts:152:10)
    at listPublishedForTicker (/Users/yann/spx-app/src/lib/desk/special-kpis.ts:175:16)
    at loadV17CompanyBrut (/Users/yann/spx-app/src/lib/company-core/load-company.ts:1793:30)
    at async loadV17Company (/Users/yann/spx-app/src/lib/company-core/load-company.ts:493:14)
    at async auditTicker (/Users/yann/spx-app/scripts/audit-pages-full.ts:51:19)
    at async main (/Users/yann/spx-app/scripts/audit-pages-full.ts:153:17)
image_findings merge failed for TTD: Error: supabaseUrl is required.
    at validateSupabaseUrl (/Users/yann/spx-app/node_modules/@supabase/supabase-js/src/lib/helpers.ts:86:11)
    at new SupabaseClient (/Users/yann/spx-app/node_modules/@supabase/supabase-js/src/SupabaseClient.ts:284:21)
    at createClient (/Users/yann/spx-app/node_modules/@supabase/supabase-js/src/index.ts:65:10)
    at admin (/Users/yann/spx-app/src/lib/desk/image-findings.ts:124:10)
    at listApprovedForTicker (/Users/yann/spx-app/src/lib/desk/image-findings.ts:305:16)
    at loadV17CompanyBrut (/Users/yann/spx-app/src/lib/company-core/load-company.ts:2296:28)
    at async loadV17Company (/Users/yann/spx-app/src/lib/company-core/load-company.ts:493:14)
    at async auditTicker (/Users/yann/spx-app/scripts/audit-pages-full.ts:51:19)
    at async main (/Users/yann/spx-app/scripts/audit-pages-full.ts:153:17)
[hero-kpi-overrides] refetch failed, using stale cache Error: SUPABASE_SERVICE_ROLE_KEY manquante — vérifier .env.local
    at createSupabaseAdminClient (/Users/yann/spx-app/src/lib/supabase/admin.ts:16:11)
    at fetchAll (/Users/yann/spx-app/src/lib/company-core/hero-kpi-overrides.ts:31:20)
    at getHeroKpiOverride (/Users/yann/spx-app/src/lib/company-core/hero-kpi-overrides.ts:58:21)
    at loadV17CompanyBrut (/Users/yann/spx-app/src/lib/company-core/load-company.ts:3062:28)
    at async loadV17Company (/Users/yann/spx-app/src/lib/company-core/load-company.ts:493:14)
    at async auditTicker (/Users/yann/spx-app/scripts/audit-pages-full.ts:51:19)
    at async main (/Users/yann/spx-app/scripts/audit-pages-full.ts:153:17)
special_kpis merge failed for V: Error: supabaseUrl is required.
    at validateSupabaseUrl (/Users/yann/spx-app/node_modules/@supabase/supabase-js/src/lib/helpers.ts:86:11)
    at new SupabaseClient (/Users/yann/spx-app/node_modules/@supabase/supabase-js/src/SupabaseClient.ts:284:21)
    at createClient (/Users/yann/spx-app/node_modules/@supabase/supabase-js/src/index.ts:65:10)
    at admin (/Users/yann/spx-app/src/lib/desk/special-kpis.ts:152:10)
    at listPublishedForTicker (/Users/yann/spx-app/src/lib/desk/special-kpis.ts:175:16)
    at loadV17CompanyBrut (/Users/yann/spx-app/src/lib/company-core/load-company.ts:1793:30)
    at async loadV17Company (/Users/yann/spx-app/src/lib/company-core/load-company.ts:493:14)
    at async auditTicker (/Users/yann/spx-app/scripts/audit-pages-full.ts:51:19)
    at async main (/Users/yann/spx-app/scripts/audit-pages-full.ts:153:17)
image_findings merge failed for V: Error: supabaseUrl is required.
    at validateSupabaseUrl (/Users/yann/spx-app/node_modules/@supabase/supabase-js/src/lib/helpers.ts:86:11)
    at new SupabaseClient (/Users/yann/spx-app/node_modules/@supabase/supabase-js/src/SupabaseClient.ts:284:21)
    at createClient (/Users/yann/spx-app/node_modules/@supabase/supabase-js/src/index.ts:65:10)
    at admin (/Users/yann/spx-app/src/lib/desk/image-findings.ts:124:10)
    at listApprovedForTicker (/Users/yann/spx-app/src/lib/desk/image-findings.ts:305:16)
    at loadV17CompanyBrut (/Users/yann/spx-app/src/lib/company-core/load-company.ts:2296:28)
    at async loadV17Company (/Users/yann/spx-app/src/lib/company-core/load-company.ts:493:14)
    at async auditTicker (/Users/yann/spx-app/scripts/audit-pages-full.ts:51:19)
    at async main (/Users/yann/spx-app/scripts/audit-pages-full.ts:153:17)
[hero-kpi-overrides] refetch failed, using stale cache Error: SUPABASE_SERVICE_ROLE_KEY manquante — vérifier .env.local
    at createSupabaseAdminClient (/Users/yann/spx-app/src/lib/supabase/admin.ts:16:11)
    at fetchAll (/Users/yann/spx-app/src/lib/company-core/hero-kpi-overrides.ts:31:20)
    at getHeroKpiOverride (/Users/yann/spx-app/src/lib/company-core/hero-kpi-overrides.ts:58:21)
    at loadV17CompanyBrut (/Users/yann/spx-app/src/lib/company-core/load-company.ts:3062:28)
    at async loadV17Company (/Users/yann/spx-app/src/lib/company-core/load-company.ts:493:14)
    at async auditTicker (/Users/yann/spx-app/scripts/audit-pages-full.ts:51:19)
    at async main (/Users/yann/spx-app/scripts/audit-pages-full.ts:153:17)
special_kpis merge failed for VICI: Error: supabaseUrl is required.
    at validateSupabaseUrl (/Users/yann/spx-app/node_modules/@supabase/supabase-js/src/lib/helpers.ts:86:11)
    at new SupabaseClient (/Users/yann/spx-app/node_modules/@supabase/supabase-js/src/SupabaseClient.ts:284:21)
    at createClient (/Users/yann/spx-app/node_modules/@supabase/supabase-js/src/index.ts:65:10)
    at admin (/Users/yann/spx-app/src/lib/desk/special-kpis.ts:152:10)
    at listPublishedForTicker (/Users/yann/spx-app/src/lib/desk/special-kpis.ts:175:16)
    at loadV17CompanyBrut (/Users/yann/spx-app/src/lib/company-core/load-company.ts:1793:30)
    at async loadV17Company (/Users/yann/spx-app/src/lib/company-core/load-company.ts:493:14)
    at async auditTicker (/Users/yann/spx-app/scripts/audit-pages-full.ts:51:19)
    at async main (/Users/yann/spx-app/scripts/audit-pages-full.ts:153:17)
image_findings merge failed for VICI: Error: supabaseUrl is required.
    at validateSupabaseUrl (/Users/yann/spx-app/node_modules/@supabase/supabase-js/src/lib/helpers.ts:86:11)
    at new SupabaseClient (/Users/yann/spx-app/node_modules/@supabase/supabase-js/src/SupabaseClient.ts:284:21)
    at createClient (/Users/yann/spx-app/node_modules/@supabase/supabase-js/src/index.ts:65:10)
    at admin (/Users/yann/spx-app/src/lib/desk/image-findings.ts:124:10)
    at listApprovedForTicker (/Users/yann/spx-app/src/lib/desk/image-findings.ts:305:16)
    at loadV17CompanyBrut (/Users/yann/spx-app/src/lib/company-core/load-company.ts:2296:28)
    at async loadV17Company (/Users/yann/spx-app/src/lib/company-core/load-company.ts:493:14)
    at async auditTicker (/Users/yann/spx-app/scripts/audit-pages-full.ts:51:19)
    at async main (/Users/yann/spx-app/scripts/audit-pages-full.ts:153:17)
[hero-kpi-overrides] refetch failed, using stale cache Error: SUPABASE_SERVICE_ROLE_KEY manquante — vérifier .env.local
    at createSupabaseAdminClient (/Users/yann/spx-app/src/lib/supabase/admin.ts:16:11)
    at fetchAll (/Users/yann/spx-app/src/lib/company-core/hero-kpi-overrides.ts:31:20)
    at getHeroKpiOverride (/Users/yann/spx-app/src/lib/company-core/hero-kpi-overrides.ts:58:21)
    at loadV17CompanyBrut (/Users/yann/spx-app/src/lib/company-core/load-company.ts:3062:28)
    at async loadV17Company (/Users/yann/spx-app/src/lib/company-core/load-company.ts:493:14)
    at async auditTicker (/Users/yann/spx-app/scripts/audit-pages-full.ts:51:19)
    at async main (/Users/yann/spx-app/scripts/audit-pages-full.ts:153:17)
special_kpis merge failed for VLO: Error: supabaseUrl is required.
    at validateSupabaseUrl (/Users/yann/spx-app/node_modules/@supabase/supabase-js/src/lib/helpers.ts:86:11)
    at new SupabaseClient (/Users/yann/spx-app/node_modules/@supabase/supabase-js/src/SupabaseClient.ts:284:21)
    at createClient (/Users/yann/spx-app/node_modules/@supabase/supabase-js/src/index.ts:65:10)
    at admin (/Users/yann/spx-app/src/lib/desk/special-kpis.ts:152:10)
    at listPublishedForTicker (/Users/yann/spx-app/src/lib/desk/special-kpis.ts:175:16)
    at loadV17CompanyBrut (/Users/yann/spx-app/src/lib/company-core/load-company.ts:1793:30)
    at async loadV17Company (/Users/yann/spx-app/src/lib/company-core/load-company.ts:493:14)
    at async auditTicker (/Users/yann/spx-app/scripts/audit-pages-full.ts:51:19)
    at async main (/Users/yann/spx-app/scripts/audit-pages-full.ts:153:17)
image_findings merge failed for VLO: Error: supabaseUrl is required.
    at validateSupabaseUrl (/Users/yann/spx-app/node_modules/@supabase/supabase-js/src/lib/helpers.ts:86:11)
    at new SupabaseClient (/Users/yann/spx-app/node_modules/@supabase/supabase-js/src/SupabaseClient.ts:284:21)
    at createClient (/Users/yann/spx-app/node_modules/@supabase/supabase-js/src/index.ts:65:10)
    at admin (/Users/yann/spx-app/src/lib/desk/image-findings.ts:124:10)
    at listApprovedForTicker (/Users/yann/spx-app/src/lib/desk/image-findings.ts:305:16)
    at loadV17CompanyBrut (/Users/yann/spx-app/src/lib/company-core/load-company.ts:2296:28)
    at async loadV17Company (/Users/yann/spx-app/src/lib/company-core/load-company.ts:493:14)
    at async auditTicker (/Users/yann/spx-app/scripts/audit-pages-full.ts:51:19)
    at async main (/Users/yann/spx-app/scripts/audit-pages-full.ts:153:17)
[hero-kpi-overrides] refetch failed, using stale cache Error: SUPABASE_SERVICE_ROLE_KEY manquante — vérifier .env.local
    at createSupabaseAdminClient (/Users/yann/spx-app/src/lib/supabase/admin.ts:16:11)
    at fetchAll (/Users/yann/spx-app/src/lib/company-core/hero-kpi-overrides.ts:31:20)
    at getHeroKpiOverride (/Users/yann/spx-app/src/lib/company-core/hero-kpi-overrides.ts:58:21)
    at loadV17CompanyBrut (/Users/yann/spx-app/src/lib/company-core/load-company.ts:3062:28)
    at async loadV17Company (/Users/yann/spx-app/src/lib/company-core/load-company.ts:493:14)
    at async auditTicker (/Users/yann/spx-app/scripts/audit-pages-full.ts:51:19)
    at async main (/Users/yann/spx-app/scripts/audit-pages-full.ts:153:17)
special_kpis merge failed for WFC: Error: supabaseUrl is required.
    at validateSupabaseUrl (/Users/yann/spx-app/node_modules/@supabase/supabase-js/src/lib/helpers.ts:86:11)
    at new SupabaseClient (/Users/yann/spx-app/node_modules/@supabase/supabase-js/src/SupabaseClient.ts:284:21)
    at createClient (/Users/yann/spx-app/node_modules/@supabase/supabase-js/src/index.ts:65:10)
    at admin (/Users/yann/spx-app/src/lib/desk/special-kpis.ts:152:10)
    at listPublishedForTicker (/Users/yann/spx-app/src/lib/desk/special-kpis.ts:175:16)
    at loadV17CompanyBrut (/Users/yann/spx-app/src/lib/company-core/load-company.ts:1793:30)
    at async loadV17Company (/Users/yann/spx-app/src/lib/company-core/load-company.ts:493:14)
    at async auditTicker (/Users/yann/spx-app/scripts/audit-pages-full.ts:51:19)
    at async main (/Users/yann/spx-app/scripts/audit-pages-full.ts:153:17)
image_findings merge failed for WFC: Error: supabaseUrl is required.
    at validateSupabaseUrl (/Users/yann/spx-app/node_modules/@supabase/supabase-js/src/lib/helpers.ts:86:11)
    at new SupabaseClient (/Users/yann/spx-app/node_modules/@supabase/supabase-js/src/SupabaseClient.ts:284:21)
    at createClient (/Users/yann/spx-app/node_modules/@supabase/supabase-js/src/index.ts:65:10)
    at admin (/Users/yann/spx-app/src/lib/desk/image-findings.ts:124:10)
    at listApprovedForTicker (/Users/yann/spx-app/src/lib/desk/image-findings.ts:305:16)
    at loadV17CompanyBrut (/Users/yann/spx-app/src/lib/company-core/load-company.ts:2296:28)
    at async loadV17Company (/Users/yann/spx-app/src/lib/company-core/load-company.ts:493:14)
    at async auditTicker (/Users/yann/spx-app/scripts/audit-pages-full.ts:51:19)
    at async main (/Users/yann/spx-app/scripts/audit-pages-full.ts:153:17)
[hero-kpi-overrides] refetch failed, using stale cache Error: SUPABASE_SERVICE_ROLE_KEY manquante — vérifier .env.local
    at createSupabaseAdminClient (/Users/yann/spx-app/src/lib/supabase/admin.ts:16:11)
    at fetchAll (/Users/yann/spx-app/src/lib/company-core/hero-kpi-overrides.ts:31:20)
    at getHeroKpiOverride (/Users/yann/spx-app/src/lib/company-core/hero-kpi-overrides.ts:58:21)
    at loadV17CompanyBrut (/Users/yann/spx-app/src/lib/company-core/load-company.ts:3062:28)
    at async loadV17Company (/Users/yann/spx-app/src/lib/company-core/load-company.ts:493:14)
    at async auditTicker (/Users/yann/spx-app/scripts/audit-pages-full.ts:51:19)
    at async main (/Users/yann/spx-app/scripts/audit-pages-full.ts:153:17)
special_kpis merge failed for WYNN: Error: supabaseUrl is required.
    at validateSupabaseUrl (/Users/yann/spx-app/node_modules/@supabase/supabase-js/src/lib/helpers.ts:86:11)
    at new SupabaseClient (/Users/yann/spx-app/node_modules/@supabase/supabase-js/src/SupabaseClient.ts:284:21)
    at createClient (/Users/yann/spx-app/node_modules/@supabase/supabase-js/src/index.ts:65:10)
    at admin (/Users/yann/spx-app/src/lib/desk/special-kpis.ts:152:10)
    at listPublishedForTicker (/Users/yann/spx-app/src/lib/desk/special-kpis.ts:175:16)
    at loadV17CompanyBrut (/Users/yann/spx-app/src/lib/company-core/load-company.ts:1793:30)
    at async loadV17Company (/Users/yann/spx-app/src/lib/company-core/load-company.ts:493:14)
    at async auditTicker (/Users/yann/spx-app/scripts/audit-pages-full.ts:51:19)
    at async main (/Users/yann/spx-app/scripts/audit-pages-full.ts:153:17)
image_findings merge failed for WYNN: Error: supabaseUrl is required.
    at validateSupabaseUrl (/Users/yann/spx-app/node_modules/@supabase/supabase-js/src/lib/helpers.ts:86:11)
    at new SupabaseClient (/Users/yann/spx-app/node_modules/@supabase/supabase-js/src/SupabaseClient.ts:284:21)
    at createClient (/Users/yann/spx-app/node_modules/@supabase/supabase-js/src/index.ts:65:10)
    at admin (/Users/yann/spx-app/src/lib/desk/image-findings.ts:124:10)
    at listApprovedForTicker (/Users/yann/spx-app/src/lib/desk/image-findings.ts:305:16)
    at loadV17CompanyBrut (/Users/yann/spx-app/src/lib/company-core/load-company.ts:2296:28)
    at async loadV17Company (/Users/yann/spx-app/src/lib/company-core/load-company.ts:493:14)
    at async auditTicker (/Users/yann/spx-app/scripts/audit-pages-full.ts:51:19)
    at async main (/Users/yann/spx-app/scripts/audit-pages-full.ts:153:17)
[hero-kpi-overrides] refetch failed, using stale cache Error: SUPABASE_SERVICE_ROLE_KEY manquante — vérifier .env.local
    at createSupabaseAdminClient (/Users/yann/spx-app/src/lib/supabase/admin.ts:16:11)
    at fetchAll (/Users/yann/spx-app/src/lib/company-core/hero-kpi-overrides.ts:31:20)
    at getHeroKpiOverride (/Users/yann/spx-app/src/lib/company-core/hero-kpi-overrides.ts:58:21)
    at loadV17CompanyBrut (/Users/yann/spx-app/src/lib/company-core/load-company.ts:3062:28)
    at async loadV17Company (/Users/yann/spx-app/src/lib/company-core/load-company.ts:493:14)
    at async auditTicker (/Users/yann/spx-app/scripts/audit-pages-full.ts:51:19)
    at async main (/Users/yann/spx-app/scripts/audit-pages-full.ts:153:17)
{
 "audited": 56,
 "stes_with_issues": 11,
 "stats": {
  "K2": 4,
  "H1": 2,
  "R2": 2,
  "H2": 2,
  "K4": 7,
  "S2": 1
 }
}
[quarterly-refresh] rapport ecrit: /Users/yann/spx-app/.conv-state/quarterly-refresh-report.json (56 stes)
[lock4] run archivé: 56 sté(s), 0 publiable(s), 56 bloquée(s) → /Users/yann/spx-app/src/data/_quarterly-refresh-history.json
[quarterly-refresh] lock4 rc=0
[publish] 0 sté publiable (56 bloquée(s)), rien à publier
[quarterly-refresh] publish rc=0
[quarterly-refresh] done 20260924-073945
