[quarterly-refresh] start 20260916-073003
[quarterly-refresh-detect] 2026-09-16T05:30:37.779488+00:00 progress 50/671
[quarterly-refresh-detect] 2026-09-16T05:30:41.716192+00:00 NEW AON: 1 filing(s) → ['424B5 2026-09-15']
[quarterly-refresh-detect] 2026-09-16T05:30:57.064452+00:00 NEW AXON: 2 filing(s) → ['424B5 2026-09-15', '8-K 2026-09-15']
[quarterly-refresh-detect] 2026-09-16T05:30:57.939854+00:00 NEW AXP: 1 filing(s) → ['8-K 2026-09-15']
[quarterly-refresh-detect] 2026-09-16T05:31:15.834522+00:00 progress 100/671
[quarterly-refresh-detect] 2026-09-16T05:31:35.975403+00:00 NEW CDW: 2 filing(s) → ['424B5 2026-09-15', '8-K 2026-09-15']
[quarterly-refresh-detect] 2026-09-16T05:31:42.012775+00:00 NEW CHTR: 1 filing(s) → ['8-K 2026-09-15']
[quarterly-refresh-detect] 2026-09-16T05:31:54.944154+00:00 NEW COF: 3 filing(s) → ['8-K 2026-09-15', '8-K 2026-09-15', '8-K 2026-09-15']
[quarterly-refresh-detect] 2026-09-16T05:31:59.890500+00:00 progress 150/671
[quarterly-refresh-detect] 2026-09-16T05:32:13.989496+00:00 NEW CTAS: 1 filing(s) → ['DEF 14A 2026-09-15']
[quarterly-refresh-detect] 2026-09-16T05:32:16.024814+00:00 NEW CTVA: 1 filing(s) → ['8-K 2026-09-15']
[quarterly-refresh-detect] 2026-09-16T05:32:26.891335+00:00 NEW DELL: 1 filing(s) → ['8-K 2026-09-15']
[quarterly-refresh-detect] 2026-09-16T05:32:29.957756+00:00 NEW DHI: 1 filing(s) → ['8-K 2026-09-15']
[quarterly-refresh-detect] 2026-09-16T05:33:07.693518+00:00 NEW EXE: 1 filing(s) → ['424B5 2026-09-15']
[quarterly-refresh-detect] 2026-09-16T05:33:17.472830+00:00 progress 250/671
[quarterly-refresh-detect] 2026-09-16T05:33:27.296165+00:00 NEW FLEX: 1 filing(s) → ['8-K 2026-09-15']
[quarterly-refresh-detect] 2026-09-16T05:34:37.349978+00:00 progress 350/671
[quarterly-refresh-detect] 2026-09-16T05:35:19.771911+00:00 progress 400/671
[quarterly-refresh-detect] 2026-09-16T05:36:03.063925+00:00 progress 450/671
[quarterly-refresh-detect] 2026-09-16T05:36:05.078501+00:00 NEW NWS: 1 filing(s) → ['8-K 2026-09-15']
[quarterly-refresh-detect] 2026-09-16T05:36:05.927911+00:00 NEW NWSA: 1 filing(s) → ['8-K 2026-09-15']
[quarterly-refresh-detect] 2026-09-16T05:36:09.964276+00:00 NEW OKE: 2 filing(s) → ['424B5 2026-09-15', '8-K 2026-09-15']
[quarterly-refresh-detect] 2026-09-16T05:36:15.114044+00:00 NEW OTIS: 1 filing(s) → ['8-K 2026-09-15']
[quarterly-refresh-detect] 2026-09-16T05:36:46.457237+00:00 NEW PWR: 1 filing(s) → ['8-K 2026-09-15']
[quarterly-refresh-detect] 2026-09-16T05:36:57.236999+00:00 NEW RKLB: 1 filing(s) → ['8-K 2026-09-15']
[quarterly-refresh-detect] 2026-09-16T05:37:06.359360+00:00 NEW RTX: 1 filing(s) → ['8-K 2026-09-15']
[quarterly-refresh-detect] 2026-09-16T05:37:13.651623+00:00 progress 550/671
[quarterly-refresh-detect] 2026-09-16T05:37:43.717658+00:00 NEW TFC: 1 filing(s) → ['8-K 2026-09-15']
[quarterly-refresh-detect] 2026-09-16T05:37:57.052064+00:00 progress 600/671
[quarterly-refresh-detect] 2026-09-16T05:38:02.534105+00:00 NEW TTD: 1 filing(s) → ['8-K 2026-09-15']
[quarterly-refresh-detect] 2026-09-16T05:38:07.041874+00:00 NEW TYL: 1 filing(s) → ['8-K 2026-09-15']
[quarterly-refresh-detect] 2026-09-16T05:38:09.057673+00:00 NEW UBER: 1 filing(s) → ['8-K 2026-09-15']
[quarterly-refresh-detect] 2026-09-16T05:38:30.976697+00:00 NEW VTR: 1 filing(s) → ['8-K 2026-09-15']
[quarterly-refresh-detect] 2026-09-16T05:38:40.080743+00:00 progress 650/671
[quarterly-refresh-detect] 2026-09-16T05:38:53.273432+00:00 NEW XYL: 1 filing(s) → ['424B5 2026-09-15']
[quarterly-refresh-detect] 2026-09-16T05:38:58.896750+00:00 Ecrit /Users/yann/spx-app/.conv-state/quarterly-refresh-detected.json : 25 ste(s) a rafraichir, 139 erreur(s)
[quarterly-refresh] detect rc=0, 25 ste(s) a rafraichir
[quarterly-refresh-run] 2026-09-16T05:38:59.094443+00:00 === AON (docs, 1 filing(s)) ===
[quarterly-refresh-run] 2026-09-16T05:39:01.062234+00:00   down AON 424B5 2026-09-15 -> data-lake/AON/424B/AON_2026-09-15_0001193125-26-392131.htm.gz
[quarterly-refresh-run] 2026-09-16T05:39:06.596341+00:00   AON: facts=154 kpi_updated=0 kpi_added=0 errors=0
[quarterly-refresh-run] 2026-09-16T05:39:06.596364+00:00 === AXON (docs, 2 filing(s)) ===
[quarterly-refresh-run] 2026-09-16T05:39:09.273907+00:00   down AXON 424B5 2026-09-15 -> data-lake/AXON/424B/AXON_2026-09-15_0001193125-26-391323.htm.gz
[quarterly-refresh-run] 2026-09-16T05:39:10.110197+00:00   down AXON 8-K 2026-09-15 -> data-lake/AXON/8K/AXON_2026-09-15_0001193125-26-391320.htm.gz
[quarterly-refresh-run] 2026-09-16T05:39:12.333161+00:00   AXON: facts=203 kpi_updated=0 kpi_added=0 errors=0
[quarterly-refresh-run] 2026-09-16T05:39:12.333183+00:00 === AXP (docs, 1 filing(s)) ===
[quarterly-refresh-run] 2026-09-16T05:39:13.227898+00:00   down AXP 8-K 2026-09-15 -> data-lake/AXP/8K/AXP_2026-09-15_0000004962-26-000353.htm.gz
[quarterly-refresh-run] 2026-09-16T05:39:23.482308+00:00   AXP: facts=116 kpi_updated=0 kpi_added=0 errors=0
[quarterly-refresh-run] 2026-09-16T05:39:23.482554+00:00 === CDW (docs, 2 filing(s)) ===
[quarterly-refresh-run] 2026-09-16T05:39:24.754321+00:00   down CDW 424B5 2026-09-15 -> data-lake/CDW/424B/CDW_2026-09-15_0001193125-26-392158.htm.gz
[quarterly-refresh-run] 2026-09-16T05:39:25.692033+00:00   down CDW 8-K 2026-09-15 -> data-lake/CDW/8K/CDW_2026-09-15_0001193125-26-392039.htm.gz
[quarterly-refresh-run] 2026-09-16T05:39:28.430895+00:00   CDW: facts=176 kpi_updated=0 kpi_added=0 errors=0
[quarterly-refresh-run] 2026-09-16T05:39:28.430924+00:00 === CHTR (docs, 1 filing(s)) ===
[quarterly-refresh-run] 2026-09-16T05:39:30.913551+00:00   down CHTR 8-K 2026-09-15 -> data-lake/CHTR/8K/CHTR_2026-09-15_0001091667-26-000055.htm.gz
[quarterly-refresh-run] 2026-09-16T05:39:34.485292+00:00   CHTR: facts=154 kpi_updated=0 kpi_added=0 errors=0
[quarterly-refresh-run] 2026-09-16T05:39:34.485320+00:00 === COF (docs, 3 filing(s)) ===
[quarterly-refresh-run] 2026-09-16T05:39:35.283978+00:00   down COF 8-K 2026-09-15 -> data-lake/COF/8K/COF_2026-09-15_0001193125-26-391921.htm.gz
[quarterly-refresh-run] 2026-09-16T05:39:36.331174+00:00   down COF 8-K 2026-09-15 -> data-lake/COF/8K/COF_2026-09-15_0000927628-26-000134.htm.gz
[quarterly-refresh-run] 2026-09-16T05:39:37.195813+00:00   down COF 8-K 2026-09-15 -> data-lake/COF/8K/COF_2026-09-15_0000927628-26-000132.htm.gz
[quarterly-refresh-run] 2026-09-16T05:39:44.058640+00:00   COF: facts=110 kpi_updated=0 kpi_added=0 errors=0
[quarterly-refresh-run] 2026-09-16T05:39:44.058655+00:00 === CTAS (docs, 1 filing(s)) ===
[quarterly-refresh-run] 2026-09-16T05:39:46.862458+00:00   down CTAS DEF 14A 2026-09-15 -> data-lake/CTAS/DEF14A/CTAS_2026-09-15.htm.gz
[quarterly-refresh-run] 2026-09-16T05:39:49.267945+00:00   CTAS: facts=166 kpi_updated=6 kpi_added=0 errors=0
[quarterly-refresh-run] 2026-09-16T05:39:49.267968+00:00 === CTVA (docs, 1 filing(s)) ===
[quarterly-refresh-run] 2026-09-16T05:39:50.365651+00:00   down CTVA 8-K 2026-09-15 -> data-lake/CTVA/8K/CTVA_2026-09-15_0001193125-26-391369.htm.gz
[quarterly-refresh-run] 2026-09-16T05:39:52.435103+00:00   CTVA: facts=143 kpi_updated=0 kpi_added=0 errors=0
[quarterly-refresh-run] 2026-09-16T05:39:52.435126+00:00 === DELL (docs, 1 filing(s)) ===
[quarterly-refresh-run] 2026-09-16T05:39:53.255781+00:00   down DELL 8-K 2026-09-15 -> data-lake/DELL/8K/DELL_2026-09-15_0001193125-26-391976.htm.gz
[quarterly-refresh-run] 2026-09-16T05:39:56.900759+00:00   DELL: facts=223 kpi_updated=0 kpi_added=0 errors=0
[quarterly-refresh-run] 2026-09-16T05:39:56.900783+00:00 === DHI (docs, 1 filing(s)) ===
[quarterly-refresh-run] 2026-09-16T05:39:57.792879+00:00   down DHI 8-K 2026-09-15 -> data-lake/DHI/8K/DHI_2026-09-15_0000882184-26-000108.htm.gz
[quarterly-refresh-run] 2026-09-16T05:40:00.287192+00:00   DHI: facts=130 kpi_updated=0 kpi_added=0 errors=0
[quarterly-refresh-run] 2026-09-16T05:40:00.287217+00:00 === EXE (docs, 1 filing(s)) ===
[quarterly-refresh-run] 2026-09-16T05:40:01.829310+00:00   down EXE 424B5 2026-09-15 -> data-lake/EXE/424B/EXE_2026-09-15_0001104659-26-107743.htm.gz
[quarterly-refresh-run] 2026-09-16T05:40:03.684863+00:00   EXE: facts=138 kpi_updated=0 kpi_added=0 errors=0
[quarterly-refresh-run] 2026-09-16T05:40:03.684880+00:00 === FLEX (docs, 1 filing(s)) ===
[quarterly-refresh-run] 2026-09-16T05:40:04.480274+00:00   down FLEX 8-K 2026-09-15 -> data-lake/FLEX/8K/FLEX_2026-09-15_0000866374-26-000036.htm.gz
[quarterly-refresh-run] 2026-09-16T05:40:06.000887+00:00   FLEX: facts=202 kpi_updated=0 kpi_added=0 errors=0
[quarterly-refresh-run] 2026-09-16T05:40:06.000907+00:00 === NWS (docs, 1 filing(s)) ===
[quarterly-refresh-run] 2026-09-16T05:40:06.880567+00:00   down NWS 8-K 2026-09-15 -> data-lake/NWS/8K/NWS_2026-09-15_0001564708-26-000201.htm.gz
[quarterly-refresh-run] 2026-09-16T05:40:08.597295+00:00   NWS: facts=135 kpi_updated=0 kpi_added=0 errors=0
[quarterly-refresh-run] 2026-09-16T05:40:08.597324+00:00 === NWSA (docs, 1 filing(s)) ===
[quarterly-refresh-run] 2026-09-16T05:40:09.455239+00:00   down NWSA 8-K 2026-09-15 -> data-lake/NWSA/8K/NWSA_2026-09-15_0001564708-26-000201.htm.gz
[quarterly-refresh-run] 2026-09-16T05:40:11.033161+00:00   NWSA: facts=135 kpi_updated=0 kpi_added=0 errors=0
[quarterly-refresh-run] 2026-09-16T05:40:11.033195+00:00 === OKE (docs, 2 filing(s)) ===
[quarterly-refresh-run] 2026-09-16T05:40:12.114946+00:00   down OKE 424B5 2026-09-15 -> data-lake/OKE/424B/OKE_2026-09-15_0001193125-26-392009.htm.gz
[quarterly-refresh-run] 2026-09-16T05:40:12.837789+00:00   down OKE 8-K 2026-09-15 -> data-lake/OKE/8K/OKE_2026-09-15_0001193125-26-392003.htm.gz
[quarterly-refresh-run] 2026-09-16T05:40:14.903838+00:00   OKE: facts=150 kpi_updated=0 kpi_added=0 errors=0
[quarterly-refresh-run] 2026-09-16T05:40:14.903852+00:00 === OTIS (docs, 1 filing(s)) ===
[quarterly-refresh-run] 2026-09-16T05:40:15.682599+00:00   down OTIS 8-K 2026-09-15 -> data-lake/OTIS/8K/OTIS_2026-09-15_0001140361-26-036566.htm.gz
[quarterly-refresh-run] 2026-09-16T05:40:17.568232+00:00   OTIS: facts=165 kpi_updated=0 kpi_added=0 errors=0
[quarterly-refresh-run] 2026-09-16T05:40:17.568434+00:00 === PWR (docs, 1 filing(s)) ===
[quarterly-refresh-run] 2026-09-16T05:40:18.429960+00:00   down PWR 8-K 2026-09-15 -> data-lake/PWR/8K/PWR_2026-09-15_0001193125-26-391989.htm.gz
[quarterly-refresh-run] 2026-09-16T05:40:20.456250+00:00   PWR: facts=184 kpi_updated=0 kpi_added=0 errors=0
[quarterly-refresh-run] 2026-09-16T05:40:20.456269+00:00 === RKLB (docs, 1 filing(s)) ===
[quarterly-refresh-run] 2026-09-16T05:40:21.302961+00:00   down RKLB 8-K 2026-09-15 -> data-lake/RKLB/8K/RKLB_2026-09-15_0001753926-26-001769.htm.gz
[quarterly-refresh-run] 2026-09-16T05:40:22.472625+00:00   RKLB: facts=197 kpi_updated=0 kpi_added=0 errors=0
[quarterly-refresh-run] 2026-09-16T05:40:22.472662+00:00 === RTX (docs, 1 filing(s)) ===
[quarterly-refresh-run] 2026-09-16T05:40:23.268252+00:00   down RTX 8-K 2026-09-15 -> data-lake/RTX/8K/RTX_2026-09-15_0001140361-26-036662.htm.gz
[quarterly-refresh-run] 2026-09-16T05:40:25.217201+00:00   RTX: facts=173 kpi_updated=0 kpi_added=0 errors=0
[quarterly-refresh-run] 2026-09-16T05:40:25.217216+00:00 === TFC (docs, 1 filing(s)) ===
[quarterly-refresh-run] 2026-09-16T05:40:26.011407+00:00   down TFC 8-K 2026-09-15 -> data-lake/TFC/8K/TFC_2026-09-15_0000092230-26-000105.htm.gz
[quarterly-refresh-run] 2026-09-16T05:40:28.542719+00:00   TFC: facts=62 kpi_updated=0 kpi_added=0 errors=0
[quarterly-refresh-run] 2026-09-16T05:40:28.542734+00:00 === TTD (docs, 1 filing(s)) ===
[quarterly-refresh-run] 2026-09-16T05:40:29.319938+00:00   down TTD 8-K 2026-09-15 -> data-lake/TTD/8K/TTD_2026-09-15_0001671933-26-000099.htm.gz
[quarterly-refresh-run] 2026-09-16T05:40:30.866717+00:00   TTD: facts=176 kpi_updated=0 kpi_added=0 errors=0
[quarterly-refresh-run] 2026-09-16T05:40:30.866745+00:00 === TYL (docs, 1 filing(s)) ===
[quarterly-refresh-run] 2026-09-16T05:40:31.637810+00:00   down TYL 8-K 2026-09-15 -> data-lake/TYL/8K/TYL_2026-09-15_0000860731-26-000052.htm.gz
[quarterly-refresh-run] 2026-09-16T05:40:33.378375+00:00   TYL: facts=177 kpi_updated=0 kpi_added=0 errors=0
[quarterly-refresh-run] 2026-09-16T05:40:33.378395+00:00 === UBER (docs, 1 filing(s)) ===
[quarterly-refresh-run] 2026-09-16T05:40:34.247444+00:00   down UBER 8-K 2026-09-15 -> data-lake/UBER/8K/UBER_2026-09-15_0001552781-26-000486.htm.gz
[quarterly-refresh-run] 2026-09-16T05:40:35.568839+00:00   UBER: facts=176 kpi_updated=0 kpi_added=0 errors=0
[quarterly-refresh-run] 2026-09-16T05:40:35.568859+00:00 === VTR (docs, 1 filing(s)) ===
[quarterly-refresh-run] 2026-09-16T05:40:36.415165+00:00   down VTR 8-K 2026-09-15 -> data-lake/VTR/8K/VTR_2026-09-15_0001104659-26-107921.htm.gz
[quarterly-refresh-run] 2026-09-16T05:40:38.684453+00:00   VTR: facts=99 kpi_updated=0 kpi_added=0 errors=0
[quarterly-refresh-run] 2026-09-16T05:40:38.684467+00:00 === XYL (docs, 1 filing(s)) ===
[quarterly-refresh-run] 2026-09-16T05:40:39.749951+00:00   down XYL 424B5 2026-09-15 -> data-lake/XYL/424B/XYL_2026-09-15_0001193125-26-391375.htm.gz
[quarterly-refresh-run] 2026-09-16T05:40:41.707574+00:00   XYL: facts=187 kpi_updated=0 kpi_added=0 errors=0
[quarterly-refresh-run] 2026-09-16T05:40:41.708034+00:00 Ecrit /Users/yann/spx-app/.conv-state/quarterly-refresh-run-result.json (25 ste(s))
[quarterly-refresh] run rc=0
[lock1] AON: OK (4/6 points concordants, 0 écarts, 2 invérifiables)
[lock1] AXON: OK (4/7 points concordants, 0 écarts, 3 invérifiables)
[lock1] AXP: OK (4/6 points concordants, 0 écarts, 2 invérifiables)
[lock1] CDW: OK (4/6 points concordants, 0 écarts, 2 invérifiables)
[lock1] CHTR: OK (4/6 points concordants, 0 écarts, 2 invérifiables)
[lock1] COF: OK (4/6 points concordants, 0 écarts, 2 invérifiables)
[lock1] CTAS: OK (6/6 points concordants, 0 écarts, 0 invérifiables)
[lock1] CTVA: OK (4/6 points concordants, 0 écarts, 2 invérifiables)
[lock1] DELL: OK (4/7 points concordants, 0 écarts, 3 invérifiables)
[lock1] DHI: OK (4/6 points concordants, 0 écarts, 2 invérifiables)
[lock1] EXE: OK (4/6 points concordants, 0 écarts, 2 invérifiables)
[lock1] FLEX: OK (5/6 points concordants, 0 écarts, 1 invérifiables)
[lock1] NWS: OK (5/6 points concordants, 0 écarts, 1 invérifiables)
[lock1] NWSA: OK (5/6 points concordants, 0 écarts, 1 invérifiables)
[lock1] OKE: OK (4/6 points concordants, 0 écarts, 2 invérifiables)
[lock1] OTIS: OK (4/6 points concordants, 0 écarts, 2 invérifiables)
[lock1] PWR: OK (4/6 points concordants, 0 écarts, 2 invérifiables)
[lock1] RKLB: OK (4/7 points concordants, 0 écarts, 3 invérifiables)
[lock1] RTX: OK (4/7 points concordants, 0 écarts, 3 invérifiables)
[lock1] TFC: OK (2/3 points concordants, 0 écarts, 1 invérifiables)
[lock1] TTD: OK (4/7 points concordants, 0 écarts, 3 invérifiables)
[lock1] TYL: OK (4/6 points concordants, 0 écarts, 2 invérifiables)
[lock1] UBER: OK (4/7 points concordants, 0 écarts, 3 invérifiables)
[lock1] VTR: OK (3/4 points concordants, 0 écarts, 1 invérifiables)
[lock1] XYL: OK (4/6 points concordants, 0 écarts, 2 invérifiables)
[lock1] résultat écrit: /Users/yann/spx-app/.conv-state/qr-lock1-result.json
[quarterly-refresh] lock1 rc=0
[lock2] AON: INCOMPLETE (3/16 KPI à jour, 13 manquants, todo=['ec_synthesis', 'stories_rotation', 'risks', 'segments_geo', 'events', 'profit_warning', 'governance', 'governance_top_holders', 'dilution', 'description', 'headcount', 'ai_positioning'], lock1=OK)
[lock2] AXON: INCOMPLETE (3/9 KPI à jour, 6 manquants, todo=['ec_synthesis', 'stories_rotation', 'risks', 'segments_geo', 'events', 'profit_warning', 'governance', 'governance_top_holders', 'dilution', 'description', 'headcount', 'ai_positioning'], lock1=OK)
[lock2] AXP: INCOMPLETE (3/13 KPI à jour, 10 manquants, todo=['ec_synthesis', 'stories_rotation', 'risks', 'segments_geo', 'events', 'profit_warning', 'governance', 'governance_top_holders', 'dilution', 'description', 'headcount', 'ai_positioning'], lock1=OK)
[lock2] CDW: INCOMPLETE (3/6 KPI à jour, 3 manquants, todo=['ec_synthesis', 'stories_rotation', 'risks', 'segments_geo', 'events', 'profit_warning', 'governance', 'governance_top_holders', 'dilution', 'description', 'headcount', 'ai_positioning'], lock1=OK)
[lock2] CHTR: INCOMPLETE (3/13 KPI à jour, 10 manquants, todo=['ec_synthesis', 'stories_rotation', 'risks', 'segments_geo', 'events', 'profit_warning', 'governance', 'governance_top_holders', 'dilution', 'description', 'headcount', 'ai_positioning'], lock1=OK)
[lock2] COF: INCOMPLETE (3/22 KPI à jour, 19 manquants, todo=['ec_synthesis', 'stories_rotation', 'risks', 'segments_geo', 'events', 'profit_warning', 'governance', 'governance_top_holders', 'dilution', 'description', 'headcount', 'ai_positioning'], lock1=OK)
[lock2] CTAS: INCOMPLETE (0/10 KPI à jour, 10 manquants, todo=['ec_synthesis', 'stories_rotation', 'risks', 'segments_geo', 'events', 'profit_warning', 'governance', 'governance_top_holders', 'dilution', 'description', 'headcount', 'ai_positioning'], lock1=OK)
[lock2] CTVA: INCOMPLETE (3/3 KPI à jour, 0 manquants, todo=['ec_synthesis', 'stories_rotation', 'risks', 'segments_geo', 'events', 'profit_warning', 'governance', 'governance_top_holders', 'dilution', 'description', 'headcount', 'ai_positioning'], lock1=OK)
[lock2] DELL: INCOMPLETE (3/10 KPI à jour, 7 manquants, todo=['ec_synthesis', 'stories_rotation', 'risks', 'segments_geo', 'events', 'profit_warning', 'governance', 'governance_top_holders', 'dilution', 'description', 'headcount', 'ai_positioning'], lock1=OK)
[lock2] DHI: INCOMPLETE (3/15 KPI à jour, 12 manquants, todo=['ec_synthesis', 'stories_rotation', 'risks', 'segments_geo', 'events', 'profit_warning', 'governance', 'governance_top_holders', 'dilution', 'description', 'headcount', 'ai_positioning'], lock1=OK)
[lock2] EXE: INCOMPLETE (2/8 KPI à jour, 6 manquants, todo=['ec_synthesis', 'stories_rotation', 'risks', 'segments_geo', 'events', 'profit_warning', 'governance', 'governance_top_holders', 'dilution', 'description', 'headcount', 'ai_positioning'], lock1=OK)
[lock2] FLEX: INCOMPLETE (8/10 KPI à jour, 2 manquants, todo=['ec_synthesis', 'stories_rotation', 'risks', 'segments_geo', 'events', 'profit_warning', 'governance', 'governance_top_holders', 'dilution', 'description', 'headcount', 'ai_positioning'], lock1=OK)
[lock2] NWS: INCOMPLETE (0/8 KPI à jour, 8 manquants, todo=['ec_synthesis', 'stories_rotation', 'risks', 'segments_geo', 'events', 'profit_warning', 'governance', 'governance_top_holders', 'dilution', 'description', 'headcount', 'ai_positioning'], lock1=OK)
[lock2] NWSA: INCOMPLETE (0/11 KPI à jour, 11 manquants, todo=['ec_synthesis', 'stories_rotation', 'risks', 'segments_geo', 'events', 'profit_warning', 'governance', 'governance_top_holders', 'dilution', 'description', 'headcount', 'ai_positioning'], lock1=OK)
[lock2] OKE: INCOMPLETE (3/14 KPI à jour, 11 manquants, todo=['ec_synthesis', 'stories_rotation', 'risks', 'segments_geo', 'events', 'profit_warning', 'governance', 'governance_top_holders', 'dilution', 'description', 'headcount', 'ai_positioning'], lock1=OK)
[lock2] OTIS: INCOMPLETE (3/12 KPI à jour, 9 manquants, todo=['ec_synthesis', 'stories_rotation', 'risks', 'segments_geo', 'events', 'profit_warning', 'governance', 'governance_top_holders', 'dilution', 'description', 'headcount', 'ai_positioning'], lock1=OK)
[lock2] PWR: INCOMPLETE (3/10 KPI à jour, 7 manquants, todo=['ec_synthesis', 'stories_rotation', 'risks', 'segments_geo', 'events', 'profit_warning', 'governance', 'governance_top_holders', 'dilution', 'description', 'headcount', 'ai_positioning'], lock1=OK)
[lock2] RKLB: INCOMPLETE (5/6 KPI à jour, 1 manquants, todo=['ec_synthesis', 'stories_rotation', 'risks', 'segments_geo', 'events', 'profit_warning', 'governance', 'governance_top_holders', 'dilution', 'description', 'headcount', 'ai_positioning'], lock1=OK)
[lock2] RTX: INCOMPLETE (3/8 KPI à jour, 5 manquants, todo=['ec_synthesis', 'stories_rotation', 'risks', 'segments_geo', 'events', 'profit_warning', 'governance', 'governance_top_holders', 'dilution', 'description', 'headcount', 'ai_positioning'], lock1=OK)
[lock2] TFC: INCOMPLETE (1/11 KPI à jour, 10 manquants, todo=['ec_synthesis', 'stories_rotation', 'risks', 'segments_geo', 'events', 'profit_warning', 'governance', 'governance_top_holders', 'dilution', 'description', 'headcount', 'ai_positioning'], lock1=OK)
[lock2] TTD: INCOMPLETE (3/7 KPI à jour, 4 manquants, todo=['ec_synthesis', 'stories_rotation', 'risks', 'segments_geo', 'events', 'profit_warning', 'governance', 'governance_top_holders', 'dilution', 'description', 'headcount', 'ai_positioning'], lock1=OK)
[lock2] TYL: INCOMPLETE (3/19 KPI à jour, 16 manquants, todo=['ec_synthesis', 'stories_rotation', 'risks', 'segments_geo', 'events', 'profit_warning', 'governance', 'governance_top_holders', 'dilution', 'description', 'headcount', 'ai_positioning'], lock1=OK)
[lock2] UBER: INCOMPLETE (3/14 KPI à jour, 11 manquants, todo=['ec_synthesis', 'stories_rotation', 'risks', 'segments_geo', 'events', 'profit_warning', 'governance', 'governance_top_holders', 'dilution', 'description', 'headcount', 'ai_positioning'], lock1=OK)
[lock2] VTR: INCOMPLETE (2/7 KPI à jour, 5 manquants, todo=['ec_synthesis', 'stories_rotation', 'risks', 'segments_geo', 'events', 'profit_warning', 'governance', 'governance_top_holders', 'dilution', 'description', 'headcount', 'ai_positioning'], lock1=OK)
[lock2] XYL: INCOMPLETE (3/6 KPI à jour, 3 manquants, todo=['ec_synthesis', 'stories_rotation', 'risks', 'segments_geo', 'events', 'profit_warning', 'governance', 'governance_top_holders', 'dilution', 'description', 'headcount', 'ai_positioning'], lock1=OK)
[lock2] résultat écrit: /Users/yann/spx-app/.conv-state/qr-lock2-result.json
[quarterly-refresh] lock2 rc=0
[quarterly-refresh] audit pages: AON AXON AXP CDW CHTR COF CTAS CTVA DELL DHI EXE FLEX NWS NWSA OKE OTIS PWR RKLB RTX TFC TTD TYL UBER VTR XYL
special_kpis merge failed for AON: Error: supabaseUrl is required.
    at validateSupabaseUrl (/Users/yann/spx-app/node_modules/@supabase/supabase-js/src/lib/helpers.ts:86:11)
    at new SupabaseClient (/Users/yann/spx-app/node_modules/@supabase/supabase-js/src/SupabaseClient.ts:284:21)
    at createClient (/Users/yann/spx-app/node_modules/@supabase/supabase-js/src/index.ts:65:10)
    at admin (/Users/yann/spx-app/src/lib/desk/special-kpis.ts:152:10)
    at listPublishedForTicker (/Users/yann/spx-app/src/lib/desk/special-kpis.ts:175:16)
    at loadV17CompanyBrut (/Users/yann/spx-app/src/lib/company-core/load-company.ts:1779:30)
    at async loadV17Company (/Users/yann/spx-app/src/lib/company-core/load-company.ts:493:14)
    at async auditTicker (/Users/yann/spx-app/scripts/audit-pages-full.ts:51:19)
    at async main (/Users/yann/spx-app/scripts/audit-pages-full.ts:153:17)
kpi_requests merge failed for AON: Error: supabaseUrl is required.
    at validateSupabaseUrl (/Users/yann/spx-app/node_modules/@supabase/supabase-js/src/lib/helpers.ts:86:11)
    at new SupabaseClient (/Users/yann/spx-app/node_modules/@supabase/supabase-js/src/SupabaseClient.ts:284:21)
    at createClient (/Users/yann/spx-app/node_modules/@supabase/supabase-js/src/index.ts:65:10)
    at loadV17CompanyBrut (/Users/yann/spx-app/src/lib/company-core/load-company.ts:1843:18)
    at async loadV17Company (/Users/yann/spx-app/src/lib/company-core/load-company.ts:493:14)
    at async auditTicker (/Users/yann/spx-app/scripts/audit-pages-full.ts:51:19)
    at async main (/Users/yann/spx-app/scripts/audit-pages-full.ts:153:17)
image_findings merge failed for AON: Error: supabaseUrl is required.
    at validateSupabaseUrl (/Users/yann/spx-app/node_modules/@supabase/supabase-js/src/lib/helpers.ts:86:11)
    at new SupabaseClient (/Users/yann/spx-app/node_modules/@supabase/supabase-js/src/SupabaseClient.ts:284:21)
    at createClient (/Users/yann/spx-app/node_modules/@supabase/supabase-js/src/index.ts:65:10)
    at admin (/Users/yann/spx-app/src/lib/desk/image-findings.ts:118:10)
    at listApprovedForTicker (/Users/yann/spx-app/src/lib/desk/image-findings.ts:222:16)
    at loadV17CompanyBrut (/Users/yann/spx-app/src/lib/company-core/load-company.ts:1906:30)
    at async loadV17Company (/Users/yann/spx-app/src/lib/company-core/load-company.ts:493:14)
    at async auditTicker (/Users/yann/spx-app/scripts/audit-pages-full.ts:51:19)
    at async main (/Users/yann/spx-app/scripts/audit-pages-full.ts:153:17)
[hero-kpi-overrides] refetch failed, using stale cache Error: SUPABASE_SERVICE_ROLE_KEY manquante — vérifier .env.local
    at createSupabaseAdminClient (/Users/yann/spx-app/src/lib/supabase/admin.ts:16:11)
    at fetchAll (/Users/yann/spx-app/src/lib/company-core/hero-kpi-overrides.ts:31:20)
    at getHeroKpiOverride (/Users/yann/spx-app/src/lib/company-core/hero-kpi-overrides.ts:58:21)
    at loadV17CompanyBrut (/Users/yann/spx-app/src/lib/company-core/load-company.ts:3090:28)
    at async loadV17Company (/Users/yann/spx-app/src/lib/company-core/load-company.ts:493:14)
    at async auditTicker (/Users/yann/spx-app/scripts/audit-pages-full.ts:51:19)
    at async main (/Users/yann/spx-app/scripts/audit-pages-full.ts:153:17)
special_kpis merge failed for AXON: Error: supabaseUrl is required.
    at validateSupabaseUrl (/Users/yann/spx-app/node_modules/@supabase/supabase-js/src/lib/helpers.ts:86:11)
    at new SupabaseClient (/Users/yann/spx-app/node_modules/@supabase/supabase-js/src/SupabaseClient.ts:284:21)
    at createClient (/Users/yann/spx-app/node_modules/@supabase/supabase-js/src/index.ts:65:10)
    at admin (/Users/yann/spx-app/src/lib/desk/special-kpis.ts:152:10)
    at listPublishedForTicker (/Users/yann/spx-app/src/lib/desk/special-kpis.ts:175:16)
    at loadV17CompanyBrut (/Users/yann/spx-app/src/lib/company-core/load-company.ts:1779:30)
    at async loadV17Company (/Users/yann/spx-app/src/lib/company-core/load-company.ts:493:14)
    at async auditTicker (/Users/yann/spx-app/scripts/audit-pages-full.ts:51:19)
    at async main (/Users/yann/spx-app/scripts/audit-pages-full.ts:153:17)
kpi_requests merge failed for AXON: Error: supabaseUrl is required.
    at validateSupabaseUrl (/Users/yann/spx-app/node_modules/@supabase/supabase-js/src/lib/helpers.ts:86:11)
    at new SupabaseClient (/Users/yann/spx-app/node_modules/@supabase/supabase-js/src/SupabaseClient.ts:284:21)
    at createClient (/Users/yann/spx-app/node_modules/@supabase/supabase-js/src/index.ts:65:10)
    at loadV17CompanyBrut (/Users/yann/spx-app/src/lib/company-core/load-company.ts:1843:18)
    at async loadV17Company (/Users/yann/spx-app/src/lib/company-core/load-company.ts:493:14)
    at async auditTicker (/Users/yann/spx-app/scripts/audit-pages-full.ts:51:19)
    at async main (/Users/yann/spx-app/scripts/audit-pages-full.ts:153:17)
image_findings merge failed for AXON: Error: supabaseUrl is required.
    at validateSupabaseUrl (/Users/yann/spx-app/node_modules/@supabase/supabase-js/src/lib/helpers.ts:86:11)
    at new SupabaseClient (/Users/yann/spx-app/node_modules/@supabase/supabase-js/src/SupabaseClient.ts:284:21)
    at createClient (/Users/yann/spx-app/node_modules/@supabase/supabase-js/src/index.ts:65:10)
    at admin (/Users/yann/spx-app/src/lib/desk/image-findings.ts:118:10)
    at listApprovedForTicker (/Users/yann/spx-app/src/lib/desk/image-findings.ts:222:16)
    at loadV17CompanyBrut (/Users/yann/spx-app/src/lib/company-core/load-company.ts:1906:30)
    at async loadV17Company (/Users/yann/spx-app/src/lib/company-core/load-company.ts:493:14)
    at async auditTicker (/Users/yann/spx-app/scripts/audit-pages-full.ts:51:19)
    at async main (/Users/yann/spx-app/scripts/audit-pages-full.ts:153:17)
[hero-kpi-overrides] refetch failed, using stale cache Error: SUPABASE_SERVICE_ROLE_KEY manquante — vérifier .env.local
    at createSupabaseAdminClient (/Users/yann/spx-app/src/lib/supabase/admin.ts:16:11)
    at fetchAll (/Users/yann/spx-app/src/lib/company-core/hero-kpi-overrides.ts:31:20)
    at getHeroKpiOverride (/Users/yann/spx-app/src/lib/company-core/hero-kpi-overrides.ts:58:21)
    at loadV17CompanyBrut (/Users/yann/spx-app/src/lib/company-core/load-company.ts:3090:28)
    at async loadV17Company (/Users/yann/spx-app/src/lib/company-core/load-company.ts:493:14)
    at async auditTicker (/Users/yann/spx-app/scripts/audit-pages-full.ts:51:19)
    at async main (/Users/yann/spx-app/scripts/audit-pages-full.ts:153:17)
special_kpis merge failed for AXP: Error: supabaseUrl is required.
    at validateSupabaseUrl (/Users/yann/spx-app/node_modules/@supabase/supabase-js/src/lib/helpers.ts:86:11)
    at new SupabaseClient (/Users/yann/spx-app/node_modules/@supabase/supabase-js/src/SupabaseClient.ts:284:21)
    at createClient (/Users/yann/spx-app/node_modules/@supabase/supabase-js/src/index.ts:65:10)
    at admin (/Users/yann/spx-app/src/lib/desk/special-kpis.ts:152:10)
    at listPublishedForTicker (/Users/yann/spx-app/src/lib/desk/special-kpis.ts:175:16)
    at loadV17CompanyBrut (/Users/yann/spx-app/src/lib/company-core/load-company.ts:1779:30)
    at async loadV17Company (/Users/yann/spx-app/src/lib/company-core/load-company.ts:493:14)
    at async auditTicker (/Users/yann/spx-app/scripts/audit-pages-full.ts:51:19)
    at async main (/Users/yann/spx-app/scripts/audit-pages-full.ts:153:17)
kpi_requests merge failed for AXP: Error: supabaseUrl is required.
    at validateSupabaseUrl (/Users/yann/spx-app/node_modules/@supabase/supabase-js/src/lib/helpers.ts:86:11)
    at new SupabaseClient (/Users/yann/spx-app/node_modules/@supabase/supabase-js/src/SupabaseClient.ts:284:21)
    at createClient (/Users/yann/spx-app/node_modules/@supabase/supabase-js/src/index.ts:65:10)
    at loadV17CompanyBrut (/Users/yann/spx-app/src/lib/company-core/load-company.ts:1843:18)
    at async loadV17Company (/Users/yann/spx-app/src/lib/company-core/load-company.ts:493:14)
    at async auditTicker (/Users/yann/spx-app/scripts/audit-pages-full.ts:51:19)
    at async main (/Users/yann/spx-app/scripts/audit-pages-full.ts:153:17)
image_findings merge failed for AXP: Error: supabaseUrl is required.
    at validateSupabaseUrl (/Users/yann/spx-app/node_modules/@supabase/supabase-js/src/lib/helpers.ts:86:11)
    at new SupabaseClient (/Users/yann/spx-app/node_modules/@supabase/supabase-js/src/SupabaseClient.ts:284:21)
    at createClient (/Users/yann/spx-app/node_modules/@supabase/supabase-js/src/index.ts:65:10)
    at admin (/Users/yann/spx-app/src/lib/desk/image-findings.ts:118:10)
    at listApprovedForTicker (/Users/yann/spx-app/src/lib/desk/image-findings.ts:222:16)
    at loadV17CompanyBrut (/Users/yann/spx-app/src/lib/company-core/load-company.ts:1906:30)
    at async loadV17Company (/Users/yann/spx-app/src/lib/company-core/load-company.ts:493:14)
    at async auditTicker (/Users/yann/spx-app/scripts/audit-pages-full.ts:51:19)
    at async main (/Users/yann/spx-app/scripts/audit-pages-full.ts:153:17)
[hero-kpi-overrides] refetch failed, using stale cache Error: SUPABASE_SERVICE_ROLE_KEY manquante — vérifier .env.local
    at createSupabaseAdminClient (/Users/yann/spx-app/src/lib/supabase/admin.ts:16:11)
    at fetchAll (/Users/yann/spx-app/src/lib/company-core/hero-kpi-overrides.ts:31:20)
    at getHeroKpiOverride (/Users/yann/spx-app/src/lib/company-core/hero-kpi-overrides.ts:58:21)
    at loadV17CompanyBrut (/Users/yann/spx-app/src/lib/company-core/load-company.ts:3090:28)
    at async loadV17Company (/Users/yann/spx-app/src/lib/company-core/load-company.ts:493:14)
    at async auditTicker (/Users/yann/spx-app/scripts/audit-pages-full.ts:51:19)
    at async main (/Users/yann/spx-app/scripts/audit-pages-full.ts:153:17)
special_kpis merge failed for CDW: Error: supabaseUrl is required.
    at validateSupabaseUrl (/Users/yann/spx-app/node_modules/@supabase/supabase-js/src/lib/helpers.ts:86:11)
    at new SupabaseClient (/Users/yann/spx-app/node_modules/@supabase/supabase-js/src/SupabaseClient.ts:284:21)
    at createClient (/Users/yann/spx-app/node_modules/@supabase/supabase-js/src/index.ts:65:10)
    at admin (/Users/yann/spx-app/src/lib/desk/special-kpis.ts:152:10)
    at listPublishedForTicker (/Users/yann/spx-app/src/lib/desk/special-kpis.ts:175:16)
    at loadV17CompanyBrut (/Users/yann/spx-app/src/lib/company-core/load-company.ts:1779:30)
    at async loadV17Company (/Users/yann/spx-app/src/lib/company-core/load-company.ts:493:14)
    at async auditTicker (/Users/yann/spx-app/scripts/audit-pages-full.ts:51:19)
    at async main (/Users/yann/spx-app/scripts/audit-pages-full.ts:153:17)
kpi_requests merge failed for CDW: Error: supabaseUrl is required.
    at validateSupabaseUrl (/Users/yann/spx-app/node_modules/@supabase/supabase-js/src/lib/helpers.ts:86:11)
    at new SupabaseClient (/Users/yann/spx-app/node_modules/@supabase/supabase-js/src/SupabaseClient.ts:284:21)
    at createClient (/Users/yann/spx-app/node_modules/@supabase/supabase-js/src/index.ts:65:10)
    at loadV17CompanyBrut (/Users/yann/spx-app/src/lib/company-core/load-company.ts:1843:18)
    at async loadV17Company (/Users/yann/spx-app/src/lib/company-core/load-company.ts:493:14)
    at async auditTicker (/Users/yann/spx-app/scripts/audit-pages-full.ts:51:19)
    at async main (/Users/yann/spx-app/scripts/audit-pages-full.ts:153:17)
image_findings merge failed for CDW: Error: supabaseUrl is required.
    at validateSupabaseUrl (/Users/yann/spx-app/node_modules/@supabase/supabase-js/src/lib/helpers.ts:86:11)
    at new SupabaseClient (/Users/yann/spx-app/node_modules/@supabase/supabase-js/src/SupabaseClient.ts:284:21)
    at createClient (/Users/yann/spx-app/node_modules/@supabase/supabase-js/src/index.ts:65:10)
    at admin (/Users/yann/spx-app/src/lib/desk/image-findings.ts:118:10)
    at listApprovedForTicker (/Users/yann/spx-app/src/lib/desk/image-findings.ts:222:16)
    at loadV17CompanyBrut (/Users/yann/spx-app/src/lib/company-core/load-company.ts:1906:30)
    at async loadV17Company (/Users/yann/spx-app/src/lib/company-core/load-company.ts:493:14)
    at async auditTicker (/Users/yann/spx-app/scripts/audit-pages-full.ts:51:19)
    at async main (/Users/yann/spx-app/scripts/audit-pages-full.ts:153:17)
[hero-kpi-overrides] refetch failed, using stale cache Error: SUPABASE_SERVICE_ROLE_KEY manquante — vérifier .env.local
    at createSupabaseAdminClient (/Users/yann/spx-app/src/lib/supabase/admin.ts:16:11)
    at fetchAll (/Users/yann/spx-app/src/lib/company-core/hero-kpi-overrides.ts:31:20)
    at getHeroKpiOverride (/Users/yann/spx-app/src/lib/company-core/hero-kpi-overrides.ts:58:21)
    at loadV17CompanyBrut (/Users/yann/spx-app/src/lib/company-core/load-company.ts:3090:28)
    at async loadV17Company (/Users/yann/spx-app/src/lib/company-core/load-company.ts:493:14)
    at async auditTicker (/Users/yann/spx-app/scripts/audit-pages-full.ts:51:19)
    at async main (/Users/yann/spx-app/scripts/audit-pages-full.ts:153:17)
special_kpis merge failed for CHTR: Error: supabaseUrl is required.
    at validateSupabaseUrl (/Users/yann/spx-app/node_modules/@supabase/supabase-js/src/lib/helpers.ts:86:11)
    at new SupabaseClient (/Users/yann/spx-app/node_modules/@supabase/supabase-js/src/SupabaseClient.ts:284:21)
    at createClient (/Users/yann/spx-app/node_modules/@supabase/supabase-js/src/index.ts:65:10)
    at admin (/Users/yann/spx-app/src/lib/desk/special-kpis.ts:152:10)
    at listPublishedForTicker (/Users/yann/spx-app/src/lib/desk/special-kpis.ts:175:16)
    at loadV17CompanyBrut (/Users/yann/spx-app/src/lib/company-core/load-company.ts:1779:30)
    at async loadV17Company (/Users/yann/spx-app/src/lib/company-core/load-company.ts:493:14)
    at async auditTicker (/Users/yann/spx-app/scripts/audit-pages-full.ts:51:19)
    at async main (/Users/yann/spx-app/scripts/audit-pages-full.ts:153:17)
kpi_requests merge failed for CHTR: Error: supabaseUrl is required.
    at validateSupabaseUrl (/Users/yann/spx-app/node_modules/@supabase/supabase-js/src/lib/helpers.ts:86:11)
    at new SupabaseClient (/Users/yann/spx-app/node_modules/@supabase/supabase-js/src/SupabaseClient.ts:284:21)
    at createClient (/Users/yann/spx-app/node_modules/@supabase/supabase-js/src/index.ts:65:10)
    at loadV17CompanyBrut (/Users/yann/spx-app/src/lib/company-core/load-company.ts:1843:18)
    at async loadV17Company (/Users/yann/spx-app/src/lib/company-core/load-company.ts:493:14)
    at async auditTicker (/Users/yann/spx-app/scripts/audit-pages-full.ts:51:19)
    at async main (/Users/yann/spx-app/scripts/audit-pages-full.ts:153:17)
image_findings merge failed for CHTR: Error: supabaseUrl is required.
    at validateSupabaseUrl (/Users/yann/spx-app/node_modules/@supabase/supabase-js/src/lib/helpers.ts:86:11)
    at new SupabaseClient (/Users/yann/spx-app/node_modules/@supabase/supabase-js/src/SupabaseClient.ts:284:21)
    at createClient (/Users/yann/spx-app/node_modules/@supabase/supabase-js/src/index.ts:65:10)
    at admin (/Users/yann/spx-app/src/lib/desk/image-findings.ts:118:10)
    at listApprovedForTicker (/Users/yann/spx-app/src/lib/desk/image-findings.ts:222:16)
    at loadV17CompanyBrut (/Users/yann/spx-app/src/lib/company-core/load-company.ts:1906:30)
    at async loadV17Company (/Users/yann/spx-app/src/lib/company-core/load-company.ts:493:14)
    at async auditTicker (/Users/yann/spx-app/scripts/audit-pages-full.ts:51:19)
    at async main (/Users/yann/spx-app/scripts/audit-pages-full.ts:153:17)
[hero-kpi-overrides] refetch failed, using stale cache Error: SUPABASE_SERVICE_ROLE_KEY manquante — vérifier .env.local
    at createSupabaseAdminClient (/Users/yann/spx-app/src/lib/supabase/admin.ts:16:11)
    at fetchAll (/Users/yann/spx-app/src/lib/company-core/hero-kpi-overrides.ts:31:20)
    at getHeroKpiOverride (/Users/yann/spx-app/src/lib/company-core/hero-kpi-overrides.ts:58:21)
    at loadV17CompanyBrut (/Users/yann/spx-app/src/lib/company-core/load-company.ts:3090:28)
    at async loadV17Company (/Users/yann/spx-app/src/lib/company-core/load-company.ts:493:14)
    at async auditTicker (/Users/yann/spx-app/scripts/audit-pages-full.ts:51:19)
    at async main (/Users/yann/spx-app/scripts/audit-pages-full.ts:153:17)
special_kpis merge failed for COF: Error: supabaseUrl is required.
    at validateSupabaseUrl (/Users/yann/spx-app/node_modules/@supabase/supabase-js/src/lib/helpers.ts:86:11)
    at new SupabaseClient (/Users/yann/spx-app/node_modules/@supabase/supabase-js/src/SupabaseClient.ts:284:21)
    at createClient (/Users/yann/spx-app/node_modules/@supabase/supabase-js/src/index.ts:65:10)
    at admin (/Users/yann/spx-app/src/lib/desk/special-kpis.ts:152:10)
    at listPublishedForTicker (/Users/yann/spx-app/src/lib/desk/special-kpis.ts:175:16)
    at loadV17CompanyBrut (/Users/yann/spx-app/src/lib/company-core/load-company.ts:1779:30)
    at async loadV17Company (/Users/yann/spx-app/src/lib/company-core/load-company.ts:493:14)
    at async auditTicker (/Users/yann/spx-app/scripts/audit-pages-full.ts:51:19)
    at async main (/Users/yann/spx-app/scripts/audit-pages-full.ts:153:17)
kpi_requests merge failed for COF: Error: supabaseUrl is required.
    at validateSupabaseUrl (/Users/yann/spx-app/node_modules/@supabase/supabase-js/src/lib/helpers.ts:86:11)
    at new SupabaseClient (/Users/yann/spx-app/node_modules/@supabase/supabase-js/src/SupabaseClient.ts:284:21)
    at createClient (/Users/yann/spx-app/node_modules/@supabase/supabase-js/src/index.ts:65:10)
    at loadV17CompanyBrut (/Users/yann/spx-app/src/lib/company-core/load-company.ts:1843:18)
    at async loadV17Company (/Users/yann/spx-app/src/lib/company-core/load-company.ts:493:14)
    at async auditTicker (/Users/yann/spx-app/scripts/audit-pages-full.ts:51:19)
    at async main (/Users/yann/spx-app/scripts/audit-pages-full.ts:153:17)
image_findings merge failed for COF: Error: supabaseUrl is required.
    at validateSupabaseUrl (/Users/yann/spx-app/node_modules/@supabase/supabase-js/src/lib/helpers.ts:86:11)
    at new SupabaseClient (/Users/yann/spx-app/node_modules/@supabase/supabase-js/src/SupabaseClient.ts:284:21)
    at createClient (/Users/yann/spx-app/node_modules/@supabase/supabase-js/src/index.ts:65:10)
    at admin (/Users/yann/spx-app/src/lib/desk/image-findings.ts:118:10)
    at listApprovedForTicker (/Users/yann/spx-app/src/lib/desk/image-findings.ts:222:16)
    at loadV17CompanyBrut (/Users/yann/spx-app/src/lib/company-core/load-company.ts:1906:30)
    at async loadV17Company (/Users/yann/spx-app/src/lib/company-core/load-company.ts:493:14)
    at async auditTicker (/Users/yann/spx-app/scripts/audit-pages-full.ts:51:19)
    at async main (/Users/yann/spx-app/scripts/audit-pages-full.ts:153:17)
[hero-kpi-overrides] refetch failed, using stale cache Error: SUPABASE_SERVICE_ROLE_KEY manquante — vérifier .env.local
    at createSupabaseAdminClient (/Users/yann/spx-app/src/lib/supabase/admin.ts:16:11)
    at fetchAll (/Users/yann/spx-app/src/lib/company-core/hero-kpi-overrides.ts:31:20)
    at getHeroKpiOverride (/Users/yann/spx-app/src/lib/company-core/hero-kpi-overrides.ts:58:21)
    at loadV17CompanyBrut (/Users/yann/spx-app/src/lib/company-core/load-company.ts:3090:28)
    at async loadV17Company (/Users/yann/spx-app/src/lib/company-core/load-company.ts:493:14)
    at async auditTicker (/Users/yann/spx-app/scripts/audit-pages-full.ts:51:19)
    at async main (/Users/yann/spx-app/scripts/audit-pages-full.ts:153:17)
special_kpis merge failed for CTAS: Error: supabaseUrl is required.
    at validateSupabaseUrl (/Users/yann/spx-app/node_modules/@supabase/supabase-js/src/lib/helpers.ts:86:11)
    at new SupabaseClient (/Users/yann/spx-app/node_modules/@supabase/supabase-js/src/SupabaseClient.ts:284:21)
    at createClient (/Users/yann/spx-app/node_modules/@supabase/supabase-js/src/index.ts:65:10)
    at admin (/Users/yann/spx-app/src/lib/desk/special-kpis.ts:152:10)
    at listPublishedForTicker (/Users/yann/spx-app/src/lib/desk/special-kpis.ts:175:16)
    at loadV17CompanyBrut (/Users/yann/spx-app/src/lib/company-core/load-company.ts:1779:30)
    at async loadV17Company (/Users/yann/spx-app/src/lib/company-core/load-company.ts:493:14)
    at async auditTicker (/Users/yann/spx-app/scripts/audit-pages-full.ts:51:19)
    at async main (/Users/yann/spx-app/scripts/audit-pages-full.ts:153:17)
kpi_requests merge failed for CTAS: Error: supabaseUrl is required.
    at validateSupabaseUrl (/Users/yann/spx-app/node_modules/@supabase/supabase-js/src/lib/helpers.ts:86:11)
    at new SupabaseClient (/Users/yann/spx-app/node_modules/@supabase/supabase-js/src/SupabaseClient.ts:284:21)
    at createClient (/Users/yann/spx-app/node_modules/@supabase/supabase-js/src/index.ts:65:10)
    at loadV17CompanyBrut (/Users/yann/spx-app/src/lib/company-core/load-company.ts:1843:18)
    at async loadV17Company (/Users/yann/spx-app/src/lib/company-core/load-company.ts:493:14)
    at async auditTicker (/Users/yann/spx-app/scripts/audit-pages-full.ts:51:19)
    at async main (/Users/yann/spx-app/scripts/audit-pages-full.ts:153:17)
image_findings merge failed for CTAS: Error: supabaseUrl is required.
    at validateSupabaseUrl (/Users/yann/spx-app/node_modules/@supabase/supabase-js/src/lib/helpers.ts:86:11)
    at new SupabaseClient (/Users/yann/spx-app/node_modules/@supabase/supabase-js/src/SupabaseClient.ts:284:21)
    at createClient (/Users/yann/spx-app/node_modules/@supabase/supabase-js/src/index.ts:65:10)
    at admin (/Users/yann/spx-app/src/lib/desk/image-findings.ts:118:10)
    at listApprovedForTicker (/Users/yann/spx-app/src/lib/desk/image-findings.ts:222:16)
    at loadV17CompanyBrut (/Users/yann/spx-app/src/lib/company-core/load-company.ts:1906:30)
    at async loadV17Company (/Users/yann/spx-app/src/lib/company-core/load-company.ts:493:14)
    at async auditTicker (/Users/yann/spx-app/scripts/audit-pages-full.ts:51:19)
    at async main (/Users/yann/spx-app/scripts/audit-pages-full.ts:153:17)
[hero-kpi-overrides] refetch failed, using stale cache Error: SUPABASE_SERVICE_ROLE_KEY manquante — vérifier .env.local
    at createSupabaseAdminClient (/Users/yann/spx-app/src/lib/supabase/admin.ts:16:11)
    at fetchAll (/Users/yann/spx-app/src/lib/company-core/hero-kpi-overrides.ts:31:20)
    at getHeroKpiOverride (/Users/yann/spx-app/src/lib/company-core/hero-kpi-overrides.ts:58:21)
    at loadV17CompanyBrut (/Users/yann/spx-app/src/lib/company-core/load-company.ts:3090:28)
    at async loadV17Company (/Users/yann/spx-app/src/lib/company-core/load-company.ts:493:14)
    at async auditTicker (/Users/yann/spx-app/scripts/audit-pages-full.ts:51:19)
    at async main (/Users/yann/spx-app/scripts/audit-pages-full.ts:153:17)
special_kpis merge failed for CTVA: Error: supabaseUrl is required.
    at validateSupabaseUrl (/Users/yann/spx-app/node_modules/@supabase/supabase-js/src/lib/helpers.ts:86:11)
    at new SupabaseClient (/Users/yann/spx-app/node_modules/@supabase/supabase-js/src/SupabaseClient.ts:284:21)
    at createClient (/Users/yann/spx-app/node_modules/@supabase/supabase-js/src/index.ts:65:10)
    at admin (/Users/yann/spx-app/src/lib/desk/special-kpis.ts:152:10)
    at listPublishedForTicker (/Users/yann/spx-app/src/lib/desk/special-kpis.ts:175:16)
    at loadV17CompanyBrut (/Users/yann/spx-app/src/lib/company-core/load-company.ts:1779:30)
    at async loadV17Company (/Users/yann/spx-app/src/lib/company-core/load-company.ts:493:14)
    at async auditTicker (/Users/yann/spx-app/scripts/audit-pages-full.ts:51:19)
    at async main (/Users/yann/spx-app/scripts/audit-pages-full.ts:153:17)
kpi_requests merge failed for CTVA: Error: supabaseUrl is required.
    at validateSupabaseUrl (/Users/yann/spx-app/node_modules/@supabase/supabase-js/src/lib/helpers.ts:86:11)
    at new SupabaseClient (/Users/yann/spx-app/node_modules/@supabase/supabase-js/src/SupabaseClient.ts:284:21)
    at createClient (/Users/yann/spx-app/node_modules/@supabase/supabase-js/src/index.ts:65:10)
    at loadV17CompanyBrut (/Users/yann/spx-app/src/lib/company-core/load-company.ts:1843:18)
    at async loadV17Company (/Users/yann/spx-app/src/lib/company-core/load-company.ts:493:14)
    at async auditTicker (/Users/yann/spx-app/scripts/audit-pages-full.ts:51:19)
    at async main (/Users/yann/spx-app/scripts/audit-pages-full.ts:153:17)
image_findings merge failed for CTVA: Error: supabaseUrl is required.
    at validateSupabaseUrl (/Users/yann/spx-app/node_modules/@supabase/supabase-js/src/lib/helpers.ts:86:11)
    at new SupabaseClient (/Users/yann/spx-app/node_modules/@supabase/supabase-js/src/SupabaseClient.ts:284:21)
    at createClient (/Users/yann/spx-app/node_modules/@supabase/supabase-js/src/index.ts:65:10)
    at admin (/Users/yann/spx-app/src/lib/desk/image-findings.ts:118:10)
    at listApprovedForTicker (/Users/yann/spx-app/src/lib/desk/image-findings.ts:222:16)
    at loadV17CompanyBrut (/Users/yann/spx-app/src/lib/company-core/load-company.ts:1906:30)
    at async loadV17Company (/Users/yann/spx-app/src/lib/company-core/load-company.ts:493:14)
    at async auditTicker (/Users/yann/spx-app/scripts/audit-pages-full.ts:51:19)
    at async main (/Users/yann/spx-app/scripts/audit-pages-full.ts:153:17)
[hero-kpi-overrides] refetch failed, using stale cache Error: SUPABASE_SERVICE_ROLE_KEY manquante — vérifier .env.local
    at createSupabaseAdminClient (/Users/yann/spx-app/src/lib/supabase/admin.ts:16:11)
    at fetchAll (/Users/yann/spx-app/src/lib/company-core/hero-kpi-overrides.ts:31:20)
    at getHeroKpiOverride (/Users/yann/spx-app/src/lib/company-core/hero-kpi-overrides.ts:58:21)
    at loadV17CompanyBrut (/Users/yann/spx-app/src/lib/company-core/load-company.ts:3090:28)
    at async loadV17Company (/Users/yann/spx-app/src/lib/company-core/load-company.ts:493:14)
    at async auditTicker (/Users/yann/spx-app/scripts/audit-pages-full.ts:51:19)
    at async main (/Users/yann/spx-app/scripts/audit-pages-full.ts:153:17)
special_kpis merge failed for DELL: Error: supabaseUrl is required.
    at validateSupabaseUrl (/Users/yann/spx-app/node_modules/@supabase/supabase-js/src/lib/helpers.ts:86:11)
    at new SupabaseClient (/Users/yann/spx-app/node_modules/@supabase/supabase-js/src/SupabaseClient.ts:284:21)
    at createClient (/Users/yann/spx-app/node_modules/@supabase/supabase-js/src/index.ts:65:10)
    at admin (/Users/yann/spx-app/src/lib/desk/special-kpis.ts:152:10)
    at listPublishedForTicker (/Users/yann/spx-app/src/lib/desk/special-kpis.ts:175:16)
    at loadV17CompanyBrut (/Users/yann/spx-app/src/lib/company-core/load-company.ts:1779:30)
    at async loadV17Company (/Users/yann/spx-app/src/lib/company-core/load-company.ts:493:14)
    at async auditTicker (/Users/yann/spx-app/scripts/audit-pages-full.ts:51:19)
    at async main (/Users/yann/spx-app/scripts/audit-pages-full.ts:153:17)
kpi_requests merge failed for DELL: Error: supabaseUrl is required.
    at validateSupabaseUrl (/Users/yann/spx-app/node_modules/@supabase/supabase-js/src/lib/helpers.ts:86:11)
    at new SupabaseClient (/Users/yann/spx-app/node_modules/@supabase/supabase-js/src/SupabaseClient.ts:284:21)
    at createClient (/Users/yann/spx-app/node_modules/@supabase/supabase-js/src/index.ts:65:10)
    at loadV17CompanyBrut (/Users/yann/spx-app/src/lib/company-core/load-company.ts:1843:18)
    at async loadV17Company (/Users/yann/spx-app/src/lib/company-core/load-company.ts:493:14)
    at async auditTicker (/Users/yann/spx-app/scripts/audit-pages-full.ts:51:19)
    at async main (/Users/yann/spx-app/scripts/audit-pages-full.ts:153:17)
image_findings merge failed for DELL: Error: supabaseUrl is required.
    at validateSupabaseUrl (/Users/yann/spx-app/node_modules/@supabase/supabase-js/src/lib/helpers.ts:86:11)
    at new SupabaseClient (/Users/yann/spx-app/node_modules/@supabase/supabase-js/src/SupabaseClient.ts:284:21)
    at createClient (/Users/yann/spx-app/node_modules/@supabase/supabase-js/src/index.ts:65:10)
    at admin (/Users/yann/spx-app/src/lib/desk/image-findings.ts:118:10)
    at listApprovedForTicker (/Users/yann/spx-app/src/lib/desk/image-findings.ts:222:16)
    at loadV17CompanyBrut (/Users/yann/spx-app/src/lib/company-core/load-company.ts:1906:30)
    at async loadV17Company (/Users/yann/spx-app/src/lib/company-core/load-company.ts:493:14)
    at async auditTicker (/Users/yann/spx-app/scripts/audit-pages-full.ts:51:19)
    at async main (/Users/yann/spx-app/scripts/audit-pages-full.ts:153:17)
[hero-kpi-overrides] refetch failed, using stale cache Error: SUPABASE_SERVICE_ROLE_KEY manquante — vérifier .env.local
    at createSupabaseAdminClient (/Users/yann/spx-app/src/lib/supabase/admin.ts:16:11)
    at fetchAll (/Users/yann/spx-app/src/lib/company-core/hero-kpi-overrides.ts:31:20)
    at getHeroKpiOverride (/Users/yann/spx-app/src/lib/company-core/hero-kpi-overrides.ts:58:21)
    at loadV17CompanyBrut (/Users/yann/spx-app/src/lib/company-core/load-company.ts:3090:28)
    at async loadV17Company (/Users/yann/spx-app/src/lib/company-core/load-company.ts:493:14)
    at async auditTicker (/Users/yann/spx-app/scripts/audit-pages-full.ts:51:19)
    at async main (/Users/yann/spx-app/scripts/audit-pages-full.ts:153:17)
special_kpis merge failed for DHI: Error: supabaseUrl is required.
    at validateSupabaseUrl (/Users/yann/spx-app/node_modules/@supabase/supabase-js/src/lib/helpers.ts:86:11)
    at new SupabaseClient (/Users/yann/spx-app/node_modules/@supabase/supabase-js/src/SupabaseClient.ts:284:21)
    at createClient (/Users/yann/spx-app/node_modules/@supabase/supabase-js/src/index.ts:65:10)
    at admin (/Users/yann/spx-app/src/lib/desk/special-kpis.ts:152:10)
    at listPublishedForTicker (/Users/yann/spx-app/src/lib/desk/special-kpis.ts:175:16)
    at loadV17CompanyBrut (/Users/yann/spx-app/src/lib/company-core/load-company.ts:1779:30)
    at async loadV17Company (/Users/yann/spx-app/src/lib/company-core/load-company.ts:493:14)
    at async auditTicker (/Users/yann/spx-app/scripts/audit-pages-full.ts:51:19)
    at async main (/Users/yann/spx-app/scripts/audit-pages-full.ts:153:17)
kpi_requests merge failed for DHI: Error: supabaseUrl is required.
    at validateSupabaseUrl (/Users/yann/spx-app/node_modules/@supabase/supabase-js/src/lib/helpers.ts:86:11)
    at new SupabaseClient (/Users/yann/spx-app/node_modules/@supabase/supabase-js/src/SupabaseClient.ts:284:21)
    at createClient (/Users/yann/spx-app/node_modules/@supabase/supabase-js/src/index.ts:65:10)
    at loadV17CompanyBrut (/Users/yann/spx-app/src/lib/company-core/load-company.ts:1843:18)
    at async loadV17Company (/Users/yann/spx-app/src/lib/company-core/load-company.ts:493:14)
    at async auditTicker (/Users/yann/spx-app/scripts/audit-pages-full.ts:51:19)
    at async main (/Users/yann/spx-app/scripts/audit-pages-full.ts:153:17)
image_findings merge failed for DHI: Error: supabaseUrl is required.
    at validateSupabaseUrl (/Users/yann/spx-app/node_modules/@supabase/supabase-js/src/lib/helpers.ts:86:11)
    at new SupabaseClient (/Users/yann/spx-app/node_modules/@supabase/supabase-js/src/SupabaseClient.ts:284:21)
    at createClient (/Users/yann/spx-app/node_modules/@supabase/supabase-js/src/index.ts:65:10)
    at admin (/Users/yann/spx-app/src/lib/desk/image-findings.ts:118:10)
    at listApprovedForTicker (/Users/yann/spx-app/src/lib/desk/image-findings.ts:222:16)
    at loadV17CompanyBrut (/Users/yann/spx-app/src/lib/company-core/load-company.ts:1906:30)
    at async loadV17Company (/Users/yann/spx-app/src/lib/company-core/load-company.ts:493:14)
    at async auditTicker (/Users/yann/spx-app/scripts/audit-pages-full.ts:51:19)
    at async main (/Users/yann/spx-app/scripts/audit-pages-full.ts:153:17)
[hero-kpi-overrides] refetch failed, using stale cache Error: SUPABASE_SERVICE_ROLE_KEY manquante — vérifier .env.local
    at createSupabaseAdminClient (/Users/yann/spx-app/src/lib/supabase/admin.ts:16:11)
    at fetchAll (/Users/yann/spx-app/src/lib/company-core/hero-kpi-overrides.ts:31:20)
    at getHeroKpiOverride (/Users/yann/spx-app/src/lib/company-core/hero-kpi-overrides.ts:58:21)
    at loadV17CompanyBrut (/Users/yann/spx-app/src/lib/company-core/load-company.ts:3090:28)
    at async loadV17Company (/Users/yann/spx-app/src/lib/company-core/load-company.ts:493:14)
    at async auditTicker (/Users/yann/spx-app/scripts/audit-pages-full.ts:51:19)
    at async main (/Users/yann/spx-app/scripts/audit-pages-full.ts:153:17)
special_kpis merge failed for EXE: Error: supabaseUrl is required.
    at validateSupabaseUrl (/Users/yann/spx-app/node_modules/@supabase/supabase-js/src/lib/helpers.ts:86:11)
    at new SupabaseClient (/Users/yann/spx-app/node_modules/@supabase/supabase-js/src/SupabaseClient.ts:284:21)
    at createClient (/Users/yann/spx-app/node_modules/@supabase/supabase-js/src/index.ts:65:10)
    at admin (/Users/yann/spx-app/src/lib/desk/special-kpis.ts:152:10)
    at listPublishedForTicker (/Users/yann/spx-app/src/lib/desk/special-kpis.ts:175:16)
    at loadV17CompanyBrut (/Users/yann/spx-app/src/lib/company-core/load-company.ts:1779:30)
    at async loadV17Company (/Users/yann/spx-app/src/lib/company-core/load-company.ts:493:14)
    at async auditTicker (/Users/yann/spx-app/scripts/audit-pages-full.ts:51:19)
    at async main (/Users/yann/spx-app/scripts/audit-pages-full.ts:153:17)
kpi_requests merge failed for EXE: Error: supabaseUrl is required.
    at validateSupabaseUrl (/Users/yann/spx-app/node_modules/@supabase/supabase-js/src/lib/helpers.ts:86:11)
    at new SupabaseClient (/Users/yann/spx-app/node_modules/@supabase/supabase-js/src/SupabaseClient.ts:284:21)
    at createClient (/Users/yann/spx-app/node_modules/@supabase/supabase-js/src/index.ts:65:10)
    at loadV17CompanyBrut (/Users/yann/spx-app/src/lib/company-core/load-company.ts:1843:18)
    at async loadV17Company (/Users/yann/spx-app/src/lib/company-core/load-company.ts:493:14)
    at async auditTicker (/Users/yann/spx-app/scripts/audit-pages-full.ts:51:19)
    at async main (/Users/yann/spx-app/scripts/audit-pages-full.ts:153:17)
image_findings merge failed for EXE: Error: supabaseUrl is required.
    at validateSupabaseUrl (/Users/yann/spx-app/node_modules/@supabase/supabase-js/src/lib/helpers.ts:86:11)
    at new SupabaseClient (/Users/yann/spx-app/node_modules/@supabase/supabase-js/src/SupabaseClient.ts:284:21)
    at createClient (/Users/yann/spx-app/node_modules/@supabase/supabase-js/src/index.ts:65:10)
    at admin (/Users/yann/spx-app/src/lib/desk/image-findings.ts:118:10)
    at listApprovedForTicker (/Users/yann/spx-app/src/lib/desk/image-findings.ts:222:16)
    at loadV17CompanyBrut (/Users/yann/spx-app/src/lib/company-core/load-company.ts:1906:30)
    at async loadV17Company (/Users/yann/spx-app/src/lib/company-core/load-company.ts:493:14)
    at async auditTicker (/Users/yann/spx-app/scripts/audit-pages-full.ts:51:19)
    at async main (/Users/yann/spx-app/scripts/audit-pages-full.ts:153:17)
[hero-kpi-overrides] refetch failed, using stale cache Error: SUPABASE_SERVICE_ROLE_KEY manquante — vérifier .env.local
    at createSupabaseAdminClient (/Users/yann/spx-app/src/lib/supabase/admin.ts:16:11)
    at fetchAll (/Users/yann/spx-app/src/lib/company-core/hero-kpi-overrides.ts:31:20)
    at getHeroKpiOverride (/Users/yann/spx-app/src/lib/company-core/hero-kpi-overrides.ts:58:21)
    at loadV17CompanyBrut (/Users/yann/spx-app/src/lib/company-core/load-company.ts:3090:28)
    at async loadV17Company (/Users/yann/spx-app/src/lib/company-core/load-company.ts:493:14)
    at async auditTicker (/Users/yann/spx-app/scripts/audit-pages-full.ts:51:19)
    at async main (/Users/yann/spx-app/scripts/audit-pages-full.ts:153:17)
special_kpis merge failed for FLEX: Error: supabaseUrl is required.
    at validateSupabaseUrl (/Users/yann/spx-app/node_modules/@supabase/supabase-js/src/lib/helpers.ts:86:11)
    at new SupabaseClient (/Users/yann/spx-app/node_modules/@supabase/supabase-js/src/SupabaseClient.ts:284:21)
    at createClient (/Users/yann/spx-app/node_modules/@supabase/supabase-js/src/index.ts:65:10)
    at admin (/Users/yann/spx-app/src/lib/desk/special-kpis.ts:152:10)
    at listPublishedForTicker (/Users/yann/spx-app/src/lib/desk/special-kpis.ts:175:16)
    at loadV17CompanyBrut (/Users/yann/spx-app/src/lib/company-core/load-company.ts:1779:30)
    at async loadV17Company (/Users/yann/spx-app/src/lib/company-core/load-company.ts:493:14)
    at async auditTicker (/Users/yann/spx-app/scripts/audit-pages-full.ts:51:19)
    at async main (/Users/yann/spx-app/scripts/audit-pages-full.ts:153:17)
kpi_requests merge failed for FLEX: Error: supabaseUrl is required.
    at validateSupabaseUrl (/Users/yann/spx-app/node_modules/@supabase/supabase-js/src/lib/helpers.ts:86:11)
    at new SupabaseClient (/Users/yann/spx-app/node_modules/@supabase/supabase-js/src/SupabaseClient.ts:284:21)
    at createClient (/Users/yann/spx-app/node_modules/@supabase/supabase-js/src/index.ts:65:10)
    at loadV17CompanyBrut (/Users/yann/spx-app/src/lib/company-core/load-company.ts:1843:18)
    at async loadV17Company (/Users/yann/spx-app/src/lib/company-core/load-company.ts:493:14)
    at async auditTicker (/Users/yann/spx-app/scripts/audit-pages-full.ts:51:19)
    at async main (/Users/yann/spx-app/scripts/audit-pages-full.ts:153:17)
image_findings merge failed for FLEX: Error: supabaseUrl is required.
    at validateSupabaseUrl (/Users/yann/spx-app/node_modules/@supabase/supabase-js/src/lib/helpers.ts:86:11)
    at new SupabaseClient (/Users/yann/spx-app/node_modules/@supabase/supabase-js/src/SupabaseClient.ts:284:21)
    at createClient (/Users/yann/spx-app/node_modules/@supabase/supabase-js/src/index.ts:65:10)
    at admin (/Users/yann/spx-app/src/lib/desk/image-findings.ts:118:10)
    at listApprovedForTicker (/Users/yann/spx-app/src/lib/desk/image-findings.ts:222:16)
    at loadV17CompanyBrut (/Users/yann/spx-app/src/lib/company-core/load-company.ts:1906:30)
    at async loadV17Company (/Users/yann/spx-app/src/lib/company-core/load-company.ts:493:14)
    at async auditTicker (/Users/yann/spx-app/scripts/audit-pages-full.ts:51:19)
    at async main (/Users/yann/spx-app/scripts/audit-pages-full.ts:153:17)
[hero-kpi-overrides] refetch failed, using stale cache Error: SUPABASE_SERVICE_ROLE_KEY manquante — vérifier .env.local
    at createSupabaseAdminClient (/Users/yann/spx-app/src/lib/supabase/admin.ts:16:11)
    at fetchAll (/Users/yann/spx-app/src/lib/company-core/hero-kpi-overrides.ts:31:20)
    at getHeroKpiOverride (/Users/yann/spx-app/src/lib/company-core/hero-kpi-overrides.ts:58:21)
    at loadV17CompanyBrut (/Users/yann/spx-app/src/lib/company-core/load-company.ts:3090:28)
    at async loadV17Company (/Users/yann/spx-app/src/lib/company-core/load-company.ts:493:14)
    at async auditTicker (/Users/yann/spx-app/scripts/audit-pages-full.ts:51:19)
    at async main (/Users/yann/spx-app/scripts/audit-pages-full.ts:153:17)
special_kpis merge failed for NWS: Error: supabaseUrl is required.
    at validateSupabaseUrl (/Users/yann/spx-app/node_modules/@supabase/supabase-js/src/lib/helpers.ts:86:11)
    at new SupabaseClient (/Users/yann/spx-app/node_modules/@supabase/supabase-js/src/SupabaseClient.ts:284:21)
    at createClient (/Users/yann/spx-app/node_modules/@supabase/supabase-js/src/index.ts:65:10)
    at admin (/Users/yann/spx-app/src/lib/desk/special-kpis.ts:152:10)
    at listPublishedForTicker (/Users/yann/spx-app/src/lib/desk/special-kpis.ts:175:16)
    at loadV17CompanyBrut (/Users/yann/spx-app/src/lib/company-core/load-company.ts:1779:30)
    at async loadV17Company (/Users/yann/spx-app/src/lib/company-core/load-company.ts:493:14)
    at async auditTicker (/Users/yann/spx-app/scripts/audit-pages-full.ts:51:19)
    at async main (/Users/yann/spx-app/scripts/audit-pages-full.ts:153:17)
kpi_requests merge failed for NWS: Error: supabaseUrl is required.
    at validateSupabaseUrl (/Users/yann/spx-app/node_modules/@supabase/supabase-js/src/lib/helpers.ts:86:11)
    at new SupabaseClient (/Users/yann/spx-app/node_modules/@supabase/supabase-js/src/SupabaseClient.ts:284:21)
    at createClient (/Users/yann/spx-app/node_modules/@supabase/supabase-js/src/index.ts:65:10)
    at loadV17CompanyBrut (/Users/yann/spx-app/src/lib/company-core/load-company.ts:1843:18)
    at async loadV17Company (/Users/yann/spx-app/src/lib/company-core/load-company.ts:493:14)
    at async auditTicker (/Users/yann/spx-app/scripts/audit-pages-full.ts:51:19)
    at async main (/Users/yann/spx-app/scripts/audit-pages-full.ts:153:17)
image_findings merge failed for NWS: Error: supabaseUrl is required.
    at validateSupabaseUrl (/Users/yann/spx-app/node_modules/@supabase/supabase-js/src/lib/helpers.ts:86:11)
    at new SupabaseClient (/Users/yann/spx-app/node_modules/@supabase/supabase-js/src/SupabaseClient.ts:284:21)
    at createClient (/Users/yann/spx-app/node_modules/@supabase/supabase-js/src/index.ts:65:10)
    at admin (/Users/yann/spx-app/src/lib/desk/image-findings.ts:118:10)
    at listApprovedForTicker (/Users/yann/spx-app/src/lib/desk/image-findings.ts:222:16)
    at loadV17CompanyBrut (/Users/yann/spx-app/src/lib/company-core/load-company.ts:1906:30)
    at async loadV17Company (/Users/yann/spx-app/src/lib/company-core/load-company.ts:493:14)
    at async auditTicker (/Users/yann/spx-app/scripts/audit-pages-full.ts:51:19)
    at async main (/Users/yann/spx-app/scripts/audit-pages-full.ts:153:17)
[hero-kpi-overrides] refetch failed, using stale cache Error: SUPABASE_SERVICE_ROLE_KEY manquante — vérifier .env.local
    at createSupabaseAdminClient (/Users/yann/spx-app/src/lib/supabase/admin.ts:16:11)
    at fetchAll (/Users/yann/spx-app/src/lib/company-core/hero-kpi-overrides.ts:31:20)
    at getHeroKpiOverride (/Users/yann/spx-app/src/lib/company-core/hero-kpi-overrides.ts:58:21)
    at loadV17CompanyBrut (/Users/yann/spx-app/src/lib/company-core/load-company.ts:3090:28)
    at async loadV17Company (/Users/yann/spx-app/src/lib/company-core/load-company.ts:493:14)
    at async auditTicker (/Users/yann/spx-app/scripts/audit-pages-full.ts:51:19)
    at async main (/Users/yann/spx-app/scripts/audit-pages-full.ts:153:17)
special_kpis merge failed for NWSA: Error: supabaseUrl is required.
    at validateSupabaseUrl (/Users/yann/spx-app/node_modules/@supabase/supabase-js/src/lib/helpers.ts:86:11)
    at new SupabaseClient (/Users/yann/spx-app/node_modules/@supabase/supabase-js/src/SupabaseClient.ts:284:21)
    at createClient (/Users/yann/spx-app/node_modules/@supabase/supabase-js/src/index.ts:65:10)
    at admin (/Users/yann/spx-app/src/lib/desk/special-kpis.ts:152:10)
    at listPublishedForTicker (/Users/yann/spx-app/src/lib/desk/special-kpis.ts:175:16)
    at loadV17CompanyBrut (/Users/yann/spx-app/src/lib/company-core/load-company.ts:1779:30)
    at async loadV17Company (/Users/yann/spx-app/src/lib/company-core/load-company.ts:493:14)
    at async auditTicker (/Users/yann/spx-app/scripts/audit-pages-full.ts:51:19)
    at async main (/Users/yann/spx-app/scripts/audit-pages-full.ts:153:17)
kpi_requests merge failed for NWSA: Error: supabaseUrl is required.
    at validateSupabaseUrl (/Users/yann/spx-app/node_modules/@supabase/supabase-js/src/lib/helpers.ts:86:11)
    at new SupabaseClient (/Users/yann/spx-app/node_modules/@supabase/supabase-js/src/SupabaseClient.ts:284:21)
    at createClient (/Users/yann/spx-app/node_modules/@supabase/supabase-js/src/index.ts:65:10)
    at loadV17CompanyBrut (/Users/yann/spx-app/src/lib/company-core/load-company.ts:1843:18)
    at async loadV17Company (/Users/yann/spx-app/src/lib/company-core/load-company.ts:493:14)
    at async auditTicker (/Users/yann/spx-app/scripts/audit-pages-full.ts:51:19)
    at async main (/Users/yann/spx-app/scripts/audit-pages-full.ts:153:17)
image_findings merge failed for NWSA: Error: supabaseUrl is required.
    at validateSupabaseUrl (/Users/yann/spx-app/node_modules/@supabase/supabase-js/src/lib/helpers.ts:86:11)
    at new SupabaseClient (/Users/yann/spx-app/node_modules/@supabase/supabase-js/src/SupabaseClient.ts:284:21)
    at createClient (/Users/yann/spx-app/node_modules/@supabase/supabase-js/src/index.ts:65:10)
    at admin (/Users/yann/spx-app/src/lib/desk/image-findings.ts:118:10)
    at listApprovedForTicker (/Users/yann/spx-app/src/lib/desk/image-findings.ts:222:16)
    at loadV17CompanyBrut (/Users/yann/spx-app/src/lib/company-core/load-company.ts:1906:30)
    at async loadV17Company (/Users/yann/spx-app/src/lib/company-core/load-company.ts:493:14)
    at async auditTicker (/Users/yann/spx-app/scripts/audit-pages-full.ts:51:19)
    at async main (/Users/yann/spx-app/scripts/audit-pages-full.ts:153:17)
[hero-kpi-overrides] refetch failed, using stale cache Error: SUPABASE_SERVICE_ROLE_KEY manquante — vérifier .env.local
    at createSupabaseAdminClient (/Users/yann/spx-app/src/lib/supabase/admin.ts:16:11)
    at fetchAll (/Users/yann/spx-app/src/lib/company-core/hero-kpi-overrides.ts:31:20)
    at getHeroKpiOverride (/Users/yann/spx-app/src/lib/company-core/hero-kpi-overrides.ts:58:21)
    at loadV17CompanyBrut (/Users/yann/spx-app/src/lib/company-core/load-company.ts:3090:28)
    at async loadV17Company (/Users/yann/spx-app/src/lib/company-core/load-company.ts:493:14)
    at async auditTicker (/Users/yann/spx-app/scripts/audit-pages-full.ts:51:19)
    at async main (/Users/yann/spx-app/scripts/audit-pages-full.ts:153:17)
special_kpis merge failed for OKE: Error: supabaseUrl is required.
    at validateSupabaseUrl (/Users/yann/spx-app/node_modules/@supabase/supabase-js/src/lib/helpers.ts:86:11)
    at new SupabaseClient (/Users/yann/spx-app/node_modules/@supabase/supabase-js/src/SupabaseClient.ts:284:21)
    at createClient (/Users/yann/spx-app/node_modules/@supabase/supabase-js/src/index.ts:65:10)
    at admin (/Users/yann/spx-app/src/lib/desk/special-kpis.ts:152:10)
    at listPublishedForTicker (/Users/yann/spx-app/src/lib/desk/special-kpis.ts:175:16)
    at loadV17CompanyBrut (/Users/yann/spx-app/src/lib/company-core/load-company.ts:1779:30)
    at async loadV17Company (/Users/yann/spx-app/src/lib/company-core/load-company.ts:493:14)
    at async auditTicker (/Users/yann/spx-app/scripts/audit-pages-full.ts:51:19)
    at async main (/Users/yann/spx-app/scripts/audit-pages-full.ts:153:17)
kpi_requests merge failed for OKE: Error: supabaseUrl is required.
    at validateSupabaseUrl (/Users/yann/spx-app/node_modules/@supabase/supabase-js/src/lib/helpers.ts:86:11)
    at new SupabaseClient (/Users/yann/spx-app/node_modules/@supabase/supabase-js/src/SupabaseClient.ts:284:21)
    at createClient (/Users/yann/spx-app/node_modules/@supabase/supabase-js/src/index.ts:65:10)
    at loadV17CompanyBrut (/Users/yann/spx-app/src/lib/company-core/load-company.ts:1843:18)
    at async loadV17Company (/Users/yann/spx-app/src/lib/company-core/load-company.ts:493:14)
    at async auditTicker (/Users/yann/spx-app/scripts/audit-pages-full.ts:51:19)
    at async main (/Users/yann/spx-app/scripts/audit-pages-full.ts:153:17)
image_findings merge failed for OKE: Error: supabaseUrl is required.
    at validateSupabaseUrl (/Users/yann/spx-app/node_modules/@supabase/supabase-js/src/lib/helpers.ts:86:11)
    at new SupabaseClient (/Users/yann/spx-app/node_modules/@supabase/supabase-js/src/SupabaseClient.ts:284:21)
    at createClient (/Users/yann/spx-app/node_modules/@supabase/supabase-js/src/index.ts:65:10)
    at admin (/Users/yann/spx-app/src/lib/desk/image-findings.ts:118:10)
    at listApprovedForTicker (/Users/yann/spx-app/src/lib/desk/image-findings.ts:222:16)
    at loadV17CompanyBrut (/Users/yann/spx-app/src/lib/company-core/load-company.ts:1906:30)
    at async loadV17Company (/Users/yann/spx-app/src/lib/company-core/load-company.ts:493:14)
    at async auditTicker (/Users/yann/spx-app/scripts/audit-pages-full.ts:51:19)
    at async main (/Users/yann/spx-app/scripts/audit-pages-full.ts:153:17)
[hero-kpi-overrides] refetch failed, using stale cache Error: SUPABASE_SERVICE_ROLE_KEY manquante — vérifier .env.local
    at createSupabaseAdminClient (/Users/yann/spx-app/src/lib/supabase/admin.ts:16:11)
    at fetchAll (/Users/yann/spx-app/src/lib/company-core/hero-kpi-overrides.ts:31:20)
    at getHeroKpiOverride (/Users/yann/spx-app/src/lib/company-core/hero-kpi-overrides.ts:58:21)
    at loadV17CompanyBrut (/Users/yann/spx-app/src/lib/company-core/load-company.ts:3090:28)
    at async loadV17Company (/Users/yann/spx-app/src/lib/company-core/load-company.ts:493:14)
    at async auditTicker (/Users/yann/spx-app/scripts/audit-pages-full.ts:51:19)
    at async main (/Users/yann/spx-app/scripts/audit-pages-full.ts:153:17)
special_kpis merge failed for OTIS: Error: supabaseUrl is required.
    at validateSupabaseUrl (/Users/yann/spx-app/node_modules/@supabase/supabase-js/src/lib/helpers.ts:86:11)
    at new SupabaseClient (/Users/yann/spx-app/node_modules/@supabase/supabase-js/src/SupabaseClient.ts:284:21)
    at createClient (/Users/yann/spx-app/node_modules/@supabase/supabase-js/src/index.ts:65:10)
    at admin (/Users/yann/spx-app/src/lib/desk/special-kpis.ts:152:10)
    at listPublishedForTicker (/Users/yann/spx-app/src/lib/desk/special-kpis.ts:175:16)
    at loadV17CompanyBrut (/Users/yann/spx-app/src/lib/company-core/load-company.ts:1779:30)
    at async loadV17Company (/Users/yann/spx-app/src/lib/company-core/load-company.ts:493:14)
    at async auditTicker (/Users/yann/spx-app/scripts/audit-pages-full.ts:51:19)
    at async main (/Users/yann/spx-app/scripts/audit-pages-full.ts:153:17)
kpi_requests merge failed for OTIS: Error: supabaseUrl is required.
    at validateSupabaseUrl (/Users/yann/spx-app/node_modules/@supabase/supabase-js/src/lib/helpers.ts:86:11)
    at new SupabaseClient (/Users/yann/spx-app/node_modules/@supabase/supabase-js/src/SupabaseClient.ts:284:21)
    at createClient (/Users/yann/spx-app/node_modules/@supabase/supabase-js/src/index.ts:65:10)
    at loadV17CompanyBrut (/Users/yann/spx-app/src/lib/company-core/load-company.ts:1843:18)
    at async loadV17Company (/Users/yann/spx-app/src/lib/company-core/load-company.ts:493:14)
    at async auditTicker (/Users/yann/spx-app/scripts/audit-pages-full.ts:51:19)
    at async main (/Users/yann/spx-app/scripts/audit-pages-full.ts:153:17)
image_findings merge failed for OTIS: Error: supabaseUrl is required.
    at validateSupabaseUrl (/Users/yann/spx-app/node_modules/@supabase/supabase-js/src/lib/helpers.ts:86:11)
    at new SupabaseClient (/Users/yann/spx-app/node_modules/@supabase/supabase-js/src/SupabaseClient.ts:284:21)
    at createClient (/Users/yann/spx-app/node_modules/@supabase/supabase-js/src/index.ts:65:10)
    at admin (/Users/yann/spx-app/src/lib/desk/image-findings.ts:118:10)
    at listApprovedForTicker (/Users/yann/spx-app/src/lib/desk/image-findings.ts:222:16)
    at loadV17CompanyBrut (/Users/yann/spx-app/src/lib/company-core/load-company.ts:1906:30)
    at async loadV17Company (/Users/yann/spx-app/src/lib/company-core/load-company.ts:493:14)
    at async auditTicker (/Users/yann/spx-app/scripts/audit-pages-full.ts:51:19)
    at async main (/Users/yann/spx-app/scripts/audit-pages-full.ts:153:17)
[hero-kpi-overrides] refetch failed, using stale cache Error: SUPABASE_SERVICE_ROLE_KEY manquante — vérifier .env.local
    at createSupabaseAdminClient (/Users/yann/spx-app/src/lib/supabase/admin.ts:16:11)
    at fetchAll (/Users/yann/spx-app/src/lib/company-core/hero-kpi-overrides.ts:31:20)
    at getHeroKpiOverride (/Users/yann/spx-app/src/lib/company-core/hero-kpi-overrides.ts:58:21)
    at loadV17CompanyBrut (/Users/yann/spx-app/src/lib/company-core/load-company.ts:3090:28)
    at async loadV17Company (/Users/yann/spx-app/src/lib/company-core/load-company.ts:493:14)
    at async auditTicker (/Users/yann/spx-app/scripts/audit-pages-full.ts:51:19)
    at async main (/Users/yann/spx-app/scripts/audit-pages-full.ts:153:17)
special_kpis merge failed for PWR: Error: supabaseUrl is required.
    at validateSupabaseUrl (/Users/yann/spx-app/node_modules/@supabase/supabase-js/src/lib/helpers.ts:86:11)
    at new SupabaseClient (/Users/yann/spx-app/node_modules/@supabase/supabase-js/src/SupabaseClient.ts:284:21)
    at createClient (/Users/yann/spx-app/node_modules/@supabase/supabase-js/src/index.ts:65:10)
    at admin (/Users/yann/spx-app/src/lib/desk/special-kpis.ts:152:10)
    at listPublishedForTicker (/Users/yann/spx-app/src/lib/desk/special-kpis.ts:175:16)
    at loadV17CompanyBrut (/Users/yann/spx-app/src/lib/company-core/load-company.ts:1779:30)
    at async loadV17Company (/Users/yann/spx-app/src/lib/company-core/load-company.ts:493:14)
    at async auditTicker (/Users/yann/spx-app/scripts/audit-pages-full.ts:51:19)
    at async main (/Users/yann/spx-app/scripts/audit-pages-full.ts:153:17)
kpi_requests merge failed for PWR: Error: supabaseUrl is required.
    at validateSupabaseUrl (/Users/yann/spx-app/node_modules/@supabase/supabase-js/src/lib/helpers.ts:86:11)
    at new SupabaseClient (/Users/yann/spx-app/node_modules/@supabase/supabase-js/src/SupabaseClient.ts:284:21)
    at createClient (/Users/yann/spx-app/node_modules/@supabase/supabase-js/src/index.ts:65:10)
    at loadV17CompanyBrut (/Users/yann/spx-app/src/lib/company-core/load-company.ts:1843:18)
    at async loadV17Company (/Users/yann/spx-app/src/lib/company-core/load-company.ts:493:14)
    at async auditTicker (/Users/yann/spx-app/scripts/audit-pages-full.ts:51:19)
    at async main (/Users/yann/spx-app/scripts/audit-pages-full.ts:153:17)
image_findings merge failed for PWR: Error: supabaseUrl is required.
    at validateSupabaseUrl (/Users/yann/spx-app/node_modules/@supabase/supabase-js/src/lib/helpers.ts:86:11)
    at new SupabaseClient (/Users/yann/spx-app/node_modules/@supabase/supabase-js/src/SupabaseClient.ts:284:21)
    at createClient (/Users/yann/spx-app/node_modules/@supabase/supabase-js/src/index.ts:65:10)
    at admin (/Users/yann/spx-app/src/lib/desk/image-findings.ts:118:10)
    at listApprovedForTicker (/Users/yann/spx-app/src/lib/desk/image-findings.ts:222:16)
    at loadV17CompanyBrut (/Users/yann/spx-app/src/lib/company-core/load-company.ts:1906:30)
    at async loadV17Company (/Users/yann/spx-app/src/lib/company-core/load-company.ts:493:14)
    at async auditTicker (/Users/yann/spx-app/scripts/audit-pages-full.ts:51:19)
    at async main (/Users/yann/spx-app/scripts/audit-pages-full.ts:153:17)
[hero-kpi-overrides] refetch failed, using stale cache Error: SUPABASE_SERVICE_ROLE_KEY manquante — vérifier .env.local
    at createSupabaseAdminClient (/Users/yann/spx-app/src/lib/supabase/admin.ts:16:11)
    at fetchAll (/Users/yann/spx-app/src/lib/company-core/hero-kpi-overrides.ts:31:20)
    at getHeroKpiOverride (/Users/yann/spx-app/src/lib/company-core/hero-kpi-overrides.ts:58:21)
    at loadV17CompanyBrut (/Users/yann/spx-app/src/lib/company-core/load-company.ts:3090:28)
    at async loadV17Company (/Users/yann/spx-app/src/lib/company-core/load-company.ts:493:14)
    at async auditTicker (/Users/yann/spx-app/scripts/audit-pages-full.ts:51:19)
    at async main (/Users/yann/spx-app/scripts/audit-pages-full.ts:153:17)
special_kpis merge failed for RKLB: Error: supabaseUrl is required.
    at validateSupabaseUrl (/Users/yann/spx-app/node_modules/@supabase/supabase-js/src/lib/helpers.ts:86:11)
    at new SupabaseClient (/Users/yann/spx-app/node_modules/@supabase/supabase-js/src/SupabaseClient.ts:284:21)
    at createClient (/Users/yann/spx-app/node_modules/@supabase/supabase-js/src/index.ts:65:10)
    at admin (/Users/yann/spx-app/src/lib/desk/special-kpis.ts:152:10)
    at listPublishedForTicker (/Users/yann/spx-app/src/lib/desk/special-kpis.ts:175:16)
    at loadV17CompanyBrut (/Users/yann/spx-app/src/lib/company-core/load-company.ts:1779:30)
    at async loadV17Company (/Users/yann/spx-app/src/lib/company-core/load-company.ts:493:14)
    at async auditTicker (/Users/yann/spx-app/scripts/audit-pages-full.ts:51:19)
    at async main (/Users/yann/spx-app/scripts/audit-pages-full.ts:153:17)
kpi_requests merge failed for RKLB: Error: supabaseUrl is required.
    at validateSupabaseUrl (/Users/yann/spx-app/node_modules/@supabase/supabase-js/src/lib/helpers.ts:86:11)
    at new SupabaseClient (/Users/yann/spx-app/node_modules/@supabase/supabase-js/src/SupabaseClient.ts:284:21)
    at createClient (/Users/yann/spx-app/node_modules/@supabase/supabase-js/src/index.ts:65:10)
    at loadV17CompanyBrut (/Users/yann/spx-app/src/lib/company-core/load-company.ts:1843:18)
    at async loadV17Company (/Users/yann/spx-app/src/lib/company-core/load-company.ts:493:14)
    at async auditTicker (/Users/yann/spx-app/scripts/audit-pages-full.ts:51:19)
    at async main (/Users/yann/spx-app/scripts/audit-pages-full.ts:153:17)
image_findings merge failed for RKLB: Error: supabaseUrl is required.
    at validateSupabaseUrl (/Users/yann/spx-app/node_modules/@supabase/supabase-js/src/lib/helpers.ts:86:11)
    at new SupabaseClient (/Users/yann/spx-app/node_modules/@supabase/supabase-js/src/SupabaseClient.ts:284:21)
    at createClient (/Users/yann/spx-app/node_modules/@supabase/supabase-js/src/index.ts:65:10)
    at admin (/Users/yann/spx-app/src/lib/desk/image-findings.ts:118:10)
    at listApprovedForTicker (/Users/yann/spx-app/src/lib/desk/image-findings.ts:222:16)
    at loadV17CompanyBrut (/Users/yann/spx-app/src/lib/company-core/load-company.ts:1906:30)
    at async loadV17Company (/Users/yann/spx-app/src/lib/company-core/load-company.ts:493:14)
    at async auditTicker (/Users/yann/spx-app/scripts/audit-pages-full.ts:51:19)
    at async main (/Users/yann/spx-app/scripts/audit-pages-full.ts:153:17)
[hero-kpi-overrides] refetch failed, using stale cache Error: SUPABASE_SERVICE_ROLE_KEY manquante — vérifier .env.local
    at createSupabaseAdminClient (/Users/yann/spx-app/src/lib/supabase/admin.ts:16:11)
    at fetchAll (/Users/yann/spx-app/src/lib/company-core/hero-kpi-overrides.ts:31:20)
    at getHeroKpiOverride (/Users/yann/spx-app/src/lib/company-core/hero-kpi-overrides.ts:58:21)
    at loadV17CompanyBrut (/Users/yann/spx-app/src/lib/company-core/load-company.ts:3090:28)
    at async loadV17Company (/Users/yann/spx-app/src/lib/company-core/load-company.ts:493:14)
    at async auditTicker (/Users/yann/spx-app/scripts/audit-pages-full.ts:51:19)
    at async main (/Users/yann/spx-app/scripts/audit-pages-full.ts:153:17)
special_kpis merge failed for RTX: Error: supabaseUrl is required.
    at validateSupabaseUrl (/Users/yann/spx-app/node_modules/@supabase/supabase-js/src/lib/helpers.ts:86:11)
    at new SupabaseClient (/Users/yann/spx-app/node_modules/@supabase/supabase-js/src/SupabaseClient.ts:284:21)
    at createClient (/Users/yann/spx-app/node_modules/@supabase/supabase-js/src/index.ts:65:10)
    at admin (/Users/yann/spx-app/src/lib/desk/special-kpis.ts:152:10)
    at listPublishedForTicker (/Users/yann/spx-app/src/lib/desk/special-kpis.ts:175:16)
    at loadV17CompanyBrut (/Users/yann/spx-app/src/lib/company-core/load-company.ts:1779:30)
    at async loadV17Company (/Users/yann/spx-app/src/lib/company-core/load-company.ts:493:14)
    at async auditTicker (/Users/yann/spx-app/scripts/audit-pages-full.ts:51:19)
    at async main (/Users/yann/spx-app/scripts/audit-pages-full.ts:153:17)
kpi_requests merge failed for RTX: Error: supabaseUrl is required.
    at validateSupabaseUrl (/Users/yann/spx-app/node_modules/@supabase/supabase-js/src/lib/helpers.ts:86:11)
    at new SupabaseClient (/Users/yann/spx-app/node_modules/@supabase/supabase-js/src/SupabaseClient.ts:284:21)
    at createClient (/Users/yann/spx-app/node_modules/@supabase/supabase-js/src/index.ts:65:10)
    at loadV17CompanyBrut (/Users/yann/spx-app/src/lib/company-core/load-company.ts:1843:18)
    at async loadV17Company (/Users/yann/spx-app/src/lib/company-core/load-company.ts:493:14)
    at async auditTicker (/Users/yann/spx-app/scripts/audit-pages-full.ts:51:19)
    at async main (/Users/yann/spx-app/scripts/audit-pages-full.ts:153:17)
image_findings merge failed for RTX: Error: supabaseUrl is required.
    at validateSupabaseUrl (/Users/yann/spx-app/node_modules/@supabase/supabase-js/src/lib/helpers.ts:86:11)
    at new SupabaseClient (/Users/yann/spx-app/node_modules/@supabase/supabase-js/src/SupabaseClient.ts:284:21)
    at createClient (/Users/yann/spx-app/node_modules/@supabase/supabase-js/src/index.ts:65:10)
    at admin (/Users/yann/spx-app/src/lib/desk/image-findings.ts:118:10)
    at listApprovedForTicker (/Users/yann/spx-app/src/lib/desk/image-findings.ts:222:16)
    at loadV17CompanyBrut (/Users/yann/spx-app/src/lib/company-core/load-company.ts:1906:30)
    at async loadV17Company (/Users/yann/spx-app/src/lib/company-core/load-company.ts:493:14)
    at async auditTicker (/Users/yann/spx-app/scripts/audit-pages-full.ts:51:19)
    at async main (/Users/yann/spx-app/scripts/audit-pages-full.ts:153:17)
[hero-kpi-overrides] refetch failed, using stale cache Error: SUPABASE_SERVICE_ROLE_KEY manquante — vérifier .env.local
    at createSupabaseAdminClient (/Users/yann/spx-app/src/lib/supabase/admin.ts:16:11)
    at fetchAll (/Users/yann/spx-app/src/lib/company-core/hero-kpi-overrides.ts:31:20)
    at getHeroKpiOverride (/Users/yann/spx-app/src/lib/company-core/hero-kpi-overrides.ts:58:21)
    at loadV17CompanyBrut (/Users/yann/spx-app/src/lib/company-core/load-company.ts:3090:28)
    at async loadV17Company (/Users/yann/spx-app/src/lib/company-core/load-company.ts:493:14)
    at async auditTicker (/Users/yann/spx-app/scripts/audit-pages-full.ts:51:19)
    at async main (/Users/yann/spx-app/scripts/audit-pages-full.ts:153:17)
special_kpis merge failed for TFC: Error: supabaseUrl is required.
    at validateSupabaseUrl (/Users/yann/spx-app/node_modules/@supabase/supabase-js/src/lib/helpers.ts:86:11)
    at new SupabaseClient (/Users/yann/spx-app/node_modules/@supabase/supabase-js/src/SupabaseClient.ts:284:21)
    at createClient (/Users/yann/spx-app/node_modules/@supabase/supabase-js/src/index.ts:65:10)
    at admin (/Users/yann/spx-app/src/lib/desk/special-kpis.ts:152:10)
    at listPublishedForTicker (/Users/yann/spx-app/src/lib/desk/special-kpis.ts:175:16)
    at loadV17CompanyBrut (/Users/yann/spx-app/src/lib/company-core/load-company.ts:1779:30)
    at async loadV17Company (/Users/yann/spx-app/src/lib/company-core/load-company.ts:493:14)
    at async auditTicker (/Users/yann/spx-app/scripts/audit-pages-full.ts:51:19)
    at async main (/Users/yann/spx-app/scripts/audit-pages-full.ts:153:17)
kpi_requests merge failed for TFC: Error: supabaseUrl is required.
    at validateSupabaseUrl (/Users/yann/spx-app/node_modules/@supabase/supabase-js/src/lib/helpers.ts:86:11)
    at new SupabaseClient (/Users/yann/spx-app/node_modules/@supabase/supabase-js/src/SupabaseClient.ts:284:21)
    at createClient (/Users/yann/spx-app/node_modules/@supabase/supabase-js/src/index.ts:65:10)
    at loadV17CompanyBrut (/Users/yann/spx-app/src/lib/company-core/load-company.ts:1843:18)
    at async loadV17Company (/Users/yann/spx-app/src/lib/company-core/load-company.ts:493:14)
    at async auditTicker (/Users/yann/spx-app/scripts/audit-pages-full.ts:51:19)
    at async main (/Users/yann/spx-app/scripts/audit-pages-full.ts:153:17)
image_findings merge failed for TFC: Error: supabaseUrl is required.
    at validateSupabaseUrl (/Users/yann/spx-app/node_modules/@supabase/supabase-js/src/lib/helpers.ts:86:11)
    at new SupabaseClient (/Users/yann/spx-app/node_modules/@supabase/supabase-js/src/SupabaseClient.ts:284:21)
    at createClient (/Users/yann/spx-app/node_modules/@supabase/supabase-js/src/index.ts:65:10)
    at admin (/Users/yann/spx-app/src/lib/desk/image-findings.ts:118:10)
    at listApprovedForTicker (/Users/yann/spx-app/src/lib/desk/image-findings.ts:222:16)
    at loadV17CompanyBrut (/Users/yann/spx-app/src/lib/company-core/load-company.ts:1906:30)
    at async loadV17Company (/Users/yann/spx-app/src/lib/company-core/load-company.ts:493:14)
    at async auditTicker (/Users/yann/spx-app/scripts/audit-pages-full.ts:51:19)
    at async main (/Users/yann/spx-app/scripts/audit-pages-full.ts:153:17)
[hero-kpi-overrides] refetch failed, using stale cache Error: SUPABASE_SERVICE_ROLE_KEY manquante — vérifier .env.local
    at createSupabaseAdminClient (/Users/yann/spx-app/src/lib/supabase/admin.ts:16:11)
    at fetchAll (/Users/yann/spx-app/src/lib/company-core/hero-kpi-overrides.ts:31:20)
    at getHeroKpiOverride (/Users/yann/spx-app/src/lib/company-core/hero-kpi-overrides.ts:58:21)
    at loadV17CompanyBrut (/Users/yann/spx-app/src/lib/company-core/load-company.ts:3090:28)
    at async loadV17Company (/Users/yann/spx-app/src/lib/company-core/load-company.ts:493:14)
    at async auditTicker (/Users/yann/spx-app/scripts/audit-pages-full.ts:51:19)
    at async main (/Users/yann/spx-app/scripts/audit-pages-full.ts:153:17)
special_kpis merge failed for TTD: Error: supabaseUrl is required.
    at validateSupabaseUrl (/Users/yann/spx-app/node_modules/@supabase/supabase-js/src/lib/helpers.ts:86:11)
    at new SupabaseClient (/Users/yann/spx-app/node_modules/@supabase/supabase-js/src/SupabaseClient.ts:284:21)
    at createClient (/Users/yann/spx-app/node_modules/@supabase/supabase-js/src/index.ts:65:10)
    at admin (/Users/yann/spx-app/src/lib/desk/special-kpis.ts:152:10)
    at listPublishedForTicker (/Users/yann/spx-app/src/lib/desk/special-kpis.ts:175:16)
    at loadV17CompanyBrut (/Users/yann/spx-app/src/lib/company-core/load-company.ts:1779:30)
    at async loadV17Company (/Users/yann/spx-app/src/lib/company-core/load-company.ts:493:14)
    at async auditTicker (/Users/yann/spx-app/scripts/audit-pages-full.ts:51:19)
    at async main (/Users/yann/spx-app/scripts/audit-pages-full.ts:153:17)
kpi_requests merge failed for TTD: Error: supabaseUrl is required.
    at validateSupabaseUrl (/Users/yann/spx-app/node_modules/@supabase/supabase-js/src/lib/helpers.ts:86:11)
    at new SupabaseClient (/Users/yann/spx-app/node_modules/@supabase/supabase-js/src/SupabaseClient.ts:284:21)
    at createClient (/Users/yann/spx-app/node_modules/@supabase/supabase-js/src/index.ts:65:10)
    at loadV17CompanyBrut (/Users/yann/spx-app/src/lib/company-core/load-company.ts:1843:18)
    at async loadV17Company (/Users/yann/spx-app/src/lib/company-core/load-company.ts:493:14)
    at async auditTicker (/Users/yann/spx-app/scripts/audit-pages-full.ts:51:19)
    at async main (/Users/yann/spx-app/scripts/audit-pages-full.ts:153:17)
image_findings merge failed for TTD: Error: supabaseUrl is required.
    at validateSupabaseUrl (/Users/yann/spx-app/node_modules/@supabase/supabase-js/src/lib/helpers.ts:86:11)
    at new SupabaseClient (/Users/yann/spx-app/node_modules/@supabase/supabase-js/src/SupabaseClient.ts:284:21)
    at createClient (/Users/yann/spx-app/node_modules/@supabase/supabase-js/src/index.ts:65:10)
    at admin (/Users/yann/spx-app/src/lib/desk/image-findings.ts:118:10)
    at listApprovedForTicker (/Users/yann/spx-app/src/lib/desk/image-findings.ts:222:16)
    at loadV17CompanyBrut (/Users/yann/spx-app/src/lib/company-core/load-company.ts:1906:30)
    at async loadV17Company (/Users/yann/spx-app/src/lib/company-core/load-company.ts:493:14)
    at async auditTicker (/Users/yann/spx-app/scripts/audit-pages-full.ts:51:19)
    at async main (/Users/yann/spx-app/scripts/audit-pages-full.ts:153:17)
[hero-kpi-overrides] refetch failed, using stale cache Error: SUPABASE_SERVICE_ROLE_KEY manquante — vérifier .env.local
    at createSupabaseAdminClient (/Users/yann/spx-app/src/lib/supabase/admin.ts:16:11)
    at fetchAll (/Users/yann/spx-app/src/lib/company-core/hero-kpi-overrides.ts:31:20)
    at getHeroKpiOverride (/Users/yann/spx-app/src/lib/company-core/hero-kpi-overrides.ts:58:21)
    at loadV17CompanyBrut (/Users/yann/spx-app/src/lib/company-core/load-company.ts:3090:28)
    at async loadV17Company (/Users/yann/spx-app/src/lib/company-core/load-company.ts:493:14)
    at async auditTicker (/Users/yann/spx-app/scripts/audit-pages-full.ts:51:19)
    at async main (/Users/yann/spx-app/scripts/audit-pages-full.ts:153:17)
special_kpis merge failed for TYL: Error: supabaseUrl is required.
    at validateSupabaseUrl (/Users/yann/spx-app/node_modules/@supabase/supabase-js/src/lib/helpers.ts:86:11)
    at new SupabaseClient (/Users/yann/spx-app/node_modules/@supabase/supabase-js/src/SupabaseClient.ts:284:21)
    at createClient (/Users/yann/spx-app/node_modules/@supabase/supabase-js/src/index.ts:65:10)
    at admin (/Users/yann/spx-app/src/lib/desk/special-kpis.ts:152:10)
    at listPublishedForTicker (/Users/yann/spx-app/src/lib/desk/special-kpis.ts:175:16)
    at loadV17CompanyBrut (/Users/yann/spx-app/src/lib/company-core/load-company.ts:1779:30)
    at async loadV17Company (/Users/yann/spx-app/src/lib/company-core/load-company.ts:493:14)
    at async auditTicker (/Users/yann/spx-app/scripts/audit-pages-full.ts:51:19)
    at async main (/Users/yann/spx-app/scripts/audit-pages-full.ts:153:17)
kpi_requests merge failed for TYL: Error: supabaseUrl is required.
    at validateSupabaseUrl (/Users/yann/spx-app/node_modules/@supabase/supabase-js/src/lib/helpers.ts:86:11)
    at new SupabaseClient (/Users/yann/spx-app/node_modules/@supabase/supabase-js/src/SupabaseClient.ts:284:21)
    at createClient (/Users/yann/spx-app/node_modules/@supabase/supabase-js/src/index.ts:65:10)
    at loadV17CompanyBrut (/Users/yann/spx-app/src/lib/company-core/load-company.ts:1843:18)
    at async loadV17Company (/Users/yann/spx-app/src/lib/company-core/load-company.ts:493:14)
    at async auditTicker (/Users/yann/spx-app/scripts/audit-pages-full.ts:51:19)
    at async main (/Users/yann/spx-app/scripts/audit-pages-full.ts:153:17)
image_findings merge failed for TYL: Error: supabaseUrl is required.
    at validateSupabaseUrl (/Users/yann/spx-app/node_modules/@supabase/supabase-js/src/lib/helpers.ts:86:11)
    at new SupabaseClient (/Users/yann/spx-app/node_modules/@supabase/supabase-js/src/SupabaseClient.ts:284:21)
    at createClient (/Users/yann/spx-app/node_modules/@supabase/supabase-js/src/index.ts:65:10)
    at admin (/Users/yann/spx-app/src/lib/desk/image-findings.ts:118:10)
    at listApprovedForTicker (/Users/yann/spx-app/src/lib/desk/image-findings.ts:222:16)
    at loadV17CompanyBrut (/Users/yann/spx-app/src/lib/company-core/load-company.ts:1906:30)
    at async loadV17Company (/Users/yann/spx-app/src/lib/company-core/load-company.ts:493:14)
    at async auditTicker (/Users/yann/spx-app/scripts/audit-pages-full.ts:51:19)
    at async main (/Users/yann/spx-app/scripts/audit-pages-full.ts:153:17)
[hero-kpi-overrides] refetch failed, using stale cache Error: SUPABASE_SERVICE_ROLE_KEY manquante — vérifier .env.local
    at createSupabaseAdminClient (/Users/yann/spx-app/src/lib/supabase/admin.ts:16:11)
    at fetchAll (/Users/yann/spx-app/src/lib/company-core/hero-kpi-overrides.ts:31:20)
    at getHeroKpiOverride (/Users/yann/spx-app/src/lib/company-core/hero-kpi-overrides.ts:58:21)
    at loadV17CompanyBrut (/Users/yann/spx-app/src/lib/company-core/load-company.ts:3090:28)
    at async loadV17Company (/Users/yann/spx-app/src/lib/company-core/load-company.ts:493:14)
    at async auditTicker (/Users/yann/spx-app/scripts/audit-pages-full.ts:51:19)
    at async main (/Users/yann/spx-app/scripts/audit-pages-full.ts:153:17)
special_kpis merge failed for UBER: Error: supabaseUrl is required.
    at validateSupabaseUrl (/Users/yann/spx-app/node_modules/@supabase/supabase-js/src/lib/helpers.ts:86:11)
    at new SupabaseClient (/Users/yann/spx-app/node_modules/@supabase/supabase-js/src/SupabaseClient.ts:284:21)
    at createClient (/Users/yann/spx-app/node_modules/@supabase/supabase-js/src/index.ts:65:10)
    at admin (/Users/yann/spx-app/src/lib/desk/special-kpis.ts:152:10)
    at listPublishedForTicker (/Users/yann/spx-app/src/lib/desk/special-kpis.ts:175:16)
    at loadV17CompanyBrut (/Users/yann/spx-app/src/lib/company-core/load-company.ts:1779:30)
    at async loadV17Company (/Users/yann/spx-app/src/lib/company-core/load-company.ts:493:14)
    at async auditTicker (/Users/yann/spx-app/scripts/audit-pages-full.ts:51:19)
    at async main (/Users/yann/spx-app/scripts/audit-pages-full.ts:153:17)
kpi_requests merge failed for UBER: Error: supabaseUrl is required.
    at validateSupabaseUrl (/Users/yann/spx-app/node_modules/@supabase/supabase-js/src/lib/helpers.ts:86:11)
    at new SupabaseClient (/Users/yann/spx-app/node_modules/@supabase/supabase-js/src/SupabaseClient.ts:284:21)
    at createClient (/Users/yann/spx-app/node_modules/@supabase/supabase-js/src/index.ts:65:10)
    at loadV17CompanyBrut (/Users/yann/spx-app/src/lib/company-core/load-company.ts:1843:18)
    at async loadV17Company (/Users/yann/spx-app/src/lib/company-core/load-company.ts:493:14)
    at async auditTicker (/Users/yann/spx-app/scripts/audit-pages-full.ts:51:19)
    at async main (/Users/yann/spx-app/scripts/audit-pages-full.ts:153:17)
image_findings merge failed for UBER: Error: supabaseUrl is required.
    at validateSupabaseUrl (/Users/yann/spx-app/node_modules/@supabase/supabase-js/src/lib/helpers.ts:86:11)
    at new SupabaseClient (/Users/yann/spx-app/node_modules/@supabase/supabase-js/src/SupabaseClient.ts:284:21)
    at createClient (/Users/yann/spx-app/node_modules/@supabase/supabase-js/src/index.ts:65:10)
    at admin (/Users/yann/spx-app/src/lib/desk/image-findings.ts:118:10)
    at listApprovedForTicker (/Users/yann/spx-app/src/lib/desk/image-findings.ts:222:16)
    at loadV17CompanyBrut (/Users/yann/spx-app/src/lib/company-core/load-company.ts:1906:30)
    at async loadV17Company (/Users/yann/spx-app/src/lib/company-core/load-company.ts:493:14)
    at async auditTicker (/Users/yann/spx-app/scripts/audit-pages-full.ts:51:19)
    at async main (/Users/yann/spx-app/scripts/audit-pages-full.ts:153:17)
[hero-kpi-overrides] refetch failed, using stale cache Error: SUPABASE_SERVICE_ROLE_KEY manquante — vérifier .env.local
    at createSupabaseAdminClient (/Users/yann/spx-app/src/lib/supabase/admin.ts:16:11)
    at fetchAll (/Users/yann/spx-app/src/lib/company-core/hero-kpi-overrides.ts:31:20)
    at getHeroKpiOverride (/Users/yann/spx-app/src/lib/company-core/hero-kpi-overrides.ts:58:21)
    at loadV17CompanyBrut (/Users/yann/spx-app/src/lib/company-core/load-company.ts:3090:28)
    at async loadV17Company (/Users/yann/spx-app/src/lib/company-core/load-company.ts:493:14)
    at async auditTicker (/Users/yann/spx-app/scripts/audit-pages-full.ts:51:19)
    at async main (/Users/yann/spx-app/scripts/audit-pages-full.ts:153:17)
special_kpis merge failed for VTR: Error: supabaseUrl is required.
    at validateSupabaseUrl (/Users/yann/spx-app/node_modules/@supabase/supabase-js/src/lib/helpers.ts:86:11)
    at new SupabaseClient (/Users/yann/spx-app/node_modules/@supabase/supabase-js/src/SupabaseClient.ts:284:21)
    at createClient (/Users/yann/spx-app/node_modules/@supabase/supabase-js/src/index.ts:65:10)
    at admin (/Users/yann/spx-app/src/lib/desk/special-kpis.ts:152:10)
    at listPublishedForTicker (/Users/yann/spx-app/src/lib/desk/special-kpis.ts:175:16)
    at loadV17CompanyBrut (/Users/yann/spx-app/src/lib/company-core/load-company.ts:1779:30)
    at async loadV17Company (/Users/yann/spx-app/src/lib/company-core/load-company.ts:493:14)
    at async auditTicker (/Users/yann/spx-app/scripts/audit-pages-full.ts:51:19)
    at async main (/Users/yann/spx-app/scripts/audit-pages-full.ts:153:17)
kpi_requests merge failed for VTR: Error: supabaseUrl is required.
    at validateSupabaseUrl (/Users/yann/spx-app/node_modules/@supabase/supabase-js/src/lib/helpers.ts:86:11)
    at new SupabaseClient (/Users/yann/spx-app/node_modules/@supabase/supabase-js/src/SupabaseClient.ts:284:21)
    at createClient (/Users/yann/spx-app/node_modules/@supabase/supabase-js/src/index.ts:65:10)
    at loadV17CompanyBrut (/Users/yann/spx-app/src/lib/company-core/load-company.ts:1843:18)
    at async loadV17Company (/Users/yann/spx-app/src/lib/company-core/load-company.ts:493:14)
    at async auditTicker (/Users/yann/spx-app/scripts/audit-pages-full.ts:51:19)
    at async main (/Users/yann/spx-app/scripts/audit-pages-full.ts:153:17)
image_findings merge failed for VTR: Error: supabaseUrl is required.
    at validateSupabaseUrl (/Users/yann/spx-app/node_modules/@supabase/supabase-js/src/lib/helpers.ts:86:11)
    at new SupabaseClient (/Users/yann/spx-app/node_modules/@supabase/supabase-js/src/SupabaseClient.ts:284:21)
    at createClient (/Users/yann/spx-app/node_modules/@supabase/supabase-js/src/index.ts:65:10)
    at admin (/Users/yann/spx-app/src/lib/desk/image-findings.ts:118:10)
    at listApprovedForTicker (/Users/yann/spx-app/src/lib/desk/image-findings.ts:222:16)
    at loadV17CompanyBrut (/Users/yann/spx-app/src/lib/company-core/load-company.ts:1906:30)
    at async loadV17Company (/Users/yann/spx-app/src/lib/company-core/load-company.ts:493:14)
    at async auditTicker (/Users/yann/spx-app/scripts/audit-pages-full.ts:51:19)
    at async main (/Users/yann/spx-app/scripts/audit-pages-full.ts:153:17)
[hero-kpi-overrides] refetch failed, using stale cache Error: SUPABASE_SERVICE_ROLE_KEY manquante — vérifier .env.local
    at createSupabaseAdminClient (/Users/yann/spx-app/src/lib/supabase/admin.ts:16:11)
    at fetchAll (/Users/yann/spx-app/src/lib/company-core/hero-kpi-overrides.ts:31:20)
    at getHeroKpiOverride (/Users/yann/spx-app/src/lib/company-core/hero-kpi-overrides.ts:58:21)
    at loadV17CompanyBrut (/Users/yann/spx-app/src/lib/company-core/load-company.ts:3090:28)
    at async loadV17Company (/Users/yann/spx-app/src/lib/company-core/load-company.ts:493:14)
    at async auditTicker (/Users/yann/spx-app/scripts/audit-pages-full.ts:51:19)
    at async main (/Users/yann/spx-app/scripts/audit-pages-full.ts:153:17)
special_kpis merge failed for XYL: Error: supabaseUrl is required.
    at validateSupabaseUrl (/Users/yann/spx-app/node_modules/@supabase/supabase-js/src/lib/helpers.ts:86:11)
    at new SupabaseClient (/Users/yann/spx-app/node_modules/@supabase/supabase-js/src/SupabaseClient.ts:284:21)
    at createClient (/Users/yann/spx-app/node_modules/@supabase/supabase-js/src/index.ts:65:10)
    at admin (/Users/yann/spx-app/src/lib/desk/special-kpis.ts:152:10)
    at listPublishedForTicker (/Users/yann/spx-app/src/lib/desk/special-kpis.ts:175:16)
    at loadV17CompanyBrut (/Users/yann/spx-app/src/lib/company-core/load-company.ts:1779:30)
    at async loadV17Company (/Users/yann/spx-app/src/lib/company-core/load-company.ts:493:14)
    at async auditTicker (/Users/yann/spx-app/scripts/audit-pages-full.ts:51:19)
    at async main (/Users/yann/spx-app/scripts/audit-pages-full.ts:153:17)
kpi_requests merge failed for XYL: Error: supabaseUrl is required.
    at validateSupabaseUrl (/Users/yann/spx-app/node_modules/@supabase/supabase-js/src/lib/helpers.ts:86:11)
    at new SupabaseClient (/Users/yann/spx-app/node_modules/@supabase/supabase-js/src/SupabaseClient.ts:284:21)
    at createClient (/Users/yann/spx-app/node_modules/@supabase/supabase-js/src/index.ts:65:10)
    at loadV17CompanyBrut (/Users/yann/spx-app/src/lib/company-core/load-company.ts:1843:18)
    at async loadV17Company (/Users/yann/spx-app/src/lib/company-core/load-company.ts:493:14)
    at async auditTicker (/Users/yann/spx-app/scripts/audit-pages-full.ts:51:19)
    at async main (/Users/yann/spx-app/scripts/audit-pages-full.ts:153:17)
image_findings merge failed for XYL: Error: supabaseUrl is required.
    at validateSupabaseUrl (/Users/yann/spx-app/node_modules/@supabase/supabase-js/src/lib/helpers.ts:86:11)
    at new SupabaseClient (/Users/yann/spx-app/node_modules/@supabase/supabase-js/src/SupabaseClient.ts:284:21)
    at createClient (/Users/yann/spx-app/node_modules/@supabase/supabase-js/src/index.ts:65:10)
    at admin (/Users/yann/spx-app/src/lib/desk/image-findings.ts:118:10)
    at listApprovedForTicker (/Users/yann/spx-app/src/lib/desk/image-findings.ts:222:16)
    at loadV17CompanyBrut (/Users/yann/spx-app/src/lib/company-core/load-company.ts:1906:30)
    at async loadV17Company (/Users/yann/spx-app/src/lib/company-core/load-company.ts:493:14)
    at async auditTicker (/Users/yann/spx-app/scripts/audit-pages-full.ts:51:19)
    at async main (/Users/yann/spx-app/scripts/audit-pages-full.ts:153:17)
[hero-kpi-overrides] refetch failed, using stale cache Error: SUPABASE_SERVICE_ROLE_KEY manquante — vérifier .env.local
    at createSupabaseAdminClient (/Users/yann/spx-app/src/lib/supabase/admin.ts:16:11)
    at fetchAll (/Users/yann/spx-app/src/lib/company-core/hero-kpi-overrides.ts:31:20)
    at getHeroKpiOverride (/Users/yann/spx-app/src/lib/company-core/hero-kpi-overrides.ts:58:21)
    at loadV17CompanyBrut (/Users/yann/spx-app/src/lib/company-core/load-company.ts:3090:28)
    at async loadV17Company (/Users/yann/spx-app/src/lib/company-core/load-company.ts:493:14)
    at async auditTicker (/Users/yann/spx-app/scripts/audit-pages-full.ts:51:19)
    at async main (/Users/yann/spx-app/scripts/audit-pages-full.ts:153:17)
{
 "audited": 25,
 "stes_with_issues": 3,
 "stats": {
  "R2": 1,
  "K4": 4,
  "H1": 1
 }
}
[quarterly-refresh] rapport ecrit: /Users/yann/spx-app/.conv-state/quarterly-refresh-report.json (25 stes)
[lock4] run archivé: 25 sté(s), 0 publiable(s), 25 bloquée(s) → /Users/yann/spx-app/src/data/_quarterly-refresh-history.json
[quarterly-refresh] lock4 rc=0
[publish] 0 sté publiable (25 bloquée(s)), rien à publier
[quarterly-refresh] publish rc=0
[quarterly-refresh] done 20260916-074043
