[quarterly-refresh] start 20260910-073000
[quarterly-refresh-detect] 2026-09-10T05:30:11.219210+00:00 NEW ADI: 1 filing(s) → ['8-K 2026-09-09']
[quarterly-refresh-detect] 2026-09-10T05:30:14.017421+00:00 NEW ADSK: 1 filing(s) → ['424B5 2026-09-09']
[quarterly-refresh-detect] 2026-09-10T05:30:35.145398+00:00 progress 50/666
[quarterly-refresh-detect] 2026-09-10T05:30:36.060450+00:00 NEW AMT: 2 filing(s) → ['8-K 2026-09-09', '424B5 2026-09-09']
[quarterly-refresh-detect] 2026-09-10T05:30:37.086444+00:00 NEW AMZN: 2 filing(s) → ['8-K 2026-09-09', '424B5 2026-09-09']
[quarterly-refresh-detect] 2026-09-10T05:30:52.800983+00:00 NEW AWK: 1 filing(s) → ['8-K 2026-09-09']
[quarterly-refresh-detect] 2026-09-10T05:30:58.826349+00:00 NEW BALL: 1 filing(s) → ['8-K 2026-09-09']
[quarterly-refresh-detect] 2026-09-10T05:31:07.456690+00:00 NEW BKR: 1 filing(s) → ['8-K 2026-09-09']
[quarterly-refresh-detect] 2026-09-10T05:31:12.270607+00:00 progress 100/666
[quarterly-refresh-detect] 2026-09-10T05:31:43.295571+00:00 NEW CME: 1 filing(s) → ['8-K 2026-09-09']
[quarterly-refresh-detect] 2026-09-10T05:31:48.058625+00:00 NEW CNP: 1 filing(s) → ['8-K 2026-09-09']
[quarterly-refresh-detect] 2026-09-10T05:31:51.804801+00:00 NEW COO: 2 filing(s) → ['10-Q 2026-09-09', '8-K 2026-09-09']
[quarterly-refresh-detect] 2026-09-10T05:31:54.972549+00:00 progress 150/666
[quarterly-refresh-detect] 2026-09-10T05:33:11.570613+00:00 progress 250/666
[quarterly-refresh-detect] 2026-09-10T05:33:18.663451+00:00 NEW FOX: 1 filing(s) → ['8-K 2026-09-09']
[quarterly-refresh-detect] 2026-09-10T05:33:19.541389+00:00 NEW FOXA: 1 filing(s) → ['8-K 2026-09-09']
[quarterly-refresh-detect] 2026-09-10T05:33:38.570282+00:00 NEW GPC: 1 filing(s) → ['8-K 2026-09-09']
[quarterly-refresh-detect] 2026-09-10T05:33:48.915298+00:00 progress 300/666
[quarterly-refresh-detect] 2026-09-10T05:34:11.951222+00:00 NEW INTU: 1 filing(s) → ['10-K 2026-09-09']
[quarterly-refresh-detect] 2026-09-10T05:34:13.334409+00:00 NEW INVH: 1 filing(s) → ['8-K 2026-09-09']
[quarterly-refresh-detect] 2026-09-10T05:34:15.328899+00:00 NEW IQV: 1 filing(s) → ['8-K 2026-09-09']
[quarterly-refresh-detect] 2026-09-10T05:34:31.547548+00:00 progress 350/666
[quarterly-refresh-detect] 2026-09-10T05:35:02.707550+00:00 NEW MAA: 1 filing(s) → ['8-K 2026-09-09']
[quarterly-refresh-detect] 2026-09-10T05:35:13.563116+00:00 progress 400/666
[quarterly-refresh-detect] 2026-09-10T05:35:31.307298+00:00 NEW MSI: 1 filing(s) → ['8-K 2026-09-09']
[quarterly-refresh-detect] 2026-09-10T05:35:53.769214+00:00 NEW NWS: 1 filing(s) → ['8-K 2026-09-09']
[quarterly-refresh-detect] 2026-09-10T05:35:54.661065+00:00 NEW NWSA: 1 filing(s) → ['8-K 2026-09-09']
[quarterly-refresh-detect] 2026-09-10T05:35:55.605176+00:00 progress 450/666
[quarterly-refresh-detect] 2026-09-10T05:36:15.403217+00:00 NEW PH: 1 filing(s) → ['424B5 2026-09-09']
[quarterly-refresh-detect] 2026-09-10T05:36:28.609299+00:00 NEW PSA: 1 filing(s) → ['424B5 2026-09-09']
[quarterly-refresh-detect] 2026-09-10T05:36:34.363310+00:00 progress 500/666
[quarterly-refresh-detect] 2026-09-10T05:37:00.936506+00:00 progress 550/666
[quarterly-refresh-detect] 2026-09-10T05:37:11.242273+00:00 NEW STX: 1 filing(s) → ['8-K 2026-09-09']
[quarterly-refresh-detect] 2026-09-10T05:37:18.157499+00:00 NEW SYY: 2 filing(s) → ['8-K 2026-09-09', '8-K 2026-09-09']
[quarterly-refresh-detect] 2026-09-10T05:37:19.206533+00:00 NEW T: 1 filing(s) → ['8-K 2026-09-09']
[quarterly-refresh-detect] 2026-09-10T05:37:44.313929+00:00 progress 600/666
[quarterly-refresh-detect] 2026-09-10T05:37:51.211625+00:00 NEW UDR: 1 filing(s) → ['8-K 2026-09-09']
[quarterly-refresh-detect] 2026-09-10T05:38:05.555397+00:00 NEW VMRK: 1 filing(s) → ['8-K 2026-09-09']
[quarterly-refresh-detect] 2026-09-10T05:38:24.297638+00:00 progress 650/666
[quarterly-refresh-detect] 2026-09-10T05:38:33.475802+00:00 NEW XYL: 1 filing(s) → ['8-K 2026-09-09']
[quarterly-refresh-detect] 2026-09-10T05:38:39.383524+00:00 Ecrit /Users/yann/spx-app/.conv-state/quarterly-refresh-detected.json : 28 ste(s) a rafraichir, 139 erreur(s)
[quarterly-refresh] detect rc=0, 28 ste(s) a rafraichir
[quarterly-refresh-run] 2026-09-10T05:38:39.584066+00:00 === ADI (docs, 1 filing(s)) ===
[quarterly-refresh-run] 2026-09-10T05:38:40.406321+00:00   down ADI 8-K 2026-09-09 -> data-lake/ADI/8K/ADI_2026-09-09_0001193125-26-385938.htm.gz
[quarterly-refresh-run] 2026-09-10T05:38:42.204732+00:00   ADI: facts=206 kpi_updated=0 kpi_added=0 errors=0
[quarterly-refresh-run] 2026-09-10T05:38:42.204799+00:00 === ADSK (docs, 1 filing(s)) ===
[quarterly-refresh-run] 2026-09-10T05:38:43.201034+00:00   down ADSK 424B5 2026-09-09 -> data-lake/ADSK/424B/ADSK_2026-09-09_0001193125-26-386591.htm.gz
[quarterly-refresh-run] 2026-09-10T05:38:44.736538+00:00   ADSK: facts=213 kpi_updated=0 kpi_added=0 errors=0
[quarterly-refresh-run] 2026-09-10T05:38:44.736556+00:00 === AMT (docs, 2 filing(s)) ===
[quarterly-refresh-run] 2026-09-10T05:38:45.614365+00:00   down AMT 8-K 2026-09-09 -> data-lake/AMT/8K/AMT_2026-09-09_0001053507-26-000141.htm.gz
[quarterly-refresh-run] 2026-09-10T05:38:46.606105+00:00   down AMT 424B5 2026-09-09 -> data-lake/AMT/424B/AMT_2026-09-09_0001193125-26-385967.htm.gz
[quarterly-refresh-run] 2026-09-10T05:38:48.388772+00:00   AMT: facts=139 kpi_updated=0 kpi_added=0 errors=0
[quarterly-refresh-run] 2026-09-10T05:38:48.388790+00:00 === AMZN (docs, 2 filing(s)) ===
[quarterly-refresh-run] 2026-09-10T05:38:49.073585+00:00   down AMZN 8-K 2026-09-09 -> data-lake/AMZN/8K/AMZN_2026-09-09_0001018724-26-000036.htm.gz
[quarterly-refresh-run] 2026-09-10T05:38:50.126118+00:00   down AMZN 424B5 2026-09-09 -> data-lake/AMZN/424B/AMZN_2026-09-09_0001104659-26-106115.htm.gz
[quarterly-refresh-run] 2026-09-10T05:38:51.756405+00:00   AMZN: facts=188 kpi_updated=0 kpi_added=0 errors=0
[quarterly-refresh-run] 2026-09-10T05:38:51.756420+00:00 === AWK (docs, 1 filing(s)) ===
[quarterly-refresh-run] 2026-09-10T05:38:52.493960+00:00   down AWK 8-K 2026-09-09 -> data-lake/AWK/8K/AWK_2026-09-09_0001410636-26-000131.htm.gz
[quarterly-refresh-run] 2026-09-10T05:38:54.067022+00:00   AWK: facts=162 kpi_updated=0 kpi_added=0 errors=0
[quarterly-refresh-run] 2026-09-10T05:38:54.067358+00:00 === BALL (docs, 1 filing(s)) ===
[quarterly-refresh-run] 2026-09-10T05:38:54.751408+00:00   down BALL 8-K 2026-09-09 -> data-lake/BALL/8K/BALL_2026-09-09_0001104659-26-106140.htm.gz
[quarterly-refresh-run] 2026-09-10T05:38:56.307781+00:00   BALL: facts=114 kpi_updated=0 kpi_added=0 errors=0
[quarterly-refresh-run] 2026-09-10T05:38:56.307796+00:00 === BKR (docs, 1 filing(s)) ===
[quarterly-refresh-run] 2026-09-10T05:38:57.096451+00:00   down BKR 8-K 2026-09-09 -> data-lake/BKR/8K/BKR_2026-09-09_0001193125-26-385823.htm.gz
[quarterly-refresh-run] 2026-09-10T05:38:58.427927+00:00   BKR: facts=116 kpi_updated=0 kpi_added=0 errors=0
[quarterly-refresh-run] 2026-09-10T05:38:58.427957+00:00 === CME (docs, 1 filing(s)) ===
[quarterly-refresh-run] 2026-09-10T05:38:59.232618+00:00   down CME 8-K 2026-09-09 -> data-lake/CME/8K/CME_2026-09-09_0001193125-26-386091.htm.gz
[quarterly-refresh-run] 2026-09-10T05:39:01.105931+00:00   CME: facts=145 kpi_updated=0 kpi_added=0 errors=0
[quarterly-refresh-run] 2026-09-10T05:39:01.106002+00:00 === CNP (docs, 1 filing(s)) ===
[quarterly-refresh-run] 2026-09-10T05:39:01.952439+00:00   down CNP 8-K 2026-09-09 -> data-lake/CNP/8K/CNP_2026-09-09_0001104659-26-106356.htm.gz
[quarterly-refresh-run] 2026-09-10T05:39:03.646369+00:00   CNP: facts=143 kpi_updated=0 kpi_added=0 errors=0
[quarterly-refresh-run] 2026-09-10T05:39:03.646388+00:00 === COO (quarter, 2 filing(s)) ===
[quarterly-refresh-run] 2026-09-10T05:39:04.669570+00:00   down COO 10-Q 2026-09-09 -> data-lake/COO/10Q/COO_2026-09-09.htm.gz
[quarterly-refresh-run] 2026-09-10T05:39:05.407878+00:00   down COO 8-K 2026-09-09 -> data-lake/COO/8K/COO_2026-09-09_0001628280-26-061155.htm.gz
[quarterly-refresh-run] 2026-09-10T05:39:07.106482+00:00   COO: facts=206 kpi_updated=4 kpi_added=0 errors=0
[quarterly-refresh-run] 2026-09-10T05:39:07.106496+00:00 === FOX (docs, 1 filing(s)) ===
[quarterly-refresh-run] 2026-09-10T05:39:07.934818+00:00   down FOX 8-K 2026-09-09 -> data-lake/FOX/8K/FOX_2026-09-09_0001193125-26-385979.htm.gz
[quarterly-refresh-run] 2026-09-10T05:39:09.387909+00:00   FOX: facts=90 kpi_updated=0 kpi_added=0 errors=0
[quarterly-refresh-run] 2026-09-10T05:39:09.387930+00:00 === FOXA (docs, 1 filing(s)) ===
[quarterly-refresh-run] 2026-09-10T05:39:10.151045+00:00   down FOXA 8-K 2026-09-09 -> data-lake/FOXA/8K/FOXA_2026-09-09_0001193125-26-385979.htm.gz
[quarterly-refresh-run] 2026-09-10T05:39:11.188212+00:00   FOXA: facts=90 kpi_updated=0 kpi_added=0 errors=0
[quarterly-refresh-run] 2026-09-10T05:39:11.188232+00:00 === GPC (docs, 1 filing(s)) ===
[quarterly-refresh-run] 2026-09-10T05:39:11.897951+00:00   down GPC 8-K 2026-09-09 -> data-lake/GPC/8K/GPC_2026-09-09_0001193125-26-385959.htm.gz
[quarterly-refresh-run] 2026-09-10T05:39:14.577622+00:00   GPC: facts=136 kpi_updated=0 kpi_added=0 errors=0
[quarterly-refresh-run] 2026-09-10T05:39:14.577639+00:00 === INTU (annual, 1 filing(s)) ===
[quarterly-refresh-run] 2026-09-10T05:39:15.999544+00:00   down INTU 10-K 2026-09-09 -> data-lake/INTU/10K/INTU_2026-09-09.htm.gz
[quarterly-refresh-run] 2026-09-10T05:39:17.720008+00:00   INTU: facts=183 kpi_updated=6 kpi_added=0 errors=0
[quarterly-refresh-run] 2026-09-10T05:39:17.720266+00:00 === INVH (docs, 1 filing(s)) ===
[quarterly-refresh-run] 2026-09-10T05:39:18.523264+00:00   down INVH 8-K 2026-09-09 -> data-lake/INVH/8K/INVH_2026-09-09_0001687229-26-000048.htm.gz
[quarterly-refresh-run] 2026-09-10T05:39:20.001402+00:00   INVH: facts=121 kpi_updated=0 kpi_added=0 errors=0
[quarterly-refresh-run] 2026-09-10T05:39:20.001423+00:00 === IQV (docs, 1 filing(s)) ===
[quarterly-refresh-run] 2026-09-10T05:39:20.760851+00:00   down IQV 8-K 2026-09-09 -> data-lake/IQV/8K/IQV_2026-09-09_0001193125-26-386633.htm.gz
[quarterly-refresh-run] 2026-09-10T05:39:22.614692+00:00   IQV: facts=149 kpi_updated=0 kpi_added=0 errors=0
[quarterly-refresh-run] 2026-09-10T05:39:22.614717+00:00 === MAA (docs, 1 filing(s)) ===
[quarterly-refresh-run] 2026-09-10T05:39:23.390873+00:00   down MAA 8-K 2026-09-09 -> data-lake/MAA/8K/MAA_2026-09-09_0001193125-26-386623.htm.gz
[quarterly-refresh-run] 2026-09-10T05:39:24.892933+00:00   MAA: facts=116 kpi_updated=0 kpi_added=0 errors=0
[quarterly-refresh-run] 2026-09-10T05:39:24.892948+00:00 === MSI (docs, 1 filing(s)) ===
[quarterly-refresh-run] 2026-09-10T05:39:25.690558+00:00   down MSI 8-K 2026-09-09 -> data-lake/MSI/8K/MSI_2026-09-09_0001193125-26-386490.htm.gz
[quarterly-refresh-run] 2026-09-10T05:39:29.276749+00:00   MSI: facts=187 kpi_updated=0 kpi_added=0 errors=0
[quarterly-refresh-run] 2026-09-10T05:39:29.276846+00:00 === NWS (docs, 1 filing(s)) ===
[quarterly-refresh-run] 2026-09-10T05:39:30.095240+00:00   down NWS 8-K 2026-09-09 -> data-lake/NWS/8K/NWS_2026-09-09_0001564708-26-000197.htm.gz
[quarterly-refresh-run] 2026-09-10T05:39:31.737161+00:00   NWS: facts=135 kpi_updated=0 kpi_added=0 errors=0
[quarterly-refresh-run] 2026-09-10T05:39:31.737178+00:00 === NWSA (docs, 1 filing(s)) ===
[quarterly-refresh-run] 2026-09-10T05:39:32.533085+00:00   down NWSA 8-K 2026-09-09 -> data-lake/NWSA/8K/NWSA_2026-09-09_0001564708-26-000197.htm.gz
[quarterly-refresh-run] 2026-09-10T05:39:34.667120+00:00   NWSA: facts=135 kpi_updated=0 kpi_added=0 errors=0
[quarterly-refresh-run] 2026-09-10T05:39:34.667139+00:00 === PH (docs, 1 filing(s)) ===
[quarterly-refresh-run] 2026-09-10T05:39:35.720401+00:00   down PH 424B5 2026-09-09 -> data-lake/PH/424B/PH_2026-09-09_0001193125-26-385830.htm.gz
[quarterly-refresh-run] 2026-09-10T05:39:37.334786+00:00   PH: facts=143 kpi_updated=0 kpi_added=0 errors=0
[quarterly-refresh-run] 2026-09-10T05:39:37.334845+00:00 === PSA (docs, 1 filing(s)) ===
[quarterly-refresh-run] 2026-09-10T05:39:38.395625+00:00   down PSA 424B5 2026-09-09 -> data-lake/PSA/424B/PSA_2026-09-09_0001193125-26-385976.htm.gz
[quarterly-refresh-run] 2026-09-10T05:39:39.791801+00:00   PSA: facts=125 kpi_updated=0 kpi_added=0 errors=0
[quarterly-refresh-run] 2026-09-10T05:39:39.791815+00:00 === STX (docs, 1 filing(s)) ===
[quarterly-refresh-run] 2026-09-10T05:39:40.610232+00:00   down STX 8-K 2026-09-09 -> data-lake/STX/8K/STX_2026-09-09_0001193125-26-385961.htm.gz
[quarterly-refresh-run] 2026-09-10T05:39:42.171153+00:00   STX: facts=183 kpi_updated=0 kpi_added=0 errors=0
[quarterly-refresh-run] 2026-09-10T05:39:42.171163+00:00 === SYY (docs, 2 filing(s)) ===
[quarterly-refresh-run] 2026-09-10T05:39:42.889877+00:00   down SYY 8-K 2026-09-09 -> data-lake/SYY/8K/SYY_2026-09-09_0000950142-26-002526.htm.gz
[quarterly-refresh-run] 2026-09-10T05:39:43.711450+00:00   down SYY 8-K 2026-09-09 -> data-lake/SYY/8K/SYY_2026-09-09_0000950142-26-002525.htm.gz
[quarterly-refresh-run] 2026-09-10T05:39:45.259594+00:00   SYY: facts=179 kpi_updated=0 kpi_added=0 errors=0
[quarterly-refresh-run] 2026-09-10T05:39:45.259609+00:00 === T (docs, 1 filing(s)) ===
[quarterly-refresh-run] 2026-09-10T05:39:46.070911+00:00   down T 8-K 2026-09-09 -> data-lake/T/8K/T_2026-09-09_0001193125-26-386534.htm.gz
[quarterly-refresh-run] 2026-09-10T05:39:47.827934+00:00   T: facts=147 kpi_updated=0 kpi_added=0 errors=0
[quarterly-refresh-run] 2026-09-10T05:39:47.827949+00:00 === UDR (docs, 1 filing(s)) ===
[quarterly-refresh-run] 2026-09-10T05:39:48.623921+00:00   down UDR 8-K 2026-09-09 -> data-lake/UDR/8K/UDR_2026-09-09_0000074208-26-000077.htm.gz
[quarterly-refresh-run] 2026-09-10T05:39:50.355238+00:00   UDR: facts=137 kpi_updated=0 kpi_added=0 errors=0
[quarterly-refresh-run] 2026-09-10T05:39:50.355253+00:00 === VMRK (docs, 1 filing(s)) ===
[quarterly-refresh-run] 2026-09-10T05:39:51.179015+00:00   down VMRK 8-K 2026-09-09 -> data-lake/VMRK/8K/VMRK_2026-09-09_0001193125-26-385969.htm.gz
[quarterly-refresh-run] 2026-09-10T05:39:53.164017+00:00   VMRK: facts=111 kpi_updated=0 kpi_added=0 errors=1
[quarterly-refresh-run] 2026-09-10T05:39:53.164031+00:00 === XYL (docs, 1 filing(s)) ===
[quarterly-refresh-run] 2026-09-10T05:39:54.005901+00:00   down XYL 8-K 2026-09-09 -> data-lake/XYL/8K/XYL_2026-09-09_0001524472-26-000132.htm.gz
[quarterly-refresh-run] 2026-09-10T05:39:55.616426+00:00   XYL: facts=187 kpi_updated=0 kpi_added=0 errors=0
[quarterly-refresh-run] 2026-09-10T05:39:55.616750+00:00 Ecrit /Users/yann/spx-app/.conv-state/quarterly-refresh-run-result.json (28 ste(s))
[quarterly-refresh] run rc=0
[lock1] ADI: OK (4/7 points concordants, 0 écarts, 3 invérifiables)
[lock1] ADSK: OK (4/7 points concordants, 0 écarts, 3 invérifiables)
[lock1] AMT: OK (3/6 points concordants, 0 écarts, 3 invérifiables)
[lock1] AMZN: OK (5/5 points concordants, 0 écarts, 0 invérifiables)
[lock1] AWK: OK (4/6 points concordants, 0 écarts, 2 invérifiables)
[lock1] BALL: OK (2/5 points concordants, 0 écarts, 3 invérifiables)
[lock1] BKR: OK (3/6 points concordants, 0 écarts, 3 invérifiables)
[lock1] CME: OK (4/6 points concordants, 0 écarts, 2 invérifiables)
[lock1] CNP: OK (4/6 points concordants, 0 écarts, 2 invérifiables)
[lock1] COO: OK (4/7 points concordants, 0 écarts, 3 invérifiables)
[lock1] FOX: OK (5/5 points concordants, 0 écarts, 0 invérifiables)
[lock1] FOXA: OK (5/5 points concordants, 0 écarts, 0 invérifiables)
[lock1] GPC: OK (4/6 points concordants, 0 écarts, 2 invérifiables)
[lock1] INTU: OK (7/7 points concordants, 0 écarts, 0 invérifiables)
[lock1] INVH: OK (4/5 points concordants, 0 écarts, 1 invérifiables)
[lock1] IQV: OK (4/5 points concordants, 0 écarts, 1 invérifiables)
[lock1] MAA: OK (4/5 points concordants, 0 écarts, 1 invérifiables)
[lock1] MSI: OK (4/6 points concordants, 0 écarts, 2 invérifiables)
[lock1] NWS: OK (5/6 points concordants, 0 écarts, 1 invérifiables)
[lock1] NWSA: OK (5/6 points concordants, 0 écarts, 1 invérifiables)
[lock1] PH: OK (6/6 points concordants, 0 écarts, 0 invérifiables)
[lock1] PSA: OK (4/5 points concordants, 0 écarts, 1 invérifiables)
[lock1] STX: OK (7/7 points concordants, 0 écarts, 0 invérifiables)
[lock1] SYY: OK (5/5 points concordants, 0 écarts, 0 invérifiables)
[lock1] T: OK (4/5 points concordants, 0 écarts, 1 invérifiables)
[lock1] UDR: OK (4/5 points concordants, 0 écarts, 1 invérifiables)
[lock1] VMRK: OK (0/0 points concordants, 0 écarts, 0 invérifiables)
[lock1] XYL: OK (4/6 points concordants, 0 écarts, 2 invérifiables)
[lock1] résultat écrit: /Users/yann/spx-app/.conv-state/qr-lock1-result.json
[quarterly-refresh] lock1 rc=0
[lock2] ADI: INCOMPLETE (3/16 KPI à jour, 13 manquants, todo=['ec_synthesis', 'stories_rotation', 'risks', 'segments_geo', 'events', 'profit_warning', 'governance', 'governance_top_holders', 'dilution', 'description', 'headcount', 'ai_positioning'], lock1=OK)
[lock2] ADSK: INCOMPLETE (5/17 KPI à jour, 12 manquants, todo=['ec_synthesis', 'stories_rotation', 'risks', 'segments_geo', 'events', 'profit_warning', 'governance', 'governance_top_holders', 'dilution', 'description', 'headcount', 'ai_positioning'], lock1=OK)
[lock2] AMT: INCOMPLETE (0/10 KPI à jour, 10 manquants, todo=['ec_synthesis', 'stories_rotation', 'risks', 'segments_geo', 'events', 'profit_warning', 'governance', 'governance_top_holders', 'dilution', 'description', 'headcount', 'ai_positioning'], lock1=OK)
[lock2] AMZN: INCOMPLETE (2/15 KPI à jour, 13 manquants, todo=['ec_synthesis', 'stories_rotation', 'risks', 'segments_geo', 'events', 'profit_warning', 'governance', 'governance_top_holders', 'dilution', 'description', 'headcount', 'ai_positioning'], lock1=OK)
[lock2] AWK: INCOMPLETE (3/9 KPI à jour, 6 manquants, todo=['ec_synthesis', 'stories_rotation', 'risks', 'segments_geo', 'events', 'profit_warning', 'governance', 'governance_top_holders', 'dilution', 'description', 'headcount', 'ai_positioning'], lock1=OK)
[lock2] BALL: INCOMPLETE (3/7 KPI à jour, 4 manquants, todo=['ec_synthesis', 'stories_rotation', 'risks', 'segments_geo', 'events', 'profit_warning', 'governance', 'governance_top_holders', 'dilution', 'description', 'headcount', 'ai_positioning'], lock1=OK)
[lock2] BKR: INCOMPLETE (2/13 KPI à jour, 11 manquants, todo=['ec_synthesis', 'stories_rotation', 'risks', 'segments_geo', 'events', 'profit_warning', 'governance', 'governance_top_holders', 'dilution', 'description', 'headcount', 'ai_positioning'], lock1=OK)
[lock2] CME: INCOMPLETE (3/13 KPI à jour, 10 manquants, todo=['ec_synthesis', 'stories_rotation', 'risks', 'segments_geo', 'events', 'profit_warning', 'governance', 'governance_top_holders', 'dilution', 'description', 'headcount', 'ai_positioning'], lock1=OK)
[lock2] CNP: INCOMPLETE (0/7 KPI à jour, 7 manquants, todo=['ec_synthesis', 'stories_rotation', 'risks', 'segments_geo', 'events', 'profit_warning', 'governance', 'governance_top_holders', 'dilution', 'description', 'headcount', 'ai_positioning'], lock1=OK)
[lock2] COO: INCOMPLETE (3/16 KPI à jour, 13 manquants, todo=['ec_synthesis', 'stories_rotation', 'risks', 'segments_geo', 'events', 'profit_warning', 'governance', 'governance_top_holders', 'dilution', 'description', 'headcount', 'ai_positioning'], lock1=OK)
[lock2] FOX: INCOMPLETE (0/4 KPI à jour, 4 manquants, todo=['ec_synthesis', 'stories_rotation', 'risks', 'segments_geo', 'events', 'profit_warning', 'governance', 'governance_top_holders', 'dilution', 'description', 'headcount', 'ai_positioning'], lock1=OK)
[lock2] FOXA: INCOMPLETE (0/5 KPI à jour, 5 manquants, todo=['ec_synthesis', 'stories_rotation', 'risks', 'segments_geo', 'events', 'profit_warning', 'governance', 'governance_top_holders', 'dilution', 'description', 'headcount', 'ai_positioning'], lock1=OK)
[lock2] GPC: INCOMPLETE (3/11 KPI à jour, 8 manquants, todo=['ec_synthesis', 'stories_rotation', 'risks', 'segments_geo', 'events', 'profit_warning', 'governance', 'governance_top_holders', 'dilution', 'description', 'headcount', 'ai_positioning'], lock1=OK)
[lock2] INTU: INCOMPLETE (3/12 KPI à jour, 9 manquants, todo=['ec_synthesis', 'stories_rotation', 'risks', 'segments_geo', 'events', 'profit_warning', 'governance', 'governance_top_holders', 'dilution', 'description', 'headcount', 'ai_positioning'], lock1=OK)
[lock2] INVH: INCOMPLETE (3/10 KPI à jour, 7 manquants, todo=['ec_synthesis', 'stories_rotation', 'risks', 'segments_geo', 'events', 'profit_warning', 'governance', 'governance_top_holders', 'dilution', 'description', 'headcount', 'ai_positioning'], lock1=OK)
[lock2] IQV: INCOMPLETE (0/11 KPI à jour, 11 manquants, todo=['ec_synthesis', 'stories_rotation', 'risks', 'segments_geo', 'events', 'profit_warning', 'governance', 'governance_top_holders', 'dilution', 'description', 'headcount', 'ai_positioning'], lock1=OK)
[lock2] MAA: INCOMPLETE (2/8 KPI à jour, 6 manquants, todo=['ec_synthesis', 'stories_rotation', 'risks', 'segments_geo', 'events', 'profit_warning', 'governance', 'governance_top_holders', 'dilution', 'description', 'headcount', 'ai_positioning'], lock1=OK)
[lock2] MSI: INCOMPLETE (3/11 KPI à jour, 8 manquants, todo=['ec_synthesis', 'stories_rotation', 'risks', 'segments_geo', 'events', 'profit_warning', 'governance', 'governance_top_holders', 'dilution', 'description', 'headcount', 'ai_positioning'], lock1=OK)
[lock2] NWS: INCOMPLETE (0/8 KPI à jour, 8 manquants, todo=['ec_synthesis', 'stories_rotation', 'risks', 'segments_geo', 'events', 'profit_warning', 'governance', 'governance_top_holders', 'dilution', 'description', 'headcount', 'ai_positioning'], lock1=OK)
[lock2] NWSA: INCOMPLETE (0/11 KPI à jour, 11 manquants, todo=['ec_synthesis', 'stories_rotation', 'risks', 'segments_geo', 'events', 'profit_warning', 'governance', 'governance_top_holders', 'dilution', 'description', 'headcount', 'ai_positioning'], lock1=OK)
[lock2] PH: INCOMPLETE (1/7 KPI à jour, 6 manquants, todo=['ec_synthesis', 'stories_rotation', 'risks', 'segments_geo', 'events', 'profit_warning', 'governance', 'governance_top_holders', 'dilution', 'description', 'headcount', 'ai_positioning'], lock1=OK)
[lock2] PSA: INCOMPLETE (6/14 KPI à jour, 8 manquants, todo=['ec_synthesis', 'stories_rotation', 'risks', 'segments_geo', 'events', 'profit_warning', 'governance', 'governance_top_holders', 'dilution', 'description', 'headcount', 'ai_positioning'], lock1=OK)
[lock2] STX: INCOMPLETE (0/14 KPI à jour, 14 manquants, todo=['ec_synthesis', 'stories_rotation', 'risks', 'segments_geo', 'events', 'profit_warning', 'governance', 'governance_top_holders', 'dilution', 'description', 'headcount', 'ai_positioning'], lock1=OK)
[lock2] SYY: INCOMPLETE (0/11 KPI à jour, 11 manquants, todo=['ec_synthesis', 'stories_rotation', 'risks', 'segments_geo', 'events', 'profit_warning', 'governance', 'governance_top_holders', 'dilution', 'description', 'headcount', 'ai_positioning'], lock1=OK)
[lock2] T: INCOMPLETE (5/10 KPI à jour, 5 manquants, todo=['ec_synthesis', 'stories_rotation', 'risks', 'segments_geo', 'events', 'profit_warning', 'governance', 'governance_top_holders', 'dilution', 'description', 'headcount', 'ai_positioning'], lock1=OK)
[lock2] UDR: INCOMPLETE (2/10 KPI à jour, 8 manquants, todo=['ec_synthesis', 'stories_rotation', 'risks', 'segments_geo', 'events', 'profit_warning', 'governance', 'governance_top_holders', 'dilution', 'description', 'headcount', 'ai_positioning'], lock1=OK)
[lock2] VMRK: INCOMPLETE (0/1 KPI à jour, 1 manquants, todo=['ec_synthesis', 'stories_rotation', 'risks', 'segments_geo', 'events', 'profit_warning', 'governance', 'governance_top_holders', 'dilution', 'description', 'headcount', 'ai_positioning'], lock1=OK)
[lock2] XYL: INCOMPLETE (3/6 KPI à jour, 3 manquants, todo=['ec_synthesis', 'stories_rotation', 'risks', 'segments_geo', 'events', 'profit_warning', 'governance', 'governance_top_holders', 'dilution', 'description', 'headcount', 'ai_positioning'], lock1=OK)
[lock2] résultat écrit: /Users/yann/spx-app/.conv-state/qr-lock2-result.json
[quarterly-refresh] lock2 rc=0
[quarterly-refresh] audit pages: ADI ADSK AMT AMZN AWK BALL BKR CME CNP COO FOX FOXA GPC INTU INVH IQV MAA MSI NWS NWSA PH PSA STX SYY T UDR VMRK XYL
special_kpis merge failed for ADI: Error: supabaseUrl is required.
    at validateSupabaseUrl (/Users/yann/spx-app/node_modules/@supabase/supabase-js/src/lib/helpers.ts:86:11)
    at new SupabaseClient (/Users/yann/spx-app/node_modules/@supabase/supabase-js/src/SupabaseClient.ts:284:21)
    at createClient (/Users/yann/spx-app/node_modules/@supabase/supabase-js/src/index.ts:65:10)
    at admin (/Users/yann/spx-app/src/lib/desk/special-kpis.ts:152:10)
    at listPublishedForTicker (/Users/yann/spx-app/src/lib/desk/special-kpis.ts:175:16)
    at loadV17CompanyBrut (/Users/yann/spx-app/src/lib/company-core/load-company.ts:1771:30)
    at async loadV17Company (/Users/yann/spx-app/src/lib/company-core/load-company.ts:493:14)
    at async auditTicker (/Users/yann/spx-app/scripts/audit-pages-full.ts:51:19)
    at async main (/Users/yann/spx-app/scripts/audit-pages-full.ts:153:17)
kpi_requests merge failed for ADI: Error: supabaseUrl is required.
    at validateSupabaseUrl (/Users/yann/spx-app/node_modules/@supabase/supabase-js/src/lib/helpers.ts:86:11)
    at new SupabaseClient (/Users/yann/spx-app/node_modules/@supabase/supabase-js/src/SupabaseClient.ts:284:21)
    at createClient (/Users/yann/spx-app/node_modules/@supabase/supabase-js/src/index.ts:65:10)
    at loadV17CompanyBrut (/Users/yann/spx-app/src/lib/company-core/load-company.ts:1835:18)
    at async loadV17Company (/Users/yann/spx-app/src/lib/company-core/load-company.ts:493:14)
    at async auditTicker (/Users/yann/spx-app/scripts/audit-pages-full.ts:51:19)
    at async main (/Users/yann/spx-app/scripts/audit-pages-full.ts:153:17)
image_findings merge failed for ADI: Error: supabaseUrl is required.
    at validateSupabaseUrl (/Users/yann/spx-app/node_modules/@supabase/supabase-js/src/lib/helpers.ts:86:11)
    at new SupabaseClient (/Users/yann/spx-app/node_modules/@supabase/supabase-js/src/SupabaseClient.ts:284:21)
    at createClient (/Users/yann/spx-app/node_modules/@supabase/supabase-js/src/index.ts:65:10)
    at admin (/Users/yann/spx-app/src/lib/desk/image-findings.ts:118:10)
    at listApprovedForTicker (/Users/yann/spx-app/src/lib/desk/image-findings.ts:222:16)
    at loadV17CompanyBrut (/Users/yann/spx-app/src/lib/company-core/load-company.ts:1898:30)
    at async loadV17Company (/Users/yann/spx-app/src/lib/company-core/load-company.ts:493:14)
    at async auditTicker (/Users/yann/spx-app/scripts/audit-pages-full.ts:51:19)
    at async main (/Users/yann/spx-app/scripts/audit-pages-full.ts:153:17)
[hero-kpi-overrides] refetch failed, using stale cache Error: SUPABASE_SERVICE_ROLE_KEY manquante — vérifier .env.local
    at createSupabaseAdminClient (/Users/yann/spx-app/src/lib/supabase/admin.ts:16:11)
    at fetchAll (/Users/yann/spx-app/src/lib/company-core/hero-kpi-overrides.ts:31:20)
    at getHeroKpiOverride (/Users/yann/spx-app/src/lib/company-core/hero-kpi-overrides.ts:58:21)
    at loadV17CompanyBrut (/Users/yann/spx-app/src/lib/company-core/load-company.ts:3069:28)
    at async loadV17Company (/Users/yann/spx-app/src/lib/company-core/load-company.ts:493:14)
    at async auditTicker (/Users/yann/spx-app/scripts/audit-pages-full.ts:51:19)
    at async main (/Users/yann/spx-app/scripts/audit-pages-full.ts:153:17)
special_kpis merge failed for ADSK: Error: supabaseUrl is required.
    at validateSupabaseUrl (/Users/yann/spx-app/node_modules/@supabase/supabase-js/src/lib/helpers.ts:86:11)
    at new SupabaseClient (/Users/yann/spx-app/node_modules/@supabase/supabase-js/src/SupabaseClient.ts:284:21)
    at createClient (/Users/yann/spx-app/node_modules/@supabase/supabase-js/src/index.ts:65:10)
    at admin (/Users/yann/spx-app/src/lib/desk/special-kpis.ts:152:10)
    at listPublishedForTicker (/Users/yann/spx-app/src/lib/desk/special-kpis.ts:175:16)
    at loadV17CompanyBrut (/Users/yann/spx-app/src/lib/company-core/load-company.ts:1771:30)
    at async loadV17Company (/Users/yann/spx-app/src/lib/company-core/load-company.ts:493:14)
    at async auditTicker (/Users/yann/spx-app/scripts/audit-pages-full.ts:51:19)
    at async main (/Users/yann/spx-app/scripts/audit-pages-full.ts:153:17)
kpi_requests merge failed for ADSK: Error: supabaseUrl is required.
    at validateSupabaseUrl (/Users/yann/spx-app/node_modules/@supabase/supabase-js/src/lib/helpers.ts:86:11)
    at new SupabaseClient (/Users/yann/spx-app/node_modules/@supabase/supabase-js/src/SupabaseClient.ts:284:21)
    at createClient (/Users/yann/spx-app/node_modules/@supabase/supabase-js/src/index.ts:65:10)
    at loadV17CompanyBrut (/Users/yann/spx-app/src/lib/company-core/load-company.ts:1835:18)
    at async loadV17Company (/Users/yann/spx-app/src/lib/company-core/load-company.ts:493:14)
    at async auditTicker (/Users/yann/spx-app/scripts/audit-pages-full.ts:51:19)
    at async main (/Users/yann/spx-app/scripts/audit-pages-full.ts:153:17)
image_findings merge failed for ADSK: Error: supabaseUrl is required.
    at validateSupabaseUrl (/Users/yann/spx-app/node_modules/@supabase/supabase-js/src/lib/helpers.ts:86:11)
    at new SupabaseClient (/Users/yann/spx-app/node_modules/@supabase/supabase-js/src/SupabaseClient.ts:284:21)
    at createClient (/Users/yann/spx-app/node_modules/@supabase/supabase-js/src/index.ts:65:10)
    at admin (/Users/yann/spx-app/src/lib/desk/image-findings.ts:118:10)
    at listApprovedForTicker (/Users/yann/spx-app/src/lib/desk/image-findings.ts:222:16)
    at loadV17CompanyBrut (/Users/yann/spx-app/src/lib/company-core/load-company.ts:1898:30)
    at async loadV17Company (/Users/yann/spx-app/src/lib/company-core/load-company.ts:493:14)
    at async auditTicker (/Users/yann/spx-app/scripts/audit-pages-full.ts:51:19)
    at async main (/Users/yann/spx-app/scripts/audit-pages-full.ts:153:17)
[hero-kpi-overrides] refetch failed, using stale cache Error: SUPABASE_SERVICE_ROLE_KEY manquante — vérifier .env.local
    at createSupabaseAdminClient (/Users/yann/spx-app/src/lib/supabase/admin.ts:16:11)
    at fetchAll (/Users/yann/spx-app/src/lib/company-core/hero-kpi-overrides.ts:31:20)
    at getHeroKpiOverride (/Users/yann/spx-app/src/lib/company-core/hero-kpi-overrides.ts:58:21)
    at loadV17CompanyBrut (/Users/yann/spx-app/src/lib/company-core/load-company.ts:3069:28)
    at async loadV17Company (/Users/yann/spx-app/src/lib/company-core/load-company.ts:493:14)
    at async auditTicker (/Users/yann/spx-app/scripts/audit-pages-full.ts:51:19)
    at async main (/Users/yann/spx-app/scripts/audit-pages-full.ts:153:17)
special_kpis merge failed for AMT: Error: supabaseUrl is required.
    at validateSupabaseUrl (/Users/yann/spx-app/node_modules/@supabase/supabase-js/src/lib/helpers.ts:86:11)
    at new SupabaseClient (/Users/yann/spx-app/node_modules/@supabase/supabase-js/src/SupabaseClient.ts:284:21)
    at createClient (/Users/yann/spx-app/node_modules/@supabase/supabase-js/src/index.ts:65:10)
    at admin (/Users/yann/spx-app/src/lib/desk/special-kpis.ts:152:10)
    at listPublishedForTicker (/Users/yann/spx-app/src/lib/desk/special-kpis.ts:175:16)
    at loadV17CompanyBrut (/Users/yann/spx-app/src/lib/company-core/load-company.ts:1771:30)
    at async loadV17Company (/Users/yann/spx-app/src/lib/company-core/load-company.ts:493:14)
    at async auditTicker (/Users/yann/spx-app/scripts/audit-pages-full.ts:51:19)
    at async main (/Users/yann/spx-app/scripts/audit-pages-full.ts:153:17)
kpi_requests merge failed for AMT: Error: supabaseUrl is required.
    at validateSupabaseUrl (/Users/yann/spx-app/node_modules/@supabase/supabase-js/src/lib/helpers.ts:86:11)
    at new SupabaseClient (/Users/yann/spx-app/node_modules/@supabase/supabase-js/src/SupabaseClient.ts:284:21)
    at createClient (/Users/yann/spx-app/node_modules/@supabase/supabase-js/src/index.ts:65:10)
    at loadV17CompanyBrut (/Users/yann/spx-app/src/lib/company-core/load-company.ts:1835:18)
    at async loadV17Company (/Users/yann/spx-app/src/lib/company-core/load-company.ts:493:14)
    at async auditTicker (/Users/yann/spx-app/scripts/audit-pages-full.ts:51:19)
    at async main (/Users/yann/spx-app/scripts/audit-pages-full.ts:153:17)
image_findings merge failed for AMT: Error: supabaseUrl is required.
    at validateSupabaseUrl (/Users/yann/spx-app/node_modules/@supabase/supabase-js/src/lib/helpers.ts:86:11)
    at new SupabaseClient (/Users/yann/spx-app/node_modules/@supabase/supabase-js/src/SupabaseClient.ts:284:21)
    at createClient (/Users/yann/spx-app/node_modules/@supabase/supabase-js/src/index.ts:65:10)
    at admin (/Users/yann/spx-app/src/lib/desk/image-findings.ts:118:10)
    at listApprovedForTicker (/Users/yann/spx-app/src/lib/desk/image-findings.ts:222:16)
    at loadV17CompanyBrut (/Users/yann/spx-app/src/lib/company-core/load-company.ts:1898:30)
    at async loadV17Company (/Users/yann/spx-app/src/lib/company-core/load-company.ts:493:14)
    at async auditTicker (/Users/yann/spx-app/scripts/audit-pages-full.ts:51:19)
    at async main (/Users/yann/spx-app/scripts/audit-pages-full.ts:153:17)
[hero-kpi-overrides] refetch failed, using stale cache Error: SUPABASE_SERVICE_ROLE_KEY manquante — vérifier .env.local
    at createSupabaseAdminClient (/Users/yann/spx-app/src/lib/supabase/admin.ts:16:11)
    at fetchAll (/Users/yann/spx-app/src/lib/company-core/hero-kpi-overrides.ts:31:20)
    at getHeroKpiOverride (/Users/yann/spx-app/src/lib/company-core/hero-kpi-overrides.ts:58:21)
    at loadV17CompanyBrut (/Users/yann/spx-app/src/lib/company-core/load-company.ts:3069:28)
    at async loadV17Company (/Users/yann/spx-app/src/lib/company-core/load-company.ts:493:14)
    at async auditTicker (/Users/yann/spx-app/scripts/audit-pages-full.ts:51:19)
    at async main (/Users/yann/spx-app/scripts/audit-pages-full.ts:153:17)
special_kpis merge failed for AMZN: Error: supabaseUrl is required.
    at validateSupabaseUrl (/Users/yann/spx-app/node_modules/@supabase/supabase-js/src/lib/helpers.ts:86:11)
    at new SupabaseClient (/Users/yann/spx-app/node_modules/@supabase/supabase-js/src/SupabaseClient.ts:284:21)
    at createClient (/Users/yann/spx-app/node_modules/@supabase/supabase-js/src/index.ts:65:10)
    at admin (/Users/yann/spx-app/src/lib/desk/special-kpis.ts:152:10)
    at listPublishedForTicker (/Users/yann/spx-app/src/lib/desk/special-kpis.ts:175:16)
    at loadV17CompanyBrut (/Users/yann/spx-app/src/lib/company-core/load-company.ts:1771:30)
    at async loadV17Company (/Users/yann/spx-app/src/lib/company-core/load-company.ts:493:14)
    at async auditTicker (/Users/yann/spx-app/scripts/audit-pages-full.ts:51:19)
    at async main (/Users/yann/spx-app/scripts/audit-pages-full.ts:153:17)
kpi_requests merge failed for AMZN: Error: supabaseUrl is required.
    at validateSupabaseUrl (/Users/yann/spx-app/node_modules/@supabase/supabase-js/src/lib/helpers.ts:86:11)
    at new SupabaseClient (/Users/yann/spx-app/node_modules/@supabase/supabase-js/src/SupabaseClient.ts:284:21)
    at createClient (/Users/yann/spx-app/node_modules/@supabase/supabase-js/src/index.ts:65:10)
    at loadV17CompanyBrut (/Users/yann/spx-app/src/lib/company-core/load-company.ts:1835:18)
    at async loadV17Company (/Users/yann/spx-app/src/lib/company-core/load-company.ts:493:14)
    at async auditTicker (/Users/yann/spx-app/scripts/audit-pages-full.ts:51:19)
    at async main (/Users/yann/spx-app/scripts/audit-pages-full.ts:153:17)
image_findings merge failed for AMZN: Error: supabaseUrl is required.
    at validateSupabaseUrl (/Users/yann/spx-app/node_modules/@supabase/supabase-js/src/lib/helpers.ts:86:11)
    at new SupabaseClient (/Users/yann/spx-app/node_modules/@supabase/supabase-js/src/SupabaseClient.ts:284:21)
    at createClient (/Users/yann/spx-app/node_modules/@supabase/supabase-js/src/index.ts:65:10)
    at admin (/Users/yann/spx-app/src/lib/desk/image-findings.ts:118:10)
    at listApprovedForTicker (/Users/yann/spx-app/src/lib/desk/image-findings.ts:222:16)
    at loadV17CompanyBrut (/Users/yann/spx-app/src/lib/company-core/load-company.ts:1898:30)
    at async loadV17Company (/Users/yann/spx-app/src/lib/company-core/load-company.ts:493:14)
    at async auditTicker (/Users/yann/spx-app/scripts/audit-pages-full.ts:51:19)
    at async main (/Users/yann/spx-app/scripts/audit-pages-full.ts:153:17)
[hero-kpi-overrides] refetch failed, using stale cache Error: SUPABASE_SERVICE_ROLE_KEY manquante — vérifier .env.local
    at createSupabaseAdminClient (/Users/yann/spx-app/src/lib/supabase/admin.ts:16:11)
    at fetchAll (/Users/yann/spx-app/src/lib/company-core/hero-kpi-overrides.ts:31:20)
    at getHeroKpiOverride (/Users/yann/spx-app/src/lib/company-core/hero-kpi-overrides.ts:58:21)
    at loadV17CompanyBrut (/Users/yann/spx-app/src/lib/company-core/load-company.ts:3069:28)
    at async loadV17Company (/Users/yann/spx-app/src/lib/company-core/load-company.ts:493:14)
    at async auditTicker (/Users/yann/spx-app/scripts/audit-pages-full.ts:51:19)
    at async main (/Users/yann/spx-app/scripts/audit-pages-full.ts:153:17)
special_kpis merge failed for AWK: Error: supabaseUrl is required.
    at validateSupabaseUrl (/Users/yann/spx-app/node_modules/@supabase/supabase-js/src/lib/helpers.ts:86:11)
    at new SupabaseClient (/Users/yann/spx-app/node_modules/@supabase/supabase-js/src/SupabaseClient.ts:284:21)
    at createClient (/Users/yann/spx-app/node_modules/@supabase/supabase-js/src/index.ts:65:10)
    at admin (/Users/yann/spx-app/src/lib/desk/special-kpis.ts:152:10)
    at listPublishedForTicker (/Users/yann/spx-app/src/lib/desk/special-kpis.ts:175:16)
    at loadV17CompanyBrut (/Users/yann/spx-app/src/lib/company-core/load-company.ts:1771:30)
    at async loadV17Company (/Users/yann/spx-app/src/lib/company-core/load-company.ts:493:14)
    at async auditTicker (/Users/yann/spx-app/scripts/audit-pages-full.ts:51:19)
    at async main (/Users/yann/spx-app/scripts/audit-pages-full.ts:153:17)
kpi_requests merge failed for AWK: Error: supabaseUrl is required.
    at validateSupabaseUrl (/Users/yann/spx-app/node_modules/@supabase/supabase-js/src/lib/helpers.ts:86:11)
    at new SupabaseClient (/Users/yann/spx-app/node_modules/@supabase/supabase-js/src/SupabaseClient.ts:284:21)
    at createClient (/Users/yann/spx-app/node_modules/@supabase/supabase-js/src/index.ts:65:10)
    at loadV17CompanyBrut (/Users/yann/spx-app/src/lib/company-core/load-company.ts:1835:18)
    at async loadV17Company (/Users/yann/spx-app/src/lib/company-core/load-company.ts:493:14)
    at async auditTicker (/Users/yann/spx-app/scripts/audit-pages-full.ts:51:19)
    at async main (/Users/yann/spx-app/scripts/audit-pages-full.ts:153:17)
image_findings merge failed for AWK: Error: supabaseUrl is required.
    at validateSupabaseUrl (/Users/yann/spx-app/node_modules/@supabase/supabase-js/src/lib/helpers.ts:86:11)
    at new SupabaseClient (/Users/yann/spx-app/node_modules/@supabase/supabase-js/src/SupabaseClient.ts:284:21)
    at createClient (/Users/yann/spx-app/node_modules/@supabase/supabase-js/src/index.ts:65:10)
    at admin (/Users/yann/spx-app/src/lib/desk/image-findings.ts:118:10)
    at listApprovedForTicker (/Users/yann/spx-app/src/lib/desk/image-findings.ts:222:16)
    at loadV17CompanyBrut (/Users/yann/spx-app/src/lib/company-core/load-company.ts:1898:30)
    at async loadV17Company (/Users/yann/spx-app/src/lib/company-core/load-company.ts:493:14)
    at async auditTicker (/Users/yann/spx-app/scripts/audit-pages-full.ts:51:19)
    at async main (/Users/yann/spx-app/scripts/audit-pages-full.ts:153:17)
[hero-kpi-overrides] refetch failed, using stale cache Error: SUPABASE_SERVICE_ROLE_KEY manquante — vérifier .env.local
    at createSupabaseAdminClient (/Users/yann/spx-app/src/lib/supabase/admin.ts:16:11)
    at fetchAll (/Users/yann/spx-app/src/lib/company-core/hero-kpi-overrides.ts:31:20)
    at getHeroKpiOverride (/Users/yann/spx-app/src/lib/company-core/hero-kpi-overrides.ts:58:21)
    at loadV17CompanyBrut (/Users/yann/spx-app/src/lib/company-core/load-company.ts:3069:28)
    at async loadV17Company (/Users/yann/spx-app/src/lib/company-core/load-company.ts:493:14)
    at async auditTicker (/Users/yann/spx-app/scripts/audit-pages-full.ts:51:19)
    at async main (/Users/yann/spx-app/scripts/audit-pages-full.ts:153:17)
special_kpis merge failed for BALL: Error: supabaseUrl is required.
    at validateSupabaseUrl (/Users/yann/spx-app/node_modules/@supabase/supabase-js/src/lib/helpers.ts:86:11)
    at new SupabaseClient (/Users/yann/spx-app/node_modules/@supabase/supabase-js/src/SupabaseClient.ts:284:21)
    at createClient (/Users/yann/spx-app/node_modules/@supabase/supabase-js/src/index.ts:65:10)
    at admin (/Users/yann/spx-app/src/lib/desk/special-kpis.ts:152:10)
    at listPublishedForTicker (/Users/yann/spx-app/src/lib/desk/special-kpis.ts:175:16)
    at loadV17CompanyBrut (/Users/yann/spx-app/src/lib/company-core/load-company.ts:1771:30)
    at async loadV17Company (/Users/yann/spx-app/src/lib/company-core/load-company.ts:493:14)
    at async auditTicker (/Users/yann/spx-app/scripts/audit-pages-full.ts:51:19)
    at async main (/Users/yann/spx-app/scripts/audit-pages-full.ts:153:17)
kpi_requests merge failed for BALL: Error: supabaseUrl is required.
    at validateSupabaseUrl (/Users/yann/spx-app/node_modules/@supabase/supabase-js/src/lib/helpers.ts:86:11)
    at new SupabaseClient (/Users/yann/spx-app/node_modules/@supabase/supabase-js/src/SupabaseClient.ts:284:21)
    at createClient (/Users/yann/spx-app/node_modules/@supabase/supabase-js/src/index.ts:65:10)
    at loadV17CompanyBrut (/Users/yann/spx-app/src/lib/company-core/load-company.ts:1835:18)
    at async loadV17Company (/Users/yann/spx-app/src/lib/company-core/load-company.ts:493:14)
    at async auditTicker (/Users/yann/spx-app/scripts/audit-pages-full.ts:51:19)
    at async main (/Users/yann/spx-app/scripts/audit-pages-full.ts:153:17)
image_findings merge failed for BALL: Error: supabaseUrl is required.
    at validateSupabaseUrl (/Users/yann/spx-app/node_modules/@supabase/supabase-js/src/lib/helpers.ts:86:11)
    at new SupabaseClient (/Users/yann/spx-app/node_modules/@supabase/supabase-js/src/SupabaseClient.ts:284:21)
    at createClient (/Users/yann/spx-app/node_modules/@supabase/supabase-js/src/index.ts:65:10)
    at admin (/Users/yann/spx-app/src/lib/desk/image-findings.ts:118:10)
    at listApprovedForTicker (/Users/yann/spx-app/src/lib/desk/image-findings.ts:222:16)
    at loadV17CompanyBrut (/Users/yann/spx-app/src/lib/company-core/load-company.ts:1898:30)
    at async loadV17Company (/Users/yann/spx-app/src/lib/company-core/load-company.ts:493:14)
    at async auditTicker (/Users/yann/spx-app/scripts/audit-pages-full.ts:51:19)
    at async main (/Users/yann/spx-app/scripts/audit-pages-full.ts:153:17)
[hero-kpi-overrides] refetch failed, using stale cache Error: SUPABASE_SERVICE_ROLE_KEY manquante — vérifier .env.local
    at createSupabaseAdminClient (/Users/yann/spx-app/src/lib/supabase/admin.ts:16:11)
    at fetchAll (/Users/yann/spx-app/src/lib/company-core/hero-kpi-overrides.ts:31:20)
    at getHeroKpiOverride (/Users/yann/spx-app/src/lib/company-core/hero-kpi-overrides.ts:58:21)
    at loadV17CompanyBrut (/Users/yann/spx-app/src/lib/company-core/load-company.ts:3069:28)
    at async loadV17Company (/Users/yann/spx-app/src/lib/company-core/load-company.ts:493:14)
    at async auditTicker (/Users/yann/spx-app/scripts/audit-pages-full.ts:51:19)
    at async main (/Users/yann/spx-app/scripts/audit-pages-full.ts:153:17)
special_kpis merge failed for BKR: Error: supabaseUrl is required.
    at validateSupabaseUrl (/Users/yann/spx-app/node_modules/@supabase/supabase-js/src/lib/helpers.ts:86:11)
    at new SupabaseClient (/Users/yann/spx-app/node_modules/@supabase/supabase-js/src/SupabaseClient.ts:284:21)
    at createClient (/Users/yann/spx-app/node_modules/@supabase/supabase-js/src/index.ts:65:10)
    at admin (/Users/yann/spx-app/src/lib/desk/special-kpis.ts:152:10)
    at listPublishedForTicker (/Users/yann/spx-app/src/lib/desk/special-kpis.ts:175:16)
    at loadV17CompanyBrut (/Users/yann/spx-app/src/lib/company-core/load-company.ts:1771:30)
    at async loadV17Company (/Users/yann/spx-app/src/lib/company-core/load-company.ts:493:14)
    at async auditTicker (/Users/yann/spx-app/scripts/audit-pages-full.ts:51:19)
    at async main (/Users/yann/spx-app/scripts/audit-pages-full.ts:153:17)
kpi_requests merge failed for BKR: Error: supabaseUrl is required.
    at validateSupabaseUrl (/Users/yann/spx-app/node_modules/@supabase/supabase-js/src/lib/helpers.ts:86:11)
    at new SupabaseClient (/Users/yann/spx-app/node_modules/@supabase/supabase-js/src/SupabaseClient.ts:284:21)
    at createClient (/Users/yann/spx-app/node_modules/@supabase/supabase-js/src/index.ts:65:10)
    at loadV17CompanyBrut (/Users/yann/spx-app/src/lib/company-core/load-company.ts:1835:18)
    at async loadV17Company (/Users/yann/spx-app/src/lib/company-core/load-company.ts:493:14)
    at async auditTicker (/Users/yann/spx-app/scripts/audit-pages-full.ts:51:19)
    at async main (/Users/yann/spx-app/scripts/audit-pages-full.ts:153:17)
image_findings merge failed for BKR: Error: supabaseUrl is required.
    at validateSupabaseUrl (/Users/yann/spx-app/node_modules/@supabase/supabase-js/src/lib/helpers.ts:86:11)
    at new SupabaseClient (/Users/yann/spx-app/node_modules/@supabase/supabase-js/src/SupabaseClient.ts:284:21)
    at createClient (/Users/yann/spx-app/node_modules/@supabase/supabase-js/src/index.ts:65:10)
    at admin (/Users/yann/spx-app/src/lib/desk/image-findings.ts:118:10)
    at listApprovedForTicker (/Users/yann/spx-app/src/lib/desk/image-findings.ts:222:16)
    at loadV17CompanyBrut (/Users/yann/spx-app/src/lib/company-core/load-company.ts:1898:30)
    at async loadV17Company (/Users/yann/spx-app/src/lib/company-core/load-company.ts:493:14)
    at async auditTicker (/Users/yann/spx-app/scripts/audit-pages-full.ts:51:19)
    at async main (/Users/yann/spx-app/scripts/audit-pages-full.ts:153:17)
[hero-kpi-overrides] refetch failed, using stale cache Error: SUPABASE_SERVICE_ROLE_KEY manquante — vérifier .env.local
    at createSupabaseAdminClient (/Users/yann/spx-app/src/lib/supabase/admin.ts:16:11)
    at fetchAll (/Users/yann/spx-app/src/lib/company-core/hero-kpi-overrides.ts:31:20)
    at getHeroKpiOverride (/Users/yann/spx-app/src/lib/company-core/hero-kpi-overrides.ts:58:21)
    at loadV17CompanyBrut (/Users/yann/spx-app/src/lib/company-core/load-company.ts:3069:28)
    at async loadV17Company (/Users/yann/spx-app/src/lib/company-core/load-company.ts:493:14)
    at async auditTicker (/Users/yann/spx-app/scripts/audit-pages-full.ts:51:19)
    at async main (/Users/yann/spx-app/scripts/audit-pages-full.ts:153:17)
special_kpis merge failed for CME: Error: supabaseUrl is required.
    at validateSupabaseUrl (/Users/yann/spx-app/node_modules/@supabase/supabase-js/src/lib/helpers.ts:86:11)
    at new SupabaseClient (/Users/yann/spx-app/node_modules/@supabase/supabase-js/src/SupabaseClient.ts:284:21)
    at createClient (/Users/yann/spx-app/node_modules/@supabase/supabase-js/src/index.ts:65:10)
    at admin (/Users/yann/spx-app/src/lib/desk/special-kpis.ts:152:10)
    at listPublishedForTicker (/Users/yann/spx-app/src/lib/desk/special-kpis.ts:175:16)
    at loadV17CompanyBrut (/Users/yann/spx-app/src/lib/company-core/load-company.ts:1771:30)
    at async loadV17Company (/Users/yann/spx-app/src/lib/company-core/load-company.ts:493:14)
    at async auditTicker (/Users/yann/spx-app/scripts/audit-pages-full.ts:51:19)
    at async main (/Users/yann/spx-app/scripts/audit-pages-full.ts:153:17)
kpi_requests merge failed for CME: Error: supabaseUrl is required.
    at validateSupabaseUrl (/Users/yann/spx-app/node_modules/@supabase/supabase-js/src/lib/helpers.ts:86:11)
    at new SupabaseClient (/Users/yann/spx-app/node_modules/@supabase/supabase-js/src/SupabaseClient.ts:284:21)
    at createClient (/Users/yann/spx-app/node_modules/@supabase/supabase-js/src/index.ts:65:10)
    at loadV17CompanyBrut (/Users/yann/spx-app/src/lib/company-core/load-company.ts:1835:18)
    at async loadV17Company (/Users/yann/spx-app/src/lib/company-core/load-company.ts:493:14)
    at async auditTicker (/Users/yann/spx-app/scripts/audit-pages-full.ts:51:19)
    at async main (/Users/yann/spx-app/scripts/audit-pages-full.ts:153:17)
image_findings merge failed for CME: Error: supabaseUrl is required.
    at validateSupabaseUrl (/Users/yann/spx-app/node_modules/@supabase/supabase-js/src/lib/helpers.ts:86:11)
    at new SupabaseClient (/Users/yann/spx-app/node_modules/@supabase/supabase-js/src/SupabaseClient.ts:284:21)
    at createClient (/Users/yann/spx-app/node_modules/@supabase/supabase-js/src/index.ts:65:10)
    at admin (/Users/yann/spx-app/src/lib/desk/image-findings.ts:118:10)
    at listApprovedForTicker (/Users/yann/spx-app/src/lib/desk/image-findings.ts:222:16)
    at loadV17CompanyBrut (/Users/yann/spx-app/src/lib/company-core/load-company.ts:1898:30)
    at async loadV17Company (/Users/yann/spx-app/src/lib/company-core/load-company.ts:493:14)
    at async auditTicker (/Users/yann/spx-app/scripts/audit-pages-full.ts:51:19)
    at async main (/Users/yann/spx-app/scripts/audit-pages-full.ts:153:17)
[hero-kpi-overrides] refetch failed, using stale cache Error: SUPABASE_SERVICE_ROLE_KEY manquante — vérifier .env.local
    at createSupabaseAdminClient (/Users/yann/spx-app/src/lib/supabase/admin.ts:16:11)
    at fetchAll (/Users/yann/spx-app/src/lib/company-core/hero-kpi-overrides.ts:31:20)
    at getHeroKpiOverride (/Users/yann/spx-app/src/lib/company-core/hero-kpi-overrides.ts:58:21)
    at loadV17CompanyBrut (/Users/yann/spx-app/src/lib/company-core/load-company.ts:3069:28)
    at async loadV17Company (/Users/yann/spx-app/src/lib/company-core/load-company.ts:493:14)
    at async auditTicker (/Users/yann/spx-app/scripts/audit-pages-full.ts:51:19)
    at async main (/Users/yann/spx-app/scripts/audit-pages-full.ts:153:17)
special_kpis merge failed for CNP: Error: supabaseUrl is required.
    at validateSupabaseUrl (/Users/yann/spx-app/node_modules/@supabase/supabase-js/src/lib/helpers.ts:86:11)
    at new SupabaseClient (/Users/yann/spx-app/node_modules/@supabase/supabase-js/src/SupabaseClient.ts:284:21)
    at createClient (/Users/yann/spx-app/node_modules/@supabase/supabase-js/src/index.ts:65:10)
    at admin (/Users/yann/spx-app/src/lib/desk/special-kpis.ts:152:10)
    at listPublishedForTicker (/Users/yann/spx-app/src/lib/desk/special-kpis.ts:175:16)
    at loadV17CompanyBrut (/Users/yann/spx-app/src/lib/company-core/load-company.ts:1771:30)
    at async loadV17Company (/Users/yann/spx-app/src/lib/company-core/load-company.ts:493:14)
    at async auditTicker (/Users/yann/spx-app/scripts/audit-pages-full.ts:51:19)
    at async main (/Users/yann/spx-app/scripts/audit-pages-full.ts:153:17)
kpi_requests merge failed for CNP: Error: supabaseUrl is required.
    at validateSupabaseUrl (/Users/yann/spx-app/node_modules/@supabase/supabase-js/src/lib/helpers.ts:86:11)
    at new SupabaseClient (/Users/yann/spx-app/node_modules/@supabase/supabase-js/src/SupabaseClient.ts:284:21)
    at createClient (/Users/yann/spx-app/node_modules/@supabase/supabase-js/src/index.ts:65:10)
    at loadV17CompanyBrut (/Users/yann/spx-app/src/lib/company-core/load-company.ts:1835:18)
    at async loadV17Company (/Users/yann/spx-app/src/lib/company-core/load-company.ts:493:14)
    at async auditTicker (/Users/yann/spx-app/scripts/audit-pages-full.ts:51:19)
    at async main (/Users/yann/spx-app/scripts/audit-pages-full.ts:153:17)
image_findings merge failed for CNP: Error: supabaseUrl is required.
    at validateSupabaseUrl (/Users/yann/spx-app/node_modules/@supabase/supabase-js/src/lib/helpers.ts:86:11)
    at new SupabaseClient (/Users/yann/spx-app/node_modules/@supabase/supabase-js/src/SupabaseClient.ts:284:21)
    at createClient (/Users/yann/spx-app/node_modules/@supabase/supabase-js/src/index.ts:65:10)
    at admin (/Users/yann/spx-app/src/lib/desk/image-findings.ts:118:10)
    at listApprovedForTicker (/Users/yann/spx-app/src/lib/desk/image-findings.ts:222:16)
    at loadV17CompanyBrut (/Users/yann/spx-app/src/lib/company-core/load-company.ts:1898:30)
    at async loadV17Company (/Users/yann/spx-app/src/lib/company-core/load-company.ts:493:14)
    at async auditTicker (/Users/yann/spx-app/scripts/audit-pages-full.ts:51:19)
    at async main (/Users/yann/spx-app/scripts/audit-pages-full.ts:153:17)
[hero-kpi-overrides] refetch failed, using stale cache Error: SUPABASE_SERVICE_ROLE_KEY manquante — vérifier .env.local
    at createSupabaseAdminClient (/Users/yann/spx-app/src/lib/supabase/admin.ts:16:11)
    at fetchAll (/Users/yann/spx-app/src/lib/company-core/hero-kpi-overrides.ts:31:20)
    at getHeroKpiOverride (/Users/yann/spx-app/src/lib/company-core/hero-kpi-overrides.ts:58:21)
    at loadV17CompanyBrut (/Users/yann/spx-app/src/lib/company-core/load-company.ts:3069:28)
    at async loadV17Company (/Users/yann/spx-app/src/lib/company-core/load-company.ts:493:14)
    at async auditTicker (/Users/yann/spx-app/scripts/audit-pages-full.ts:51:19)
    at async main (/Users/yann/spx-app/scripts/audit-pages-full.ts:153:17)
special_kpis merge failed for COO: Error: supabaseUrl is required.
    at validateSupabaseUrl (/Users/yann/spx-app/node_modules/@supabase/supabase-js/src/lib/helpers.ts:86:11)
    at new SupabaseClient (/Users/yann/spx-app/node_modules/@supabase/supabase-js/src/SupabaseClient.ts:284:21)
    at createClient (/Users/yann/spx-app/node_modules/@supabase/supabase-js/src/index.ts:65:10)
    at admin (/Users/yann/spx-app/src/lib/desk/special-kpis.ts:152:10)
    at listPublishedForTicker (/Users/yann/spx-app/src/lib/desk/special-kpis.ts:175:16)
    at loadV17CompanyBrut (/Users/yann/spx-app/src/lib/company-core/load-company.ts:1771:30)
    at async loadV17Company (/Users/yann/spx-app/src/lib/company-core/load-company.ts:493:14)
    at async auditTicker (/Users/yann/spx-app/scripts/audit-pages-full.ts:51:19)
    at async main (/Users/yann/spx-app/scripts/audit-pages-full.ts:153:17)
kpi_requests merge failed for COO: Error: supabaseUrl is required.
    at validateSupabaseUrl (/Users/yann/spx-app/node_modules/@supabase/supabase-js/src/lib/helpers.ts:86:11)
    at new SupabaseClient (/Users/yann/spx-app/node_modules/@supabase/supabase-js/src/SupabaseClient.ts:284:21)
    at createClient (/Users/yann/spx-app/node_modules/@supabase/supabase-js/src/index.ts:65:10)
    at loadV17CompanyBrut (/Users/yann/spx-app/src/lib/company-core/load-company.ts:1835:18)
    at async loadV17Company (/Users/yann/spx-app/src/lib/company-core/load-company.ts:493:14)
    at async auditTicker (/Users/yann/spx-app/scripts/audit-pages-full.ts:51:19)
    at async main (/Users/yann/spx-app/scripts/audit-pages-full.ts:153:17)
image_findings merge failed for COO: Error: supabaseUrl is required.
    at validateSupabaseUrl (/Users/yann/spx-app/node_modules/@supabase/supabase-js/src/lib/helpers.ts:86:11)
    at new SupabaseClient (/Users/yann/spx-app/node_modules/@supabase/supabase-js/src/SupabaseClient.ts:284:21)
    at createClient (/Users/yann/spx-app/node_modules/@supabase/supabase-js/src/index.ts:65:10)
    at admin (/Users/yann/spx-app/src/lib/desk/image-findings.ts:118:10)
    at listApprovedForTicker (/Users/yann/spx-app/src/lib/desk/image-findings.ts:222:16)
    at loadV17CompanyBrut (/Users/yann/spx-app/src/lib/company-core/load-company.ts:1898:30)
    at async loadV17Company (/Users/yann/spx-app/src/lib/company-core/load-company.ts:493:14)
    at async auditTicker (/Users/yann/spx-app/scripts/audit-pages-full.ts:51:19)
    at async main (/Users/yann/spx-app/scripts/audit-pages-full.ts:153:17)
[hero-kpi-overrides] refetch failed, using stale cache Error: SUPABASE_SERVICE_ROLE_KEY manquante — vérifier .env.local
    at createSupabaseAdminClient (/Users/yann/spx-app/src/lib/supabase/admin.ts:16:11)
    at fetchAll (/Users/yann/spx-app/src/lib/company-core/hero-kpi-overrides.ts:31:20)
    at getHeroKpiOverride (/Users/yann/spx-app/src/lib/company-core/hero-kpi-overrides.ts:58:21)
    at loadV17CompanyBrut (/Users/yann/spx-app/src/lib/company-core/load-company.ts:3069:28)
    at async loadV17Company (/Users/yann/spx-app/src/lib/company-core/load-company.ts:493:14)
    at async auditTicker (/Users/yann/spx-app/scripts/audit-pages-full.ts:51:19)
    at async main (/Users/yann/spx-app/scripts/audit-pages-full.ts:153:17)
special_kpis merge failed for FOX: Error: supabaseUrl is required.
    at validateSupabaseUrl (/Users/yann/spx-app/node_modules/@supabase/supabase-js/src/lib/helpers.ts:86:11)
    at new SupabaseClient (/Users/yann/spx-app/node_modules/@supabase/supabase-js/src/SupabaseClient.ts:284:21)
    at createClient (/Users/yann/spx-app/node_modules/@supabase/supabase-js/src/index.ts:65:10)
    at admin (/Users/yann/spx-app/src/lib/desk/special-kpis.ts:152:10)
    at listPublishedForTicker (/Users/yann/spx-app/src/lib/desk/special-kpis.ts:175:16)
    at loadV17CompanyBrut (/Users/yann/spx-app/src/lib/company-core/load-company.ts:1771:30)
    at async loadV17Company (/Users/yann/spx-app/src/lib/company-core/load-company.ts:493:14)
    at async auditTicker (/Users/yann/spx-app/scripts/audit-pages-full.ts:51:19)
    at async main (/Users/yann/spx-app/scripts/audit-pages-full.ts:153:17)
kpi_requests merge failed for FOX: Error: supabaseUrl is required.
    at validateSupabaseUrl (/Users/yann/spx-app/node_modules/@supabase/supabase-js/src/lib/helpers.ts:86:11)
    at new SupabaseClient (/Users/yann/spx-app/node_modules/@supabase/supabase-js/src/SupabaseClient.ts:284:21)
    at createClient (/Users/yann/spx-app/node_modules/@supabase/supabase-js/src/index.ts:65:10)
    at loadV17CompanyBrut (/Users/yann/spx-app/src/lib/company-core/load-company.ts:1835:18)
    at async loadV17Company (/Users/yann/spx-app/src/lib/company-core/load-company.ts:493:14)
    at async auditTicker (/Users/yann/spx-app/scripts/audit-pages-full.ts:51:19)
    at async main (/Users/yann/spx-app/scripts/audit-pages-full.ts:153:17)
image_findings merge failed for FOX: Error: supabaseUrl is required.
    at validateSupabaseUrl (/Users/yann/spx-app/node_modules/@supabase/supabase-js/src/lib/helpers.ts:86:11)
    at new SupabaseClient (/Users/yann/spx-app/node_modules/@supabase/supabase-js/src/SupabaseClient.ts:284:21)
    at createClient (/Users/yann/spx-app/node_modules/@supabase/supabase-js/src/index.ts:65:10)
    at admin (/Users/yann/spx-app/src/lib/desk/image-findings.ts:118:10)
    at listApprovedForTicker (/Users/yann/spx-app/src/lib/desk/image-findings.ts:222:16)
    at loadV17CompanyBrut (/Users/yann/spx-app/src/lib/company-core/load-company.ts:1898:30)
    at async loadV17Company (/Users/yann/spx-app/src/lib/company-core/load-company.ts:493:14)
    at async auditTicker (/Users/yann/spx-app/scripts/audit-pages-full.ts:51:19)
    at async main (/Users/yann/spx-app/scripts/audit-pages-full.ts:153:17)
[hero-kpi-overrides] refetch failed, using stale cache Error: SUPABASE_SERVICE_ROLE_KEY manquante — vérifier .env.local
    at createSupabaseAdminClient (/Users/yann/spx-app/src/lib/supabase/admin.ts:16:11)
    at fetchAll (/Users/yann/spx-app/src/lib/company-core/hero-kpi-overrides.ts:31:20)
    at getHeroKpiOverride (/Users/yann/spx-app/src/lib/company-core/hero-kpi-overrides.ts:58:21)
    at loadV17CompanyBrut (/Users/yann/spx-app/src/lib/company-core/load-company.ts:3069:28)
    at async loadV17Company (/Users/yann/spx-app/src/lib/company-core/load-company.ts:493:14)
    at async auditTicker (/Users/yann/spx-app/scripts/audit-pages-full.ts:51:19)
    at async main (/Users/yann/spx-app/scripts/audit-pages-full.ts:153:17)
special_kpis merge failed for FOXA: Error: supabaseUrl is required.
    at validateSupabaseUrl (/Users/yann/spx-app/node_modules/@supabase/supabase-js/src/lib/helpers.ts:86:11)
    at new SupabaseClient (/Users/yann/spx-app/node_modules/@supabase/supabase-js/src/SupabaseClient.ts:284:21)
    at createClient (/Users/yann/spx-app/node_modules/@supabase/supabase-js/src/index.ts:65:10)
    at admin (/Users/yann/spx-app/src/lib/desk/special-kpis.ts:152:10)
    at listPublishedForTicker (/Users/yann/spx-app/src/lib/desk/special-kpis.ts:175:16)
    at loadV17CompanyBrut (/Users/yann/spx-app/src/lib/company-core/load-company.ts:1771:30)
    at async loadV17Company (/Users/yann/spx-app/src/lib/company-core/load-company.ts:493:14)
    at async auditTicker (/Users/yann/spx-app/scripts/audit-pages-full.ts:51:19)
    at async main (/Users/yann/spx-app/scripts/audit-pages-full.ts:153:17)
kpi_requests merge failed for FOXA: Error: supabaseUrl is required.
    at validateSupabaseUrl (/Users/yann/spx-app/node_modules/@supabase/supabase-js/src/lib/helpers.ts:86:11)
    at new SupabaseClient (/Users/yann/spx-app/node_modules/@supabase/supabase-js/src/SupabaseClient.ts:284:21)
    at createClient (/Users/yann/spx-app/node_modules/@supabase/supabase-js/src/index.ts:65:10)
    at loadV17CompanyBrut (/Users/yann/spx-app/src/lib/company-core/load-company.ts:1835:18)
    at async loadV17Company (/Users/yann/spx-app/src/lib/company-core/load-company.ts:493:14)
    at async auditTicker (/Users/yann/spx-app/scripts/audit-pages-full.ts:51:19)
    at async main (/Users/yann/spx-app/scripts/audit-pages-full.ts:153:17)
image_findings merge failed for FOXA: Error: supabaseUrl is required.
    at validateSupabaseUrl (/Users/yann/spx-app/node_modules/@supabase/supabase-js/src/lib/helpers.ts:86:11)
    at new SupabaseClient (/Users/yann/spx-app/node_modules/@supabase/supabase-js/src/SupabaseClient.ts:284:21)
    at createClient (/Users/yann/spx-app/node_modules/@supabase/supabase-js/src/index.ts:65:10)
    at admin (/Users/yann/spx-app/src/lib/desk/image-findings.ts:118:10)
    at listApprovedForTicker (/Users/yann/spx-app/src/lib/desk/image-findings.ts:222:16)
    at loadV17CompanyBrut (/Users/yann/spx-app/src/lib/company-core/load-company.ts:1898:30)
    at async loadV17Company (/Users/yann/spx-app/src/lib/company-core/load-company.ts:493:14)
    at async auditTicker (/Users/yann/spx-app/scripts/audit-pages-full.ts:51:19)
    at async main (/Users/yann/spx-app/scripts/audit-pages-full.ts:153:17)
[hero-kpi-overrides] refetch failed, using stale cache Error: SUPABASE_SERVICE_ROLE_KEY manquante — vérifier .env.local
    at createSupabaseAdminClient (/Users/yann/spx-app/src/lib/supabase/admin.ts:16:11)
    at fetchAll (/Users/yann/spx-app/src/lib/company-core/hero-kpi-overrides.ts:31:20)
    at getHeroKpiOverride (/Users/yann/spx-app/src/lib/company-core/hero-kpi-overrides.ts:58:21)
    at loadV17CompanyBrut (/Users/yann/spx-app/src/lib/company-core/load-company.ts:3069:28)
    at async loadV17Company (/Users/yann/spx-app/src/lib/company-core/load-company.ts:493:14)
    at async auditTicker (/Users/yann/spx-app/scripts/audit-pages-full.ts:51:19)
    at async main (/Users/yann/spx-app/scripts/audit-pages-full.ts:153:17)
special_kpis merge failed for GPC: Error: supabaseUrl is required.
    at validateSupabaseUrl (/Users/yann/spx-app/node_modules/@supabase/supabase-js/src/lib/helpers.ts:86:11)
    at new SupabaseClient (/Users/yann/spx-app/node_modules/@supabase/supabase-js/src/SupabaseClient.ts:284:21)
    at createClient (/Users/yann/spx-app/node_modules/@supabase/supabase-js/src/index.ts:65:10)
    at admin (/Users/yann/spx-app/src/lib/desk/special-kpis.ts:152:10)
    at listPublishedForTicker (/Users/yann/spx-app/src/lib/desk/special-kpis.ts:175:16)
    at loadV17CompanyBrut (/Users/yann/spx-app/src/lib/company-core/load-company.ts:1771:30)
    at async loadV17Company (/Users/yann/spx-app/src/lib/company-core/load-company.ts:493:14)
    at async auditTicker (/Users/yann/spx-app/scripts/audit-pages-full.ts:51:19)
    at async main (/Users/yann/spx-app/scripts/audit-pages-full.ts:153:17)
kpi_requests merge failed for GPC: Error: supabaseUrl is required.
    at validateSupabaseUrl (/Users/yann/spx-app/node_modules/@supabase/supabase-js/src/lib/helpers.ts:86:11)
    at new SupabaseClient (/Users/yann/spx-app/node_modules/@supabase/supabase-js/src/SupabaseClient.ts:284:21)
    at createClient (/Users/yann/spx-app/node_modules/@supabase/supabase-js/src/index.ts:65:10)
    at loadV17CompanyBrut (/Users/yann/spx-app/src/lib/company-core/load-company.ts:1835:18)
    at async loadV17Company (/Users/yann/spx-app/src/lib/company-core/load-company.ts:493:14)
    at async auditTicker (/Users/yann/spx-app/scripts/audit-pages-full.ts:51:19)
    at async main (/Users/yann/spx-app/scripts/audit-pages-full.ts:153:17)
image_findings merge failed for GPC: Error: supabaseUrl is required.
    at validateSupabaseUrl (/Users/yann/spx-app/node_modules/@supabase/supabase-js/src/lib/helpers.ts:86:11)
    at new SupabaseClient (/Users/yann/spx-app/node_modules/@supabase/supabase-js/src/SupabaseClient.ts:284:21)
    at createClient (/Users/yann/spx-app/node_modules/@supabase/supabase-js/src/index.ts:65:10)
    at admin (/Users/yann/spx-app/src/lib/desk/image-findings.ts:118:10)
    at listApprovedForTicker (/Users/yann/spx-app/src/lib/desk/image-findings.ts:222:16)
    at loadV17CompanyBrut (/Users/yann/spx-app/src/lib/company-core/load-company.ts:1898:30)
    at async loadV17Company (/Users/yann/spx-app/src/lib/company-core/load-company.ts:493:14)
    at async auditTicker (/Users/yann/spx-app/scripts/audit-pages-full.ts:51:19)
    at async main (/Users/yann/spx-app/scripts/audit-pages-full.ts:153:17)
[hero-kpi-overrides] refetch failed, using stale cache Error: SUPABASE_SERVICE_ROLE_KEY manquante — vérifier .env.local
    at createSupabaseAdminClient (/Users/yann/spx-app/src/lib/supabase/admin.ts:16:11)
    at fetchAll (/Users/yann/spx-app/src/lib/company-core/hero-kpi-overrides.ts:31:20)
    at getHeroKpiOverride (/Users/yann/spx-app/src/lib/company-core/hero-kpi-overrides.ts:58:21)
    at loadV17CompanyBrut (/Users/yann/spx-app/src/lib/company-core/load-company.ts:3069:28)
    at async loadV17Company (/Users/yann/spx-app/src/lib/company-core/load-company.ts:493:14)
    at async auditTicker (/Users/yann/spx-app/scripts/audit-pages-full.ts:51:19)
    at async main (/Users/yann/spx-app/scripts/audit-pages-full.ts:153:17)
special_kpis merge failed for INTU: Error: supabaseUrl is required.
    at validateSupabaseUrl (/Users/yann/spx-app/node_modules/@supabase/supabase-js/src/lib/helpers.ts:86:11)
    at new SupabaseClient (/Users/yann/spx-app/node_modules/@supabase/supabase-js/src/SupabaseClient.ts:284:21)
    at createClient (/Users/yann/spx-app/node_modules/@supabase/supabase-js/src/index.ts:65:10)
    at admin (/Users/yann/spx-app/src/lib/desk/special-kpis.ts:152:10)
    at listPublishedForTicker (/Users/yann/spx-app/src/lib/desk/special-kpis.ts:175:16)
    at loadV17CompanyBrut (/Users/yann/spx-app/src/lib/company-core/load-company.ts:1771:30)
    at async loadV17Company (/Users/yann/spx-app/src/lib/company-core/load-company.ts:493:14)
    at async auditTicker (/Users/yann/spx-app/scripts/audit-pages-full.ts:51:19)
    at async main (/Users/yann/spx-app/scripts/audit-pages-full.ts:153:17)
kpi_requests merge failed for INTU: Error: supabaseUrl is required.
    at validateSupabaseUrl (/Users/yann/spx-app/node_modules/@supabase/supabase-js/src/lib/helpers.ts:86:11)
    at new SupabaseClient (/Users/yann/spx-app/node_modules/@supabase/supabase-js/src/SupabaseClient.ts:284:21)
    at createClient (/Users/yann/spx-app/node_modules/@supabase/supabase-js/src/index.ts:65:10)
    at loadV17CompanyBrut (/Users/yann/spx-app/src/lib/company-core/load-company.ts:1835:18)
    at async loadV17Company (/Users/yann/spx-app/src/lib/company-core/load-company.ts:493:14)
    at async auditTicker (/Users/yann/spx-app/scripts/audit-pages-full.ts:51:19)
    at async main (/Users/yann/spx-app/scripts/audit-pages-full.ts:153:17)
image_findings merge failed for INTU: Error: supabaseUrl is required.
    at validateSupabaseUrl (/Users/yann/spx-app/node_modules/@supabase/supabase-js/src/lib/helpers.ts:86:11)
    at new SupabaseClient (/Users/yann/spx-app/node_modules/@supabase/supabase-js/src/SupabaseClient.ts:284:21)
    at createClient (/Users/yann/spx-app/node_modules/@supabase/supabase-js/src/index.ts:65:10)
    at admin (/Users/yann/spx-app/src/lib/desk/image-findings.ts:118:10)
    at listApprovedForTicker (/Users/yann/spx-app/src/lib/desk/image-findings.ts:222:16)
    at loadV17CompanyBrut (/Users/yann/spx-app/src/lib/company-core/load-company.ts:1898:30)
    at async loadV17Company (/Users/yann/spx-app/src/lib/company-core/load-company.ts:493:14)
    at async auditTicker (/Users/yann/spx-app/scripts/audit-pages-full.ts:51:19)
    at async main (/Users/yann/spx-app/scripts/audit-pages-full.ts:153:17)
[hero-kpi-overrides] refetch failed, using stale cache Error: SUPABASE_SERVICE_ROLE_KEY manquante — vérifier .env.local
    at createSupabaseAdminClient (/Users/yann/spx-app/src/lib/supabase/admin.ts:16:11)
    at fetchAll (/Users/yann/spx-app/src/lib/company-core/hero-kpi-overrides.ts:31:20)
    at getHeroKpiOverride (/Users/yann/spx-app/src/lib/company-core/hero-kpi-overrides.ts:58:21)
    at loadV17CompanyBrut (/Users/yann/spx-app/src/lib/company-core/load-company.ts:3069:28)
    at async loadV17Company (/Users/yann/spx-app/src/lib/company-core/load-company.ts:493:14)
    at async auditTicker (/Users/yann/spx-app/scripts/audit-pages-full.ts:51:19)
    at async main (/Users/yann/spx-app/scripts/audit-pages-full.ts:153:17)
special_kpis merge failed for INVH: Error: supabaseUrl is required.
    at validateSupabaseUrl (/Users/yann/spx-app/node_modules/@supabase/supabase-js/src/lib/helpers.ts:86:11)
    at new SupabaseClient (/Users/yann/spx-app/node_modules/@supabase/supabase-js/src/SupabaseClient.ts:284:21)
    at createClient (/Users/yann/spx-app/node_modules/@supabase/supabase-js/src/index.ts:65:10)
    at admin (/Users/yann/spx-app/src/lib/desk/special-kpis.ts:152:10)
    at listPublishedForTicker (/Users/yann/spx-app/src/lib/desk/special-kpis.ts:175:16)
    at loadV17CompanyBrut (/Users/yann/spx-app/src/lib/company-core/load-company.ts:1771:30)
    at async loadV17Company (/Users/yann/spx-app/src/lib/company-core/load-company.ts:493:14)
    at async auditTicker (/Users/yann/spx-app/scripts/audit-pages-full.ts:51:19)
    at async main (/Users/yann/spx-app/scripts/audit-pages-full.ts:153:17)
kpi_requests merge failed for INVH: Error: supabaseUrl is required.
    at validateSupabaseUrl (/Users/yann/spx-app/node_modules/@supabase/supabase-js/src/lib/helpers.ts:86:11)
    at new SupabaseClient (/Users/yann/spx-app/node_modules/@supabase/supabase-js/src/SupabaseClient.ts:284:21)
    at createClient (/Users/yann/spx-app/node_modules/@supabase/supabase-js/src/index.ts:65:10)
    at loadV17CompanyBrut (/Users/yann/spx-app/src/lib/company-core/load-company.ts:1835:18)
    at async loadV17Company (/Users/yann/spx-app/src/lib/company-core/load-company.ts:493:14)
    at async auditTicker (/Users/yann/spx-app/scripts/audit-pages-full.ts:51:19)
    at async main (/Users/yann/spx-app/scripts/audit-pages-full.ts:153:17)
image_findings merge failed for INVH: Error: supabaseUrl is required.
    at validateSupabaseUrl (/Users/yann/spx-app/node_modules/@supabase/supabase-js/src/lib/helpers.ts:86:11)
    at new SupabaseClient (/Users/yann/spx-app/node_modules/@supabase/supabase-js/src/SupabaseClient.ts:284:21)
    at createClient (/Users/yann/spx-app/node_modules/@supabase/supabase-js/src/index.ts:65:10)
    at admin (/Users/yann/spx-app/src/lib/desk/image-findings.ts:118:10)
    at listApprovedForTicker (/Users/yann/spx-app/src/lib/desk/image-findings.ts:222:16)
    at loadV17CompanyBrut (/Users/yann/spx-app/src/lib/company-core/load-company.ts:1898:30)
    at async loadV17Company (/Users/yann/spx-app/src/lib/company-core/load-company.ts:493:14)
    at async auditTicker (/Users/yann/spx-app/scripts/audit-pages-full.ts:51:19)
    at async main (/Users/yann/spx-app/scripts/audit-pages-full.ts:153:17)
[hero-kpi-overrides] refetch failed, using stale cache Error: SUPABASE_SERVICE_ROLE_KEY manquante — vérifier .env.local
    at createSupabaseAdminClient (/Users/yann/spx-app/src/lib/supabase/admin.ts:16:11)
    at fetchAll (/Users/yann/spx-app/src/lib/company-core/hero-kpi-overrides.ts:31:20)
    at getHeroKpiOverride (/Users/yann/spx-app/src/lib/company-core/hero-kpi-overrides.ts:58:21)
    at loadV17CompanyBrut (/Users/yann/spx-app/src/lib/company-core/load-company.ts:3069:28)
    at async loadV17Company (/Users/yann/spx-app/src/lib/company-core/load-company.ts:493:14)
    at async auditTicker (/Users/yann/spx-app/scripts/audit-pages-full.ts:51:19)
    at async main (/Users/yann/spx-app/scripts/audit-pages-full.ts:153:17)
special_kpis merge failed for IQV: Error: supabaseUrl is required.
    at validateSupabaseUrl (/Users/yann/spx-app/node_modules/@supabase/supabase-js/src/lib/helpers.ts:86:11)
    at new SupabaseClient (/Users/yann/spx-app/node_modules/@supabase/supabase-js/src/SupabaseClient.ts:284:21)
    at createClient (/Users/yann/spx-app/node_modules/@supabase/supabase-js/src/index.ts:65:10)
    at admin (/Users/yann/spx-app/src/lib/desk/special-kpis.ts:152:10)
    at listPublishedForTicker (/Users/yann/spx-app/src/lib/desk/special-kpis.ts:175:16)
    at loadV17CompanyBrut (/Users/yann/spx-app/src/lib/company-core/load-company.ts:1771:30)
    at async loadV17Company (/Users/yann/spx-app/src/lib/company-core/load-company.ts:493:14)
    at async auditTicker (/Users/yann/spx-app/scripts/audit-pages-full.ts:51:19)
    at async main (/Users/yann/spx-app/scripts/audit-pages-full.ts:153:17)
kpi_requests merge failed for IQV: Error: supabaseUrl is required.
    at validateSupabaseUrl (/Users/yann/spx-app/node_modules/@supabase/supabase-js/src/lib/helpers.ts:86:11)
    at new SupabaseClient (/Users/yann/spx-app/node_modules/@supabase/supabase-js/src/SupabaseClient.ts:284:21)
    at createClient (/Users/yann/spx-app/node_modules/@supabase/supabase-js/src/index.ts:65:10)
    at loadV17CompanyBrut (/Users/yann/spx-app/src/lib/company-core/load-company.ts:1835:18)
    at async loadV17Company (/Users/yann/spx-app/src/lib/company-core/load-company.ts:493:14)
    at async auditTicker (/Users/yann/spx-app/scripts/audit-pages-full.ts:51:19)
    at async main (/Users/yann/spx-app/scripts/audit-pages-full.ts:153:17)
image_findings merge failed for IQV: Error: supabaseUrl is required.
    at validateSupabaseUrl (/Users/yann/spx-app/node_modules/@supabase/supabase-js/src/lib/helpers.ts:86:11)
    at new SupabaseClient (/Users/yann/spx-app/node_modules/@supabase/supabase-js/src/SupabaseClient.ts:284:21)
    at createClient (/Users/yann/spx-app/node_modules/@supabase/supabase-js/src/index.ts:65:10)
    at admin (/Users/yann/spx-app/src/lib/desk/image-findings.ts:118:10)
    at listApprovedForTicker (/Users/yann/spx-app/src/lib/desk/image-findings.ts:222:16)
    at loadV17CompanyBrut (/Users/yann/spx-app/src/lib/company-core/load-company.ts:1898:30)
    at async loadV17Company (/Users/yann/spx-app/src/lib/company-core/load-company.ts:493:14)
    at async auditTicker (/Users/yann/spx-app/scripts/audit-pages-full.ts:51:19)
    at async main (/Users/yann/spx-app/scripts/audit-pages-full.ts:153:17)
[hero-kpi-overrides] refetch failed, using stale cache Error: SUPABASE_SERVICE_ROLE_KEY manquante — vérifier .env.local
    at createSupabaseAdminClient (/Users/yann/spx-app/src/lib/supabase/admin.ts:16:11)
    at fetchAll (/Users/yann/spx-app/src/lib/company-core/hero-kpi-overrides.ts:31:20)
    at getHeroKpiOverride (/Users/yann/spx-app/src/lib/company-core/hero-kpi-overrides.ts:58:21)
    at loadV17CompanyBrut (/Users/yann/spx-app/src/lib/company-core/load-company.ts:3069:28)
    at async loadV17Company (/Users/yann/spx-app/src/lib/company-core/load-company.ts:493:14)
    at async auditTicker (/Users/yann/spx-app/scripts/audit-pages-full.ts:51:19)
    at async main (/Users/yann/spx-app/scripts/audit-pages-full.ts:153:17)
special_kpis merge failed for MAA: Error: supabaseUrl is required.
    at validateSupabaseUrl (/Users/yann/spx-app/node_modules/@supabase/supabase-js/src/lib/helpers.ts:86:11)
    at new SupabaseClient (/Users/yann/spx-app/node_modules/@supabase/supabase-js/src/SupabaseClient.ts:284:21)
    at createClient (/Users/yann/spx-app/node_modules/@supabase/supabase-js/src/index.ts:65:10)
    at admin (/Users/yann/spx-app/src/lib/desk/special-kpis.ts:152:10)
    at listPublishedForTicker (/Users/yann/spx-app/src/lib/desk/special-kpis.ts:175:16)
    at loadV17CompanyBrut (/Users/yann/spx-app/src/lib/company-core/load-company.ts:1771:30)
    at async loadV17Company (/Users/yann/spx-app/src/lib/company-core/load-company.ts:493:14)
    at async auditTicker (/Users/yann/spx-app/scripts/audit-pages-full.ts:51:19)
    at async main (/Users/yann/spx-app/scripts/audit-pages-full.ts:153:17)
kpi_requests merge failed for MAA: Error: supabaseUrl is required.
    at validateSupabaseUrl (/Users/yann/spx-app/node_modules/@supabase/supabase-js/src/lib/helpers.ts:86:11)
    at new SupabaseClient (/Users/yann/spx-app/node_modules/@supabase/supabase-js/src/SupabaseClient.ts:284:21)
    at createClient (/Users/yann/spx-app/node_modules/@supabase/supabase-js/src/index.ts:65:10)
    at loadV17CompanyBrut (/Users/yann/spx-app/src/lib/company-core/load-company.ts:1835:18)
    at async loadV17Company (/Users/yann/spx-app/src/lib/company-core/load-company.ts:493:14)
    at async auditTicker (/Users/yann/spx-app/scripts/audit-pages-full.ts:51:19)
    at async main (/Users/yann/spx-app/scripts/audit-pages-full.ts:153:17)
image_findings merge failed for MAA: Error: supabaseUrl is required.
    at validateSupabaseUrl (/Users/yann/spx-app/node_modules/@supabase/supabase-js/src/lib/helpers.ts:86:11)
    at new SupabaseClient (/Users/yann/spx-app/node_modules/@supabase/supabase-js/src/SupabaseClient.ts:284:21)
    at createClient (/Users/yann/spx-app/node_modules/@supabase/supabase-js/src/index.ts:65:10)
    at admin (/Users/yann/spx-app/src/lib/desk/image-findings.ts:118:10)
    at listApprovedForTicker (/Users/yann/spx-app/src/lib/desk/image-findings.ts:222:16)
    at loadV17CompanyBrut (/Users/yann/spx-app/src/lib/company-core/load-company.ts:1898:30)
    at async loadV17Company (/Users/yann/spx-app/src/lib/company-core/load-company.ts:493:14)
    at async auditTicker (/Users/yann/spx-app/scripts/audit-pages-full.ts:51:19)
    at async main (/Users/yann/spx-app/scripts/audit-pages-full.ts:153:17)
[hero-kpi-overrides] refetch failed, using stale cache Error: SUPABASE_SERVICE_ROLE_KEY manquante — vérifier .env.local
    at createSupabaseAdminClient (/Users/yann/spx-app/src/lib/supabase/admin.ts:16:11)
    at fetchAll (/Users/yann/spx-app/src/lib/company-core/hero-kpi-overrides.ts:31:20)
    at getHeroKpiOverride (/Users/yann/spx-app/src/lib/company-core/hero-kpi-overrides.ts:58:21)
    at loadV17CompanyBrut (/Users/yann/spx-app/src/lib/company-core/load-company.ts:3069:28)
    at async loadV17Company (/Users/yann/spx-app/src/lib/company-core/load-company.ts:493:14)
    at async auditTicker (/Users/yann/spx-app/scripts/audit-pages-full.ts:51:19)
    at async main (/Users/yann/spx-app/scripts/audit-pages-full.ts:153:17)
special_kpis merge failed for MSI: Error: supabaseUrl is required.
    at validateSupabaseUrl (/Users/yann/spx-app/node_modules/@supabase/supabase-js/src/lib/helpers.ts:86:11)
    at new SupabaseClient (/Users/yann/spx-app/node_modules/@supabase/supabase-js/src/SupabaseClient.ts:284:21)
    at createClient (/Users/yann/spx-app/node_modules/@supabase/supabase-js/src/index.ts:65:10)
    at admin (/Users/yann/spx-app/src/lib/desk/special-kpis.ts:152:10)
    at listPublishedForTicker (/Users/yann/spx-app/src/lib/desk/special-kpis.ts:175:16)
    at loadV17CompanyBrut (/Users/yann/spx-app/src/lib/company-core/load-company.ts:1771:30)
    at async loadV17Company (/Users/yann/spx-app/src/lib/company-core/load-company.ts:493:14)
    at async auditTicker (/Users/yann/spx-app/scripts/audit-pages-full.ts:51:19)
    at async main (/Users/yann/spx-app/scripts/audit-pages-full.ts:153:17)
kpi_requests merge failed for MSI: Error: supabaseUrl is required.
    at validateSupabaseUrl (/Users/yann/spx-app/node_modules/@supabase/supabase-js/src/lib/helpers.ts:86:11)
    at new SupabaseClient (/Users/yann/spx-app/node_modules/@supabase/supabase-js/src/SupabaseClient.ts:284:21)
    at createClient (/Users/yann/spx-app/node_modules/@supabase/supabase-js/src/index.ts:65:10)
    at loadV17CompanyBrut (/Users/yann/spx-app/src/lib/company-core/load-company.ts:1835:18)
    at async loadV17Company (/Users/yann/spx-app/src/lib/company-core/load-company.ts:493:14)
    at async auditTicker (/Users/yann/spx-app/scripts/audit-pages-full.ts:51:19)
    at async main (/Users/yann/spx-app/scripts/audit-pages-full.ts:153:17)
image_findings merge failed for MSI: Error: supabaseUrl is required.
    at validateSupabaseUrl (/Users/yann/spx-app/node_modules/@supabase/supabase-js/src/lib/helpers.ts:86:11)
    at new SupabaseClient (/Users/yann/spx-app/node_modules/@supabase/supabase-js/src/SupabaseClient.ts:284:21)
    at createClient (/Users/yann/spx-app/node_modules/@supabase/supabase-js/src/index.ts:65:10)
    at admin (/Users/yann/spx-app/src/lib/desk/image-findings.ts:118:10)
    at listApprovedForTicker (/Users/yann/spx-app/src/lib/desk/image-findings.ts:222:16)
    at loadV17CompanyBrut (/Users/yann/spx-app/src/lib/company-core/load-company.ts:1898:30)
    at async loadV17Company (/Users/yann/spx-app/src/lib/company-core/load-company.ts:493:14)
    at async auditTicker (/Users/yann/spx-app/scripts/audit-pages-full.ts:51:19)
    at async main (/Users/yann/spx-app/scripts/audit-pages-full.ts:153:17)
[hero-kpi-overrides] refetch failed, using stale cache Error: SUPABASE_SERVICE_ROLE_KEY manquante — vérifier .env.local
    at createSupabaseAdminClient (/Users/yann/spx-app/src/lib/supabase/admin.ts:16:11)
    at fetchAll (/Users/yann/spx-app/src/lib/company-core/hero-kpi-overrides.ts:31:20)
    at getHeroKpiOverride (/Users/yann/spx-app/src/lib/company-core/hero-kpi-overrides.ts:58:21)
    at loadV17CompanyBrut (/Users/yann/spx-app/src/lib/company-core/load-company.ts:3069:28)
    at async loadV17Company (/Users/yann/spx-app/src/lib/company-core/load-company.ts:493:14)
    at async auditTicker (/Users/yann/spx-app/scripts/audit-pages-full.ts:51:19)
    at async main (/Users/yann/spx-app/scripts/audit-pages-full.ts:153:17)
special_kpis merge failed for NWS: Error: supabaseUrl is required.
    at validateSupabaseUrl (/Users/yann/spx-app/node_modules/@supabase/supabase-js/src/lib/helpers.ts:86:11)
    at new SupabaseClient (/Users/yann/spx-app/node_modules/@supabase/supabase-js/src/SupabaseClient.ts:284:21)
    at createClient (/Users/yann/spx-app/node_modules/@supabase/supabase-js/src/index.ts:65:10)
    at admin (/Users/yann/spx-app/src/lib/desk/special-kpis.ts:152:10)
    at listPublishedForTicker (/Users/yann/spx-app/src/lib/desk/special-kpis.ts:175:16)
    at loadV17CompanyBrut (/Users/yann/spx-app/src/lib/company-core/load-company.ts:1771:30)
    at async loadV17Company (/Users/yann/spx-app/src/lib/company-core/load-company.ts:493:14)
    at async auditTicker (/Users/yann/spx-app/scripts/audit-pages-full.ts:51:19)
    at async main (/Users/yann/spx-app/scripts/audit-pages-full.ts:153:17)
kpi_requests merge failed for NWS: Error: supabaseUrl is required.
    at validateSupabaseUrl (/Users/yann/spx-app/node_modules/@supabase/supabase-js/src/lib/helpers.ts:86:11)
    at new SupabaseClient (/Users/yann/spx-app/node_modules/@supabase/supabase-js/src/SupabaseClient.ts:284:21)
    at createClient (/Users/yann/spx-app/node_modules/@supabase/supabase-js/src/index.ts:65:10)
    at loadV17CompanyBrut (/Users/yann/spx-app/src/lib/company-core/load-company.ts:1835:18)
    at async loadV17Company (/Users/yann/spx-app/src/lib/company-core/load-company.ts:493:14)
    at async auditTicker (/Users/yann/spx-app/scripts/audit-pages-full.ts:51:19)
    at async main (/Users/yann/spx-app/scripts/audit-pages-full.ts:153:17)
image_findings merge failed for NWS: Error: supabaseUrl is required.
    at validateSupabaseUrl (/Users/yann/spx-app/node_modules/@supabase/supabase-js/src/lib/helpers.ts:86:11)
    at new SupabaseClient (/Users/yann/spx-app/node_modules/@supabase/supabase-js/src/SupabaseClient.ts:284:21)
    at createClient (/Users/yann/spx-app/node_modules/@supabase/supabase-js/src/index.ts:65:10)
    at admin (/Users/yann/spx-app/src/lib/desk/image-findings.ts:118:10)
    at listApprovedForTicker (/Users/yann/spx-app/src/lib/desk/image-findings.ts:222:16)
    at loadV17CompanyBrut (/Users/yann/spx-app/src/lib/company-core/load-company.ts:1898:30)
    at async loadV17Company (/Users/yann/spx-app/src/lib/company-core/load-company.ts:493:14)
    at async auditTicker (/Users/yann/spx-app/scripts/audit-pages-full.ts:51:19)
    at async main (/Users/yann/spx-app/scripts/audit-pages-full.ts:153:17)
[hero-kpi-overrides] refetch failed, using stale cache Error: SUPABASE_SERVICE_ROLE_KEY manquante — vérifier .env.local
    at createSupabaseAdminClient (/Users/yann/spx-app/src/lib/supabase/admin.ts:16:11)
    at fetchAll (/Users/yann/spx-app/src/lib/company-core/hero-kpi-overrides.ts:31:20)
    at getHeroKpiOverride (/Users/yann/spx-app/src/lib/company-core/hero-kpi-overrides.ts:58:21)
    at loadV17CompanyBrut (/Users/yann/spx-app/src/lib/company-core/load-company.ts:3069:28)
    at async loadV17Company (/Users/yann/spx-app/src/lib/company-core/load-company.ts:493:14)
    at async auditTicker (/Users/yann/spx-app/scripts/audit-pages-full.ts:51:19)
    at async main (/Users/yann/spx-app/scripts/audit-pages-full.ts:153:17)
special_kpis merge failed for NWSA: Error: supabaseUrl is required.
    at validateSupabaseUrl (/Users/yann/spx-app/node_modules/@supabase/supabase-js/src/lib/helpers.ts:86:11)
    at new SupabaseClient (/Users/yann/spx-app/node_modules/@supabase/supabase-js/src/SupabaseClient.ts:284:21)
    at createClient (/Users/yann/spx-app/node_modules/@supabase/supabase-js/src/index.ts:65:10)
    at admin (/Users/yann/spx-app/src/lib/desk/special-kpis.ts:152:10)
    at listPublishedForTicker (/Users/yann/spx-app/src/lib/desk/special-kpis.ts:175:16)
    at loadV17CompanyBrut (/Users/yann/spx-app/src/lib/company-core/load-company.ts:1771:30)
    at async loadV17Company (/Users/yann/spx-app/src/lib/company-core/load-company.ts:493:14)
    at async auditTicker (/Users/yann/spx-app/scripts/audit-pages-full.ts:51:19)
    at async main (/Users/yann/spx-app/scripts/audit-pages-full.ts:153:17)
kpi_requests merge failed for NWSA: Error: supabaseUrl is required.
    at validateSupabaseUrl (/Users/yann/spx-app/node_modules/@supabase/supabase-js/src/lib/helpers.ts:86:11)
    at new SupabaseClient (/Users/yann/spx-app/node_modules/@supabase/supabase-js/src/SupabaseClient.ts:284:21)
    at createClient (/Users/yann/spx-app/node_modules/@supabase/supabase-js/src/index.ts:65:10)
    at loadV17CompanyBrut (/Users/yann/spx-app/src/lib/company-core/load-company.ts:1835:18)
    at async loadV17Company (/Users/yann/spx-app/src/lib/company-core/load-company.ts:493:14)
    at async auditTicker (/Users/yann/spx-app/scripts/audit-pages-full.ts:51:19)
    at async main (/Users/yann/spx-app/scripts/audit-pages-full.ts:153:17)
image_findings merge failed for NWSA: Error: supabaseUrl is required.
    at validateSupabaseUrl (/Users/yann/spx-app/node_modules/@supabase/supabase-js/src/lib/helpers.ts:86:11)
    at new SupabaseClient (/Users/yann/spx-app/node_modules/@supabase/supabase-js/src/SupabaseClient.ts:284:21)
    at createClient (/Users/yann/spx-app/node_modules/@supabase/supabase-js/src/index.ts:65:10)
    at admin (/Users/yann/spx-app/src/lib/desk/image-findings.ts:118:10)
    at listApprovedForTicker (/Users/yann/spx-app/src/lib/desk/image-findings.ts:222:16)
    at loadV17CompanyBrut (/Users/yann/spx-app/src/lib/company-core/load-company.ts:1898:30)
    at async loadV17Company (/Users/yann/spx-app/src/lib/company-core/load-company.ts:493:14)
    at async auditTicker (/Users/yann/spx-app/scripts/audit-pages-full.ts:51:19)
    at async main (/Users/yann/spx-app/scripts/audit-pages-full.ts:153:17)
[hero-kpi-overrides] refetch failed, using stale cache Error: SUPABASE_SERVICE_ROLE_KEY manquante — vérifier .env.local
    at createSupabaseAdminClient (/Users/yann/spx-app/src/lib/supabase/admin.ts:16:11)
    at fetchAll (/Users/yann/spx-app/src/lib/company-core/hero-kpi-overrides.ts:31:20)
    at getHeroKpiOverride (/Users/yann/spx-app/src/lib/company-core/hero-kpi-overrides.ts:58:21)
    at loadV17CompanyBrut (/Users/yann/spx-app/src/lib/company-core/load-company.ts:3069:28)
    at async loadV17Company (/Users/yann/spx-app/src/lib/company-core/load-company.ts:493:14)
    at async auditTicker (/Users/yann/spx-app/scripts/audit-pages-full.ts:51:19)
    at async main (/Users/yann/spx-app/scripts/audit-pages-full.ts:153:17)
special_kpis merge failed for PH: Error: supabaseUrl is required.
    at validateSupabaseUrl (/Users/yann/spx-app/node_modules/@supabase/supabase-js/src/lib/helpers.ts:86:11)
    at new SupabaseClient (/Users/yann/spx-app/node_modules/@supabase/supabase-js/src/SupabaseClient.ts:284:21)
    at createClient (/Users/yann/spx-app/node_modules/@supabase/supabase-js/src/index.ts:65:10)
    at admin (/Users/yann/spx-app/src/lib/desk/special-kpis.ts:152:10)
    at listPublishedForTicker (/Users/yann/spx-app/src/lib/desk/special-kpis.ts:175:16)
    at loadV17CompanyBrut (/Users/yann/spx-app/src/lib/company-core/load-company.ts:1771:30)
    at async loadV17Company (/Users/yann/spx-app/src/lib/company-core/load-company.ts:493:14)
    at async auditTicker (/Users/yann/spx-app/scripts/audit-pages-full.ts:51:19)
    at async main (/Users/yann/spx-app/scripts/audit-pages-full.ts:153:17)
kpi_requests merge failed for PH: Error: supabaseUrl is required.
    at validateSupabaseUrl (/Users/yann/spx-app/node_modules/@supabase/supabase-js/src/lib/helpers.ts:86:11)
    at new SupabaseClient (/Users/yann/spx-app/node_modules/@supabase/supabase-js/src/SupabaseClient.ts:284:21)
    at createClient (/Users/yann/spx-app/node_modules/@supabase/supabase-js/src/index.ts:65:10)
    at loadV17CompanyBrut (/Users/yann/spx-app/src/lib/company-core/load-company.ts:1835:18)
    at async loadV17Company (/Users/yann/spx-app/src/lib/company-core/load-company.ts:493:14)
    at async auditTicker (/Users/yann/spx-app/scripts/audit-pages-full.ts:51:19)
    at async main (/Users/yann/spx-app/scripts/audit-pages-full.ts:153:17)
image_findings merge failed for PH: Error: supabaseUrl is required.
    at validateSupabaseUrl (/Users/yann/spx-app/node_modules/@supabase/supabase-js/src/lib/helpers.ts:86:11)
    at new SupabaseClient (/Users/yann/spx-app/node_modules/@supabase/supabase-js/src/SupabaseClient.ts:284:21)
    at createClient (/Users/yann/spx-app/node_modules/@supabase/supabase-js/src/index.ts:65:10)
    at admin (/Users/yann/spx-app/src/lib/desk/image-findings.ts:118:10)
    at listApprovedForTicker (/Users/yann/spx-app/src/lib/desk/image-findings.ts:222:16)
    at loadV17CompanyBrut (/Users/yann/spx-app/src/lib/company-core/load-company.ts:1898:30)
    at async loadV17Company (/Users/yann/spx-app/src/lib/company-core/load-company.ts:493:14)
    at async auditTicker (/Users/yann/spx-app/scripts/audit-pages-full.ts:51:19)
    at async main (/Users/yann/spx-app/scripts/audit-pages-full.ts:153:17)
[hero-kpi-overrides] refetch failed, using stale cache Error: SUPABASE_SERVICE_ROLE_KEY manquante — vérifier .env.local
    at createSupabaseAdminClient (/Users/yann/spx-app/src/lib/supabase/admin.ts:16:11)
    at fetchAll (/Users/yann/spx-app/src/lib/company-core/hero-kpi-overrides.ts:31:20)
    at getHeroKpiOverride (/Users/yann/spx-app/src/lib/company-core/hero-kpi-overrides.ts:58:21)
    at loadV17CompanyBrut (/Users/yann/spx-app/src/lib/company-core/load-company.ts:3069:28)
    at async loadV17Company (/Users/yann/spx-app/src/lib/company-core/load-company.ts:493:14)
    at async auditTicker (/Users/yann/spx-app/scripts/audit-pages-full.ts:51:19)
    at async main (/Users/yann/spx-app/scripts/audit-pages-full.ts:153:17)
special_kpis merge failed for PSA: Error: supabaseUrl is required.
    at validateSupabaseUrl (/Users/yann/spx-app/node_modules/@supabase/supabase-js/src/lib/helpers.ts:86:11)
    at new SupabaseClient (/Users/yann/spx-app/node_modules/@supabase/supabase-js/src/SupabaseClient.ts:284:21)
    at createClient (/Users/yann/spx-app/node_modules/@supabase/supabase-js/src/index.ts:65:10)
    at admin (/Users/yann/spx-app/src/lib/desk/special-kpis.ts:152:10)
    at listPublishedForTicker (/Users/yann/spx-app/src/lib/desk/special-kpis.ts:175:16)
    at loadV17CompanyBrut (/Users/yann/spx-app/src/lib/company-core/load-company.ts:1771:30)
    at async loadV17Company (/Users/yann/spx-app/src/lib/company-core/load-company.ts:493:14)
    at async auditTicker (/Users/yann/spx-app/scripts/audit-pages-full.ts:51:19)
    at async main (/Users/yann/spx-app/scripts/audit-pages-full.ts:153:17)
kpi_requests merge failed for PSA: Error: supabaseUrl is required.
    at validateSupabaseUrl (/Users/yann/spx-app/node_modules/@supabase/supabase-js/src/lib/helpers.ts:86:11)
    at new SupabaseClient (/Users/yann/spx-app/node_modules/@supabase/supabase-js/src/SupabaseClient.ts:284:21)
    at createClient (/Users/yann/spx-app/node_modules/@supabase/supabase-js/src/index.ts:65:10)
    at loadV17CompanyBrut (/Users/yann/spx-app/src/lib/company-core/load-company.ts:1835:18)
    at async loadV17Company (/Users/yann/spx-app/src/lib/company-core/load-company.ts:493:14)
    at async auditTicker (/Users/yann/spx-app/scripts/audit-pages-full.ts:51:19)
    at async main (/Users/yann/spx-app/scripts/audit-pages-full.ts:153:17)
image_findings merge failed for PSA: Error: supabaseUrl is required.
    at validateSupabaseUrl (/Users/yann/spx-app/node_modules/@supabase/supabase-js/src/lib/helpers.ts:86:11)
    at new SupabaseClient (/Users/yann/spx-app/node_modules/@supabase/supabase-js/src/SupabaseClient.ts:284:21)
    at createClient (/Users/yann/spx-app/node_modules/@supabase/supabase-js/src/index.ts:65:10)
    at admin (/Users/yann/spx-app/src/lib/desk/image-findings.ts:118:10)
    at listApprovedForTicker (/Users/yann/spx-app/src/lib/desk/image-findings.ts:222:16)
    at loadV17CompanyBrut (/Users/yann/spx-app/src/lib/company-core/load-company.ts:1898:30)
    at async loadV17Company (/Users/yann/spx-app/src/lib/company-core/load-company.ts:493:14)
    at async auditTicker (/Users/yann/spx-app/scripts/audit-pages-full.ts:51:19)
    at async main (/Users/yann/spx-app/scripts/audit-pages-full.ts:153:17)
[hero-kpi-overrides] refetch failed, using stale cache Error: SUPABASE_SERVICE_ROLE_KEY manquante — vérifier .env.local
    at createSupabaseAdminClient (/Users/yann/spx-app/src/lib/supabase/admin.ts:16:11)
    at fetchAll (/Users/yann/spx-app/src/lib/company-core/hero-kpi-overrides.ts:31:20)
    at getHeroKpiOverride (/Users/yann/spx-app/src/lib/company-core/hero-kpi-overrides.ts:58:21)
    at loadV17CompanyBrut (/Users/yann/spx-app/src/lib/company-core/load-company.ts:3069:28)
    at async loadV17Company (/Users/yann/spx-app/src/lib/company-core/load-company.ts:493:14)
    at async auditTicker (/Users/yann/spx-app/scripts/audit-pages-full.ts:51:19)
    at async main (/Users/yann/spx-app/scripts/audit-pages-full.ts:153:17)
special_kpis merge failed for STX: Error: supabaseUrl is required.
    at validateSupabaseUrl (/Users/yann/spx-app/node_modules/@supabase/supabase-js/src/lib/helpers.ts:86:11)
    at new SupabaseClient (/Users/yann/spx-app/node_modules/@supabase/supabase-js/src/SupabaseClient.ts:284:21)
    at createClient (/Users/yann/spx-app/node_modules/@supabase/supabase-js/src/index.ts:65:10)
    at admin (/Users/yann/spx-app/src/lib/desk/special-kpis.ts:152:10)
    at listPublishedForTicker (/Users/yann/spx-app/src/lib/desk/special-kpis.ts:175:16)
    at loadV17CompanyBrut (/Users/yann/spx-app/src/lib/company-core/load-company.ts:1771:30)
    at async loadV17Company (/Users/yann/spx-app/src/lib/company-core/load-company.ts:493:14)
    at async auditTicker (/Users/yann/spx-app/scripts/audit-pages-full.ts:51:19)
    at async main (/Users/yann/spx-app/scripts/audit-pages-full.ts:153:17)
kpi_requests merge failed for STX: Error: supabaseUrl is required.
    at validateSupabaseUrl (/Users/yann/spx-app/node_modules/@supabase/supabase-js/src/lib/helpers.ts:86:11)
    at new SupabaseClient (/Users/yann/spx-app/node_modules/@supabase/supabase-js/src/SupabaseClient.ts:284:21)
    at createClient (/Users/yann/spx-app/node_modules/@supabase/supabase-js/src/index.ts:65:10)
    at loadV17CompanyBrut (/Users/yann/spx-app/src/lib/company-core/load-company.ts:1835:18)
    at async loadV17Company (/Users/yann/spx-app/src/lib/company-core/load-company.ts:493:14)
    at async auditTicker (/Users/yann/spx-app/scripts/audit-pages-full.ts:51:19)
    at async main (/Users/yann/spx-app/scripts/audit-pages-full.ts:153:17)
image_findings merge failed for STX: Error: supabaseUrl is required.
    at validateSupabaseUrl (/Users/yann/spx-app/node_modules/@supabase/supabase-js/src/lib/helpers.ts:86:11)
    at new SupabaseClient (/Users/yann/spx-app/node_modules/@supabase/supabase-js/src/SupabaseClient.ts:284:21)
    at createClient (/Users/yann/spx-app/node_modules/@supabase/supabase-js/src/index.ts:65:10)
    at admin (/Users/yann/spx-app/src/lib/desk/image-findings.ts:118:10)
    at listApprovedForTicker (/Users/yann/spx-app/src/lib/desk/image-findings.ts:222:16)
    at loadV17CompanyBrut (/Users/yann/spx-app/src/lib/company-core/load-company.ts:1898:30)
    at async loadV17Company (/Users/yann/spx-app/src/lib/company-core/load-company.ts:493:14)
    at async auditTicker (/Users/yann/spx-app/scripts/audit-pages-full.ts:51:19)
    at async main (/Users/yann/spx-app/scripts/audit-pages-full.ts:153:17)
[hero-kpi-overrides] refetch failed, using stale cache Error: SUPABASE_SERVICE_ROLE_KEY manquante — vérifier .env.local
    at createSupabaseAdminClient (/Users/yann/spx-app/src/lib/supabase/admin.ts:16:11)
    at fetchAll (/Users/yann/spx-app/src/lib/company-core/hero-kpi-overrides.ts:31:20)
    at getHeroKpiOverride (/Users/yann/spx-app/src/lib/company-core/hero-kpi-overrides.ts:58:21)
    at loadV17CompanyBrut (/Users/yann/spx-app/src/lib/company-core/load-company.ts:3069:28)
    at async loadV17Company (/Users/yann/spx-app/src/lib/company-core/load-company.ts:493:14)
    at async auditTicker (/Users/yann/spx-app/scripts/audit-pages-full.ts:51:19)
    at async main (/Users/yann/spx-app/scripts/audit-pages-full.ts:153:17)
special_kpis merge failed for SYY: Error: supabaseUrl is required.
    at validateSupabaseUrl (/Users/yann/spx-app/node_modules/@supabase/supabase-js/src/lib/helpers.ts:86:11)
    at new SupabaseClient (/Users/yann/spx-app/node_modules/@supabase/supabase-js/src/SupabaseClient.ts:284:21)
    at createClient (/Users/yann/spx-app/node_modules/@supabase/supabase-js/src/index.ts:65:10)
    at admin (/Users/yann/spx-app/src/lib/desk/special-kpis.ts:152:10)
    at listPublishedForTicker (/Users/yann/spx-app/src/lib/desk/special-kpis.ts:175:16)
    at loadV17CompanyBrut (/Users/yann/spx-app/src/lib/company-core/load-company.ts:1771:30)
    at async loadV17Company (/Users/yann/spx-app/src/lib/company-core/load-company.ts:493:14)
    at async auditTicker (/Users/yann/spx-app/scripts/audit-pages-full.ts:51:19)
    at async main (/Users/yann/spx-app/scripts/audit-pages-full.ts:153:17)
kpi_requests merge failed for SYY: Error: supabaseUrl is required.
    at validateSupabaseUrl (/Users/yann/spx-app/node_modules/@supabase/supabase-js/src/lib/helpers.ts:86:11)
    at new SupabaseClient (/Users/yann/spx-app/node_modules/@supabase/supabase-js/src/SupabaseClient.ts:284:21)
    at createClient (/Users/yann/spx-app/node_modules/@supabase/supabase-js/src/index.ts:65:10)
    at loadV17CompanyBrut (/Users/yann/spx-app/src/lib/company-core/load-company.ts:1835:18)
    at async loadV17Company (/Users/yann/spx-app/src/lib/company-core/load-company.ts:493:14)
    at async auditTicker (/Users/yann/spx-app/scripts/audit-pages-full.ts:51:19)
    at async main (/Users/yann/spx-app/scripts/audit-pages-full.ts:153:17)
image_findings merge failed for SYY: Error: supabaseUrl is required.
    at validateSupabaseUrl (/Users/yann/spx-app/node_modules/@supabase/supabase-js/src/lib/helpers.ts:86:11)
    at new SupabaseClient (/Users/yann/spx-app/node_modules/@supabase/supabase-js/src/SupabaseClient.ts:284:21)
    at createClient (/Users/yann/spx-app/node_modules/@supabase/supabase-js/src/index.ts:65:10)
    at admin (/Users/yann/spx-app/src/lib/desk/image-findings.ts:118:10)
    at listApprovedForTicker (/Users/yann/spx-app/src/lib/desk/image-findings.ts:222:16)
    at loadV17CompanyBrut (/Users/yann/spx-app/src/lib/company-core/load-company.ts:1898:30)
    at async loadV17Company (/Users/yann/spx-app/src/lib/company-core/load-company.ts:493:14)
    at async auditTicker (/Users/yann/spx-app/scripts/audit-pages-full.ts:51:19)
    at async main (/Users/yann/spx-app/scripts/audit-pages-full.ts:153:17)
[hero-kpi-overrides] refetch failed, using stale cache Error: SUPABASE_SERVICE_ROLE_KEY manquante — vérifier .env.local
    at createSupabaseAdminClient (/Users/yann/spx-app/src/lib/supabase/admin.ts:16:11)
    at fetchAll (/Users/yann/spx-app/src/lib/company-core/hero-kpi-overrides.ts:31:20)
    at getHeroKpiOverride (/Users/yann/spx-app/src/lib/company-core/hero-kpi-overrides.ts:58:21)
    at loadV17CompanyBrut (/Users/yann/spx-app/src/lib/company-core/load-company.ts:3069:28)
    at async loadV17Company (/Users/yann/spx-app/src/lib/company-core/load-company.ts:493:14)
    at async auditTicker (/Users/yann/spx-app/scripts/audit-pages-full.ts:51:19)
    at async main (/Users/yann/spx-app/scripts/audit-pages-full.ts:153:17)
special_kpis merge failed for T: Error: supabaseUrl is required.
    at validateSupabaseUrl (/Users/yann/spx-app/node_modules/@supabase/supabase-js/src/lib/helpers.ts:86:11)
    at new SupabaseClient (/Users/yann/spx-app/node_modules/@supabase/supabase-js/src/SupabaseClient.ts:284:21)
    at createClient (/Users/yann/spx-app/node_modules/@supabase/supabase-js/src/index.ts:65:10)
    at admin (/Users/yann/spx-app/src/lib/desk/special-kpis.ts:152:10)
    at listPublishedForTicker (/Users/yann/spx-app/src/lib/desk/special-kpis.ts:175:16)
    at loadV17CompanyBrut (/Users/yann/spx-app/src/lib/company-core/load-company.ts:1771:30)
    at async loadV17Company (/Users/yann/spx-app/src/lib/company-core/load-company.ts:493:14)
    at async auditTicker (/Users/yann/spx-app/scripts/audit-pages-full.ts:51:19)
    at async main (/Users/yann/spx-app/scripts/audit-pages-full.ts:153:17)
kpi_requests merge failed for T: Error: supabaseUrl is required.
    at validateSupabaseUrl (/Users/yann/spx-app/node_modules/@supabase/supabase-js/src/lib/helpers.ts:86:11)
    at new SupabaseClient (/Users/yann/spx-app/node_modules/@supabase/supabase-js/src/SupabaseClient.ts:284:21)
    at createClient (/Users/yann/spx-app/node_modules/@supabase/supabase-js/src/index.ts:65:10)
    at loadV17CompanyBrut (/Users/yann/spx-app/src/lib/company-core/load-company.ts:1835:18)
    at async loadV17Company (/Users/yann/spx-app/src/lib/company-core/load-company.ts:493:14)
    at async auditTicker (/Users/yann/spx-app/scripts/audit-pages-full.ts:51:19)
    at async main (/Users/yann/spx-app/scripts/audit-pages-full.ts:153:17)
image_findings merge failed for T: Error: supabaseUrl is required.
    at validateSupabaseUrl (/Users/yann/spx-app/node_modules/@supabase/supabase-js/src/lib/helpers.ts:86:11)
    at new SupabaseClient (/Users/yann/spx-app/node_modules/@supabase/supabase-js/src/SupabaseClient.ts:284:21)
    at createClient (/Users/yann/spx-app/node_modules/@supabase/supabase-js/src/index.ts:65:10)
    at admin (/Users/yann/spx-app/src/lib/desk/image-findings.ts:118:10)
    at listApprovedForTicker (/Users/yann/spx-app/src/lib/desk/image-findings.ts:222:16)
    at loadV17CompanyBrut (/Users/yann/spx-app/src/lib/company-core/load-company.ts:1898:30)
    at async loadV17Company (/Users/yann/spx-app/src/lib/company-core/load-company.ts:493:14)
    at async auditTicker (/Users/yann/spx-app/scripts/audit-pages-full.ts:51:19)
    at async main (/Users/yann/spx-app/scripts/audit-pages-full.ts:153:17)
[hero-kpi-overrides] refetch failed, using stale cache Error: SUPABASE_SERVICE_ROLE_KEY manquante — vérifier .env.local
    at createSupabaseAdminClient (/Users/yann/spx-app/src/lib/supabase/admin.ts:16:11)
    at fetchAll (/Users/yann/spx-app/src/lib/company-core/hero-kpi-overrides.ts:31:20)
    at getHeroKpiOverride (/Users/yann/spx-app/src/lib/company-core/hero-kpi-overrides.ts:58:21)
    at loadV17CompanyBrut (/Users/yann/spx-app/src/lib/company-core/load-company.ts:3069:28)
    at async loadV17Company (/Users/yann/spx-app/src/lib/company-core/load-company.ts:493:14)
    at async auditTicker (/Users/yann/spx-app/scripts/audit-pages-full.ts:51:19)
    at async main (/Users/yann/spx-app/scripts/audit-pages-full.ts:153:17)
special_kpis merge failed for UDR: Error: supabaseUrl is required.
    at validateSupabaseUrl (/Users/yann/spx-app/node_modules/@supabase/supabase-js/src/lib/helpers.ts:86:11)
    at new SupabaseClient (/Users/yann/spx-app/node_modules/@supabase/supabase-js/src/SupabaseClient.ts:284:21)
    at createClient (/Users/yann/spx-app/node_modules/@supabase/supabase-js/src/index.ts:65:10)
    at admin (/Users/yann/spx-app/src/lib/desk/special-kpis.ts:152:10)
    at listPublishedForTicker (/Users/yann/spx-app/src/lib/desk/special-kpis.ts:175:16)
    at loadV17CompanyBrut (/Users/yann/spx-app/src/lib/company-core/load-company.ts:1771:30)
    at async loadV17Company (/Users/yann/spx-app/src/lib/company-core/load-company.ts:493:14)
    at async auditTicker (/Users/yann/spx-app/scripts/audit-pages-full.ts:51:19)
    at async main (/Users/yann/spx-app/scripts/audit-pages-full.ts:153:17)
kpi_requests merge failed for UDR: Error: supabaseUrl is required.
    at validateSupabaseUrl (/Users/yann/spx-app/node_modules/@supabase/supabase-js/src/lib/helpers.ts:86:11)
    at new SupabaseClient (/Users/yann/spx-app/node_modules/@supabase/supabase-js/src/SupabaseClient.ts:284:21)
    at createClient (/Users/yann/spx-app/node_modules/@supabase/supabase-js/src/index.ts:65:10)
    at loadV17CompanyBrut (/Users/yann/spx-app/src/lib/company-core/load-company.ts:1835:18)
    at async loadV17Company (/Users/yann/spx-app/src/lib/company-core/load-company.ts:493:14)
    at async auditTicker (/Users/yann/spx-app/scripts/audit-pages-full.ts:51:19)
    at async main (/Users/yann/spx-app/scripts/audit-pages-full.ts:153:17)
image_findings merge failed for UDR: Error: supabaseUrl is required.
    at validateSupabaseUrl (/Users/yann/spx-app/node_modules/@supabase/supabase-js/src/lib/helpers.ts:86:11)
    at new SupabaseClient (/Users/yann/spx-app/node_modules/@supabase/supabase-js/src/SupabaseClient.ts:284:21)
    at createClient (/Users/yann/spx-app/node_modules/@supabase/supabase-js/src/index.ts:65:10)
    at admin (/Users/yann/spx-app/src/lib/desk/image-findings.ts:118:10)
    at listApprovedForTicker (/Users/yann/spx-app/src/lib/desk/image-findings.ts:222:16)
    at loadV17CompanyBrut (/Users/yann/spx-app/src/lib/company-core/load-company.ts:1898:30)
    at async loadV17Company (/Users/yann/spx-app/src/lib/company-core/load-company.ts:493:14)
    at async auditTicker (/Users/yann/spx-app/scripts/audit-pages-full.ts:51:19)
    at async main (/Users/yann/spx-app/scripts/audit-pages-full.ts:153:17)
[hero-kpi-overrides] refetch failed, using stale cache Error: SUPABASE_SERVICE_ROLE_KEY manquante — vérifier .env.local
    at createSupabaseAdminClient (/Users/yann/spx-app/src/lib/supabase/admin.ts:16:11)
    at fetchAll (/Users/yann/spx-app/src/lib/company-core/hero-kpi-overrides.ts:31:20)
    at getHeroKpiOverride (/Users/yann/spx-app/src/lib/company-core/hero-kpi-overrides.ts:58:21)
    at loadV17CompanyBrut (/Users/yann/spx-app/src/lib/company-core/load-company.ts:3069:28)
    at async loadV17Company (/Users/yann/spx-app/src/lib/company-core/load-company.ts:493:14)
    at async auditTicker (/Users/yann/spx-app/scripts/audit-pages-full.ts:51:19)
    at async main (/Users/yann/spx-app/scripts/audit-pages-full.ts:153:17)
[hero-kpi-overrides] refetch failed, using stale cache Error: SUPABASE_SERVICE_ROLE_KEY manquante — vérifier .env.local
    at createSupabaseAdminClient (/Users/yann/spx-app/src/lib/supabase/admin.ts:16:11)
    at fetchAll (/Users/yann/spx-app/src/lib/company-core/hero-kpi-overrides.ts:31:20)
    at getHeroKpiOverride (/Users/yann/spx-app/src/lib/company-core/hero-kpi-overrides.ts:58:21)
    at loadV17CompanyBrut (/Users/yann/spx-app/src/lib/company-core/load-company.ts:3069:28)
    at async loadV17Company (/Users/yann/spx-app/src/lib/company-core/load-company.ts:493:14)
    at async auditTicker (/Users/yann/spx-app/scripts/audit-pages-full.ts:51:19)
    at async main (/Users/yann/spx-app/scripts/audit-pages-full.ts:153:17)
special_kpis merge failed for XYL: Error: supabaseUrl is required.
    at validateSupabaseUrl (/Users/yann/spx-app/node_modules/@supabase/supabase-js/src/lib/helpers.ts:86:11)
    at new SupabaseClient (/Users/yann/spx-app/node_modules/@supabase/supabase-js/src/SupabaseClient.ts:284:21)
    at createClient (/Users/yann/spx-app/node_modules/@supabase/supabase-js/src/index.ts:65:10)
    at admin (/Users/yann/spx-app/src/lib/desk/special-kpis.ts:152:10)
    at listPublishedForTicker (/Users/yann/spx-app/src/lib/desk/special-kpis.ts:175:16)
    at loadV17CompanyBrut (/Users/yann/spx-app/src/lib/company-core/load-company.ts:1771:30)
    at async loadV17Company (/Users/yann/spx-app/src/lib/company-core/load-company.ts:493:14)
    at async auditTicker (/Users/yann/spx-app/scripts/audit-pages-full.ts:51:19)
    at async main (/Users/yann/spx-app/scripts/audit-pages-full.ts:153:17)
kpi_requests merge failed for XYL: Error: supabaseUrl is required.
    at validateSupabaseUrl (/Users/yann/spx-app/node_modules/@supabase/supabase-js/src/lib/helpers.ts:86:11)
    at new SupabaseClient (/Users/yann/spx-app/node_modules/@supabase/supabase-js/src/SupabaseClient.ts:284:21)
    at createClient (/Users/yann/spx-app/node_modules/@supabase/supabase-js/src/index.ts:65:10)
    at loadV17CompanyBrut (/Users/yann/spx-app/src/lib/company-core/load-company.ts:1835:18)
    at async loadV17Company (/Users/yann/spx-app/src/lib/company-core/load-company.ts:493:14)
    at async auditTicker (/Users/yann/spx-app/scripts/audit-pages-full.ts:51:19)
    at async main (/Users/yann/spx-app/scripts/audit-pages-full.ts:153:17)
image_findings merge failed for XYL: Error: supabaseUrl is required.
    at validateSupabaseUrl (/Users/yann/spx-app/node_modules/@supabase/supabase-js/src/lib/helpers.ts:86:11)
    at new SupabaseClient (/Users/yann/spx-app/node_modules/@supabase/supabase-js/src/SupabaseClient.ts:284:21)
    at createClient (/Users/yann/spx-app/node_modules/@supabase/supabase-js/src/index.ts:65:10)
    at admin (/Users/yann/spx-app/src/lib/desk/image-findings.ts:118:10)
    at listApprovedForTicker (/Users/yann/spx-app/src/lib/desk/image-findings.ts:222:16)
    at loadV17CompanyBrut (/Users/yann/spx-app/src/lib/company-core/load-company.ts:1898:30)
    at async loadV17Company (/Users/yann/spx-app/src/lib/company-core/load-company.ts:493:14)
    at async auditTicker (/Users/yann/spx-app/scripts/audit-pages-full.ts:51:19)
    at async main (/Users/yann/spx-app/scripts/audit-pages-full.ts:153:17)
[hero-kpi-overrides] refetch failed, using stale cache Error: SUPABASE_SERVICE_ROLE_KEY manquante — vérifier .env.local
    at createSupabaseAdminClient (/Users/yann/spx-app/src/lib/supabase/admin.ts:16:11)
    at fetchAll (/Users/yann/spx-app/src/lib/company-core/hero-kpi-overrides.ts:31:20)
    at getHeroKpiOverride (/Users/yann/spx-app/src/lib/company-core/hero-kpi-overrides.ts:58:21)
    at loadV17CompanyBrut (/Users/yann/spx-app/src/lib/company-core/load-company.ts:3069:28)
    at async loadV17Company (/Users/yann/spx-app/src/lib/company-core/load-company.ts:493:14)
    at async auditTicker (/Users/yann/spx-app/scripts/audit-pages-full.ts:51:19)
    at async main (/Users/yann/spx-app/scripts/audit-pages-full.ts:153:17)
{
 "audited": 28,
 "stes_with_issues": 7,
 "stats": {
  "R2": 1,
  "K2": 4,
  "K4": 39,
  "H2": 3,
  "GEO": 1,
  "S2": 1
 }
}
[quarterly-refresh] rapport ecrit: /Users/yann/spx-app/.conv-state/quarterly-refresh-report.json (28 stes)
[lock4] run archivé: 28 sté(s), 0 publiable(s), 28 bloquée(s) → /Users/yann/spx-app/src/data/_quarterly-refresh-history.json
[quarterly-refresh] lock4 rc=0
[publish] 0 sté publiable (28 bloquée(s)), rien à publier
[quarterly-refresh] publish rc=0
[quarterly-refresh] done 20260910-073957
