[quarterly-refresh] start 20260812-073000
[quarterly-refresh-detect] 2026-08-12T05:30:55.784750+00:00 NEW AME: 1 filing(s) → ['8-K 2026-08-11']
[quarterly-refresh-detect] 2026-08-12T05:31:02.606056+00:00 progress 50/651
[quarterly-refresh-detect] 2026-08-12T05:31:14.112548+00:00 NEW APO: 1 filing(s) → ['8-K 2026-08-11']
[quarterly-refresh-detect] 2026-08-12T05:32:04.072708+00:00 NEW BRK-B: 1 filing(s) → ['8-K 2026-08-11']
[quarterly-refresh-detect] 2026-08-12T05:32:04.072938+00:00 progress 100/651
[quarterly-refresh-detect] 2026-08-12T05:32:13.473559+00:00 NEW CAG: 1 filing(s) → ['DEF 14A 2026-08-11']
[quarterly-refresh-detect] 2026-08-12T05:32:15.027607+00:00 NEW CAH: 3 filing(s) → ['10-K 2026-08-11', '8-K 2026-08-11', '8-K 2026-08-11']
[quarterly-refresh-detect] 2026-08-12T05:32:53.286076+00:00 NEW CME: 1 filing(s) → ['8-K 2026-08-11']
[quarterly-refresh-detect] 2026-08-12T05:33:10.397203+00:00 NEW COP: 1 filing(s) → ['8-K 2026-08-11']
[quarterly-refresh-detect] 2026-08-12T05:33:14.898896+00:00 progress 150/651
[quarterly-refresh-detect] 2026-08-12T05:33:27.101920+00:00 NEW CRWV: 1 filing(s) → ['8-K 2026-08-11']
[quarterly-refresh-detect] 2026-08-12T05:34:22.423439+00:00 progress 200/651
[quarterly-refresh-detect] 2026-08-12T05:35:09.779983+00:00 NEW EXPD: 1 filing(s) → ['8-K 2026-08-11']
[quarterly-refresh-detect] 2026-08-12T05:35:29.300723+00:00 progress 250/651
[quarterly-refresh-detect] 2026-08-12T05:35:37.798899+00:00 NEW FRT: 1 filing(s) → ['8-K 2026-08-11']
[quarterly-refresh-detect] 2026-08-12T05:35:59.821320+00:00 NEW GM: 1 filing(s) → ['8-K 2026-08-11']
[quarterly-refresh-detect] 2026-08-12T05:36:05.535304+00:00 NEW GPC: 1 filing(s) → ['8-K 2026-08-11']
[quarterly-refresh-detect] 2026-08-12T05:36:22.756933+00:00 NEW HIG: 1 filing(s) → ['8-K 2026-08-11']
[quarterly-refresh-detect] 2026-08-12T05:36:45.421439+00:00 NEW IBM: 1 filing(s) → ['424B5 2026-08-11']
[quarterly-refresh-detect] 2026-08-12T05:36:46.897683+00:00 NEW ICE: 1 filing(s) → ['424B5 2026-08-11']
[quarterly-refresh-detect] 2026-08-12T05:37:06.409065+00:00 NEW ITW: 1 filing(s) → ['424B5 2026-08-11']
[quarterly-refresh-detect] 2026-08-12T05:37:08.028554+00:00 NEW IVZ: 1 filing(s) → ['8-K 2026-08-11']
[quarterly-refresh-detect] 2026-08-12T05:37:15.088950+00:00 NEW JKHY: 1 filing(s) → ['8-K 2026-08-11']
[quarterly-refresh-detect] 2026-08-12T05:37:29.853659+00:00 progress 350/651
[quarterly-refresh-detect] 2026-08-12T05:37:47.990132+00:00 NEW LITE: 1 filing(s) → ['8-K 2026-08-11']
[quarterly-refresh-detect] 2026-08-12T05:38:08.980755+00:00 NEW MAR: 1 filing(s) → ['424B5 2026-08-11']
[quarterly-refresh-detect] 2026-08-12T05:38:34.182401+00:00 progress 400/651
[quarterly-refresh-detect] 2026-08-12T05:39:09.169992+00:00 NEW NEE: 1 filing(s) → ['8-K 2026-08-11']
[quarterly-refresh-detect] 2026-08-12T05:39:16.181745+00:00 NEW NN.AS: 2 filing(s) → ['10-Q 2026-08-11', '8-K 2026-08-11']
[quarterly-refresh-detect] 2026-08-12T05:39:31.774850+00:00 NEW NWS: 1 filing(s) → ['8-K 2026-08-11']
[quarterly-refresh-detect] 2026-08-12T05:39:33.055999+00:00 NEW NWSA: 1 filing(s) → ['8-K 2026-08-11']
[quarterly-refresh-detect] 2026-08-12T05:39:36.073615+00:00 NEW O: 1 filing(s) → ['8-K 2026-08-11']
[quarterly-refresh-detect] 2026-08-12T05:39:44.824973+00:00 progress 450/651
[quarterly-refresh-detect] 2026-08-12T05:39:47.659713+00:00 NEW ORLY: 1 filing(s) → ['8-K 2026-08-11']
[quarterly-refresh-detect] 2026-08-12T05:40:42.982902+00:00 NEW REG: 1 filing(s) → ['8-K 2026-08-11']
[quarterly-refresh-detect] 2026-08-12T05:40:45.931365+00:00 NEW RF: 1 filing(s) → ['8-K 2026-08-11']
[quarterly-refresh-detect] 2026-08-12T05:41:04.762160+00:00 NEW RVTY: 1 filing(s) → ['10-Q 2026-08-11']
[quarterly-refresh-detect] 2026-08-12T05:41:19.180238+00:00 NEW SMCI: 1 filing(s) → ['8-K 2026-08-11']
[quarterly-refresh-detect] 2026-08-12T05:42:23.396028+00:00 NEW TSN: 2 filing(s) → ['424B5 2026-08-11', '8-K 2026-08-11']
[quarterly-refresh-detect] 2026-08-12T05:42:46.019374+00:00 NEW UPS: 1 filing(s) → ['424B5 2026-08-11']
[quarterly-refresh-detect] 2026-08-12T05:43:11.841963+00:00 NEW WAT: 1 filing(s) → ['10-Q 2026-08-11']
[quarterly-refresh-detect] 2026-08-12T05:43:17.899550+00:00 NEW WEC: 1 filing(s) → ['8-K 2026-08-11']
[quarterly-refresh-detect] 2026-08-12T05:43:45.816810+00:00 progress 650/651
[quarterly-refresh-detect] 2026-08-12T05:43:46.473067+00:00 Ecrit /Users/yann/spx-app/.conv-state/quarterly-refresh-detected.json : 34 ste(s) a rafraichir, 92 erreur(s)
[quarterly-refresh] detect rc=0, 34 ste(s) a rafraichir
[quarterly-refresh-run] 2026-08-12T05:43:46.789123+00:00 === AME (docs, 1 filing(s)) ===
[quarterly-refresh-run] 2026-08-12T05:43:48.403411+00:00   down AME 8-K 2026-08-11 -> data-lake/AME/8K/AME_2026-08-11_0001037868-26-000183.htm.gz
[quarterly-refresh-run] 2026-08-12T05:43:50.599346+00:00   AME: facts=158 kpi_updated=0 kpi_added=0 errors=0
[quarterly-refresh-run] 2026-08-12T05:43:50.599376+00:00 === APO (docs, 1 filing(s)) ===
[quarterly-refresh-run] 2026-08-12T05:43:51.634710+00:00   down APO 8-K 2026-08-11 -> data-lake/APO/8K/APO_2026-08-11_0001858681-26-000043.htm.gz
[quarterly-refresh-run] 2026-08-12T05:43:53.520288+00:00   APO: facts=108 kpi_updated=0 kpi_added=0 errors=0
[quarterly-refresh-run] 2026-08-12T05:43:53.520325+00:00 === BRK-B (quarter, 1 filing(s)) ===
[quarterly-refresh-run] 2026-08-12T05:43:54.690282+00:00   down BRK-B 8-K 2026-08-11 -> data-lake/BRK-B/8K/BRK-B_2026-08-11_0001193125-26-344495.htm.gz
[quarterly-refresh-run] 2026-08-12T05:43:56.864389+00:00   BRK-B: facts=88 kpi_updated=0 kpi_added=0 errors=0
[quarterly-refresh-run] 2026-08-12T05:43:56.864417+00:00 === CAG (docs, 1 filing(s)) ===
[quarterly-refresh-run] 2026-08-12T05:43:58.746514+00:00   down CAG DEF 14A 2026-08-11 -> data-lake/CAG/DEF14A/CAG_2026-08-11.htm.gz
[quarterly-refresh-run] 2026-08-12T05:44:01.759514+00:00   CAG: facts=171 kpi_updated=0 kpi_added=0 errors=0
[quarterly-refresh-run] 2026-08-12T05:44:01.759530+00:00 === CAH (annual, 3 filing(s)) ===
[quarterly-refresh-run] 2026-08-12T05:44:03.777861+00:00   down CAH 10-K 2026-08-11 -> data-lake/CAH/10K/CAH_2026-08-11.htm.gz
[quarterly-refresh-run] 2026-08-12T05:44:05.032403+00:00   down CAH 8-K 2026-08-11 -> data-lake/CAH/8K/CAH_2026-08-11_0000721371-26-000037.htm.gz
[quarterly-refresh-run] 2026-08-12T05:44:06.054824+00:00   down CAH 8-K 2026-08-11 -> data-lake/CAH/8K/CAH_2026-08-11_0000721371-26-000036.htm.gz
[quarterly-refresh-run] 2026-08-12T05:44:08.430478+00:00   CAH: facts=163 kpi_updated=6 kpi_added=0 errors=0
[quarterly-refresh-run] 2026-08-12T05:44:08.430502+00:00 === CME (docs, 1 filing(s)) ===
[quarterly-refresh-run] 2026-08-12T05:44:09.681969+00:00   down CME 8-K 2026-08-11 -> data-lake/CME/8K/CME_2026-08-11_0001156375-26-000051.htm.gz
[quarterly-refresh-run] 2026-08-12T05:44:11.902755+00:00   CME: facts=145 kpi_updated=0 kpi_added=0 errors=0
[quarterly-refresh-run] 2026-08-12T05:44:11.902782+00:00 === COP (docs, 1 filing(s)) ===
[quarterly-refresh-run] 2026-08-12T05:44:13.076394+00:00   down COP 8-K 2026-08-11 -> data-lake/COP/8K/COP_2026-08-11_0001104659-26-094062.htm.gz
[quarterly-refresh-run] 2026-08-12T05:44:16.046452+00:00   COP: facts=126 kpi_updated=0 kpi_added=0 errors=0
[quarterly-refresh-run] 2026-08-12T05:44:16.046466+00:00 === CRWV (quarter, 1 filing(s)) ===
[quarterly-refresh-run] 2026-08-12T05:44:17.127650+00:00   down CRWV 8-K 2026-08-11 -> data-lake/CRWV/8K/CRWV_2026-08-11_0001769628-26-000362.htm.gz
[quarterly-refresh-run] 2026-08-12T05:44:18.844063+00:00   CRWV: facts=78 kpi_updated=0 kpi_added=0 errors=0
[quarterly-refresh-run] 2026-08-12T05:44:18.844093+00:00 === EXPD (docs, 1 filing(s)) ===
[quarterly-refresh-run] 2026-08-12T05:44:20.234136+00:00   down EXPD 8-K 2026-08-11 -> data-lake/EXPD/8K/EXPD_2026-08-11_0001193125-26-344693.htm.gz
[quarterly-refresh-run] 2026-08-12T05:44:22.553566+00:00   EXPD: facts=154 kpi_updated=0 kpi_added=0 errors=0
[quarterly-refresh-run] 2026-08-12T05:44:22.553600+00:00 === FRT (docs, 1 filing(s)) ===
[quarterly-refresh-run] 2026-08-12T05:44:23.908646+00:00   down FRT 8-K 2026-08-11 -> data-lake/FRT/8K/FRT_2026-08-11_0001193125-26-344547.htm.gz
[quarterly-refresh-run] 2026-08-12T05:44:25.962747+00:00   FRT: facts=137 kpi_updated=0 kpi_added=0 errors=0
[quarterly-refresh-run] 2026-08-12T05:44:25.962768+00:00 === GM (docs, 1 filing(s)) ===
[quarterly-refresh-run] 2026-08-12T05:44:27.159580+00:00   down GM 8-K 2026-08-11 -> data-lake/GM/8K/GM_2026-08-11_0001193125-26-344698.htm.gz
[quarterly-refresh-run] 2026-08-12T05:44:29.391219+00:00   GM: facts=154 kpi_updated=0 kpi_added=0 errors=0
[quarterly-refresh-run] 2026-08-12T05:44:29.391237+00:00 === GPC (docs, 1 filing(s)) ===
[quarterly-refresh-run] 2026-08-12T05:44:30.624794+00:00   down GPC 8-K 2026-08-11 -> data-lake/GPC/8K/GPC_2026-08-11_0000040987-26-000035.htm.gz
[quarterly-refresh-run] 2026-08-12T05:44:32.918002+00:00   GPC: facts=136 kpi_updated=0 kpi_added=0 errors=0
[quarterly-refresh-run] 2026-08-12T05:44:32.918022+00:00 === HIG (docs, 1 filing(s)) ===
[quarterly-refresh-run] 2026-08-12T05:44:34.195328+00:00   down HIG 8-K 2026-08-11 -> data-lake/HIG/8K/HIG_2026-08-11_0000874766-26-000062.htm.gz
[quarterly-refresh-run] 2026-08-12T05:44:36.823197+00:00   HIG: facts=116 kpi_updated=0 kpi_added=0 errors=0
[quarterly-refresh-run] 2026-08-12T05:44:36.823208+00:00 === IBM (docs, 1 filing(s)) ===
[quarterly-refresh-run] 2026-08-12T05:44:38.308492+00:00   down IBM 424B5 2026-08-11 -> data-lake/IBM/424B/IBM_2026-08-11_0001104659-26-094038.htm.gz
[quarterly-refresh-run] 2026-08-12T05:44:41.577854+00:00   IBM: facts=176 kpi_updated=0 kpi_added=0 errors=0
[quarterly-refresh-run] 2026-08-12T05:44:41.577865+00:00 === ICE (docs, 1 filing(s)) ===
[quarterly-refresh-run] 2026-08-12T05:44:43.266126+00:00   down ICE 424B5 2026-08-11 -> data-lake/ICE/424B/ICE_2026-08-11_0001193125-26-343522.htm.gz
[quarterly-refresh-run] 2026-08-12T05:44:45.533468+00:00   ICE: facts=154 kpi_updated=0 kpi_added=0 errors=0
[quarterly-refresh-run] 2026-08-12T05:44:45.533488+00:00 === ITW (docs, 1 filing(s)) ===
[quarterly-refresh-run] 2026-08-12T05:44:47.073518+00:00   down ITW 424B5 2026-08-11 -> data-lake/ITW/424B/ITW_2026-08-11_0001193125-26-343495.htm.gz
[quarterly-refresh-run] 2026-08-12T05:44:49.144010+00:00   ITW: facts=131 kpi_updated=0 kpi_added=0 errors=0
[quarterly-refresh-run] 2026-08-12T05:44:49.144027+00:00 === IVZ (docs, 1 filing(s)) ===
[quarterly-refresh-run] 2026-08-12T05:44:50.266560+00:00   down IVZ 8-K 2026-08-11 -> data-lake/IVZ/8K/IVZ_2026-08-11_0000914208-26-000252.htm.gz
[quarterly-refresh-run] 2026-08-12T05:44:52.630152+00:00   IVZ: facts=149 kpi_updated=0 kpi_added=0 errors=0
[quarterly-refresh-run] 2026-08-12T05:44:52.630180+00:00 === JKHY (quarter, 1 filing(s)) ===
[quarterly-refresh-run] 2026-08-12T05:44:53.769038+00:00   down JKHY 8-K 2026-08-11 -> data-lake/JKHY/8K/JKHY_2026-08-11_0000779152-26-000052.htm.gz
[quarterly-refresh-run] 2026-08-12T05:44:56.201673+00:00   JKHY: facts=167 kpi_updated=0 kpi_added=0 errors=0
[quarterly-refresh-run] 2026-08-12T05:44:56.201712+00:00 === LITE (quarter, 1 filing(s)) ===
[quarterly-refresh-run] 2026-08-12T05:44:57.366173+00:00   down LITE 8-K 2026-08-11 -> data-lake/LITE/8K/LITE_2026-08-11_0001628280-26-055726.htm.gz
[quarterly-refresh-run] 2026-08-12T05:44:59.501178+00:00   LITE: facts=187 kpi_updated=0 kpi_added=0 errors=0
[quarterly-refresh-run] 2026-08-12T05:44:59.501204+00:00 === MAR (docs, 1 filing(s)) ===
[quarterly-refresh-run] 2026-08-12T05:45:00.960387+00:00   down MAR 424B5 2026-08-11 -> data-lake/MAR/424B/MAR_2026-08-11_0001193125-26-343535.htm.gz
[quarterly-refresh-run] 2026-08-12T05:45:03.096924+00:00   MAR: facts=153 kpi_updated=0 kpi_added=0 errors=0
[quarterly-refresh-run] 2026-08-12T05:45:03.096950+00:00 === NEE (docs, 1 filing(s)) ===
[quarterly-refresh-run] 2026-08-12T05:45:04.368482+00:00   down NEE 8-K 2026-08-11 -> data-lake/NEE/8K/NEE_2026-08-11_0000753308-26-000065.htm.gz
[quarterly-refresh-run] 2026-08-12T05:45:06.974833+00:00   NEE: facts=116 kpi_updated=0 kpi_added=0 errors=0
[quarterly-refresh-run] 2026-08-12T05:45:06.974852+00:00 === NN.AS (quarter, 2 filing(s)) ===
[quarterly-refresh-run] 2026-08-12T05:45:08.854688+00:00   down NN.AS 10-Q 2026-08-11 -> data-lake/NN.AS/10Q/NN.AS_2026-08-11.htm.gz
[quarterly-refresh-run] 2026-08-12T05:45:10.024922+00:00   down NN.AS 8-K 2026-08-11 -> data-lake/NN.AS/8K/NN.AS_2026-08-11_0001554855-26-001788.htm.gz
[quarterly-refresh-run] 2026-08-12T05:45:11.859772+00:00   NN.AS: facts=167 kpi_updated=4 kpi_added=0 errors=0
[quarterly-refresh-run] 2026-08-12T05:45:11.859802+00:00 === NWS (docs, 1 filing(s)) ===
[quarterly-refresh-run] 2026-08-12T05:45:13.037954+00:00   down NWS 8-K 2026-08-11 -> data-lake/NWS/8K/NWS_2026-08-11_0001564708-26-000177.htm.gz
[quarterly-refresh-run] 2026-08-12T05:45:15.162761+00:00   NWS: facts=135 kpi_updated=0 kpi_added=0 errors=0
[quarterly-refresh-run] 2026-08-12T05:45:15.162782+00:00 === NWSA (docs, 1 filing(s)) ===
[quarterly-refresh-run] 2026-08-12T05:45:16.492736+00:00   down NWSA 8-K 2026-08-11 -> data-lake/NWSA/8K/NWSA_2026-08-11_0001564708-26-000177.htm.gz
[quarterly-refresh-run] 2026-08-12T05:45:18.432477+00:00   NWSA: facts=135 kpi_updated=0 kpi_added=0 errors=0
[quarterly-refresh-run] 2026-08-12T05:45:18.432496+00:00 === O (docs, 1 filing(s)) ===
[quarterly-refresh-run] 2026-08-12T05:45:19.742995+00:00   down O 8-K 2026-08-11 -> data-lake/O/8K/O_2026-08-11_0001104659-26-094098.htm.gz
[quarterly-refresh-run] 2026-08-12T05:45:22.444714+00:00   O: facts=119 kpi_updated=0 kpi_added=0 errors=0
[quarterly-refresh-run] 2026-08-12T05:45:22.444738+00:00 === ORLY (docs, 1 filing(s)) ===
[quarterly-refresh-run] 2026-08-12T05:45:23.491595+00:00   down ORLY 8-K 2026-08-11 -> data-lake/ORLY/8K/ORLY_2026-08-11_0001104659-26-094110.htm.gz
[quarterly-refresh-run] 2026-08-12T05:45:26.071179+00:00   ORLY: facts=191 kpi_updated=0 kpi_added=0 errors=0
[quarterly-refresh-run] 2026-08-12T05:45:26.071205+00:00 === REG (docs, 1 filing(s)) ===
[quarterly-refresh-run] 2026-08-12T05:45:27.175172+00:00   down REG 8-K 2026-08-11 -> data-lake/REG/8K/REG_2026-08-11_0001193125-26-343812.htm.gz
[quarterly-refresh-run] 2026-08-12T05:45:29.075924+00:00   REG: facts=85 kpi_updated=0 kpi_added=0 errors=0
[quarterly-refresh-run] 2026-08-12T05:45:29.075953+00:00 === RF (docs, 1 filing(s)) ===
[quarterly-refresh-run] 2026-08-12T05:45:30.048075+00:00   down RF 8-K 2026-08-11 -> data-lake/RF/8K/RF_2026-08-11_0001281761-26-000060.htm.gz
[quarterly-refresh-run] 2026-08-12T05:45:32.959841+00:00   RF: facts=85 kpi_updated=0 kpi_added=0 errors=0
[quarterly-refresh-run] 2026-08-12T05:45:32.959952+00:00 === RVTY (quarter, 1 filing(s)) ===
[quarterly-refresh-run] 2026-08-12T05:45:34.506746+00:00   down RVTY 10-Q 2026-08-11 -> data-lake/RVTY/10Q/RVTY_2026-08-11.htm.gz
[quarterly-refresh-run] 2026-08-12T05:45:37.305605+00:00   RVTY: facts=209 kpi_updated=4 kpi_added=0 errors=0
[quarterly-refresh-run] 2026-08-12T05:45:37.305620+00:00 === SMCI (quarter, 1 filing(s)) ===
[quarterly-refresh-run] 2026-08-12T05:45:38.538330+00:00   down SMCI 8-K 2026-08-11 -> data-lake/SMCI/8K/SMCI_2026-08-11_0001375365-26-000021.htm.gz
[quarterly-refresh-run] 2026-08-12T05:45:40.821671+00:00   SMCI: facts=188 kpi_updated=0 kpi_added=0 errors=0
[quarterly-refresh-run] 2026-08-12T05:45:40.821839+00:00 === TSN (docs, 2 filing(s)) ===
[quarterly-refresh-run] 2026-08-12T05:45:42.789487+00:00   down TSN 424B5 2026-08-11 -> data-lake/TSN/424B/TSN_2026-08-11_0001140361-26-032271.htm.gz
[quarterly-refresh-run] 2026-08-12T05:45:43.809629+00:00   down TSN 8-K 2026-08-11 -> data-lake/TSN/8K/TSN_2026-08-11_0001140361-26-032111.htm.gz
[quarterly-refresh-run] 2026-08-12T05:45:46.115740+00:00   TSN: facts=188 kpi_updated=0 kpi_added=0 errors=0
[quarterly-refresh-run] 2026-08-12T05:45:46.115766+00:00 === UPS (docs, 1 filing(s)) ===
[quarterly-refresh-run] 2026-08-12T05:45:47.718821+00:00   down UPS 424B5 2026-08-11 -> data-lake/UPS/424B/UPS_2026-08-11_0001104659-26-094081.htm.gz
[quarterly-refresh-run] 2026-08-12T05:45:51.042796+00:00   UPS: facts=153 kpi_updated=0 kpi_added=0 errors=0
[quarterly-refresh-run] 2026-08-12T05:45:51.042821+00:00 === WAT (quarter, 1 filing(s)) ===
[quarterly-refresh-run] 2026-08-12T05:45:52.697507+00:00   down WAT 10-Q 2026-08-11 -> data-lake/WAT/10Q/WAT_2026-08-11.htm.gz
[quarterly-refresh-run] 2026-08-12T05:45:55.049516+00:00   WAT: facts=231 kpi_updated=4 kpi_added=0 errors=0
[quarterly-refresh-run] 2026-08-12T05:45:55.049612+00:00 === WEC (docs, 1 filing(s)) ===
[quarterly-refresh-run] 2026-08-12T05:45:56.053610+00:00   down WEC 8-K 2026-08-11 -> data-lake/WEC/8K/WEC_2026-08-11_0000783325-26-000092.htm.gz
[quarterly-refresh-run] 2026-08-12T05:45:58.388647+00:00   WEC: facts=112 kpi_updated=0 kpi_added=0 errors=0
[quarterly-refresh-run] 2026-08-12T05:45:58.389611+00:00 Ecrit /Users/yann/spx-app/.conv-state/quarterly-refresh-run-result.json (34 ste(s))
[quarterly-refresh] run rc=0
[lock1] AME: OK (4/7 points concordants, 0 écarts, 3 invérifiables)
[lock1] APO: OK (4/5 points concordants, 0 écarts, 1 invérifiables)
[lock1] BRK-B: OK (3/5 points concordants, 0 écarts, 2 invérifiables)
[lock1] CAG: OK (7/7 points concordants, 0 écarts, 0 invérifiables)
[lock1] CAH: OK (3/6 points concordants, 0 écarts, 3 invérifiables)
[lock1] CME: OK (4/6 points concordants, 0 écarts, 2 invérifiables)
[lock1] COP: OK (4/6 points concordants, 0 écarts, 2 invérifiables)
[lock1] CRWV: OK (7/7 points concordants, 0 écarts, 0 invérifiables)
[lock1] EXPD: OK (4/5 points concordants, 0 écarts, 1 invérifiables)
[lock1] FRT: OK (4/5 points concordants, 0 écarts, 1 invérifiables)
[lock1] GM: OK (4/6 points concordants, 0 écarts, 2 invérifiables)
[lock1] GPC: OK (4/6 points concordants, 0 écarts, 2 invérifiables)
[lock1] HIG: OK (4/6 points concordants, 0 écarts, 2 invérifiables)
[lock1] IBM: OK (4/7 points concordants, 0 écarts, 3 invérifiables)
[lock1] ICE: OK (4/6 points concordants, 0 écarts, 2 invérifiables)
[lock1] ITW: OK (3/6 points concordants, 0 écarts, 3 invérifiables)
[lock1] IVZ: OK (3/6 points concordants, 0 écarts, 3 invérifiables)
[lock1] JKHY: OK (4/7 points concordants, 0 écarts, 3 invérifiables)
[lock1] LITE: OK (3/7 points concordants, 0 écarts, 4 invérifiables)
[lock1] MAR: OK (4/6 points concordants, 0 écarts, 2 invérifiables)
[lock1] NEE: OK (3/4 points concordants, 0 écarts, 1 invérifiables)
[lock1] NN.AS: OK (4/7 points concordants, 0 écarts, 3 invérifiables)
[lock1] NWS: OK (5/6 points concordants, 0 écarts, 1 invérifiables)
[lock1] NWSA: OK (5/6 points concordants, 0 écarts, 1 invérifiables)
[lock1] O: OK (3/5 points concordants, 0 écarts, 2 invérifiables)
[lock1] ORLY: OK (4/6 points concordants, 0 écarts, 2 invérifiables)
[lock1] REG: OK (3/4 points concordants, 0 écarts, 1 invérifiables)
[lock1] RF: OK (3/4 points concordants, 0 écarts, 1 invérifiables)
[lock1] RVTY: OK (4/7 points concordants, 0 écarts, 3 invérifiables)
[lock1] SMCI: OK (4/7 points concordants, 0 écarts, 3 invérifiables)
[lock1] TSN: OK (4/7 points concordants, 0 écarts, 3 invérifiables)
[lock1] UPS: OK (4/6 points concordants, 0 écarts, 2 invérifiables)
[lock1] WAT: OK (4/6 points concordants, 0 écarts, 2 invérifiables)
[lock1] WEC: OK (2/3 points concordants, 0 écarts, 1 invérifiables)
[lock1] résultat écrit: /Users/yann/spx-app/.conv-state/qr-lock1-result.json
[quarterly-refresh] lock1 rc=0
[lock2] AME: INCOMPLETE (8/11 KPI à jour, 3 manquants, todo=['ec_synthesis', 'stories_rotation', 'risks', 'segments_geo', 'events', 'profit_warning', 'governance', 'governance_top_holders', 'dilution', 'description', 'headcount', 'ai_positioning'], lock1=OK)
[lock2] APO: INCOMPLETE (3/15 KPI à jour, 12 manquants, todo=['ec_synthesis', 'stories_rotation', 'risks', 'segments_geo', 'events', 'profit_warning', 'governance', 'governance_top_holders', 'dilution', 'description', 'headcount', 'ai_positioning'], lock1=OK)
[lock2] BRK-B: INCOMPLETE (3/3 KPI à jour, 0 manquants, todo=['ec_synthesis', 'stories_rotation', 'risks', 'segments_geo', 'events', 'profit_warning', 'governance', 'governance_top_holders', 'dilution', 'description', 'headcount', 'ai_positioning'], lock1=OK)
[lock2] CAG: INCOMPLETE (2/13 KPI à jour, 11 manquants, todo=['ec_synthesis', 'stories_rotation', 'risks', 'segments_geo', 'events', 'profit_warning', 'governance', 'governance_top_holders', 'dilution', 'description', 'headcount', 'ai_positioning'], lock1=OK)
[lock2] CAH: INCOMPLETE (0/11 KPI à jour, 11 manquants, todo=['ec_synthesis', 'stories_rotation', 'risks', 'segments_geo', 'events', 'profit_warning', 'governance', 'governance_top_holders', 'dilution', 'description', 'headcount', 'ai_positioning'], lock1=OK)
[lock2] CME: INCOMPLETE (8/13 KPI à jour, 5 manquants, todo=['ec_synthesis', 'stories_rotation', 'risks', 'segments_geo', 'events', 'profit_warning', 'governance', 'governance_top_holders', 'dilution', 'description', 'headcount', 'ai_positioning'], lock1=OK)
[lock2] COP: INCOMPLETE (5/12 KPI à jour, 7 manquants, todo=['ec_synthesis', 'stories_rotation', 'risks', 'segments_geo', 'events', 'profit_warning', 'governance', 'governance_top_holders', 'dilution', 'description', 'headcount', 'ai_positioning'], lock1=OK)
[lock2] CRWV: INCOMPLETE (5/5 KPI à jour, 0 manquants, todo=['ec_synthesis', 'stories_rotation', 'risks', 'segments_geo', 'events', 'profit_warning', 'governance', 'governance_top_holders', 'dilution', 'description', 'headcount', 'ai_positioning'], lock1=OK)
[lock2] EXPD: INCOMPLETE (5/13 KPI à jour, 8 manquants, todo=['ec_synthesis', 'stories_rotation', 'risks', 'segments_geo', 'events', 'profit_warning', 'governance', 'governance_top_holders', 'dilution', 'description', 'headcount', 'ai_positioning'], lock1=OK)
[lock2] FRT: INCOMPLETE (5/12 KPI à jour, 7 manquants, todo=['ec_synthesis', 'stories_rotation', 'risks', 'segments_geo', 'events', 'profit_warning', 'governance', 'governance_top_holders', 'dilution', 'description', 'headcount', 'ai_positioning'], lock1=OK)
[lock2] GM: INCOMPLETE (4/13 KPI à jour, 9 manquants, todo=['ec_synthesis', 'stories_rotation', 'risks', 'segments_geo', 'events', 'profit_warning', 'governance', 'governance_top_holders', 'dilution', 'description', 'headcount', 'ai_positioning'], lock1=OK)
[lock2] GPC: INCOMPLETE (3/11 KPI à jour, 8 manquants, todo=['ec_synthesis', 'stories_rotation', 'risks', 'segments_geo', 'events', 'profit_warning', 'governance', 'governance_top_holders', 'dilution', 'description', 'headcount', 'ai_positioning'], lock1=OK)
[lock2] HIG: INCOMPLETE (3/15 KPI à jour, 12 manquants, todo=['ec_synthesis', 'stories_rotation', 'risks', 'segments_geo', 'events', 'profit_warning', 'governance', 'governance_top_holders', 'dilution', 'description', 'headcount', 'ai_positioning'], lock1=OK)
[lock2] IBM: INCOMPLETE (6/6 KPI à jour, 0 manquants, todo=['ec_synthesis', 'stories_rotation', 'risks', 'segments_geo', 'events', 'profit_warning', 'governance', 'governance_top_holders', 'dilution', 'description', 'headcount', 'ai_positioning'], lock1=OK)
[lock2] ICE: INCOMPLETE (7/10 KPI à jour, 3 manquants, todo=['ec_synthesis', 'stories_rotation', 'risks', 'segments_geo', 'events', 'profit_warning', 'governance', 'governance_top_holders', 'dilution', 'description', 'headcount', 'ai_positioning'], lock1=OK)
[lock2] ITW: INCOMPLETE (3/5 KPI à jour, 2 manquants, todo=['ec_synthesis', 'stories_rotation', 'risks', 'segments_geo', 'events', 'profit_warning', 'governance', 'governance_top_holders', 'dilution', 'description', 'headcount', 'ai_positioning'], lock1=OK)
[lock2] IVZ: INCOMPLETE (7/14 KPI à jour, 7 manquants, todo=['ec_synthesis', 'stories_rotation', 'risks', 'segments_geo', 'events', 'profit_warning', 'governance', 'governance_top_holders', 'dilution', 'description', 'headcount', 'ai_positioning'], lock1=OK)
[lock2] JKHY: INCOMPLETE (3/18 KPI à jour, 15 manquants, todo=['ec_synthesis', 'stories_rotation', 'risks', 'segments_geo', 'events', 'profit_warning', 'governance', 'governance_top_holders', 'dilution', 'description', 'headcount', 'ai_positioning'], lock1=OK)
[lock2] LITE: INCOMPLETE (0/12 KPI à jour, 12 manquants, todo=['ec_synthesis', 'stories_rotation', 'risks', 'segments_geo', 'events', 'profit_warning', 'governance', 'governance_top_holders', 'dilution', 'description', 'headcount', 'ai_positioning'], lock1=OK)
[lock2] MAR: INCOMPLETE (3/16 KPI à jour, 13 manquants, todo=['ec_synthesis', 'stories_rotation', 'risks', 'segments_geo', 'events', 'profit_warning', 'governance', 'governance_top_holders', 'dilution', 'description', 'headcount', 'ai_positioning'], lock1=OK)
[lock2] NEE: INCOMPLETE (4/8 KPI à jour, 4 manquants, todo=['ec_synthesis', 'stories_rotation', 'risks', 'segments_geo', 'events', 'profit_warning', 'governance', 'governance_top_holders', 'dilution', 'description', 'headcount', 'ai_positioning'], lock1=OK)
[lock2] NN.AS: INCOMPLETE (3/3 KPI à jour, 0 manquants, todo=['ec_synthesis', 'stories_rotation', 'risks', 'segments_geo', 'events', 'profit_warning', 'governance', 'governance_top_holders', 'dilution', 'description', 'headcount', 'ai_positioning'], lock1=OK)
[lock2] NWS: INCOMPLETE (3/8 KPI à jour, 5 manquants, todo=['ec_synthesis', 'stories_rotation', 'risks', 'segments_geo', 'events', 'profit_warning', 'governance', 'governance_top_holders', 'dilution', 'description', 'headcount', 'ai_positioning'], lock1=OK)
[lock2] NWSA: INCOMPLETE (3/11 KPI à jour, 8 manquants, todo=['ec_synthesis', 'stories_rotation', 'risks', 'segments_geo', 'events', 'profit_warning', 'governance', 'governance_top_holders', 'dilution', 'description', 'headcount', 'ai_positioning'], lock1=OK)
[lock2] O: INCOMPLETE (2/9 KPI à jour, 7 manquants, todo=['ec_synthesis', 'stories_rotation', 'risks', 'segments_geo', 'events', 'profit_warning', 'governance', 'governance_top_holders', 'dilution', 'description', 'headcount', 'ai_positioning'], lock1=OK)
[lock2] ORLY: INCOMPLETE (4/8 KPI à jour, 4 manquants, todo=['ec_synthesis', 'stories_rotation', 'risks', 'segments_geo', 'events', 'profit_warning', 'governance', 'governance_top_holders', 'dilution', 'description', 'headcount', 'ai_positioning'], lock1=OK)
[lock2] REG: INCOMPLETE (6/15 KPI à jour, 9 manquants, todo=['ec_synthesis', 'stories_rotation', 'risks', 'segments_geo', 'events', 'profit_warning', 'governance', 'governance_top_holders', 'dilution', 'description', 'headcount', 'ai_positioning'], lock1=OK)
[lock2] RF: INCOMPLETE (4/11 KPI à jour, 7 manquants, todo=['ec_synthesis', 'stories_rotation', 'risks', 'segments_geo', 'events', 'profit_warning', 'governance', 'governance_top_holders', 'dilution', 'description', 'headcount', 'ai_positioning'], lock1=OK)
[lock2] RVTY: INCOMPLETE (3/9 KPI à jour, 6 manquants, todo=['ec_synthesis', 'stories_rotation', 'risks', 'segments_geo', 'events', 'profit_warning', 'governance', 'governance_top_holders', 'dilution', 'description', 'headcount', 'ai_positioning'], lock1=OK)
[lock2] SMCI: INCOMPLETE (3/6 KPI à jour, 3 manquants, todo=['ec_synthesis', 'stories_rotation', 'risks', 'segments_geo', 'events', 'profit_warning', 'governance', 'governance_top_holders', 'dilution', 'description', 'headcount', 'ai_positioning'], lock1=OK)
[lock2] TSN: INCOMPLETE (5/21 KPI à jour, 16 manquants, todo=['ec_synthesis', 'stories_rotation', 'risks', 'segments_geo', 'events', 'profit_warning', 'governance', 'governance_top_holders', 'dilution', 'description', 'headcount', 'ai_positioning'], lock1=OK)
[lock2] UPS: INCOMPLETE (7/11 KPI à jour, 4 manquants, todo=['ec_synthesis', 'stories_rotation', 'risks', 'segments_geo', 'events', 'profit_warning', 'governance', 'governance_top_holders', 'dilution', 'description', 'headcount', 'ai_positioning'], lock1=OK)
[lock2] WAT: INCOMPLETE (3/8 KPI à jour, 5 manquants, todo=['ec_synthesis', 'stories_rotation', 'risks', 'segments_geo', 'events', 'profit_warning', 'governance', 'governance_top_holders', 'dilution', 'description', 'headcount', 'ai_positioning'], lock1=OK)
[lock2] WEC: INCOMPLETE (1/8 KPI à jour, 7 manquants, todo=['ec_synthesis', 'stories_rotation', 'risks', 'segments_geo', 'events', 'profit_warning', 'governance', 'governance_top_holders', 'dilution', 'description', 'headcount', 'ai_positioning'], lock1=OK)
[lock2] résultat écrit: /Users/yann/spx-app/.conv-state/qr-lock2-result.json
[quarterly-refresh] lock2 rc=0
[quarterly-refresh] audit pages: AME APO BRK-B CAG CAH CME COP CRWV EXPD FRT GM GPC HIG IBM ICE ITW IVZ JKHY LITE MAR NEE NN.AS NWS NWSA O ORLY REG RF RVTY SMCI TSN UPS WAT WEC
special_kpis merge failed for AME: Error: supabaseUrl is required.
    at validateSupabaseUrl (/Users/yann/spx-app/node_modules/@supabase/supabase-js/src/lib/helpers.ts:86:11)
    at new SupabaseClient (/Users/yann/spx-app/node_modules/@supabase/supabase-js/src/SupabaseClient.ts:284:21)
    at createClient (/Users/yann/spx-app/node_modules/@supabase/supabase-js/src/index.ts:65:10)
    at admin (/Users/yann/spx-app/src/lib/desk/special-kpis.ts:107:10)
    at listPublishedForTicker (/Users/yann/spx-app/src/lib/desk/special-kpis.ts:130:16)
    at loadV17Company (/Users/yann/spx-app/src/lib/company-core/load-company.ts:1600:30)
    at async auditTicker (/Users/yann/spx-app/scripts/audit-pages-full.ts:51:19)
    at async main (/Users/yann/spx-app/scripts/audit-pages-full.ts:153:17)
kpi_requests merge failed for AME: Error: supabaseUrl is required.
    at validateSupabaseUrl (/Users/yann/spx-app/node_modules/@supabase/supabase-js/src/lib/helpers.ts:86:11)
    at new SupabaseClient (/Users/yann/spx-app/node_modules/@supabase/supabase-js/src/SupabaseClient.ts:284:21)
    at createClient (/Users/yann/spx-app/node_modules/@supabase/supabase-js/src/index.ts:65:10)
    at loadV17Company (/Users/yann/spx-app/src/lib/company-core/load-company.ts:1664:18)
    at async auditTicker (/Users/yann/spx-app/scripts/audit-pages-full.ts:51:19)
    at async main (/Users/yann/spx-app/scripts/audit-pages-full.ts:153:17)
image_findings merge failed for AME: Error: supabaseUrl is required.
    at validateSupabaseUrl (/Users/yann/spx-app/node_modules/@supabase/supabase-js/src/lib/helpers.ts:86:11)
    at new SupabaseClient (/Users/yann/spx-app/node_modules/@supabase/supabase-js/src/SupabaseClient.ts:284:21)
    at createClient (/Users/yann/spx-app/node_modules/@supabase/supabase-js/src/index.ts:65:10)
    at admin (/Users/yann/spx-app/src/lib/desk/image-findings.ts:118:10)
    at listApprovedForTicker (/Users/yann/spx-app/src/lib/desk/image-findings.ts:222:16)
    at loadV17Company (/Users/yann/spx-app/src/lib/company-core/load-company.ts:1727:30)
    at async auditTicker (/Users/yann/spx-app/scripts/audit-pages-full.ts:51:19)
    at async main (/Users/yann/spx-app/scripts/audit-pages-full.ts:153:17)
[hero-kpi-overrides] refetch failed, using stale cache Error: SUPABASE_SERVICE_ROLE_KEY manquante — vérifier .env.local
    at createSupabaseAdminClient (/Users/yann/spx-app/src/lib/supabase/admin.ts:16:11)
    at fetchAll (/Users/yann/spx-app/src/lib/company-core/hero-kpi-overrides.ts:31:20)
    at getHeroKpiOverride (/Users/yann/spx-app/src/lib/company-core/hero-kpi-overrides.ts:58:21)
    at loadV17Company (/Users/yann/spx-app/src/lib/company-core/load-company.ts:2720:28)
    at async auditTicker (/Users/yann/spx-app/scripts/audit-pages-full.ts:51:19)
    at async main (/Users/yann/spx-app/scripts/audit-pages-full.ts:153:17)
special_kpis merge failed for APO: Error: supabaseUrl is required.
    at validateSupabaseUrl (/Users/yann/spx-app/node_modules/@supabase/supabase-js/src/lib/helpers.ts:86:11)
    at new SupabaseClient (/Users/yann/spx-app/node_modules/@supabase/supabase-js/src/SupabaseClient.ts:284:21)
    at createClient (/Users/yann/spx-app/node_modules/@supabase/supabase-js/src/index.ts:65:10)
    at admin (/Users/yann/spx-app/src/lib/desk/special-kpis.ts:107:10)
    at listPublishedForTicker (/Users/yann/spx-app/src/lib/desk/special-kpis.ts:130:16)
    at loadV17Company (/Users/yann/spx-app/src/lib/company-core/load-company.ts:1600:30)
    at async auditTicker (/Users/yann/spx-app/scripts/audit-pages-full.ts:51:19)
    at async main (/Users/yann/spx-app/scripts/audit-pages-full.ts:153:17)
kpi_requests merge failed for APO: Error: supabaseUrl is required.
    at validateSupabaseUrl (/Users/yann/spx-app/node_modules/@supabase/supabase-js/src/lib/helpers.ts:86:11)
    at new SupabaseClient (/Users/yann/spx-app/node_modules/@supabase/supabase-js/src/SupabaseClient.ts:284:21)
    at createClient (/Users/yann/spx-app/node_modules/@supabase/supabase-js/src/index.ts:65:10)
    at loadV17Company (/Users/yann/spx-app/src/lib/company-core/load-company.ts:1664:18)
    at async auditTicker (/Users/yann/spx-app/scripts/audit-pages-full.ts:51:19)
    at async main (/Users/yann/spx-app/scripts/audit-pages-full.ts:153:17)
image_findings merge failed for APO: Error: supabaseUrl is required.
    at validateSupabaseUrl (/Users/yann/spx-app/node_modules/@supabase/supabase-js/src/lib/helpers.ts:86:11)
    at new SupabaseClient (/Users/yann/spx-app/node_modules/@supabase/supabase-js/src/SupabaseClient.ts:284:21)
    at createClient (/Users/yann/spx-app/node_modules/@supabase/supabase-js/src/index.ts:65:10)
    at admin (/Users/yann/spx-app/src/lib/desk/image-findings.ts:118:10)
    at listApprovedForTicker (/Users/yann/spx-app/src/lib/desk/image-findings.ts:222:16)
    at loadV17Company (/Users/yann/spx-app/src/lib/company-core/load-company.ts:1727:30)
    at async auditTicker (/Users/yann/spx-app/scripts/audit-pages-full.ts:51:19)
    at async main (/Users/yann/spx-app/scripts/audit-pages-full.ts:153:17)
[hero-kpi-overrides] refetch failed, using stale cache Error: SUPABASE_SERVICE_ROLE_KEY manquante — vérifier .env.local
    at createSupabaseAdminClient (/Users/yann/spx-app/src/lib/supabase/admin.ts:16:11)
    at fetchAll (/Users/yann/spx-app/src/lib/company-core/hero-kpi-overrides.ts:31:20)
    at getHeroKpiOverride (/Users/yann/spx-app/src/lib/company-core/hero-kpi-overrides.ts:58:21)
    at loadV17Company (/Users/yann/spx-app/src/lib/company-core/load-company.ts:2720:28)
    at async auditTicker (/Users/yann/spx-app/scripts/audit-pages-full.ts:51:19)
    at async main (/Users/yann/spx-app/scripts/audit-pages-full.ts:153:17)
special_kpis merge failed for BRK-B: Error: supabaseUrl is required.
    at validateSupabaseUrl (/Users/yann/spx-app/node_modules/@supabase/supabase-js/src/lib/helpers.ts:86:11)
    at new SupabaseClient (/Users/yann/spx-app/node_modules/@supabase/supabase-js/src/SupabaseClient.ts:284:21)
    at createClient (/Users/yann/spx-app/node_modules/@supabase/supabase-js/src/index.ts:65:10)
    at admin (/Users/yann/spx-app/src/lib/desk/special-kpis.ts:107:10)
    at listPublishedForTicker (/Users/yann/spx-app/src/lib/desk/special-kpis.ts:130:16)
    at loadV17Company (/Users/yann/spx-app/src/lib/company-core/load-company.ts:1600:30)
    at async auditTicker (/Users/yann/spx-app/scripts/audit-pages-full.ts:51:19)
    at async main (/Users/yann/spx-app/scripts/audit-pages-full.ts:153:17)
kpi_requests merge failed for BRK-B: Error: supabaseUrl is required.
    at validateSupabaseUrl (/Users/yann/spx-app/node_modules/@supabase/supabase-js/src/lib/helpers.ts:86:11)
    at new SupabaseClient (/Users/yann/spx-app/node_modules/@supabase/supabase-js/src/SupabaseClient.ts:284:21)
    at createClient (/Users/yann/spx-app/node_modules/@supabase/supabase-js/src/index.ts:65:10)
    at loadV17Company (/Users/yann/spx-app/src/lib/company-core/load-company.ts:1664:18)
    at async auditTicker (/Users/yann/spx-app/scripts/audit-pages-full.ts:51:19)
    at async main (/Users/yann/spx-app/scripts/audit-pages-full.ts:153:17)
image_findings merge failed for BRK-B: Error: supabaseUrl is required.
    at validateSupabaseUrl (/Users/yann/spx-app/node_modules/@supabase/supabase-js/src/lib/helpers.ts:86:11)
    at new SupabaseClient (/Users/yann/spx-app/node_modules/@supabase/supabase-js/src/SupabaseClient.ts:284:21)
    at createClient (/Users/yann/spx-app/node_modules/@supabase/supabase-js/src/index.ts:65:10)
    at admin (/Users/yann/spx-app/src/lib/desk/image-findings.ts:118:10)
    at listApprovedForTicker (/Users/yann/spx-app/src/lib/desk/image-findings.ts:222:16)
    at loadV17Company (/Users/yann/spx-app/src/lib/company-core/load-company.ts:1727:30)
    at async auditTicker (/Users/yann/spx-app/scripts/audit-pages-full.ts:51:19)
    at async main (/Users/yann/spx-app/scripts/audit-pages-full.ts:153:17)
[hero-kpi-overrides] refetch failed, using stale cache Error: SUPABASE_SERVICE_ROLE_KEY manquante — vérifier .env.local
    at createSupabaseAdminClient (/Users/yann/spx-app/src/lib/supabase/admin.ts:16:11)
    at fetchAll (/Users/yann/spx-app/src/lib/company-core/hero-kpi-overrides.ts:31:20)
    at getHeroKpiOverride (/Users/yann/spx-app/src/lib/company-core/hero-kpi-overrides.ts:58:21)
    at loadV17Company (/Users/yann/spx-app/src/lib/company-core/load-company.ts:2720:28)
    at async auditTicker (/Users/yann/spx-app/scripts/audit-pages-full.ts:51:19)
    at async main (/Users/yann/spx-app/scripts/audit-pages-full.ts:153:17)
special_kpis merge failed for CAG: Error: supabaseUrl is required.
    at validateSupabaseUrl (/Users/yann/spx-app/node_modules/@supabase/supabase-js/src/lib/helpers.ts:86:11)
    at new SupabaseClient (/Users/yann/spx-app/node_modules/@supabase/supabase-js/src/SupabaseClient.ts:284:21)
    at createClient (/Users/yann/spx-app/node_modules/@supabase/supabase-js/src/index.ts:65:10)
    at admin (/Users/yann/spx-app/src/lib/desk/special-kpis.ts:107:10)
    at listPublishedForTicker (/Users/yann/spx-app/src/lib/desk/special-kpis.ts:130:16)
    at loadV17Company (/Users/yann/spx-app/src/lib/company-core/load-company.ts:1600:30)
    at async auditTicker (/Users/yann/spx-app/scripts/audit-pages-full.ts:51:19)
    at async main (/Users/yann/spx-app/scripts/audit-pages-full.ts:153:17)
kpi_requests merge failed for CAG: Error: supabaseUrl is required.
    at validateSupabaseUrl (/Users/yann/spx-app/node_modules/@supabase/supabase-js/src/lib/helpers.ts:86:11)
    at new SupabaseClient (/Users/yann/spx-app/node_modules/@supabase/supabase-js/src/SupabaseClient.ts:284:21)
    at createClient (/Users/yann/spx-app/node_modules/@supabase/supabase-js/src/index.ts:65:10)
    at loadV17Company (/Users/yann/spx-app/src/lib/company-core/load-company.ts:1664:18)
    at async auditTicker (/Users/yann/spx-app/scripts/audit-pages-full.ts:51:19)
    at async main (/Users/yann/spx-app/scripts/audit-pages-full.ts:153:17)
image_findings merge failed for CAG: Error: supabaseUrl is required.
    at validateSupabaseUrl (/Users/yann/spx-app/node_modules/@supabase/supabase-js/src/lib/helpers.ts:86:11)
    at new SupabaseClient (/Users/yann/spx-app/node_modules/@supabase/supabase-js/src/SupabaseClient.ts:284:21)
    at createClient (/Users/yann/spx-app/node_modules/@supabase/supabase-js/src/index.ts:65:10)
    at admin (/Users/yann/spx-app/src/lib/desk/image-findings.ts:118:10)
    at listApprovedForTicker (/Users/yann/spx-app/src/lib/desk/image-findings.ts:222:16)
    at loadV17Company (/Users/yann/spx-app/src/lib/company-core/load-company.ts:1727:30)
    at async auditTicker (/Users/yann/spx-app/scripts/audit-pages-full.ts:51:19)
    at async main (/Users/yann/spx-app/scripts/audit-pages-full.ts:153:17)
[hero-kpi-overrides] refetch failed, using stale cache Error: SUPABASE_SERVICE_ROLE_KEY manquante — vérifier .env.local
    at createSupabaseAdminClient (/Users/yann/spx-app/src/lib/supabase/admin.ts:16:11)
    at fetchAll (/Users/yann/spx-app/src/lib/company-core/hero-kpi-overrides.ts:31:20)
    at getHeroKpiOverride (/Users/yann/spx-app/src/lib/company-core/hero-kpi-overrides.ts:58:21)
    at loadV17Company (/Users/yann/spx-app/src/lib/company-core/load-company.ts:2720:28)
    at async auditTicker (/Users/yann/spx-app/scripts/audit-pages-full.ts:51:19)
    at async main (/Users/yann/spx-app/scripts/audit-pages-full.ts:153:17)
special_kpis merge failed for CAH: Error: supabaseUrl is required.
    at validateSupabaseUrl (/Users/yann/spx-app/node_modules/@supabase/supabase-js/src/lib/helpers.ts:86:11)
    at new SupabaseClient (/Users/yann/spx-app/node_modules/@supabase/supabase-js/src/SupabaseClient.ts:284:21)
    at createClient (/Users/yann/spx-app/node_modules/@supabase/supabase-js/src/index.ts:65:10)
    at admin (/Users/yann/spx-app/src/lib/desk/special-kpis.ts:107:10)
    at listPublishedForTicker (/Users/yann/spx-app/src/lib/desk/special-kpis.ts:130:16)
    at loadV17Company (/Users/yann/spx-app/src/lib/company-core/load-company.ts:1600:30)
    at async auditTicker (/Users/yann/spx-app/scripts/audit-pages-full.ts:51:19)
    at async main (/Users/yann/spx-app/scripts/audit-pages-full.ts:153:17)
kpi_requests merge failed for CAH: Error: supabaseUrl is required.
    at validateSupabaseUrl (/Users/yann/spx-app/node_modules/@supabase/supabase-js/src/lib/helpers.ts:86:11)
    at new SupabaseClient (/Users/yann/spx-app/node_modules/@supabase/supabase-js/src/SupabaseClient.ts:284:21)
    at createClient (/Users/yann/spx-app/node_modules/@supabase/supabase-js/src/index.ts:65:10)
    at loadV17Company (/Users/yann/spx-app/src/lib/company-core/load-company.ts:1664:18)
    at async auditTicker (/Users/yann/spx-app/scripts/audit-pages-full.ts:51:19)
    at async main (/Users/yann/spx-app/scripts/audit-pages-full.ts:153:17)
image_findings merge failed for CAH: Error: supabaseUrl is required.
    at validateSupabaseUrl (/Users/yann/spx-app/node_modules/@supabase/supabase-js/src/lib/helpers.ts:86:11)
    at new SupabaseClient (/Users/yann/spx-app/node_modules/@supabase/supabase-js/src/SupabaseClient.ts:284:21)
    at createClient (/Users/yann/spx-app/node_modules/@supabase/supabase-js/src/index.ts:65:10)
    at admin (/Users/yann/spx-app/src/lib/desk/image-findings.ts:118:10)
    at listApprovedForTicker (/Users/yann/spx-app/src/lib/desk/image-findings.ts:222:16)
    at loadV17Company (/Users/yann/spx-app/src/lib/company-core/load-company.ts:1727:30)
    at async auditTicker (/Users/yann/spx-app/scripts/audit-pages-full.ts:51:19)
    at async main (/Users/yann/spx-app/scripts/audit-pages-full.ts:153:17)
[hero-kpi-overrides] refetch failed, using stale cache Error: SUPABASE_SERVICE_ROLE_KEY manquante — vérifier .env.local
    at createSupabaseAdminClient (/Users/yann/spx-app/src/lib/supabase/admin.ts:16:11)
    at fetchAll (/Users/yann/spx-app/src/lib/company-core/hero-kpi-overrides.ts:31:20)
    at getHeroKpiOverride (/Users/yann/spx-app/src/lib/company-core/hero-kpi-overrides.ts:58:21)
    at loadV17Company (/Users/yann/spx-app/src/lib/company-core/load-company.ts:2720:28)
    at async auditTicker (/Users/yann/spx-app/scripts/audit-pages-full.ts:51:19)
    at async main (/Users/yann/spx-app/scripts/audit-pages-full.ts:153:17)
special_kpis merge failed for CME: Error: supabaseUrl is required.
    at validateSupabaseUrl (/Users/yann/spx-app/node_modules/@supabase/supabase-js/src/lib/helpers.ts:86:11)
    at new SupabaseClient (/Users/yann/spx-app/node_modules/@supabase/supabase-js/src/SupabaseClient.ts:284:21)
    at createClient (/Users/yann/spx-app/node_modules/@supabase/supabase-js/src/index.ts:65:10)
    at admin (/Users/yann/spx-app/src/lib/desk/special-kpis.ts:107:10)
    at listPublishedForTicker (/Users/yann/spx-app/src/lib/desk/special-kpis.ts:130:16)
    at loadV17Company (/Users/yann/spx-app/src/lib/company-core/load-company.ts:1600:30)
    at async auditTicker (/Users/yann/spx-app/scripts/audit-pages-full.ts:51:19)
    at async main (/Users/yann/spx-app/scripts/audit-pages-full.ts:153:17)
kpi_requests merge failed for CME: Error: supabaseUrl is required.
    at validateSupabaseUrl (/Users/yann/spx-app/node_modules/@supabase/supabase-js/src/lib/helpers.ts:86:11)
    at new SupabaseClient (/Users/yann/spx-app/node_modules/@supabase/supabase-js/src/SupabaseClient.ts:284:21)
    at createClient (/Users/yann/spx-app/node_modules/@supabase/supabase-js/src/index.ts:65:10)
    at loadV17Company (/Users/yann/spx-app/src/lib/company-core/load-company.ts:1664:18)
    at async auditTicker (/Users/yann/spx-app/scripts/audit-pages-full.ts:51:19)
    at async main (/Users/yann/spx-app/scripts/audit-pages-full.ts:153:17)
image_findings merge failed for CME: Error: supabaseUrl is required.
    at validateSupabaseUrl (/Users/yann/spx-app/node_modules/@supabase/supabase-js/src/lib/helpers.ts:86:11)
    at new SupabaseClient (/Users/yann/spx-app/node_modules/@supabase/supabase-js/src/SupabaseClient.ts:284:21)
    at createClient (/Users/yann/spx-app/node_modules/@supabase/supabase-js/src/index.ts:65:10)
    at admin (/Users/yann/spx-app/src/lib/desk/image-findings.ts:118:10)
    at listApprovedForTicker (/Users/yann/spx-app/src/lib/desk/image-findings.ts:222:16)
    at loadV17Company (/Users/yann/spx-app/src/lib/company-core/load-company.ts:1727:30)
    at async auditTicker (/Users/yann/spx-app/scripts/audit-pages-full.ts:51:19)
    at async main (/Users/yann/spx-app/scripts/audit-pages-full.ts:153:17)
[hero-kpi-overrides] refetch failed, using stale cache Error: SUPABASE_SERVICE_ROLE_KEY manquante — vérifier .env.local
    at createSupabaseAdminClient (/Users/yann/spx-app/src/lib/supabase/admin.ts:16:11)
    at fetchAll (/Users/yann/spx-app/src/lib/company-core/hero-kpi-overrides.ts:31:20)
    at getHeroKpiOverride (/Users/yann/spx-app/src/lib/company-core/hero-kpi-overrides.ts:58:21)
    at loadV17Company (/Users/yann/spx-app/src/lib/company-core/load-company.ts:2720:28)
    at async auditTicker (/Users/yann/spx-app/scripts/audit-pages-full.ts:51:19)
    at async main (/Users/yann/spx-app/scripts/audit-pages-full.ts:153:17)
special_kpis merge failed for COP: Error: supabaseUrl is required.
    at validateSupabaseUrl (/Users/yann/spx-app/node_modules/@supabase/supabase-js/src/lib/helpers.ts:86:11)
    at new SupabaseClient (/Users/yann/spx-app/node_modules/@supabase/supabase-js/src/SupabaseClient.ts:284:21)
    at createClient (/Users/yann/spx-app/node_modules/@supabase/supabase-js/src/index.ts:65:10)
    at admin (/Users/yann/spx-app/src/lib/desk/special-kpis.ts:107:10)
    at listPublishedForTicker (/Users/yann/spx-app/src/lib/desk/special-kpis.ts:130:16)
    at loadV17Company (/Users/yann/spx-app/src/lib/company-core/load-company.ts:1600:30)
    at async auditTicker (/Users/yann/spx-app/scripts/audit-pages-full.ts:51:19)
    at async main (/Users/yann/spx-app/scripts/audit-pages-full.ts:153:17)
kpi_requests merge failed for COP: Error: supabaseUrl is required.
    at validateSupabaseUrl (/Users/yann/spx-app/node_modules/@supabase/supabase-js/src/lib/helpers.ts:86:11)
    at new SupabaseClient (/Users/yann/spx-app/node_modules/@supabase/supabase-js/src/SupabaseClient.ts:284:21)
    at createClient (/Users/yann/spx-app/node_modules/@supabase/supabase-js/src/index.ts:65:10)
    at loadV17Company (/Users/yann/spx-app/src/lib/company-core/load-company.ts:1664:18)
    at async auditTicker (/Users/yann/spx-app/scripts/audit-pages-full.ts:51:19)
    at async main (/Users/yann/spx-app/scripts/audit-pages-full.ts:153:17)
image_findings merge failed for COP: Error: supabaseUrl is required.
    at validateSupabaseUrl (/Users/yann/spx-app/node_modules/@supabase/supabase-js/src/lib/helpers.ts:86:11)
    at new SupabaseClient (/Users/yann/spx-app/node_modules/@supabase/supabase-js/src/SupabaseClient.ts:284:21)
    at createClient (/Users/yann/spx-app/node_modules/@supabase/supabase-js/src/index.ts:65:10)
    at admin (/Users/yann/spx-app/src/lib/desk/image-findings.ts:118:10)
    at listApprovedForTicker (/Users/yann/spx-app/src/lib/desk/image-findings.ts:222:16)
    at loadV17Company (/Users/yann/spx-app/src/lib/company-core/load-company.ts:1727:30)
    at async auditTicker (/Users/yann/spx-app/scripts/audit-pages-full.ts:51:19)
    at async main (/Users/yann/spx-app/scripts/audit-pages-full.ts:153:17)
[hero-kpi-overrides] refetch failed, using stale cache Error: SUPABASE_SERVICE_ROLE_KEY manquante — vérifier .env.local
    at createSupabaseAdminClient (/Users/yann/spx-app/src/lib/supabase/admin.ts:16:11)
    at fetchAll (/Users/yann/spx-app/src/lib/company-core/hero-kpi-overrides.ts:31:20)
    at getHeroKpiOverride (/Users/yann/spx-app/src/lib/company-core/hero-kpi-overrides.ts:58:21)
    at loadV17Company (/Users/yann/spx-app/src/lib/company-core/load-company.ts:2720:28)
    at async auditTicker (/Users/yann/spx-app/scripts/audit-pages-full.ts:51:19)
    at async main (/Users/yann/spx-app/scripts/audit-pages-full.ts:153:17)
special_kpis merge failed for CRWV: Error: supabaseUrl is required.
    at validateSupabaseUrl (/Users/yann/spx-app/node_modules/@supabase/supabase-js/src/lib/helpers.ts:86:11)
    at new SupabaseClient (/Users/yann/spx-app/node_modules/@supabase/supabase-js/src/SupabaseClient.ts:284:21)
    at createClient (/Users/yann/spx-app/node_modules/@supabase/supabase-js/src/index.ts:65:10)
    at admin (/Users/yann/spx-app/src/lib/desk/special-kpis.ts:107:10)
    at listPublishedForTicker (/Users/yann/spx-app/src/lib/desk/special-kpis.ts:130:16)
    at loadV17Company (/Users/yann/spx-app/src/lib/company-core/load-company.ts:1600:30)
    at async auditTicker (/Users/yann/spx-app/scripts/audit-pages-full.ts:51:19)
    at async main (/Users/yann/spx-app/scripts/audit-pages-full.ts:153:17)
kpi_requests merge failed for CRWV: Error: supabaseUrl is required.
    at validateSupabaseUrl (/Users/yann/spx-app/node_modules/@supabase/supabase-js/src/lib/helpers.ts:86:11)
    at new SupabaseClient (/Users/yann/spx-app/node_modules/@supabase/supabase-js/src/SupabaseClient.ts:284:21)
    at createClient (/Users/yann/spx-app/node_modules/@supabase/supabase-js/src/index.ts:65:10)
    at loadV17Company (/Users/yann/spx-app/src/lib/company-core/load-company.ts:1664:18)
    at async auditTicker (/Users/yann/spx-app/scripts/audit-pages-full.ts:51:19)
    at async main (/Users/yann/spx-app/scripts/audit-pages-full.ts:153:17)
image_findings merge failed for CRWV: Error: supabaseUrl is required.
    at validateSupabaseUrl (/Users/yann/spx-app/node_modules/@supabase/supabase-js/src/lib/helpers.ts:86:11)
    at new SupabaseClient (/Users/yann/spx-app/node_modules/@supabase/supabase-js/src/SupabaseClient.ts:284:21)
    at createClient (/Users/yann/spx-app/node_modules/@supabase/supabase-js/src/index.ts:65:10)
    at admin (/Users/yann/spx-app/src/lib/desk/image-findings.ts:118:10)
    at listApprovedForTicker (/Users/yann/spx-app/src/lib/desk/image-findings.ts:222:16)
    at loadV17Company (/Users/yann/spx-app/src/lib/company-core/load-company.ts:1727:30)
    at async auditTicker (/Users/yann/spx-app/scripts/audit-pages-full.ts:51:19)
    at async main (/Users/yann/spx-app/scripts/audit-pages-full.ts:153:17)
[hero-kpi-overrides] refetch failed, using stale cache Error: SUPABASE_SERVICE_ROLE_KEY manquante — vérifier .env.local
    at createSupabaseAdminClient (/Users/yann/spx-app/src/lib/supabase/admin.ts:16:11)
    at fetchAll (/Users/yann/spx-app/src/lib/company-core/hero-kpi-overrides.ts:31:20)
    at getHeroKpiOverride (/Users/yann/spx-app/src/lib/company-core/hero-kpi-overrides.ts:58:21)
    at loadV17Company (/Users/yann/spx-app/src/lib/company-core/load-company.ts:2720:28)
    at async auditTicker (/Users/yann/spx-app/scripts/audit-pages-full.ts:51:19)
    at async main (/Users/yann/spx-app/scripts/audit-pages-full.ts:153:17)
special_kpis merge failed for EXPD: Error: supabaseUrl is required.
    at validateSupabaseUrl (/Users/yann/spx-app/node_modules/@supabase/supabase-js/src/lib/helpers.ts:86:11)
    at new SupabaseClient (/Users/yann/spx-app/node_modules/@supabase/supabase-js/src/SupabaseClient.ts:284:21)
    at createClient (/Users/yann/spx-app/node_modules/@supabase/supabase-js/src/index.ts:65:10)
    at admin (/Users/yann/spx-app/src/lib/desk/special-kpis.ts:107:10)
    at listPublishedForTicker (/Users/yann/spx-app/src/lib/desk/special-kpis.ts:130:16)
    at loadV17Company (/Users/yann/spx-app/src/lib/company-core/load-company.ts:1600:30)
    at async auditTicker (/Users/yann/spx-app/scripts/audit-pages-full.ts:51:19)
    at async main (/Users/yann/spx-app/scripts/audit-pages-full.ts:153:17)
kpi_requests merge failed for EXPD: Error: supabaseUrl is required.
    at validateSupabaseUrl (/Users/yann/spx-app/node_modules/@supabase/supabase-js/src/lib/helpers.ts:86:11)
    at new SupabaseClient (/Users/yann/spx-app/node_modules/@supabase/supabase-js/src/SupabaseClient.ts:284:21)
    at createClient (/Users/yann/spx-app/node_modules/@supabase/supabase-js/src/index.ts:65:10)
    at loadV17Company (/Users/yann/spx-app/src/lib/company-core/load-company.ts:1664:18)
    at async auditTicker (/Users/yann/spx-app/scripts/audit-pages-full.ts:51:19)
    at async main (/Users/yann/spx-app/scripts/audit-pages-full.ts:153:17)
image_findings merge failed for EXPD: Error: supabaseUrl is required.
    at validateSupabaseUrl (/Users/yann/spx-app/node_modules/@supabase/supabase-js/src/lib/helpers.ts:86:11)
    at new SupabaseClient (/Users/yann/spx-app/node_modules/@supabase/supabase-js/src/SupabaseClient.ts:284:21)
    at createClient (/Users/yann/spx-app/node_modules/@supabase/supabase-js/src/index.ts:65:10)
    at admin (/Users/yann/spx-app/src/lib/desk/image-findings.ts:118:10)
    at listApprovedForTicker (/Users/yann/spx-app/src/lib/desk/image-findings.ts:222:16)
    at loadV17Company (/Users/yann/spx-app/src/lib/company-core/load-company.ts:1727:30)
    at async auditTicker (/Users/yann/spx-app/scripts/audit-pages-full.ts:51:19)
    at async main (/Users/yann/spx-app/scripts/audit-pages-full.ts:153:17)
[hero-kpi-overrides] refetch failed, using stale cache Error: SUPABASE_SERVICE_ROLE_KEY manquante — vérifier .env.local
    at createSupabaseAdminClient (/Users/yann/spx-app/src/lib/supabase/admin.ts:16:11)
    at fetchAll (/Users/yann/spx-app/src/lib/company-core/hero-kpi-overrides.ts:31:20)
    at getHeroKpiOverride (/Users/yann/spx-app/src/lib/company-core/hero-kpi-overrides.ts:58:21)
    at loadV17Company (/Users/yann/spx-app/src/lib/company-core/load-company.ts:2720:28)
    at async auditTicker (/Users/yann/spx-app/scripts/audit-pages-full.ts:51:19)
    at async main (/Users/yann/spx-app/scripts/audit-pages-full.ts:153:17)
special_kpis merge failed for FRT: Error: supabaseUrl is required.
    at validateSupabaseUrl (/Users/yann/spx-app/node_modules/@supabase/supabase-js/src/lib/helpers.ts:86:11)
    at new SupabaseClient (/Users/yann/spx-app/node_modules/@supabase/supabase-js/src/SupabaseClient.ts:284:21)
    at createClient (/Users/yann/spx-app/node_modules/@supabase/supabase-js/src/index.ts:65:10)
    at admin (/Users/yann/spx-app/src/lib/desk/special-kpis.ts:107:10)
    at listPublishedForTicker (/Users/yann/spx-app/src/lib/desk/special-kpis.ts:130:16)
    at loadV17Company (/Users/yann/spx-app/src/lib/company-core/load-company.ts:1600:30)
    at async auditTicker (/Users/yann/spx-app/scripts/audit-pages-full.ts:51:19)
    at async main (/Users/yann/spx-app/scripts/audit-pages-full.ts:153:17)
kpi_requests merge failed for FRT: Error: supabaseUrl is required.
    at validateSupabaseUrl (/Users/yann/spx-app/node_modules/@supabase/supabase-js/src/lib/helpers.ts:86:11)
    at new SupabaseClient (/Users/yann/spx-app/node_modules/@supabase/supabase-js/src/SupabaseClient.ts:284:21)
    at createClient (/Users/yann/spx-app/node_modules/@supabase/supabase-js/src/index.ts:65:10)
    at loadV17Company (/Users/yann/spx-app/src/lib/company-core/load-company.ts:1664:18)
    at async auditTicker (/Users/yann/spx-app/scripts/audit-pages-full.ts:51:19)
    at async main (/Users/yann/spx-app/scripts/audit-pages-full.ts:153:17)
image_findings merge failed for FRT: Error: supabaseUrl is required.
    at validateSupabaseUrl (/Users/yann/spx-app/node_modules/@supabase/supabase-js/src/lib/helpers.ts:86:11)
    at new SupabaseClient (/Users/yann/spx-app/node_modules/@supabase/supabase-js/src/SupabaseClient.ts:284:21)
    at createClient (/Users/yann/spx-app/node_modules/@supabase/supabase-js/src/index.ts:65:10)
    at admin (/Users/yann/spx-app/src/lib/desk/image-findings.ts:118:10)
    at listApprovedForTicker (/Users/yann/spx-app/src/lib/desk/image-findings.ts:222:16)
    at loadV17Company (/Users/yann/spx-app/src/lib/company-core/load-company.ts:1727:30)
    at async auditTicker (/Users/yann/spx-app/scripts/audit-pages-full.ts:51:19)
    at async main (/Users/yann/spx-app/scripts/audit-pages-full.ts:153:17)
[hero-kpi-overrides] refetch failed, using stale cache Error: SUPABASE_SERVICE_ROLE_KEY manquante — vérifier .env.local
    at createSupabaseAdminClient (/Users/yann/spx-app/src/lib/supabase/admin.ts:16:11)
    at fetchAll (/Users/yann/spx-app/src/lib/company-core/hero-kpi-overrides.ts:31:20)
    at getHeroKpiOverride (/Users/yann/spx-app/src/lib/company-core/hero-kpi-overrides.ts:58:21)
    at loadV17Company (/Users/yann/spx-app/src/lib/company-core/load-company.ts:2720:28)
    at async auditTicker (/Users/yann/spx-app/scripts/audit-pages-full.ts:51:19)
    at async main (/Users/yann/spx-app/scripts/audit-pages-full.ts:153:17)
special_kpis merge failed for GM: Error: supabaseUrl is required.
    at validateSupabaseUrl (/Users/yann/spx-app/node_modules/@supabase/supabase-js/src/lib/helpers.ts:86:11)
    at new SupabaseClient (/Users/yann/spx-app/node_modules/@supabase/supabase-js/src/SupabaseClient.ts:284:21)
    at createClient (/Users/yann/spx-app/node_modules/@supabase/supabase-js/src/index.ts:65:10)
    at admin (/Users/yann/spx-app/src/lib/desk/special-kpis.ts:107:10)
    at listPublishedForTicker (/Users/yann/spx-app/src/lib/desk/special-kpis.ts:130:16)
    at loadV17Company (/Users/yann/spx-app/src/lib/company-core/load-company.ts:1600:30)
    at async auditTicker (/Users/yann/spx-app/scripts/audit-pages-full.ts:51:19)
    at async main (/Users/yann/spx-app/scripts/audit-pages-full.ts:153:17)
kpi_requests merge failed for GM: Error: supabaseUrl is required.
    at validateSupabaseUrl (/Users/yann/spx-app/node_modules/@supabase/supabase-js/src/lib/helpers.ts:86:11)
    at new SupabaseClient (/Users/yann/spx-app/node_modules/@supabase/supabase-js/src/SupabaseClient.ts:284:21)
    at createClient (/Users/yann/spx-app/node_modules/@supabase/supabase-js/src/index.ts:65:10)
    at loadV17Company (/Users/yann/spx-app/src/lib/company-core/load-company.ts:1664:18)
    at async auditTicker (/Users/yann/spx-app/scripts/audit-pages-full.ts:51:19)
    at async main (/Users/yann/spx-app/scripts/audit-pages-full.ts:153:17)
image_findings merge failed for GM: Error: supabaseUrl is required.
    at validateSupabaseUrl (/Users/yann/spx-app/node_modules/@supabase/supabase-js/src/lib/helpers.ts:86:11)
    at new SupabaseClient (/Users/yann/spx-app/node_modules/@supabase/supabase-js/src/SupabaseClient.ts:284:21)
    at createClient (/Users/yann/spx-app/node_modules/@supabase/supabase-js/src/index.ts:65:10)
    at admin (/Users/yann/spx-app/src/lib/desk/image-findings.ts:118:10)
    at listApprovedForTicker (/Users/yann/spx-app/src/lib/desk/image-findings.ts:222:16)
    at loadV17Company (/Users/yann/spx-app/src/lib/company-core/load-company.ts:1727:30)
    at async auditTicker (/Users/yann/spx-app/scripts/audit-pages-full.ts:51:19)
    at async main (/Users/yann/spx-app/scripts/audit-pages-full.ts:153:17)
[hero-kpi-overrides] refetch failed, using stale cache Error: SUPABASE_SERVICE_ROLE_KEY manquante — vérifier .env.local
    at createSupabaseAdminClient (/Users/yann/spx-app/src/lib/supabase/admin.ts:16:11)
    at fetchAll (/Users/yann/spx-app/src/lib/company-core/hero-kpi-overrides.ts:31:20)
    at getHeroKpiOverride (/Users/yann/spx-app/src/lib/company-core/hero-kpi-overrides.ts:58:21)
    at loadV17Company (/Users/yann/spx-app/src/lib/company-core/load-company.ts:2720:28)
    at async auditTicker (/Users/yann/spx-app/scripts/audit-pages-full.ts:51:19)
    at async main (/Users/yann/spx-app/scripts/audit-pages-full.ts:153:17)
special_kpis merge failed for GPC: Error: supabaseUrl is required.
    at validateSupabaseUrl (/Users/yann/spx-app/node_modules/@supabase/supabase-js/src/lib/helpers.ts:86:11)
    at new SupabaseClient (/Users/yann/spx-app/node_modules/@supabase/supabase-js/src/SupabaseClient.ts:284:21)
    at createClient (/Users/yann/spx-app/node_modules/@supabase/supabase-js/src/index.ts:65:10)
    at admin (/Users/yann/spx-app/src/lib/desk/special-kpis.ts:107:10)
    at listPublishedForTicker (/Users/yann/spx-app/src/lib/desk/special-kpis.ts:130:16)
    at loadV17Company (/Users/yann/spx-app/src/lib/company-core/load-company.ts:1600:30)
    at async auditTicker (/Users/yann/spx-app/scripts/audit-pages-full.ts:51:19)
    at async main (/Users/yann/spx-app/scripts/audit-pages-full.ts:153:17)
kpi_requests merge failed for GPC: Error: supabaseUrl is required.
    at validateSupabaseUrl (/Users/yann/spx-app/node_modules/@supabase/supabase-js/src/lib/helpers.ts:86:11)
    at new SupabaseClient (/Users/yann/spx-app/node_modules/@supabase/supabase-js/src/SupabaseClient.ts:284:21)
    at createClient (/Users/yann/spx-app/node_modules/@supabase/supabase-js/src/index.ts:65:10)
    at loadV17Company (/Users/yann/spx-app/src/lib/company-core/load-company.ts:1664:18)
    at async auditTicker (/Users/yann/spx-app/scripts/audit-pages-full.ts:51:19)
    at async main (/Users/yann/spx-app/scripts/audit-pages-full.ts:153:17)
image_findings merge failed for GPC: Error: supabaseUrl is required.
    at validateSupabaseUrl (/Users/yann/spx-app/node_modules/@supabase/supabase-js/src/lib/helpers.ts:86:11)
    at new SupabaseClient (/Users/yann/spx-app/node_modules/@supabase/supabase-js/src/SupabaseClient.ts:284:21)
    at createClient (/Users/yann/spx-app/node_modules/@supabase/supabase-js/src/index.ts:65:10)
    at admin (/Users/yann/spx-app/src/lib/desk/image-findings.ts:118:10)
    at listApprovedForTicker (/Users/yann/spx-app/src/lib/desk/image-findings.ts:222:16)
    at loadV17Company (/Users/yann/spx-app/src/lib/company-core/load-company.ts:1727:30)
    at async auditTicker (/Users/yann/spx-app/scripts/audit-pages-full.ts:51:19)
    at async main (/Users/yann/spx-app/scripts/audit-pages-full.ts:153:17)
[hero-kpi-overrides] refetch failed, using stale cache Error: SUPABASE_SERVICE_ROLE_KEY manquante — vérifier .env.local
    at createSupabaseAdminClient (/Users/yann/spx-app/src/lib/supabase/admin.ts:16:11)
    at fetchAll (/Users/yann/spx-app/src/lib/company-core/hero-kpi-overrides.ts:31:20)
    at getHeroKpiOverride (/Users/yann/spx-app/src/lib/company-core/hero-kpi-overrides.ts:58:21)
    at loadV17Company (/Users/yann/spx-app/src/lib/company-core/load-company.ts:2720:28)
    at async auditTicker (/Users/yann/spx-app/scripts/audit-pages-full.ts:51:19)
    at async main (/Users/yann/spx-app/scripts/audit-pages-full.ts:153:17)
special_kpis merge failed for HIG: Error: supabaseUrl is required.
    at validateSupabaseUrl (/Users/yann/spx-app/node_modules/@supabase/supabase-js/src/lib/helpers.ts:86:11)
    at new SupabaseClient (/Users/yann/spx-app/node_modules/@supabase/supabase-js/src/SupabaseClient.ts:284:21)
    at createClient (/Users/yann/spx-app/node_modules/@supabase/supabase-js/src/index.ts:65:10)
    at admin (/Users/yann/spx-app/src/lib/desk/special-kpis.ts:107:10)
    at listPublishedForTicker (/Users/yann/spx-app/src/lib/desk/special-kpis.ts:130:16)
    at loadV17Company (/Users/yann/spx-app/src/lib/company-core/load-company.ts:1600:30)
    at async auditTicker (/Users/yann/spx-app/scripts/audit-pages-full.ts:51:19)
    at async main (/Users/yann/spx-app/scripts/audit-pages-full.ts:153:17)
kpi_requests merge failed for HIG: Error: supabaseUrl is required.
    at validateSupabaseUrl (/Users/yann/spx-app/node_modules/@supabase/supabase-js/src/lib/helpers.ts:86:11)
    at new SupabaseClient (/Users/yann/spx-app/node_modules/@supabase/supabase-js/src/SupabaseClient.ts:284:21)
    at createClient (/Users/yann/spx-app/node_modules/@supabase/supabase-js/src/index.ts:65:10)
    at loadV17Company (/Users/yann/spx-app/src/lib/company-core/load-company.ts:1664:18)
    at async auditTicker (/Users/yann/spx-app/scripts/audit-pages-full.ts:51:19)
    at async main (/Users/yann/spx-app/scripts/audit-pages-full.ts:153:17)
image_findings merge failed for HIG: Error: supabaseUrl is required.
    at validateSupabaseUrl (/Users/yann/spx-app/node_modules/@supabase/supabase-js/src/lib/helpers.ts:86:11)
    at new SupabaseClient (/Users/yann/spx-app/node_modules/@supabase/supabase-js/src/SupabaseClient.ts:284:21)
    at createClient (/Users/yann/spx-app/node_modules/@supabase/supabase-js/src/index.ts:65:10)
    at admin (/Users/yann/spx-app/src/lib/desk/image-findings.ts:118:10)
    at listApprovedForTicker (/Users/yann/spx-app/src/lib/desk/image-findings.ts:222:16)
    at loadV17Company (/Users/yann/spx-app/src/lib/company-core/load-company.ts:1727:30)
    at async auditTicker (/Users/yann/spx-app/scripts/audit-pages-full.ts:51:19)
    at async main (/Users/yann/spx-app/scripts/audit-pages-full.ts:153:17)
[hero-kpi-overrides] refetch failed, using stale cache Error: SUPABASE_SERVICE_ROLE_KEY manquante — vérifier .env.local
    at createSupabaseAdminClient (/Users/yann/spx-app/src/lib/supabase/admin.ts:16:11)
    at fetchAll (/Users/yann/spx-app/src/lib/company-core/hero-kpi-overrides.ts:31:20)
    at getHeroKpiOverride (/Users/yann/spx-app/src/lib/company-core/hero-kpi-overrides.ts:58:21)
    at loadV17Company (/Users/yann/spx-app/src/lib/company-core/load-company.ts:2720:28)
    at async auditTicker (/Users/yann/spx-app/scripts/audit-pages-full.ts:51:19)
    at async main (/Users/yann/spx-app/scripts/audit-pages-full.ts:153:17)
special_kpis merge failed for IBM: Error: supabaseUrl is required.
    at validateSupabaseUrl (/Users/yann/spx-app/node_modules/@supabase/supabase-js/src/lib/helpers.ts:86:11)
    at new SupabaseClient (/Users/yann/spx-app/node_modules/@supabase/supabase-js/src/SupabaseClient.ts:284:21)
    at createClient (/Users/yann/spx-app/node_modules/@supabase/supabase-js/src/index.ts:65:10)
    at admin (/Users/yann/spx-app/src/lib/desk/special-kpis.ts:107:10)
    at listPublishedForTicker (/Users/yann/spx-app/src/lib/desk/special-kpis.ts:130:16)
    at loadV17Company (/Users/yann/spx-app/src/lib/company-core/load-company.ts:1600:30)
    at async auditTicker (/Users/yann/spx-app/scripts/audit-pages-full.ts:51:19)
    at async main (/Users/yann/spx-app/scripts/audit-pages-full.ts:153:17)
kpi_requests merge failed for IBM: Error: supabaseUrl is required.
    at validateSupabaseUrl (/Users/yann/spx-app/node_modules/@supabase/supabase-js/src/lib/helpers.ts:86:11)
    at new SupabaseClient (/Users/yann/spx-app/node_modules/@supabase/supabase-js/src/SupabaseClient.ts:284:21)
    at createClient (/Users/yann/spx-app/node_modules/@supabase/supabase-js/src/index.ts:65:10)
    at loadV17Company (/Users/yann/spx-app/src/lib/company-core/load-company.ts:1664:18)
    at async auditTicker (/Users/yann/spx-app/scripts/audit-pages-full.ts:51:19)
    at async main (/Users/yann/spx-app/scripts/audit-pages-full.ts:153:17)
image_findings merge failed for IBM: Error: supabaseUrl is required.
    at validateSupabaseUrl (/Users/yann/spx-app/node_modules/@supabase/supabase-js/src/lib/helpers.ts:86:11)
    at new SupabaseClient (/Users/yann/spx-app/node_modules/@supabase/supabase-js/src/SupabaseClient.ts:284:21)
    at createClient (/Users/yann/spx-app/node_modules/@supabase/supabase-js/src/index.ts:65:10)
    at admin (/Users/yann/spx-app/src/lib/desk/image-findings.ts:118:10)
    at listApprovedForTicker (/Users/yann/spx-app/src/lib/desk/image-findings.ts:222:16)
    at loadV17Company (/Users/yann/spx-app/src/lib/company-core/load-company.ts:1727:30)
    at async auditTicker (/Users/yann/spx-app/scripts/audit-pages-full.ts:51:19)
    at async main (/Users/yann/spx-app/scripts/audit-pages-full.ts:153:17)
[hero-kpi-overrides] refetch failed, using stale cache Error: SUPABASE_SERVICE_ROLE_KEY manquante — vérifier .env.local
    at createSupabaseAdminClient (/Users/yann/spx-app/src/lib/supabase/admin.ts:16:11)
    at fetchAll (/Users/yann/spx-app/src/lib/company-core/hero-kpi-overrides.ts:31:20)
    at getHeroKpiOverride (/Users/yann/spx-app/src/lib/company-core/hero-kpi-overrides.ts:58:21)
    at loadV17Company (/Users/yann/spx-app/src/lib/company-core/load-company.ts:2720:28)
    at async auditTicker (/Users/yann/spx-app/scripts/audit-pages-full.ts:51:19)
    at async main (/Users/yann/spx-app/scripts/audit-pages-full.ts:153:17)
special_kpis merge failed for ICE: Error: supabaseUrl is required.
    at validateSupabaseUrl (/Users/yann/spx-app/node_modules/@supabase/supabase-js/src/lib/helpers.ts:86:11)
    at new SupabaseClient (/Users/yann/spx-app/node_modules/@supabase/supabase-js/src/SupabaseClient.ts:284:21)
    at createClient (/Users/yann/spx-app/node_modules/@supabase/supabase-js/src/index.ts:65:10)
    at admin (/Users/yann/spx-app/src/lib/desk/special-kpis.ts:107:10)
    at listPublishedForTicker (/Users/yann/spx-app/src/lib/desk/special-kpis.ts:130:16)
    at loadV17Company (/Users/yann/spx-app/src/lib/company-core/load-company.ts:1600:30)
    at async auditTicker (/Users/yann/spx-app/scripts/audit-pages-full.ts:51:19)
    at async main (/Users/yann/spx-app/scripts/audit-pages-full.ts:153:17)
kpi_requests merge failed for ICE: Error: supabaseUrl is required.
    at validateSupabaseUrl (/Users/yann/spx-app/node_modules/@supabase/supabase-js/src/lib/helpers.ts:86:11)
    at new SupabaseClient (/Users/yann/spx-app/node_modules/@supabase/supabase-js/src/SupabaseClient.ts:284:21)
    at createClient (/Users/yann/spx-app/node_modules/@supabase/supabase-js/src/index.ts:65:10)
    at loadV17Company (/Users/yann/spx-app/src/lib/company-core/load-company.ts:1664:18)
    at async auditTicker (/Users/yann/spx-app/scripts/audit-pages-full.ts:51:19)
    at async main (/Users/yann/spx-app/scripts/audit-pages-full.ts:153:17)
image_findings merge failed for ICE: Error: supabaseUrl is required.
    at validateSupabaseUrl (/Users/yann/spx-app/node_modules/@supabase/supabase-js/src/lib/helpers.ts:86:11)
    at new SupabaseClient (/Users/yann/spx-app/node_modules/@supabase/supabase-js/src/SupabaseClient.ts:284:21)
    at createClient (/Users/yann/spx-app/node_modules/@supabase/supabase-js/src/index.ts:65:10)
    at admin (/Users/yann/spx-app/src/lib/desk/image-findings.ts:118:10)
    at listApprovedForTicker (/Users/yann/spx-app/src/lib/desk/image-findings.ts:222:16)
    at loadV17Company (/Users/yann/spx-app/src/lib/company-core/load-company.ts:1727:30)
    at async auditTicker (/Users/yann/spx-app/scripts/audit-pages-full.ts:51:19)
    at async main (/Users/yann/spx-app/scripts/audit-pages-full.ts:153:17)
[hero-kpi-overrides] refetch failed, using stale cache Error: SUPABASE_SERVICE_ROLE_KEY manquante — vérifier .env.local
    at createSupabaseAdminClient (/Users/yann/spx-app/src/lib/supabase/admin.ts:16:11)
    at fetchAll (/Users/yann/spx-app/src/lib/company-core/hero-kpi-overrides.ts:31:20)
    at getHeroKpiOverride (/Users/yann/spx-app/src/lib/company-core/hero-kpi-overrides.ts:58:21)
    at loadV17Company (/Users/yann/spx-app/src/lib/company-core/load-company.ts:2720:28)
    at async auditTicker (/Users/yann/spx-app/scripts/audit-pages-full.ts:51:19)
    at async main (/Users/yann/spx-app/scripts/audit-pages-full.ts:153:17)
special_kpis merge failed for ITW: Error: supabaseUrl is required.
    at validateSupabaseUrl (/Users/yann/spx-app/node_modules/@supabase/supabase-js/src/lib/helpers.ts:86:11)
    at new SupabaseClient (/Users/yann/spx-app/node_modules/@supabase/supabase-js/src/SupabaseClient.ts:284:21)
    at createClient (/Users/yann/spx-app/node_modules/@supabase/supabase-js/src/index.ts:65:10)
    at admin (/Users/yann/spx-app/src/lib/desk/special-kpis.ts:107:10)
    at listPublishedForTicker (/Users/yann/spx-app/src/lib/desk/special-kpis.ts:130:16)
    at loadV17Company (/Users/yann/spx-app/src/lib/company-core/load-company.ts:1600:30)
    at async auditTicker (/Users/yann/spx-app/scripts/audit-pages-full.ts:51:19)
    at async main (/Users/yann/spx-app/scripts/audit-pages-full.ts:153:17)
kpi_requests merge failed for ITW: Error: supabaseUrl is required.
    at validateSupabaseUrl (/Users/yann/spx-app/node_modules/@supabase/supabase-js/src/lib/helpers.ts:86:11)
    at new SupabaseClient (/Users/yann/spx-app/node_modules/@supabase/supabase-js/src/SupabaseClient.ts:284:21)
    at createClient (/Users/yann/spx-app/node_modules/@supabase/supabase-js/src/index.ts:65:10)
    at loadV17Company (/Users/yann/spx-app/src/lib/company-core/load-company.ts:1664:18)
    at async auditTicker (/Users/yann/spx-app/scripts/audit-pages-full.ts:51:19)
    at async main (/Users/yann/spx-app/scripts/audit-pages-full.ts:153:17)
image_findings merge failed for ITW: Error: supabaseUrl is required.
    at validateSupabaseUrl (/Users/yann/spx-app/node_modules/@supabase/supabase-js/src/lib/helpers.ts:86:11)
    at new SupabaseClient (/Users/yann/spx-app/node_modules/@supabase/supabase-js/src/SupabaseClient.ts:284:21)
    at createClient (/Users/yann/spx-app/node_modules/@supabase/supabase-js/src/index.ts:65:10)
    at admin (/Users/yann/spx-app/src/lib/desk/image-findings.ts:118:10)
    at listApprovedForTicker (/Users/yann/spx-app/src/lib/desk/image-findings.ts:222:16)
    at loadV17Company (/Users/yann/spx-app/src/lib/company-core/load-company.ts:1727:30)
    at async auditTicker (/Users/yann/spx-app/scripts/audit-pages-full.ts:51:19)
    at async main (/Users/yann/spx-app/scripts/audit-pages-full.ts:153:17)
[hero-kpi-overrides] refetch failed, using stale cache Error: SUPABASE_SERVICE_ROLE_KEY manquante — vérifier .env.local
    at createSupabaseAdminClient (/Users/yann/spx-app/src/lib/supabase/admin.ts:16:11)
    at fetchAll (/Users/yann/spx-app/src/lib/company-core/hero-kpi-overrides.ts:31:20)
    at getHeroKpiOverride (/Users/yann/spx-app/src/lib/company-core/hero-kpi-overrides.ts:58:21)
    at loadV17Company (/Users/yann/spx-app/src/lib/company-core/load-company.ts:2720:28)
    at async auditTicker (/Users/yann/spx-app/scripts/audit-pages-full.ts:51:19)
    at async main (/Users/yann/spx-app/scripts/audit-pages-full.ts:153:17)
special_kpis merge failed for IVZ: Error: supabaseUrl is required.
    at validateSupabaseUrl (/Users/yann/spx-app/node_modules/@supabase/supabase-js/src/lib/helpers.ts:86:11)
    at new SupabaseClient (/Users/yann/spx-app/node_modules/@supabase/supabase-js/src/SupabaseClient.ts:284:21)
    at createClient (/Users/yann/spx-app/node_modules/@supabase/supabase-js/src/index.ts:65:10)
    at admin (/Users/yann/spx-app/src/lib/desk/special-kpis.ts:107:10)
    at listPublishedForTicker (/Users/yann/spx-app/src/lib/desk/special-kpis.ts:130:16)
    at loadV17Company (/Users/yann/spx-app/src/lib/company-core/load-company.ts:1600:30)
    at async auditTicker (/Users/yann/spx-app/scripts/audit-pages-full.ts:51:19)
    at async main (/Users/yann/spx-app/scripts/audit-pages-full.ts:153:17)
kpi_requests merge failed for IVZ: Error: supabaseUrl is required.
    at validateSupabaseUrl (/Users/yann/spx-app/node_modules/@supabase/supabase-js/src/lib/helpers.ts:86:11)
    at new SupabaseClient (/Users/yann/spx-app/node_modules/@supabase/supabase-js/src/SupabaseClient.ts:284:21)
    at createClient (/Users/yann/spx-app/node_modules/@supabase/supabase-js/src/index.ts:65:10)
    at loadV17Company (/Users/yann/spx-app/src/lib/company-core/load-company.ts:1664:18)
    at async auditTicker (/Users/yann/spx-app/scripts/audit-pages-full.ts:51:19)
    at async main (/Users/yann/spx-app/scripts/audit-pages-full.ts:153:17)
image_findings merge failed for IVZ: Error: supabaseUrl is required.
    at validateSupabaseUrl (/Users/yann/spx-app/node_modules/@supabase/supabase-js/src/lib/helpers.ts:86:11)
    at new SupabaseClient (/Users/yann/spx-app/node_modules/@supabase/supabase-js/src/SupabaseClient.ts:284:21)
    at createClient (/Users/yann/spx-app/node_modules/@supabase/supabase-js/src/index.ts:65:10)
    at admin (/Users/yann/spx-app/src/lib/desk/image-findings.ts:118:10)
    at listApprovedForTicker (/Users/yann/spx-app/src/lib/desk/image-findings.ts:222:16)
    at loadV17Company (/Users/yann/spx-app/src/lib/company-core/load-company.ts:1727:30)
    at async auditTicker (/Users/yann/spx-app/scripts/audit-pages-full.ts:51:19)
    at async main (/Users/yann/spx-app/scripts/audit-pages-full.ts:153:17)
[hero-kpi-overrides] refetch failed, using stale cache Error: SUPABASE_SERVICE_ROLE_KEY manquante — vérifier .env.local
    at createSupabaseAdminClient (/Users/yann/spx-app/src/lib/supabase/admin.ts:16:11)
    at fetchAll (/Users/yann/spx-app/src/lib/company-core/hero-kpi-overrides.ts:31:20)
    at getHeroKpiOverride (/Users/yann/spx-app/src/lib/company-core/hero-kpi-overrides.ts:58:21)
    at loadV17Company (/Users/yann/spx-app/src/lib/company-core/load-company.ts:2720:28)
    at async auditTicker (/Users/yann/spx-app/scripts/audit-pages-full.ts:51:19)
    at async main (/Users/yann/spx-app/scripts/audit-pages-full.ts:153:17)
special_kpis merge failed for JKHY: Error: supabaseUrl is required.
    at validateSupabaseUrl (/Users/yann/spx-app/node_modules/@supabase/supabase-js/src/lib/helpers.ts:86:11)
    at new SupabaseClient (/Users/yann/spx-app/node_modules/@supabase/supabase-js/src/SupabaseClient.ts:284:21)
    at createClient (/Users/yann/spx-app/node_modules/@supabase/supabase-js/src/index.ts:65:10)
    at admin (/Users/yann/spx-app/src/lib/desk/special-kpis.ts:107:10)
    at listPublishedForTicker (/Users/yann/spx-app/src/lib/desk/special-kpis.ts:130:16)
    at loadV17Company (/Users/yann/spx-app/src/lib/company-core/load-company.ts:1600:30)
    at async auditTicker (/Users/yann/spx-app/scripts/audit-pages-full.ts:51:19)
    at async main (/Users/yann/spx-app/scripts/audit-pages-full.ts:153:17)
kpi_requests merge failed for JKHY: Error: supabaseUrl is required.
    at validateSupabaseUrl (/Users/yann/spx-app/node_modules/@supabase/supabase-js/src/lib/helpers.ts:86:11)
    at new SupabaseClient (/Users/yann/spx-app/node_modules/@supabase/supabase-js/src/SupabaseClient.ts:284:21)
    at createClient (/Users/yann/spx-app/node_modules/@supabase/supabase-js/src/index.ts:65:10)
    at loadV17Company (/Users/yann/spx-app/src/lib/company-core/load-company.ts:1664:18)
    at async auditTicker (/Users/yann/spx-app/scripts/audit-pages-full.ts:51:19)
    at async main (/Users/yann/spx-app/scripts/audit-pages-full.ts:153:17)
image_findings merge failed for JKHY: Error: supabaseUrl is required.
    at validateSupabaseUrl (/Users/yann/spx-app/node_modules/@supabase/supabase-js/src/lib/helpers.ts:86:11)
    at new SupabaseClient (/Users/yann/spx-app/node_modules/@supabase/supabase-js/src/SupabaseClient.ts:284:21)
    at createClient (/Users/yann/spx-app/node_modules/@supabase/supabase-js/src/index.ts:65:10)
    at admin (/Users/yann/spx-app/src/lib/desk/image-findings.ts:118:10)
    at listApprovedForTicker (/Users/yann/spx-app/src/lib/desk/image-findings.ts:222:16)
    at loadV17Company (/Users/yann/spx-app/src/lib/company-core/load-company.ts:1727:30)
    at async auditTicker (/Users/yann/spx-app/scripts/audit-pages-full.ts:51:19)
    at async main (/Users/yann/spx-app/scripts/audit-pages-full.ts:153:17)
[hero-kpi-overrides] refetch failed, using stale cache Error: SUPABASE_SERVICE_ROLE_KEY manquante — vérifier .env.local
    at createSupabaseAdminClient (/Users/yann/spx-app/src/lib/supabase/admin.ts:16:11)
    at fetchAll (/Users/yann/spx-app/src/lib/company-core/hero-kpi-overrides.ts:31:20)
    at getHeroKpiOverride (/Users/yann/spx-app/src/lib/company-core/hero-kpi-overrides.ts:58:21)
    at loadV17Company (/Users/yann/spx-app/src/lib/company-core/load-company.ts:2720:28)
    at async auditTicker (/Users/yann/spx-app/scripts/audit-pages-full.ts:51:19)
    at async main (/Users/yann/spx-app/scripts/audit-pages-full.ts:153:17)
special_kpis merge failed for LITE: Error: supabaseUrl is required.
    at validateSupabaseUrl (/Users/yann/spx-app/node_modules/@supabase/supabase-js/src/lib/helpers.ts:86:11)
    at new SupabaseClient (/Users/yann/spx-app/node_modules/@supabase/supabase-js/src/SupabaseClient.ts:284:21)
    at createClient (/Users/yann/spx-app/node_modules/@supabase/supabase-js/src/index.ts:65:10)
    at admin (/Users/yann/spx-app/src/lib/desk/special-kpis.ts:107:10)
    at listPublishedForTicker (/Users/yann/spx-app/src/lib/desk/special-kpis.ts:130:16)
    at loadV17Company (/Users/yann/spx-app/src/lib/company-core/load-company.ts:1600:30)
    at async auditTicker (/Users/yann/spx-app/scripts/audit-pages-full.ts:51:19)
    at async main (/Users/yann/spx-app/scripts/audit-pages-full.ts:153:17)
kpi_requests merge failed for LITE: Error: supabaseUrl is required.
    at validateSupabaseUrl (/Users/yann/spx-app/node_modules/@supabase/supabase-js/src/lib/helpers.ts:86:11)
    at new SupabaseClient (/Users/yann/spx-app/node_modules/@supabase/supabase-js/src/SupabaseClient.ts:284:21)
    at createClient (/Users/yann/spx-app/node_modules/@supabase/supabase-js/src/index.ts:65:10)
    at loadV17Company (/Users/yann/spx-app/src/lib/company-core/load-company.ts:1664:18)
    at async auditTicker (/Users/yann/spx-app/scripts/audit-pages-full.ts:51:19)
    at async main (/Users/yann/spx-app/scripts/audit-pages-full.ts:153:17)
image_findings merge failed for LITE: Error: supabaseUrl is required.
    at validateSupabaseUrl (/Users/yann/spx-app/node_modules/@supabase/supabase-js/src/lib/helpers.ts:86:11)
    at new SupabaseClient (/Users/yann/spx-app/node_modules/@supabase/supabase-js/src/SupabaseClient.ts:284:21)
    at createClient (/Users/yann/spx-app/node_modules/@supabase/supabase-js/src/index.ts:65:10)
    at admin (/Users/yann/spx-app/src/lib/desk/image-findings.ts:118:10)
    at listApprovedForTicker (/Users/yann/spx-app/src/lib/desk/image-findings.ts:222:16)
    at loadV17Company (/Users/yann/spx-app/src/lib/company-core/load-company.ts:1727:30)
    at async auditTicker (/Users/yann/spx-app/scripts/audit-pages-full.ts:51:19)
    at async main (/Users/yann/spx-app/scripts/audit-pages-full.ts:153:17)
[hero-kpi-overrides] refetch failed, using stale cache Error: SUPABASE_SERVICE_ROLE_KEY manquante — vérifier .env.local
    at createSupabaseAdminClient (/Users/yann/spx-app/src/lib/supabase/admin.ts:16:11)
    at fetchAll (/Users/yann/spx-app/src/lib/company-core/hero-kpi-overrides.ts:31:20)
    at getHeroKpiOverride (/Users/yann/spx-app/src/lib/company-core/hero-kpi-overrides.ts:58:21)
    at loadV17Company (/Users/yann/spx-app/src/lib/company-core/load-company.ts:2720:28)
    at async auditTicker (/Users/yann/spx-app/scripts/audit-pages-full.ts:51:19)
    at async main (/Users/yann/spx-app/scripts/audit-pages-full.ts:153:17)
special_kpis merge failed for MAR: Error: supabaseUrl is required.
    at validateSupabaseUrl (/Users/yann/spx-app/node_modules/@supabase/supabase-js/src/lib/helpers.ts:86:11)
    at new SupabaseClient (/Users/yann/spx-app/node_modules/@supabase/supabase-js/src/SupabaseClient.ts:284:21)
    at createClient (/Users/yann/spx-app/node_modules/@supabase/supabase-js/src/index.ts:65:10)
    at admin (/Users/yann/spx-app/src/lib/desk/special-kpis.ts:107:10)
    at listPublishedForTicker (/Users/yann/spx-app/src/lib/desk/special-kpis.ts:130:16)
    at loadV17Company (/Users/yann/spx-app/src/lib/company-core/load-company.ts:1600:30)
    at async auditTicker (/Users/yann/spx-app/scripts/audit-pages-full.ts:51:19)
    at async main (/Users/yann/spx-app/scripts/audit-pages-full.ts:153:17)
kpi_requests merge failed for MAR: Error: supabaseUrl is required.
    at validateSupabaseUrl (/Users/yann/spx-app/node_modules/@supabase/supabase-js/src/lib/helpers.ts:86:11)
    at new SupabaseClient (/Users/yann/spx-app/node_modules/@supabase/supabase-js/src/SupabaseClient.ts:284:21)
    at createClient (/Users/yann/spx-app/node_modules/@supabase/supabase-js/src/index.ts:65:10)
    at loadV17Company (/Users/yann/spx-app/src/lib/company-core/load-company.ts:1664:18)
    at async auditTicker (/Users/yann/spx-app/scripts/audit-pages-full.ts:51:19)
    at async main (/Users/yann/spx-app/scripts/audit-pages-full.ts:153:17)
image_findings merge failed for MAR: Error: supabaseUrl is required.
    at validateSupabaseUrl (/Users/yann/spx-app/node_modules/@supabase/supabase-js/src/lib/helpers.ts:86:11)
    at new SupabaseClient (/Users/yann/spx-app/node_modules/@supabase/supabase-js/src/SupabaseClient.ts:284:21)
    at createClient (/Users/yann/spx-app/node_modules/@supabase/supabase-js/src/index.ts:65:10)
    at admin (/Users/yann/spx-app/src/lib/desk/image-findings.ts:118:10)
    at listApprovedForTicker (/Users/yann/spx-app/src/lib/desk/image-findings.ts:222:16)
    at loadV17Company (/Users/yann/spx-app/src/lib/company-core/load-company.ts:1727:30)
    at async auditTicker (/Users/yann/spx-app/scripts/audit-pages-full.ts:51:19)
    at async main (/Users/yann/spx-app/scripts/audit-pages-full.ts:153:17)
[hero-kpi-overrides] refetch failed, using stale cache Error: SUPABASE_SERVICE_ROLE_KEY manquante — vérifier .env.local
    at createSupabaseAdminClient (/Users/yann/spx-app/src/lib/supabase/admin.ts:16:11)
    at fetchAll (/Users/yann/spx-app/src/lib/company-core/hero-kpi-overrides.ts:31:20)
    at getHeroKpiOverride (/Users/yann/spx-app/src/lib/company-core/hero-kpi-overrides.ts:58:21)
    at loadV17Company (/Users/yann/spx-app/src/lib/company-core/load-company.ts:2720:28)
    at async auditTicker (/Users/yann/spx-app/scripts/audit-pages-full.ts:51:19)
    at async main (/Users/yann/spx-app/scripts/audit-pages-full.ts:153:17)
special_kpis merge failed for NEE: Error: supabaseUrl is required.
    at validateSupabaseUrl (/Users/yann/spx-app/node_modules/@supabase/supabase-js/src/lib/helpers.ts:86:11)
    at new SupabaseClient (/Users/yann/spx-app/node_modules/@supabase/supabase-js/src/SupabaseClient.ts:284:21)
    at createClient (/Users/yann/spx-app/node_modules/@supabase/supabase-js/src/index.ts:65:10)
    at admin (/Users/yann/spx-app/src/lib/desk/special-kpis.ts:107:10)
    at listPublishedForTicker (/Users/yann/spx-app/src/lib/desk/special-kpis.ts:130:16)
    at loadV17Company (/Users/yann/spx-app/src/lib/company-core/load-company.ts:1600:30)
    at async auditTicker (/Users/yann/spx-app/scripts/audit-pages-full.ts:51:19)
    at async main (/Users/yann/spx-app/scripts/audit-pages-full.ts:153:17)
kpi_requests merge failed for NEE: Error: supabaseUrl is required.
    at validateSupabaseUrl (/Users/yann/spx-app/node_modules/@supabase/supabase-js/src/lib/helpers.ts:86:11)
    at new SupabaseClient (/Users/yann/spx-app/node_modules/@supabase/supabase-js/src/SupabaseClient.ts:284:21)
    at createClient (/Users/yann/spx-app/node_modules/@supabase/supabase-js/src/index.ts:65:10)
    at loadV17Company (/Users/yann/spx-app/src/lib/company-core/load-company.ts:1664:18)
    at async auditTicker (/Users/yann/spx-app/scripts/audit-pages-full.ts:51:19)
    at async main (/Users/yann/spx-app/scripts/audit-pages-full.ts:153:17)
image_findings merge failed for NEE: Error: supabaseUrl is required.
    at validateSupabaseUrl (/Users/yann/spx-app/node_modules/@supabase/supabase-js/src/lib/helpers.ts:86:11)
    at new SupabaseClient (/Users/yann/spx-app/node_modules/@supabase/supabase-js/src/SupabaseClient.ts:284:21)
    at createClient (/Users/yann/spx-app/node_modules/@supabase/supabase-js/src/index.ts:65:10)
    at admin (/Users/yann/spx-app/src/lib/desk/image-findings.ts:118:10)
    at listApprovedForTicker (/Users/yann/spx-app/src/lib/desk/image-findings.ts:222:16)
    at loadV17Company (/Users/yann/spx-app/src/lib/company-core/load-company.ts:1727:30)
    at async auditTicker (/Users/yann/spx-app/scripts/audit-pages-full.ts:51:19)
    at async main (/Users/yann/spx-app/scripts/audit-pages-full.ts:153:17)
[hero-kpi-overrides] refetch failed, using stale cache Error: SUPABASE_SERVICE_ROLE_KEY manquante — vérifier .env.local
    at createSupabaseAdminClient (/Users/yann/spx-app/src/lib/supabase/admin.ts:16:11)
    at fetchAll (/Users/yann/spx-app/src/lib/company-core/hero-kpi-overrides.ts:31:20)
    at getHeroKpiOverride (/Users/yann/spx-app/src/lib/company-core/hero-kpi-overrides.ts:58:21)
    at loadV17Company (/Users/yann/spx-app/src/lib/company-core/load-company.ts:2720:28)
    at async auditTicker (/Users/yann/spx-app/scripts/audit-pages-full.ts:51:19)
    at async main (/Users/yann/spx-app/scripts/audit-pages-full.ts:153:17)
special_kpis merge failed for NN.AS: Error: supabaseUrl is required.
    at validateSupabaseUrl (/Users/yann/spx-app/node_modules/@supabase/supabase-js/src/lib/helpers.ts:86:11)
    at new SupabaseClient (/Users/yann/spx-app/node_modules/@supabase/supabase-js/src/SupabaseClient.ts:284:21)
    at createClient (/Users/yann/spx-app/node_modules/@supabase/supabase-js/src/index.ts:65:10)
    at admin (/Users/yann/spx-app/src/lib/desk/special-kpis.ts:107:10)
    at listPublishedForTicker (/Users/yann/spx-app/src/lib/desk/special-kpis.ts:130:16)
    at loadV17Company (/Users/yann/spx-app/src/lib/company-core/load-company.ts:1600:30)
    at async auditTicker (/Users/yann/spx-app/scripts/audit-pages-full.ts:51:19)
    at async main (/Users/yann/spx-app/scripts/audit-pages-full.ts:153:17)
kpi_requests merge failed for NN.AS: Error: supabaseUrl is required.
    at validateSupabaseUrl (/Users/yann/spx-app/node_modules/@supabase/supabase-js/src/lib/helpers.ts:86:11)
    at new SupabaseClient (/Users/yann/spx-app/node_modules/@supabase/supabase-js/src/SupabaseClient.ts:284:21)
    at createClient (/Users/yann/spx-app/node_modules/@supabase/supabase-js/src/index.ts:65:10)
    at loadV17Company (/Users/yann/spx-app/src/lib/company-core/load-company.ts:1664:18)
    at async auditTicker (/Users/yann/spx-app/scripts/audit-pages-full.ts:51:19)
    at async main (/Users/yann/spx-app/scripts/audit-pages-full.ts:153:17)
image_findings merge failed for NN.AS: Error: supabaseUrl is required.
    at validateSupabaseUrl (/Users/yann/spx-app/node_modules/@supabase/supabase-js/src/lib/helpers.ts:86:11)
    at new SupabaseClient (/Users/yann/spx-app/node_modules/@supabase/supabase-js/src/SupabaseClient.ts:284:21)
    at createClient (/Users/yann/spx-app/node_modules/@supabase/supabase-js/src/index.ts:65:10)
    at admin (/Users/yann/spx-app/src/lib/desk/image-findings.ts:118:10)
    at listApprovedForTicker (/Users/yann/spx-app/src/lib/desk/image-findings.ts:222:16)
    at loadV17Company (/Users/yann/spx-app/src/lib/company-core/load-company.ts:1727:30)
    at async auditTicker (/Users/yann/spx-app/scripts/audit-pages-full.ts:51:19)
    at async main (/Users/yann/spx-app/scripts/audit-pages-full.ts:153:17)
[hero-kpi-overrides] refetch failed, using stale cache Error: SUPABASE_SERVICE_ROLE_KEY manquante — vérifier .env.local
    at createSupabaseAdminClient (/Users/yann/spx-app/src/lib/supabase/admin.ts:16:11)
    at fetchAll (/Users/yann/spx-app/src/lib/company-core/hero-kpi-overrides.ts:31:20)
    at getHeroKpiOverride (/Users/yann/spx-app/src/lib/company-core/hero-kpi-overrides.ts:58:21)
    at loadV17Company (/Users/yann/spx-app/src/lib/company-core/load-company.ts:2720:28)
    at async auditTicker (/Users/yann/spx-app/scripts/audit-pages-full.ts:51:19)
    at async main (/Users/yann/spx-app/scripts/audit-pages-full.ts:153:17)
special_kpis merge failed for NWS: Error: supabaseUrl is required.
    at validateSupabaseUrl (/Users/yann/spx-app/node_modules/@supabase/supabase-js/src/lib/helpers.ts:86:11)
    at new SupabaseClient (/Users/yann/spx-app/node_modules/@supabase/supabase-js/src/SupabaseClient.ts:284:21)
    at createClient (/Users/yann/spx-app/node_modules/@supabase/supabase-js/src/index.ts:65:10)
    at admin (/Users/yann/spx-app/src/lib/desk/special-kpis.ts:107:10)
    at listPublishedForTicker (/Users/yann/spx-app/src/lib/desk/special-kpis.ts:130:16)
    at loadV17Company (/Users/yann/spx-app/src/lib/company-core/load-company.ts:1600:30)
    at async auditTicker (/Users/yann/spx-app/scripts/audit-pages-full.ts:51:19)
    at async main (/Users/yann/spx-app/scripts/audit-pages-full.ts:153:17)
kpi_requests merge failed for NWS: Error: supabaseUrl is required.
    at validateSupabaseUrl (/Users/yann/spx-app/node_modules/@supabase/supabase-js/src/lib/helpers.ts:86:11)
    at new SupabaseClient (/Users/yann/spx-app/node_modules/@supabase/supabase-js/src/SupabaseClient.ts:284:21)
    at createClient (/Users/yann/spx-app/node_modules/@supabase/supabase-js/src/index.ts:65:10)
    at loadV17Company (/Users/yann/spx-app/src/lib/company-core/load-company.ts:1664:18)
    at async auditTicker (/Users/yann/spx-app/scripts/audit-pages-full.ts:51:19)
    at async main (/Users/yann/spx-app/scripts/audit-pages-full.ts:153:17)
image_findings merge failed for NWS: Error: supabaseUrl is required.
    at validateSupabaseUrl (/Users/yann/spx-app/node_modules/@supabase/supabase-js/src/lib/helpers.ts:86:11)
    at new SupabaseClient (/Users/yann/spx-app/node_modules/@supabase/supabase-js/src/SupabaseClient.ts:284:21)
    at createClient (/Users/yann/spx-app/node_modules/@supabase/supabase-js/src/index.ts:65:10)
    at admin (/Users/yann/spx-app/src/lib/desk/image-findings.ts:118:10)
    at listApprovedForTicker (/Users/yann/spx-app/src/lib/desk/image-findings.ts:222:16)
    at loadV17Company (/Users/yann/spx-app/src/lib/company-core/load-company.ts:1727:30)
    at async auditTicker (/Users/yann/spx-app/scripts/audit-pages-full.ts:51:19)
    at async main (/Users/yann/spx-app/scripts/audit-pages-full.ts:153:17)
[hero-kpi-overrides] refetch failed, using stale cache Error: SUPABASE_SERVICE_ROLE_KEY manquante — vérifier .env.local
    at createSupabaseAdminClient (/Users/yann/spx-app/src/lib/supabase/admin.ts:16:11)
    at fetchAll (/Users/yann/spx-app/src/lib/company-core/hero-kpi-overrides.ts:31:20)
    at getHeroKpiOverride (/Users/yann/spx-app/src/lib/company-core/hero-kpi-overrides.ts:58:21)
    at loadV17Company (/Users/yann/spx-app/src/lib/company-core/load-company.ts:2720:28)
    at async auditTicker (/Users/yann/spx-app/scripts/audit-pages-full.ts:51:19)
    at async main (/Users/yann/spx-app/scripts/audit-pages-full.ts:153:17)
special_kpis merge failed for NWSA: Error: supabaseUrl is required.
    at validateSupabaseUrl (/Users/yann/spx-app/node_modules/@supabase/supabase-js/src/lib/helpers.ts:86:11)
    at new SupabaseClient (/Users/yann/spx-app/node_modules/@supabase/supabase-js/src/SupabaseClient.ts:284:21)
    at createClient (/Users/yann/spx-app/node_modules/@supabase/supabase-js/src/index.ts:65:10)
    at admin (/Users/yann/spx-app/src/lib/desk/special-kpis.ts:107:10)
    at listPublishedForTicker (/Users/yann/spx-app/src/lib/desk/special-kpis.ts:130:16)
    at loadV17Company (/Users/yann/spx-app/src/lib/company-core/load-company.ts:1600:30)
    at async auditTicker (/Users/yann/spx-app/scripts/audit-pages-full.ts:51:19)
    at async main (/Users/yann/spx-app/scripts/audit-pages-full.ts:153:17)
kpi_requests merge failed for NWSA: Error: supabaseUrl is required.
    at validateSupabaseUrl (/Users/yann/spx-app/node_modules/@supabase/supabase-js/src/lib/helpers.ts:86:11)
    at new SupabaseClient (/Users/yann/spx-app/node_modules/@supabase/supabase-js/src/SupabaseClient.ts:284:21)
    at createClient (/Users/yann/spx-app/node_modules/@supabase/supabase-js/src/index.ts:65:10)
    at loadV17Company (/Users/yann/spx-app/src/lib/company-core/load-company.ts:1664:18)
    at async auditTicker (/Users/yann/spx-app/scripts/audit-pages-full.ts:51:19)
    at async main (/Users/yann/spx-app/scripts/audit-pages-full.ts:153:17)
image_findings merge failed for NWSA: Error: supabaseUrl is required.
    at validateSupabaseUrl (/Users/yann/spx-app/node_modules/@supabase/supabase-js/src/lib/helpers.ts:86:11)
    at new SupabaseClient (/Users/yann/spx-app/node_modules/@supabase/supabase-js/src/SupabaseClient.ts:284:21)
    at createClient (/Users/yann/spx-app/node_modules/@supabase/supabase-js/src/index.ts:65:10)
    at admin (/Users/yann/spx-app/src/lib/desk/image-findings.ts:118:10)
    at listApprovedForTicker (/Users/yann/spx-app/src/lib/desk/image-findings.ts:222:16)
    at loadV17Company (/Users/yann/spx-app/src/lib/company-core/load-company.ts:1727:30)
    at async auditTicker (/Users/yann/spx-app/scripts/audit-pages-full.ts:51:19)
    at async main (/Users/yann/spx-app/scripts/audit-pages-full.ts:153:17)
[hero-kpi-overrides] refetch failed, using stale cache Error: SUPABASE_SERVICE_ROLE_KEY manquante — vérifier .env.local
    at createSupabaseAdminClient (/Users/yann/spx-app/src/lib/supabase/admin.ts:16:11)
    at fetchAll (/Users/yann/spx-app/src/lib/company-core/hero-kpi-overrides.ts:31:20)
    at getHeroKpiOverride (/Users/yann/spx-app/src/lib/company-core/hero-kpi-overrides.ts:58:21)
    at loadV17Company (/Users/yann/spx-app/src/lib/company-core/load-company.ts:2720:28)
    at async auditTicker (/Users/yann/spx-app/scripts/audit-pages-full.ts:51:19)
    at async main (/Users/yann/spx-app/scripts/audit-pages-full.ts:153:17)
special_kpis merge failed for O: Error: supabaseUrl is required.
    at validateSupabaseUrl (/Users/yann/spx-app/node_modules/@supabase/supabase-js/src/lib/helpers.ts:86:11)
    at new SupabaseClient (/Users/yann/spx-app/node_modules/@supabase/supabase-js/src/SupabaseClient.ts:284:21)
    at createClient (/Users/yann/spx-app/node_modules/@supabase/supabase-js/src/index.ts:65:10)
    at admin (/Users/yann/spx-app/src/lib/desk/special-kpis.ts:107:10)
    at listPublishedForTicker (/Users/yann/spx-app/src/lib/desk/special-kpis.ts:130:16)
    at loadV17Company (/Users/yann/spx-app/src/lib/company-core/load-company.ts:1600:30)
    at async auditTicker (/Users/yann/spx-app/scripts/audit-pages-full.ts:51:19)
    at async main (/Users/yann/spx-app/scripts/audit-pages-full.ts:153:17)
kpi_requests merge failed for O: Error: supabaseUrl is required.
    at validateSupabaseUrl (/Users/yann/spx-app/node_modules/@supabase/supabase-js/src/lib/helpers.ts:86:11)
    at new SupabaseClient (/Users/yann/spx-app/node_modules/@supabase/supabase-js/src/SupabaseClient.ts:284:21)
    at createClient (/Users/yann/spx-app/node_modules/@supabase/supabase-js/src/index.ts:65:10)
    at loadV17Company (/Users/yann/spx-app/src/lib/company-core/load-company.ts:1664:18)
    at async auditTicker (/Users/yann/spx-app/scripts/audit-pages-full.ts:51:19)
    at async main (/Users/yann/spx-app/scripts/audit-pages-full.ts:153:17)
image_findings merge failed for O: Error: supabaseUrl is required.
    at validateSupabaseUrl (/Users/yann/spx-app/node_modules/@supabase/supabase-js/src/lib/helpers.ts:86:11)
    at new SupabaseClient (/Users/yann/spx-app/node_modules/@supabase/supabase-js/src/SupabaseClient.ts:284:21)
    at createClient (/Users/yann/spx-app/node_modules/@supabase/supabase-js/src/index.ts:65:10)
    at admin (/Users/yann/spx-app/src/lib/desk/image-findings.ts:118:10)
    at listApprovedForTicker (/Users/yann/spx-app/src/lib/desk/image-findings.ts:222:16)
    at loadV17Company (/Users/yann/spx-app/src/lib/company-core/load-company.ts:1727:30)
    at async auditTicker (/Users/yann/spx-app/scripts/audit-pages-full.ts:51:19)
    at async main (/Users/yann/spx-app/scripts/audit-pages-full.ts:153:17)
[hero-kpi-overrides] refetch failed, using stale cache Error: SUPABASE_SERVICE_ROLE_KEY manquante — vérifier .env.local
    at createSupabaseAdminClient (/Users/yann/spx-app/src/lib/supabase/admin.ts:16:11)
    at fetchAll (/Users/yann/spx-app/src/lib/company-core/hero-kpi-overrides.ts:31:20)
    at getHeroKpiOverride (/Users/yann/spx-app/src/lib/company-core/hero-kpi-overrides.ts:58:21)
    at loadV17Company (/Users/yann/spx-app/src/lib/company-core/load-company.ts:2720:28)
    at async auditTicker (/Users/yann/spx-app/scripts/audit-pages-full.ts:51:19)
    at async main (/Users/yann/spx-app/scripts/audit-pages-full.ts:153:17)
special_kpis merge failed for ORLY: Error: supabaseUrl is required.
    at validateSupabaseUrl (/Users/yann/spx-app/node_modules/@supabase/supabase-js/src/lib/helpers.ts:86:11)
    at new SupabaseClient (/Users/yann/spx-app/node_modules/@supabase/supabase-js/src/SupabaseClient.ts:284:21)
    at createClient (/Users/yann/spx-app/node_modules/@supabase/supabase-js/src/index.ts:65:10)
    at admin (/Users/yann/spx-app/src/lib/desk/special-kpis.ts:107:10)
    at listPublishedForTicker (/Users/yann/spx-app/src/lib/desk/special-kpis.ts:130:16)
    at loadV17Company (/Users/yann/spx-app/src/lib/company-core/load-company.ts:1600:30)
    at async auditTicker (/Users/yann/spx-app/scripts/audit-pages-full.ts:51:19)
    at async main (/Users/yann/spx-app/scripts/audit-pages-full.ts:153:17)
kpi_requests merge failed for ORLY: Error: supabaseUrl is required.
    at validateSupabaseUrl (/Users/yann/spx-app/node_modules/@supabase/supabase-js/src/lib/helpers.ts:86:11)
    at new SupabaseClient (/Users/yann/spx-app/node_modules/@supabase/supabase-js/src/SupabaseClient.ts:284:21)
    at createClient (/Users/yann/spx-app/node_modules/@supabase/supabase-js/src/index.ts:65:10)
    at loadV17Company (/Users/yann/spx-app/src/lib/company-core/load-company.ts:1664:18)
    at async auditTicker (/Users/yann/spx-app/scripts/audit-pages-full.ts:51:19)
    at async main (/Users/yann/spx-app/scripts/audit-pages-full.ts:153:17)
image_findings merge failed for ORLY: Error: supabaseUrl is required.
    at validateSupabaseUrl (/Users/yann/spx-app/node_modules/@supabase/supabase-js/src/lib/helpers.ts:86:11)
    at new SupabaseClient (/Users/yann/spx-app/node_modules/@supabase/supabase-js/src/SupabaseClient.ts:284:21)
    at createClient (/Users/yann/spx-app/node_modules/@supabase/supabase-js/src/index.ts:65:10)
    at admin (/Users/yann/spx-app/src/lib/desk/image-findings.ts:118:10)
    at listApprovedForTicker (/Users/yann/spx-app/src/lib/desk/image-findings.ts:222:16)
    at loadV17Company (/Users/yann/spx-app/src/lib/company-core/load-company.ts:1727:30)
    at async auditTicker (/Users/yann/spx-app/scripts/audit-pages-full.ts:51:19)
    at async main (/Users/yann/spx-app/scripts/audit-pages-full.ts:153:17)
[hero-kpi-overrides] refetch failed, using stale cache Error: SUPABASE_SERVICE_ROLE_KEY manquante — vérifier .env.local
    at createSupabaseAdminClient (/Users/yann/spx-app/src/lib/supabase/admin.ts:16:11)
    at fetchAll (/Users/yann/spx-app/src/lib/company-core/hero-kpi-overrides.ts:31:20)
    at getHeroKpiOverride (/Users/yann/spx-app/src/lib/company-core/hero-kpi-overrides.ts:58:21)
    at loadV17Company (/Users/yann/spx-app/src/lib/company-core/load-company.ts:2720:28)
    at async auditTicker (/Users/yann/spx-app/scripts/audit-pages-full.ts:51:19)
    at async main (/Users/yann/spx-app/scripts/audit-pages-full.ts:153:17)
special_kpis merge failed for REG: Error: supabaseUrl is required.
    at validateSupabaseUrl (/Users/yann/spx-app/node_modules/@supabase/supabase-js/src/lib/helpers.ts:86:11)
    at new SupabaseClient (/Users/yann/spx-app/node_modules/@supabase/supabase-js/src/SupabaseClient.ts:284:21)
    at createClient (/Users/yann/spx-app/node_modules/@supabase/supabase-js/src/index.ts:65:10)
    at admin (/Users/yann/spx-app/src/lib/desk/special-kpis.ts:107:10)
    at listPublishedForTicker (/Users/yann/spx-app/src/lib/desk/special-kpis.ts:130:16)
    at loadV17Company (/Users/yann/spx-app/src/lib/company-core/load-company.ts:1600:30)
    at async auditTicker (/Users/yann/spx-app/scripts/audit-pages-full.ts:51:19)
    at async main (/Users/yann/spx-app/scripts/audit-pages-full.ts:153:17)
kpi_requests merge failed for REG: Error: supabaseUrl is required.
    at validateSupabaseUrl (/Users/yann/spx-app/node_modules/@supabase/supabase-js/src/lib/helpers.ts:86:11)
    at new SupabaseClient (/Users/yann/spx-app/node_modules/@supabase/supabase-js/src/SupabaseClient.ts:284:21)
    at createClient (/Users/yann/spx-app/node_modules/@supabase/supabase-js/src/index.ts:65:10)
    at loadV17Company (/Users/yann/spx-app/src/lib/company-core/load-company.ts:1664:18)
    at async auditTicker (/Users/yann/spx-app/scripts/audit-pages-full.ts:51:19)
    at async main (/Users/yann/spx-app/scripts/audit-pages-full.ts:153:17)
image_findings merge failed for REG: Error: supabaseUrl is required.
    at validateSupabaseUrl (/Users/yann/spx-app/node_modules/@supabase/supabase-js/src/lib/helpers.ts:86:11)
    at new SupabaseClient (/Users/yann/spx-app/node_modules/@supabase/supabase-js/src/SupabaseClient.ts:284:21)
    at createClient (/Users/yann/spx-app/node_modules/@supabase/supabase-js/src/index.ts:65:10)
    at admin (/Users/yann/spx-app/src/lib/desk/image-findings.ts:118:10)
    at listApprovedForTicker (/Users/yann/spx-app/src/lib/desk/image-findings.ts:222:16)
    at loadV17Company (/Users/yann/spx-app/src/lib/company-core/load-company.ts:1727:30)
    at async auditTicker (/Users/yann/spx-app/scripts/audit-pages-full.ts:51:19)
    at async main (/Users/yann/spx-app/scripts/audit-pages-full.ts:153:17)
[hero-kpi-overrides] refetch failed, using stale cache Error: SUPABASE_SERVICE_ROLE_KEY manquante — vérifier .env.local
    at createSupabaseAdminClient (/Users/yann/spx-app/src/lib/supabase/admin.ts:16:11)
    at fetchAll (/Users/yann/spx-app/src/lib/company-core/hero-kpi-overrides.ts:31:20)
    at getHeroKpiOverride (/Users/yann/spx-app/src/lib/company-core/hero-kpi-overrides.ts:58:21)
    at loadV17Company (/Users/yann/spx-app/src/lib/company-core/load-company.ts:2720:28)
    at async auditTicker (/Users/yann/spx-app/scripts/audit-pages-full.ts:51:19)
    at async main (/Users/yann/spx-app/scripts/audit-pages-full.ts:153:17)
special_kpis merge failed for RF: Error: supabaseUrl is required.
    at validateSupabaseUrl (/Users/yann/spx-app/node_modules/@supabase/supabase-js/src/lib/helpers.ts:86:11)
    at new SupabaseClient (/Users/yann/spx-app/node_modules/@supabase/supabase-js/src/SupabaseClient.ts:284:21)
    at createClient (/Users/yann/spx-app/node_modules/@supabase/supabase-js/src/index.ts:65:10)
    at admin (/Users/yann/spx-app/src/lib/desk/special-kpis.ts:107:10)
    at listPublishedForTicker (/Users/yann/spx-app/src/lib/desk/special-kpis.ts:130:16)
    at loadV17Company (/Users/yann/spx-app/src/lib/company-core/load-company.ts:1600:30)
    at async auditTicker (/Users/yann/spx-app/scripts/audit-pages-full.ts:51:19)
    at async main (/Users/yann/spx-app/scripts/audit-pages-full.ts:153:17)
kpi_requests merge failed for RF: Error: supabaseUrl is required.
    at validateSupabaseUrl (/Users/yann/spx-app/node_modules/@supabase/supabase-js/src/lib/helpers.ts:86:11)
    at new SupabaseClient (/Users/yann/spx-app/node_modules/@supabase/supabase-js/src/SupabaseClient.ts:284:21)
    at createClient (/Users/yann/spx-app/node_modules/@supabase/supabase-js/src/index.ts:65:10)
    at loadV17Company (/Users/yann/spx-app/src/lib/company-core/load-company.ts:1664:18)
    at async auditTicker (/Users/yann/spx-app/scripts/audit-pages-full.ts:51:19)
    at async main (/Users/yann/spx-app/scripts/audit-pages-full.ts:153:17)
image_findings merge failed for RF: Error: supabaseUrl is required.
    at validateSupabaseUrl (/Users/yann/spx-app/node_modules/@supabase/supabase-js/src/lib/helpers.ts:86:11)
    at new SupabaseClient (/Users/yann/spx-app/node_modules/@supabase/supabase-js/src/SupabaseClient.ts:284:21)
    at createClient (/Users/yann/spx-app/node_modules/@supabase/supabase-js/src/index.ts:65:10)
    at admin (/Users/yann/spx-app/src/lib/desk/image-findings.ts:118:10)
    at listApprovedForTicker (/Users/yann/spx-app/src/lib/desk/image-findings.ts:222:16)
    at loadV17Company (/Users/yann/spx-app/src/lib/company-core/load-company.ts:1727:30)
    at async auditTicker (/Users/yann/spx-app/scripts/audit-pages-full.ts:51:19)
    at async main (/Users/yann/spx-app/scripts/audit-pages-full.ts:153:17)
[hero-kpi-overrides] refetch failed, using stale cache Error: SUPABASE_SERVICE_ROLE_KEY manquante — vérifier .env.local
    at createSupabaseAdminClient (/Users/yann/spx-app/src/lib/supabase/admin.ts:16:11)
    at fetchAll (/Users/yann/spx-app/src/lib/company-core/hero-kpi-overrides.ts:31:20)
    at getHeroKpiOverride (/Users/yann/spx-app/src/lib/company-core/hero-kpi-overrides.ts:58:21)
    at loadV17Company (/Users/yann/spx-app/src/lib/company-core/load-company.ts:2720:28)
    at async auditTicker (/Users/yann/spx-app/scripts/audit-pages-full.ts:51:19)
    at async main (/Users/yann/spx-app/scripts/audit-pages-full.ts:153:17)
special_kpis merge failed for RVTY: Error: supabaseUrl is required.
    at validateSupabaseUrl (/Users/yann/spx-app/node_modules/@supabase/supabase-js/src/lib/helpers.ts:86:11)
    at new SupabaseClient (/Users/yann/spx-app/node_modules/@supabase/supabase-js/src/SupabaseClient.ts:284:21)
    at createClient (/Users/yann/spx-app/node_modules/@supabase/supabase-js/src/index.ts:65:10)
    at admin (/Users/yann/spx-app/src/lib/desk/special-kpis.ts:107:10)
    at listPublishedForTicker (/Users/yann/spx-app/src/lib/desk/special-kpis.ts:130:16)
    at loadV17Company (/Users/yann/spx-app/src/lib/company-core/load-company.ts:1600:30)
    at async auditTicker (/Users/yann/spx-app/scripts/audit-pages-full.ts:51:19)
    at async main (/Users/yann/spx-app/scripts/audit-pages-full.ts:153:17)
kpi_requests merge failed for RVTY: Error: supabaseUrl is required.
    at validateSupabaseUrl (/Users/yann/spx-app/node_modules/@supabase/supabase-js/src/lib/helpers.ts:86:11)
    at new SupabaseClient (/Users/yann/spx-app/node_modules/@supabase/supabase-js/src/SupabaseClient.ts:284:21)
    at createClient (/Users/yann/spx-app/node_modules/@supabase/supabase-js/src/index.ts:65:10)
    at loadV17Company (/Users/yann/spx-app/src/lib/company-core/load-company.ts:1664:18)
    at async auditTicker (/Users/yann/spx-app/scripts/audit-pages-full.ts:51:19)
    at async main (/Users/yann/spx-app/scripts/audit-pages-full.ts:153:17)
image_findings merge failed for RVTY: Error: supabaseUrl is required.
    at validateSupabaseUrl (/Users/yann/spx-app/node_modules/@supabase/supabase-js/src/lib/helpers.ts:86:11)
    at new SupabaseClient (/Users/yann/spx-app/node_modules/@supabase/supabase-js/src/SupabaseClient.ts:284:21)
    at createClient (/Users/yann/spx-app/node_modules/@supabase/supabase-js/src/index.ts:65:10)
    at admin (/Users/yann/spx-app/src/lib/desk/image-findings.ts:118:10)
    at listApprovedForTicker (/Users/yann/spx-app/src/lib/desk/image-findings.ts:222:16)
    at loadV17Company (/Users/yann/spx-app/src/lib/company-core/load-company.ts:1727:30)
    at async auditTicker (/Users/yann/spx-app/scripts/audit-pages-full.ts:51:19)
    at async main (/Users/yann/spx-app/scripts/audit-pages-full.ts:153:17)
[hero-kpi-overrides] refetch failed, using stale cache Error: SUPABASE_SERVICE_ROLE_KEY manquante — vérifier .env.local
    at createSupabaseAdminClient (/Users/yann/spx-app/src/lib/supabase/admin.ts:16:11)
    at fetchAll (/Users/yann/spx-app/src/lib/company-core/hero-kpi-overrides.ts:31:20)
    at getHeroKpiOverride (/Users/yann/spx-app/src/lib/company-core/hero-kpi-overrides.ts:58:21)
    at loadV17Company (/Users/yann/spx-app/src/lib/company-core/load-company.ts:2720:28)
    at async auditTicker (/Users/yann/spx-app/scripts/audit-pages-full.ts:51:19)
    at async main (/Users/yann/spx-app/scripts/audit-pages-full.ts:153:17)
special_kpis merge failed for SMCI: Error: supabaseUrl is required.
    at validateSupabaseUrl (/Users/yann/spx-app/node_modules/@supabase/supabase-js/src/lib/helpers.ts:86:11)
    at new SupabaseClient (/Users/yann/spx-app/node_modules/@supabase/supabase-js/src/SupabaseClient.ts:284:21)
    at createClient (/Users/yann/spx-app/node_modules/@supabase/supabase-js/src/index.ts:65:10)
    at admin (/Users/yann/spx-app/src/lib/desk/special-kpis.ts:107:10)
    at listPublishedForTicker (/Users/yann/spx-app/src/lib/desk/special-kpis.ts:130:16)
    at loadV17Company (/Users/yann/spx-app/src/lib/company-core/load-company.ts:1600:30)
    at async auditTicker (/Users/yann/spx-app/scripts/audit-pages-full.ts:51:19)
    at async main (/Users/yann/spx-app/scripts/audit-pages-full.ts:153:17)
kpi_requests merge failed for SMCI: Error: supabaseUrl is required.
    at validateSupabaseUrl (/Users/yann/spx-app/node_modules/@supabase/supabase-js/src/lib/helpers.ts:86:11)
    at new SupabaseClient (/Users/yann/spx-app/node_modules/@supabase/supabase-js/src/SupabaseClient.ts:284:21)
    at createClient (/Users/yann/spx-app/node_modules/@supabase/supabase-js/src/index.ts:65:10)
    at loadV17Company (/Users/yann/spx-app/src/lib/company-core/load-company.ts:1664:18)
    at async auditTicker (/Users/yann/spx-app/scripts/audit-pages-full.ts:51:19)
    at async main (/Users/yann/spx-app/scripts/audit-pages-full.ts:153:17)
image_findings merge failed for SMCI: Error: supabaseUrl is required.
    at validateSupabaseUrl (/Users/yann/spx-app/node_modules/@supabase/supabase-js/src/lib/helpers.ts:86:11)
    at new SupabaseClient (/Users/yann/spx-app/node_modules/@supabase/supabase-js/src/SupabaseClient.ts:284:21)
    at createClient (/Users/yann/spx-app/node_modules/@supabase/supabase-js/src/index.ts:65:10)
    at admin (/Users/yann/spx-app/src/lib/desk/image-findings.ts:118:10)
    at listApprovedForTicker (/Users/yann/spx-app/src/lib/desk/image-findings.ts:222:16)
    at loadV17Company (/Users/yann/spx-app/src/lib/company-core/load-company.ts:1727:30)
    at async auditTicker (/Users/yann/spx-app/scripts/audit-pages-full.ts:51:19)
    at async main (/Users/yann/spx-app/scripts/audit-pages-full.ts:153:17)
[hero-kpi-overrides] refetch failed, using stale cache Error: SUPABASE_SERVICE_ROLE_KEY manquante — vérifier .env.local
    at createSupabaseAdminClient (/Users/yann/spx-app/src/lib/supabase/admin.ts:16:11)
    at fetchAll (/Users/yann/spx-app/src/lib/company-core/hero-kpi-overrides.ts:31:20)
    at getHeroKpiOverride (/Users/yann/spx-app/src/lib/company-core/hero-kpi-overrides.ts:58:21)
    at loadV17Company (/Users/yann/spx-app/src/lib/company-core/load-company.ts:2720:28)
    at async auditTicker (/Users/yann/spx-app/scripts/audit-pages-full.ts:51:19)
    at async main (/Users/yann/spx-app/scripts/audit-pages-full.ts:153:17)
special_kpis merge failed for TSN: Error: supabaseUrl is required.
    at validateSupabaseUrl (/Users/yann/spx-app/node_modules/@supabase/supabase-js/src/lib/helpers.ts:86:11)
    at new SupabaseClient (/Users/yann/spx-app/node_modules/@supabase/supabase-js/src/SupabaseClient.ts:284:21)
    at createClient (/Users/yann/spx-app/node_modules/@supabase/supabase-js/src/index.ts:65:10)
    at admin (/Users/yann/spx-app/src/lib/desk/special-kpis.ts:107:10)
    at listPublishedForTicker (/Users/yann/spx-app/src/lib/desk/special-kpis.ts:130:16)
    at loadV17Company (/Users/yann/spx-app/src/lib/company-core/load-company.ts:1600:30)
    at async auditTicker (/Users/yann/spx-app/scripts/audit-pages-full.ts:51:19)
    at async main (/Users/yann/spx-app/scripts/audit-pages-full.ts:153:17)
kpi_requests merge failed for TSN: Error: supabaseUrl is required.
    at validateSupabaseUrl (/Users/yann/spx-app/node_modules/@supabase/supabase-js/src/lib/helpers.ts:86:11)
    at new SupabaseClient (/Users/yann/spx-app/node_modules/@supabase/supabase-js/src/SupabaseClient.ts:284:21)
    at createClient (/Users/yann/spx-app/node_modules/@supabase/supabase-js/src/index.ts:65:10)
    at loadV17Company (/Users/yann/spx-app/src/lib/company-core/load-company.ts:1664:18)
    at async auditTicker (/Users/yann/spx-app/scripts/audit-pages-full.ts:51:19)
    at async main (/Users/yann/spx-app/scripts/audit-pages-full.ts:153:17)
image_findings merge failed for TSN: Error: supabaseUrl is required.
    at validateSupabaseUrl (/Users/yann/spx-app/node_modules/@supabase/supabase-js/src/lib/helpers.ts:86:11)
    at new SupabaseClient (/Users/yann/spx-app/node_modules/@supabase/supabase-js/src/SupabaseClient.ts:284:21)
    at createClient (/Users/yann/spx-app/node_modules/@supabase/supabase-js/src/index.ts:65:10)
    at admin (/Users/yann/spx-app/src/lib/desk/image-findings.ts:118:10)
    at listApprovedForTicker (/Users/yann/spx-app/src/lib/desk/image-findings.ts:222:16)
    at loadV17Company (/Users/yann/spx-app/src/lib/company-core/load-company.ts:1727:30)
    at async auditTicker (/Users/yann/spx-app/scripts/audit-pages-full.ts:51:19)
    at async main (/Users/yann/spx-app/scripts/audit-pages-full.ts:153:17)
[hero-kpi-overrides] refetch failed, using stale cache Error: SUPABASE_SERVICE_ROLE_KEY manquante — vérifier .env.local
    at createSupabaseAdminClient (/Users/yann/spx-app/src/lib/supabase/admin.ts:16:11)
    at fetchAll (/Users/yann/spx-app/src/lib/company-core/hero-kpi-overrides.ts:31:20)
    at getHeroKpiOverride (/Users/yann/spx-app/src/lib/company-core/hero-kpi-overrides.ts:58:21)
    at loadV17Company (/Users/yann/spx-app/src/lib/company-core/load-company.ts:2720:28)
    at async auditTicker (/Users/yann/spx-app/scripts/audit-pages-full.ts:51:19)
    at async main (/Users/yann/spx-app/scripts/audit-pages-full.ts:153:17)
special_kpis merge failed for UPS: Error: supabaseUrl is required.
    at validateSupabaseUrl (/Users/yann/spx-app/node_modules/@supabase/supabase-js/src/lib/helpers.ts:86:11)
    at new SupabaseClient (/Users/yann/spx-app/node_modules/@supabase/supabase-js/src/SupabaseClient.ts:284:21)
    at createClient (/Users/yann/spx-app/node_modules/@supabase/supabase-js/src/index.ts:65:10)
    at admin (/Users/yann/spx-app/src/lib/desk/special-kpis.ts:107:10)
    at listPublishedForTicker (/Users/yann/spx-app/src/lib/desk/special-kpis.ts:130:16)
    at loadV17Company (/Users/yann/spx-app/src/lib/company-core/load-company.ts:1600:30)
    at async auditTicker (/Users/yann/spx-app/scripts/audit-pages-full.ts:51:19)
    at async main (/Users/yann/spx-app/scripts/audit-pages-full.ts:153:17)
kpi_requests merge failed for UPS: Error: supabaseUrl is required.
    at validateSupabaseUrl (/Users/yann/spx-app/node_modules/@supabase/supabase-js/src/lib/helpers.ts:86:11)
    at new SupabaseClient (/Users/yann/spx-app/node_modules/@supabase/supabase-js/src/SupabaseClient.ts:284:21)
    at createClient (/Users/yann/spx-app/node_modules/@supabase/supabase-js/src/index.ts:65:10)
    at loadV17Company (/Users/yann/spx-app/src/lib/company-core/load-company.ts:1664:18)
    at async auditTicker (/Users/yann/spx-app/scripts/audit-pages-full.ts:51:19)
    at async main (/Users/yann/spx-app/scripts/audit-pages-full.ts:153:17)
image_findings merge failed for UPS: Error: supabaseUrl is required.
    at validateSupabaseUrl (/Users/yann/spx-app/node_modules/@supabase/supabase-js/src/lib/helpers.ts:86:11)
    at new SupabaseClient (/Users/yann/spx-app/node_modules/@supabase/supabase-js/src/SupabaseClient.ts:284:21)
    at createClient (/Users/yann/spx-app/node_modules/@supabase/supabase-js/src/index.ts:65:10)
    at admin (/Users/yann/spx-app/src/lib/desk/image-findings.ts:118:10)
    at listApprovedForTicker (/Users/yann/spx-app/src/lib/desk/image-findings.ts:222:16)
    at loadV17Company (/Users/yann/spx-app/src/lib/company-core/load-company.ts:1727:30)
    at async auditTicker (/Users/yann/spx-app/scripts/audit-pages-full.ts:51:19)
    at async main (/Users/yann/spx-app/scripts/audit-pages-full.ts:153:17)
[hero-kpi-overrides] refetch failed, using stale cache Error: SUPABASE_SERVICE_ROLE_KEY manquante — vérifier .env.local
    at createSupabaseAdminClient (/Users/yann/spx-app/src/lib/supabase/admin.ts:16:11)
    at fetchAll (/Users/yann/spx-app/src/lib/company-core/hero-kpi-overrides.ts:31:20)
    at getHeroKpiOverride (/Users/yann/spx-app/src/lib/company-core/hero-kpi-overrides.ts:58:21)
    at loadV17Company (/Users/yann/spx-app/src/lib/company-core/load-company.ts:2720:28)
    at async auditTicker (/Users/yann/spx-app/scripts/audit-pages-full.ts:51:19)
    at async main (/Users/yann/spx-app/scripts/audit-pages-full.ts:153:17)
special_kpis merge failed for WAT: Error: supabaseUrl is required.
    at validateSupabaseUrl (/Users/yann/spx-app/node_modules/@supabase/supabase-js/src/lib/helpers.ts:86:11)
    at new SupabaseClient (/Users/yann/spx-app/node_modules/@supabase/supabase-js/src/SupabaseClient.ts:284:21)
    at createClient (/Users/yann/spx-app/node_modules/@supabase/supabase-js/src/index.ts:65:10)
    at admin (/Users/yann/spx-app/src/lib/desk/special-kpis.ts:107:10)
    at listPublishedForTicker (/Users/yann/spx-app/src/lib/desk/special-kpis.ts:130:16)
    at loadV17Company (/Users/yann/spx-app/src/lib/company-core/load-company.ts:1600:30)
    at async auditTicker (/Users/yann/spx-app/scripts/audit-pages-full.ts:51:19)
    at async main (/Users/yann/spx-app/scripts/audit-pages-full.ts:153:17)
kpi_requests merge failed for WAT: Error: supabaseUrl is required.
    at validateSupabaseUrl (/Users/yann/spx-app/node_modules/@supabase/supabase-js/src/lib/helpers.ts:86:11)
    at new SupabaseClient (/Users/yann/spx-app/node_modules/@supabase/supabase-js/src/SupabaseClient.ts:284:21)
    at createClient (/Users/yann/spx-app/node_modules/@supabase/supabase-js/src/index.ts:65:10)
    at loadV17Company (/Users/yann/spx-app/src/lib/company-core/load-company.ts:1664:18)
    at async auditTicker (/Users/yann/spx-app/scripts/audit-pages-full.ts:51:19)
    at async main (/Users/yann/spx-app/scripts/audit-pages-full.ts:153:17)
image_findings merge failed for WAT: Error: supabaseUrl is required.
    at validateSupabaseUrl (/Users/yann/spx-app/node_modules/@supabase/supabase-js/src/lib/helpers.ts:86:11)
    at new SupabaseClient (/Users/yann/spx-app/node_modules/@supabase/supabase-js/src/SupabaseClient.ts:284:21)
    at createClient (/Users/yann/spx-app/node_modules/@supabase/supabase-js/src/index.ts:65:10)
    at admin (/Users/yann/spx-app/src/lib/desk/image-findings.ts:118:10)
    at listApprovedForTicker (/Users/yann/spx-app/src/lib/desk/image-findings.ts:222:16)
    at loadV17Company (/Users/yann/spx-app/src/lib/company-core/load-company.ts:1727:30)
    at async auditTicker (/Users/yann/spx-app/scripts/audit-pages-full.ts:51:19)
    at async main (/Users/yann/spx-app/scripts/audit-pages-full.ts:153:17)
[hero-kpi-overrides] refetch failed, using stale cache Error: SUPABASE_SERVICE_ROLE_KEY manquante — vérifier .env.local
    at createSupabaseAdminClient (/Users/yann/spx-app/src/lib/supabase/admin.ts:16:11)
    at fetchAll (/Users/yann/spx-app/src/lib/company-core/hero-kpi-overrides.ts:31:20)
    at getHeroKpiOverride (/Users/yann/spx-app/src/lib/company-core/hero-kpi-overrides.ts:58:21)
    at loadV17Company (/Users/yann/spx-app/src/lib/company-core/load-company.ts:2720:28)
    at async auditTicker (/Users/yann/spx-app/scripts/audit-pages-full.ts:51:19)
    at async main (/Users/yann/spx-app/scripts/audit-pages-full.ts:153:17)
special_kpis merge failed for WEC: Error: supabaseUrl is required.
    at validateSupabaseUrl (/Users/yann/spx-app/node_modules/@supabase/supabase-js/src/lib/helpers.ts:86:11)
    at new SupabaseClient (/Users/yann/spx-app/node_modules/@supabase/supabase-js/src/SupabaseClient.ts:284:21)
    at createClient (/Users/yann/spx-app/node_modules/@supabase/supabase-js/src/index.ts:65:10)
    at admin (/Users/yann/spx-app/src/lib/desk/special-kpis.ts:107:10)
    at listPublishedForTicker (/Users/yann/spx-app/src/lib/desk/special-kpis.ts:130:16)
    at loadV17Company (/Users/yann/spx-app/src/lib/company-core/load-company.ts:1600:30)
    at async auditTicker (/Users/yann/spx-app/scripts/audit-pages-full.ts:51:19)
    at async main (/Users/yann/spx-app/scripts/audit-pages-full.ts:153:17)
kpi_requests merge failed for WEC: Error: supabaseUrl is required.
    at validateSupabaseUrl (/Users/yann/spx-app/node_modules/@supabase/supabase-js/src/lib/helpers.ts:86:11)
    at new SupabaseClient (/Users/yann/spx-app/node_modules/@supabase/supabase-js/src/SupabaseClient.ts:284:21)
    at createClient (/Users/yann/spx-app/node_modules/@supabase/supabase-js/src/index.ts:65:10)
    at loadV17Company (/Users/yann/spx-app/src/lib/company-core/load-company.ts:1664:18)
    at async auditTicker (/Users/yann/spx-app/scripts/audit-pages-full.ts:51:19)
    at async main (/Users/yann/spx-app/scripts/audit-pages-full.ts:153:17)
image_findings merge failed for WEC: Error: supabaseUrl is required.
    at validateSupabaseUrl (/Users/yann/spx-app/node_modules/@supabase/supabase-js/src/lib/helpers.ts:86:11)
    at new SupabaseClient (/Users/yann/spx-app/node_modules/@supabase/supabase-js/src/SupabaseClient.ts:284:21)
    at createClient (/Users/yann/spx-app/node_modules/@supabase/supabase-js/src/index.ts:65:10)
    at admin (/Users/yann/spx-app/src/lib/desk/image-findings.ts:118:10)
    at listApprovedForTicker (/Users/yann/spx-app/src/lib/desk/image-findings.ts:222:16)
    at loadV17Company (/Users/yann/spx-app/src/lib/company-core/load-company.ts:1727:30)
    at async auditTicker (/Users/yann/spx-app/scripts/audit-pages-full.ts:51:19)
    at async main (/Users/yann/spx-app/scripts/audit-pages-full.ts:153:17)
[hero-kpi-overrides] refetch failed, using stale cache Error: SUPABASE_SERVICE_ROLE_KEY manquante — vérifier .env.local
    at createSupabaseAdminClient (/Users/yann/spx-app/src/lib/supabase/admin.ts:16:11)
    at fetchAll (/Users/yann/spx-app/src/lib/company-core/hero-kpi-overrides.ts:31:20)
    at getHeroKpiOverride (/Users/yann/spx-app/src/lib/company-core/hero-kpi-overrides.ts:58:21)
    at loadV17Company (/Users/yann/spx-app/src/lib/company-core/load-company.ts:2720:28)
    at async auditTicker (/Users/yann/spx-app/scripts/audit-pages-full.ts:51:19)
    at async main (/Users/yann/spx-app/scripts/audit-pages-full.ts:153:17)
{
 "audited": 34,
 "stes_with_issues": 8,
 "stats": {
  "S2": 3,
  "R2": 1,
  "H2": 2,
  "K4": 51
 }
}
[quarterly-refresh] rapport ecrit: /Users/yann/spx-app/.conv-state/quarterly-refresh-report.json (34 stes)
[lock4] run archivé: 34 sté(s), 0 publiable(s), 34 bloquée(s) → /Users/yann/spx-app/src/data/_quarterly-refresh-history.json
[quarterly-refresh] lock4 rc=0
[publish] 0 sté publiable (34 bloquée(s)), rien à publier
[quarterly-refresh] publish rc=0
[quarterly-refresh] done 20260812-074559
