[quarterly-refresh] start 20260914-073005
[quarterly-refresh-detect] 2026-09-14T05:30:06.012086+00:00 NEW A: 3 filing(s) → ['S-4 2026-09-01', '10-Q 2026-09-01', '8-K 2026-09-08']
[quarterly-refresh-detect] 2026-09-14T05:30:06.899080+00:00 NEW AAPL: 1 filing(s) → ['8-K/A 2026-09-01']
[quarterly-refresh-detect] 2026-09-14T05:30:07.908524+00:00 NEW ABBV: 1 filing(s) → ['8-K 2026-09-03']
[quarterly-refresh-detect] 2026-09-14T05:30:13.876385+00:00 NEW ADBE: 2 filing(s) → ['8-K 2026-09-08', '8-K 2026-09-10']
[quarterly-refresh-detect] 2026-09-14T05:30:14.880471+00:00 NEW ADI: 1 filing(s) → ['8-K 2026-09-09']
[quarterly-refresh-detect] 2026-09-14T05:30:17.778385+00:00 NEW ADSK: 2 filing(s) → ['424B5 2026-09-09', '8-K 2026-09-10']
[quarterly-refresh-detect] 2026-09-14T05:30:22.354801+00:00 NEW AIG: 1 filing(s) → ['8-K 2026-09-02']
[quarterly-refresh-detect] 2026-09-14T05:30:26.964654+00:00 NEW ALB: 1 filing(s) → ['8-K 2026-09-03']
[quarterly-refresh-detect] 2026-09-14T05:30:30.557735+00:00 NEW ALLE: 1 filing(s) → ['8-K 2026-09-08']
[quarterly-refresh-detect] 2026-09-14T05:30:38.724528+00:00 progress 50/671
[quarterly-refresh-detect] 2026-09-14T05:30:39.615160+00:00 NEW AMT: 2 filing(s) → ['8-K 2026-09-09', '424B5 2026-09-09']
[quarterly-refresh-detect] 2026-09-14T05:30:40.537508+00:00 NEW AMZN: 3 filing(s) → ['424B5 2026-09-09', '8-K 2026-09-09', '424B5 2026-09-11']
[quarterly-refresh-detect] 2026-09-14T05:30:42.529628+00:00 NEW AON: 2 filing(s) → ['424B5 2026-09-11', '8-K 2026-09-11']
[quarterly-refresh-detect] 2026-09-14T05:30:46.210342+00:00 NEW APH: 1 filing(s) → ['8-K 2026-09-04']
[quarterly-refresh-detect] 2026-09-14T05:30:54.724082+00:00 NEW AVGO: 3 filing(s) → ['8-K 2026-09-02', 'S-4 2026-09-10', '10-Q 2026-09-10']
[quarterly-refresh-detect] 2026-09-14T05:30:56.539964+00:00 NEW AWK: 1 filing(s) → ['8-K 2026-09-09']
[quarterly-refresh-detect] 2026-09-14T05:31:02.524255+00:00 NEW BALL: 1 filing(s) → ['8-K 2026-09-09']
[quarterly-refresh-detect] 2026-09-14T05:31:04.271616+00:00 NEW BBY: 1 filing(s) → ['10-Q 2026-09-04']
[quarterly-refresh-detect] 2026-09-14T05:31:08.078622+00:00 NEW BF.B: 2 filing(s) → ['10-Q 2026-09-02', '8-K 2026-09-02']
[quarterly-refresh-detect] 2026-09-14T05:31:09.026192+00:00 NEW BG: 1 filing(s) → ['8-K 2026-09-03']
[quarterly-refresh-detect] 2026-09-14T05:31:12.069710+00:00 NEW BKR: 1 filing(s) → ['8-K 2026-09-09']
[quarterly-refresh-detect] 2026-09-14T05:31:16.214571+00:00 progress 100/671
[quarterly-refresh-detect] 2026-09-14T05:31:18.975566+00:00 NEW BRO: 1 filing(s) → ['8-K 2026-09-10']
[quarterly-refresh-detect] 2026-09-14T05:31:28.293824+00:00 NEW CASY: 2 filing(s) → ['10-Q 2026-09-08', '8-K 2026-09-08']
[quarterly-refresh-detect] 2026-09-14T05:31:29.285249+00:00 NEW CAT: 1 filing(s) → ['8-K 2026-09-01']
[quarterly-refresh-detect] 2026-09-14T05:31:39.624016+00:00 NEW CF: 1 filing(s) → ['8-K 2026-09-03']
[quarterly-refresh-detect] 2026-09-14T05:31:45.404199+00:00 NEW CIEN: 2 filing(s) → ['10-Q 2026-09-03', '8-K 2026-09-03']
[quarterly-refresh-detect] 2026-09-14T05:31:51.013983+00:00 NEW CME: 1 filing(s) → ['8-K 2026-09-09']
[quarterly-refresh-detect] 2026-09-14T05:31:56.752449+00:00 NEW CNP: 1 filing(s) → ['8-K 2026-09-09']
[quarterly-refresh-detect] 2026-09-14T05:31:57.807965+00:00 NEW COF: 1 filing(s) → ['424B5 2026-09-08']
[quarterly-refresh-detect] 2026-09-14T05:32:00.403450+00:00 NEW COIN: 1 filing(s) → ['8-K 2026-09-02']
[quarterly-refresh-detect] 2026-09-14T05:32:01.910447+00:00 NEW COO: 2 filing(s) → ['10-Q 2026-09-09', '8-K 2026-09-09']
[quarterly-refresh-detect] 2026-09-14T05:32:03.870334+00:00 progress 150/671
[quarterly-refresh-detect] 2026-09-14T05:32:07.310986+00:00 NEW CPB: 1 filing(s) → ['8-K 2026-09-03']
[quarterly-refresh-detect] 2026-09-14T05:32:08.329904+00:00 NEW CPRT: 2 filing(s) → ['8-K 2026-09-10', '8-K 2026-09-10']
[quarterly-refresh-detect] 2026-09-14T05:32:12.583496+00:00 NEW CRM: 1 filing(s) → ['8-K 2026-09-04']
[quarterly-refresh-detect] 2026-09-14T05:32:15.817819+00:00 NEW CSCO: 1 filing(s) → ['10-K 2026-09-02']
[quarterly-refresh-detect] 2026-09-14T05:32:20.804361+00:00 NEW CTVA: 1 filing(s) → ['8-K 2026-09-10']
[quarterly-refresh-detect] 2026-09-14T05:32:28.038555+00:00 NEW DD: 1 filing(s) → ['8-K 2026-09-10']
[quarterly-refresh-detect] 2026-09-14T05:32:32.442268+00:00 NEW DELL: 3 filing(s) → ['8-K 2026-09-01', '10-Q 2026-09-08', '8-K 2026-09-10']
[quarterly-refresh-detect] 2026-09-14T05:32:45.683139+00:00 NEW DTE: 2 filing(s) → ['8-K 2026-09-04', '8-K 2026-09-08']
[quarterly-refresh-detect] 2026-09-14T05:32:49.711289+00:00 NEW DXCM: 1 filing(s) → ['8-K 2026-09-10']
[quarterly-refresh-detect] 2026-09-14T05:32:53.966742+00:00 NEW ED: 1 filing(s) → ['8-K 2026-09-04']
[quarterly-refresh-detect] 2026-09-14T05:32:58.044792+00:00 NEW EL: 1 filing(s) → ['8-K 2026-09-08']
[quarterly-refresh-detect] 2026-09-14T05:32:59.100561+00:00 NEW ELV: 1 filing(s) → ['8-K 2026-09-10']
[quarterly-refresh-detect] 2026-09-14T05:33:09.596675+00:00 NEW ESS: 1 filing(s) → ['8-K 2026-09-11']
[quarterly-refresh-detect] 2026-09-14T05:33:11.792019+00:00 NEW ETR: 1 filing(s) → ['8-K 2026-09-02']
[quarterly-refresh-detect] 2026-09-14T05:33:22.714604+00:00 NEW FCX: 1 filing(s) → ['8-K 2026-09-08']
[quarterly-refresh-detect] 2026-09-14T05:33:24.717549+00:00 NEW FDX: 2 filing(s) → ['424B5 2026-09-11', '424B5 2026-09-11']
[quarterly-refresh-detect] 2026-09-14T05:33:25.645575+00:00 NEW FDXF: 1 filing(s) → ['8-K 2026-09-02']
[quarterly-refresh-detect] 2026-09-14T05:33:25.645660+00:00 progress 250/671
[quarterly-refresh-detect] 2026-09-14T05:33:35.026139+00:00 NEW FLEX: 1 filing(s) → ['8-K 2026-09-04']
[quarterly-refresh-detect] 2026-09-14T05:33:36.007673+00:00 NEW FOX: 1 filing(s) → ['8-K 2026-09-09']
[quarterly-refresh-detect] 2026-09-14T05:33:37.012246+00:00 NEW FOXA: 1 filing(s) → ['8-K 2026-09-09']
[quarterly-refresh-detect] 2026-09-14T05:33:41.082271+00:00 NEW FTV: 1 filing(s) → ['8-K 2026-09-10']
[quarterly-refresh-detect] 2026-09-14T05:33:44.144680+00:00 NEW GE: 1 filing(s) → ['8-K 2026-09-08']
[quarterly-refresh-detect] 2026-09-14T05:33:51.976021+00:00 NEW GLW: 3 filing(s) → ['8-K 2026-09-04', '8-K 2026-09-11', '424B5 2026-09-11']
[quarterly-refresh-detect] 2026-09-14T05:33:57.056211+00:00 NEW GPC: 1 filing(s) → ['8-K 2026-09-09']
[quarterly-refresh-detect] 2026-09-14T05:34:04.355379+00:00 NEW HBAN: 1 filing(s) → ['8-K 2026-09-10']
[quarterly-refresh-detect] 2026-09-14T05:34:13.375820+00:00 NEW HPE: 2 filing(s) → ['8-K 2026-09-02', '10-Q 2026-09-03']
[quarterly-refresh-detect] 2026-09-14T05:34:18.349019+00:00 NEW HSY: 1 filing(s) → ['8-K 2026-09-02']
[quarterly-refresh-detect] 2026-09-14T05:34:20.265965+00:00 NEW HUM: 1 filing(s) → ['8-K 2026-09-01']
[quarterly-refresh-detect] 2026-09-14T05:34:26.060967+00:00 NEW IEX: 1 filing(s) → ['8-K 2026-09-03']
[quarterly-refresh-detect] 2026-09-14T05:34:29.829521+00:00 NEW INTU: 1 filing(s) → ['10-K 2026-09-09']
[quarterly-refresh-detect] 2026-09-14T05:34:30.761715+00:00 NEW INVH: 1 filing(s) → ['8-K 2026-09-09']
[quarterly-refresh-detect] 2026-09-14T05:34:32.644408+00:00 NEW IQV: 1 filing(s) → ['8-K 2026-09-09']
[quarterly-refresh-detect] 2026-09-14T05:34:39.768927+00:00 NEW IVZ: 1 filing(s) → ['8-K 2026-09-10']
[quarterly-refresh-detect] 2026-09-14T05:34:45.653859+00:00 progress 350/671
[quarterly-refresh-detect] 2026-09-14T05:34:48.090939+00:00 NEW KDP: 1 filing(s) → ['8-K 2026-09-01']
[quarterly-refresh-detect] 2026-09-14T05:34:50.058483+00:00 NEW KEYS: 1 filing(s) → ['10-Q 2026-09-02']
[quarterly-refresh-detect] 2026-09-14T05:34:55.620714+00:00 NEW KMI: 1 filing(s) → ['8-K 2026-09-04']
[quarterly-refresh-detect] 2026-09-14T05:34:57.426960+00:00 NEW KR: 3 filing(s) → ['8-K 2026-09-02', '8-K/A 2026-09-11', '8-K 2026-09-11']
[quarterly-refresh-detect] 2026-09-14T05:35:02.159853+00:00 NEW LH: 1 filing(s) → ['8-K 2026-09-10']
[quarterly-refresh-detect] 2026-09-14T05:35:10.166598+00:00 NEW LOW: 1 filing(s) → ['8-K 2026-09-02']
[quarterly-refresh-detect] 2026-09-14T05:35:13.315933+00:00 NEW LULU: 2 filing(s) → ['10-Q 2026-09-03', '8-K 2026-09-03']
[quarterly-refresh-detect] 2026-09-14T05:35:19.399071+00:00 NEW MAA: 1 filing(s) → ['8-K 2026-09-09']
[quarterly-refresh-detect] 2026-09-14T05:35:26.732703+00:00 progress 400/671
[quarterly-refresh-detect] 2026-09-14T05:35:27.752951+00:00 NEW MDT: 2 filing(s) → ['8-K 2026-09-01', '10-Q 2026-09-03']
[quarterly-refresh-detect] 2026-09-14T05:35:34.505783+00:00 NEW MMM: 2 filing(s) → ['424B5 2026-09-03', '8-K 2026-09-10']
[quarterly-refresh-detect] 2026-09-14T05:35:35.528059+00:00 NEW MNST: 1 filing(s) → ['8-K 2026-09-04']
[quarterly-refresh-detect] 2026-09-14T05:35:39.552637+00:00 NEW MPWR: 1 filing(s) → ['8-K 2026-09-10']
[quarterly-refresh-detect] 2026-09-14T05:35:41.454495+00:00 NEW MRNA: 1 filing(s) → ['8-K 2026-09-01']
[quarterly-refresh-detect] 2026-09-14T05:35:47.074381+00:00 NEW MSFT: 1 filing(s) → ['8-K 2026-09-02']
[quarterly-refresh-detect] 2026-09-14T05:35:48.109031+00:00 NEW MSI: 1 filing(s) → ['8-K 2026-09-09']
[quarterly-refresh-detect] 2026-09-14T05:35:49.048969+00:00 NEW MSTR: 2 filing(s) → ['8-K 2026-09-01', '8-K 2026-09-08']
[quarterly-refresh-detect] 2026-09-14T05:36:01.212554+00:00 NEW NKE: 1 filing(s) → ['8-K 2026-09-10']
[quarterly-refresh-detect] 2026-09-14T05:36:06.132370+00:00 NEW NTAP: 2 filing(s) → ['10-Q 2026-09-02', '8-K 2026-09-02']
[quarterly-refresh-detect] 2026-09-14T05:36:09.162752+00:00 NEW NVDA: 1 filing(s) → ['8-K 2026-09-03']
[quarterly-refresh-detect] 2026-09-14T05:36:09.164595+00:00 progress 450/671
[quarterly-refresh-detect] 2026-09-14T05:36:11.086355+00:00 NEW NWS: 6 filing(s) → ['8-K 2026-09-03', '8-K 2026-09-04', '8-K 2026-09-08', '8-K 2026-09-09', '8-K 2026-09-10', '8-K 2026-09-11']
[quarterly-refresh-detect] 2026-09-14T05:36:11.959096+00:00 NEW NWSA: 6 filing(s) → ['8-K 2026-09-03', '8-K 2026-09-04', '8-K 2026-09-08', '8-K 2026-09-09', '8-K 2026-09-10', '8-K 2026-09-11']
[quarterly-refresh-detect] 2026-09-14T05:36:13.058003+00:00 NEW NXPI: 1 filing(s) → ['8-K 2026-09-02']
[quarterly-refresh-detect] 2026-09-14T05:36:14.911669+00:00 NEW ODFL: 1 filing(s) → ['8-K 2026-09-03']
[quarterly-refresh-detect] 2026-09-14T05:36:18.912731+00:00 NEW ORCL: 2 filing(s) → ['8-K 2026-09-10', '10-Q 2026-09-11']
[quarterly-refresh-detect] 2026-09-14T05:36:23.046031+00:00 NEW PANW: 2 filing(s) → ['8-K 2026-09-01', '10-K 2026-09-10']
[quarterly-refresh-detect] 2026-09-14T05:36:24.139305+00:00 NEW PAYX: 1 filing(s) → ['DEF 14A 2026-09-04']
[quarterly-refresh-detect] 2026-09-14T05:36:31.445119+00:00 NEW PFG: 1 filing(s) → ['8-K 2026-09-10']
[quarterly-refresh-detect] 2026-09-14T05:36:34.402550+00:00 NEW PH: 3 filing(s) → ['8-K 2026-09-08', '424B5 2026-09-09', '8-K 2026-09-10']
[quarterly-refresh-detect] 2026-09-14T05:36:39.645943+00:00 NEW PM: 2 filing(s) → ['8-K 2026-09-08', '8-K 2026-09-08']
[quarterly-refresh-detect] 2026-09-14T05:36:42.636422+00:00 NEW PNW: 1 filing(s) → ['8-K 2026-09-04']
[quarterly-refresh-detect] 2026-09-14T05:36:43.706261+00:00 NEW PODD: 1 filing(s) → ['8-K 2026-09-10']
[quarterly-refresh-detect] 2026-09-14T05:36:48.480117+00:00 NEW PSA: 4 filing(s) → ['8-K 2026-09-01', '424B5 2026-09-09', '8-K 2026-09-10', '424B5 2026-09-10']
[quarterly-refresh-detect] 2026-09-14T05:36:54.918379+00:00 NEW Q: 1 filing(s) → ['8-K 2026-09-10']
[quarterly-refresh-detect] 2026-09-14T05:37:00.184703+00:00 NEW REG: 1 filing(s) → ['8-K 2026-09-11']
[quarterly-refresh-detect] 2026-09-14T05:37:04.300272+00:00 NEW RJF: 1 filing(s) → ['8-K 2026-09-01']
[quarterly-refresh-detect] 2026-09-14T05:37:06.298715+00:00 NEW RL: 1 filing(s) → ['8-K 2026-09-03']
[quarterly-refresh-detect] 2026-09-14T05:37:08.390425+00:00 NEW RMD: 1 filing(s) → ['8-K 2026-09-01']
[quarterly-refresh-detect] 2026-09-14T05:37:13.117956+00:00 NEW ROST: 1 filing(s) → ['10-Q 2026-09-01']
[quarterly-refresh-detect] 2026-09-14T05:37:22.222852+00:00 progress 550/671
[quarterly-refresh-detect] 2026-09-14T05:37:25.937530+00:00 NEW SNDK: 1 filing(s) → ['8-K 2026-09-11']
[quarterly-refresh-detect] 2026-09-14T05:37:36.275919+00:00 NEW STX: 3 filing(s) → ['8-K 2026-09-04', 'DEF 14A 2026-09-08', '8-K 2026-09-09']
[quarterly-refresh-detect] 2026-09-14T05:37:37.193141+00:00 NEW STZ: 1 filing(s) → ['8-K 2026-09-08']
[quarterly-refresh-detect] 2026-09-14T05:37:39.166630+00:00 NEW SWK: 1 filing(s) → ['8-K 2026-09-04']
[quarterly-refresh-detect] 2026-09-14T05:37:40.109604+00:00 NEW SWKS: 1 filing(s) → ['8-K 2026-09-02']
[quarterly-refresh-detect] 2026-09-14T05:37:42.707807+00:00 NEW SYY: 3 filing(s) → ['8-K 2026-09-04', '8-K 2026-09-09', '8-K 2026-09-09']
[quarterly-refresh-detect] 2026-09-14T05:37:43.732315+00:00 NEW T: 1 filing(s) → ['8-K 2026-09-09']
[quarterly-refresh-detect] 2026-09-14T05:37:55.717099+00:00 NEW TMUS: 1 filing(s) → ['8-K 2026-09-03']
[quarterly-refresh-detect] 2026-09-14T05:38:03.773448+00:00 progress 600/671
[quarterly-refresh-detect] 2026-09-14T05:38:06.673356+00:00 NEW TSN: 1 filing(s) → ['8-K 2026-09-03']
[quarterly-refresh-detect] 2026-09-14T05:38:09.563140+00:00 NEW TTD: 1 filing(s) → ['8-K 2026-09-04']
[quarterly-refresh-detect] 2026-09-14T05:38:16.671767+00:00 NEW UDR: 1 filing(s) → ['8-K 2026-09-09']
[quarterly-refresh-detect] 2026-09-14T05:38:19.766115+00:00 NEW UNH: 1 filing(s) → ['8-K 2026-09-08']
[quarterly-refresh-detect] 2026-09-14T05:38:22.532437+00:00 NEW URI: 1 filing(s) → ['8-K 2026-09-08']
[quarterly-refresh-detect] 2026-09-14T05:38:26.431138+00:00 NEW VICI: 1 filing(s) → ['8-K 2026-09-08']
[quarterly-refresh-detect] 2026-09-14T05:38:31.464082+00:00 NEW VRSK: 1 filing(s) → ['8-K 2026-09-08']
[quarterly-refresh-detect] 2026-09-14T05:38:33.469347+00:00 NEW VRT: 2 filing(s) → ['8-K 2026-09-02', '8-K 2026-09-02']
[quarterly-refresh-detect] 2026-09-14T05:38:34.492380+00:00 NEW VRTX: 1 filing(s) → ['8-K 2026-09-01']
[quarterly-refresh-detect] 2026-09-14T05:38:35.472208+00:00 NEW VST: 1 filing(s) → ['424B5 2026-09-10']
[quarterly-refresh-detect] 2026-09-14T05:38:44.554775+00:00 NEW WEC: 1 filing(s) → ['8-K 2026-09-04']
[quarterly-refresh-detect] 2026-09-14T05:38:45.573961+00:00 progress 650/671
[quarterly-refresh-detect] 2026-09-14T05:38:48.699934+00:00 NEW WMB: 4 filing(s) → ['8-K 2026-09-03', '424B5 2026-09-08', '8-K 2026-09-10', '8-K 2026-09-10']
[quarterly-refresh-detect] 2026-09-14T05:38:55.470444+00:00 NEW WYNN: 2 filing(s) → ['8-K 2026-09-10', '8-K 2026-09-11']
[quarterly-refresh-detect] 2026-09-14T05:38:58.273308+00:00 NEW XYL: 1 filing(s) → ['8-K 2026-09-09']
[quarterly-refresh-detect] 2026-09-14T05:39:00.218637+00:00 NEW YUM: 1 filing(s) → ['8-K 2026-09-01']
[quarterly-refresh-detect] 2026-09-14T05:39:01.366267+00:00 NEW ZBH: 1 filing(s) → ['8-K 2026-09-08']
[quarterly-refresh-detect] 2026-09-14T05:39:04.136208+00:00 Ecrit /Users/yann/spx-app/.conv-state/quarterly-refresh-detected.json : 125 ste(s) a rafraichir, 139 erreur(s)
[quarterly-refresh] detect rc=0, 125 ste(s) a rafraichir
[quarterly-refresh-run] 2026-09-14T05:39:05.305399+00:00 === A (quarter, 3 filing(s)) ===
[quarterly-refresh-run] 2026-09-14T05:39:08.226974+00:00   A: facts=183 kpi_updated=0 kpi_added=0 errors=0
[quarterly-refresh-run] 2026-09-14T05:39:08.227059+00:00 === AAPL (docs, 1 filing(s)) ===
[quarterly-refresh-run] 2026-09-14T05:39:10.018469+00:00   AAPL: facts=196 kpi_updated=0 kpi_added=0 errors=0
[quarterly-refresh-run] 2026-09-14T05:39:10.018486+00:00 === ABBV (docs, 1 filing(s)) ===
[quarterly-refresh-run] 2026-09-14T05:39:11.861712+00:00   ABBV: facts=196 kpi_updated=0 kpi_added=0 errors=0
[quarterly-refresh-run] 2026-09-14T05:39:11.861770+00:00 === ADBE (quarter, 2 filing(s)) ===
[quarterly-refresh-run] 2026-09-14T05:39:14.719605+00:00   ADBE: facts=176 kpi_updated=0 kpi_added=0 errors=0
[quarterly-refresh-run] 2026-09-14T05:39:14.719619+00:00 === ADI (docs, 1 filing(s)) ===
[quarterly-refresh-run] 2026-09-14T05:39:16.985908+00:00   ADI: facts=206 kpi_updated=0 kpi_added=0 errors=0
[quarterly-refresh-run] 2026-09-14T05:39:16.985921+00:00 === ADSK (docs, 2 filing(s)) ===
[quarterly-refresh-run] 2026-09-14T05:39:20.010699+00:00   ADSK: facts=213 kpi_updated=0 kpi_added=0 errors=0
[quarterly-refresh-run] 2026-09-14T05:39:20.010780+00:00 === AIG (docs, 1 filing(s)) ===
[quarterly-refresh-run] 2026-09-14T05:39:23.082268+00:00   AIG: facts=102 kpi_updated=0 kpi_added=0 errors=0
[quarterly-refresh-run] 2026-09-14T05:39:23.082281+00:00 === ALB (docs, 1 filing(s)) ===
[quarterly-refresh-run] 2026-09-14T05:39:25.690716+00:00   ALB: facts=198 kpi_updated=0 kpi_added=0 errors=0
[quarterly-refresh-run] 2026-09-14T05:39:25.690731+00:00 === ALLE (docs, 1 filing(s)) ===
[quarterly-refresh-run] 2026-09-14T05:39:28.404619+00:00   ALLE: facts=146 kpi_updated=0 kpi_added=0 errors=0
[quarterly-refresh-run] 2026-09-14T05:39:28.404736+00:00 === AMT (docs, 2 filing(s)) ===
[quarterly-refresh-run] 2026-09-14T05:39:31.782728+00:00   AMT: facts=144 kpi_updated=3 kpi_added=0 errors=0
[quarterly-refresh-run] 2026-09-14T05:39:31.782745+00:00 === AMZN (docs, 3 filing(s)) ===
[quarterly-refresh-run] 2026-09-14T05:39:34.273705+00:00   AMZN: facts=188 kpi_updated=0 kpi_added=0 errors=0
[quarterly-refresh-run] 2026-09-14T05:39:34.273777+00:00 === AON (docs, 2 filing(s)) ===
[quarterly-refresh-run] 2026-09-14T05:39:36.645052+00:00   AON: facts=154 kpi_updated=0 kpi_added=0 errors=0
[quarterly-refresh-run] 2026-09-14T05:39:36.645067+00:00 === APH (docs, 1 filing(s)) ===
[quarterly-refresh-run] 2026-09-14T05:39:39.808136+00:00   APH: facts=181 kpi_updated=0 kpi_added=0 errors=0
[quarterly-refresh-run] 2026-09-14T05:39:39.819410+00:00 === AVGO (quarter, 3 filing(s)) ===
[quarterly-refresh-run] 2026-09-14T05:39:42.592061+00:00   AVGO: facts=186 kpi_updated=0 kpi_added=0 errors=0
[quarterly-refresh-run] 2026-09-14T05:39:42.592073+00:00 === AWK (docs, 1 filing(s)) ===
[quarterly-refresh-run] 2026-09-14T05:39:45.404644+00:00   AWK: facts=162 kpi_updated=0 kpi_added=0 errors=0
[quarterly-refresh-run] 2026-09-14T05:39:45.404657+00:00 === BALL (docs, 1 filing(s)) ===
[quarterly-refresh-run] 2026-09-14T05:39:49.901154+00:00   BALL: facts=114 kpi_updated=0 kpi_added=0 errors=0
[quarterly-refresh-run] 2026-09-14T05:39:49.909811+00:00 === BBY (quarter, 1 filing(s)) ===
[quarterly-refresh-run] 2026-09-14T05:39:56.014519+00:00   BBY: facts=181 kpi_updated=3 kpi_added=0 errors=0
[quarterly-refresh-run] 2026-09-14T05:39:56.014833+00:00 === BF.B (quarter, 2 filing(s)) ===
[quarterly-refresh-run] 2026-09-14T05:39:58.434101+00:00   BF.B: facts=185 kpi_updated=0 kpi_added=0 errors=0
[quarterly-refresh-run] 2026-09-14T05:39:58.434115+00:00 === BG (docs, 1 filing(s)) ===
[quarterly-refresh-run] 2026-09-14T05:40:00.364003+00:00   BG: facts=141 kpi_updated=0 kpi_added=0 errors=0
[quarterly-refresh-run] 2026-09-14T05:40:00.364061+00:00 === BKR (docs, 1 filing(s)) ===
[quarterly-refresh-run] 2026-09-14T05:40:02.303553+00:00   BKR: facts=116 kpi_updated=0 kpi_added=0 errors=0
[quarterly-refresh-run] 2026-09-14T05:40:02.303566+00:00 === BRO (docs, 1 filing(s)) ===
[quarterly-refresh-run] 2026-09-14T05:40:04.624553+00:00   BRO: facts=138 kpi_updated=0 kpi_added=0 errors=0
[quarterly-refresh-run] 2026-09-14T05:40:04.624606+00:00 === CASY (quarter, 2 filing(s)) ===
[quarterly-refresh-run] 2026-09-14T05:40:06.612850+00:00   CASY: facts=139 kpi_updated=0 kpi_added=0 errors=0
[quarterly-refresh-run] 2026-09-14T05:40:06.612865+00:00 === CAT (docs, 1 filing(s)) ===
[quarterly-refresh-run] 2026-09-14T05:40:10.223776+00:00   CAT: facts=152 kpi_updated=0 kpi_added=0 errors=0
[quarterly-refresh-run] 2026-09-14T05:40:10.223836+00:00 === CF (docs, 1 filing(s)) ===
[quarterly-refresh-run] 2026-09-14T05:40:12.645821+00:00   CF: facts=132 kpi_updated=0 kpi_added=0 errors=0
[quarterly-refresh-run] 2026-09-14T05:40:12.645938+00:00 === CIEN (quarter, 2 filing(s)) ===
[quarterly-refresh-run] 2026-09-14T05:40:15.533180+00:00   CIEN: facts=206 kpi_updated=0 kpi_added=0 errors=0
[quarterly-refresh-run] 2026-09-14T05:40:15.533193+00:00 === CME (docs, 1 filing(s)) ===
[quarterly-refresh-run] 2026-09-14T05:40:17.905111+00:00   CME: facts=145 kpi_updated=0 kpi_added=0 errors=0
[quarterly-refresh-run] 2026-09-14T05:40:17.905232+00:00 === CNP (docs, 1 filing(s)) ===
[quarterly-refresh-run] 2026-09-14T05:40:20.159085+00:00   CNP: facts=143 kpi_updated=0 kpi_added=0 errors=0
[quarterly-refresh-run] 2026-09-14T05:40:20.159104+00:00 === COF (docs, 1 filing(s)) ===
[quarterly-refresh-run] 2026-09-14T05:40:22.381236+00:00   COF: facts=110 kpi_updated=4 kpi_added=0 errors=0
[quarterly-refresh-run] 2026-09-14T05:40:22.381307+00:00 === COIN (docs, 1 filing(s)) ===
[quarterly-refresh-run] 2026-09-14T05:40:23.911330+00:00   COIN: facts=170 kpi_updated=0 kpi_added=0 errors=0
[quarterly-refresh-run] 2026-09-14T05:40:23.911344+00:00 === COO (quarter, 2 filing(s)) ===
[quarterly-refresh-run] 2026-09-14T05:40:25.784738+00:00   COO: facts=206 kpi_updated=0 kpi_added=0 errors=0
[quarterly-refresh-run] 2026-09-14T05:40:25.784749+00:00 === CPB (quarter, 1 filing(s)) ===
[quarterly-refresh-run] 2026-09-14T05:40:28.253530+00:00   CPB: facts=174 kpi_updated=0 kpi_added=0 errors=0
[quarterly-refresh-run] 2026-09-14T05:40:28.253545+00:00 === CPRT (quarter, 2 filing(s)) ===
[quarterly-refresh-run] 2026-09-14T05:40:30.236661+00:00   CPRT: facts=118 kpi_updated=0 kpi_added=0 errors=0
[quarterly-refresh-run] 2026-09-14T05:40:30.236874+00:00 === CRM (docs, 1 filing(s)) ===
[quarterly-refresh-run] 2026-09-14T05:40:32.408010+00:00   CRM: facts=230 kpi_updated=0 kpi_added=0 errors=0
[quarterly-refresh-run] 2026-09-14T05:40:32.408023+00:00 === CSCO (annual, 1 filing(s)) ===
[quarterly-refresh-run] 2026-09-14T05:40:34.785703+00:00   CSCO: facts=206 kpi_updated=0 kpi_added=0 errors=0
[quarterly-refresh-run] 2026-09-14T05:40:34.785781+00:00 === CTVA (docs, 1 filing(s)) ===
[quarterly-refresh-run] 2026-09-14T05:40:36.497069+00:00   CTVA: facts=143 kpi_updated=0 kpi_added=0 errors=0
[quarterly-refresh-run] 2026-09-14T05:40:36.497100+00:00 === DD (docs, 1 filing(s)) ===
[quarterly-refresh-run] 2026-09-14T05:40:38.358449+00:00   DD: facts=143 kpi_updated=0 kpi_added=0 errors=0
[quarterly-refresh-run] 2026-09-14T05:40:38.358461+00:00 === DELL (quarter, 3 filing(s)) ===
[quarterly-refresh-run] 2026-09-14T05:40:40.164304+00:00   DELL: facts=223 kpi_updated=0 kpi_added=0 errors=0
[quarterly-refresh-run] 2026-09-14T05:40:40.164316+00:00 === DTE (docs, 2 filing(s)) ===
[quarterly-refresh-run] 2026-09-14T05:40:42.076319+00:00   DTE: facts=119 kpi_updated=0 kpi_added=0 errors=0
[quarterly-refresh-run] 2026-09-14T05:40:42.077310+00:00 === DXCM (docs, 1 filing(s)) ===
[quarterly-refresh-run] 2026-09-14T05:40:43.716042+00:00   DXCM: facts=198 kpi_updated=0 kpi_added=0 errors=0
[quarterly-refresh-run] 2026-09-14T05:40:43.716075+00:00 === ED (docs, 1 filing(s)) ===
[quarterly-refresh-run] 2026-09-14T05:40:46.493716+00:00   ED: facts=141 kpi_updated=0 kpi_added=0 errors=0
[quarterly-refresh-run] 2026-09-14T05:40:46.493855+00:00 === EL (docs, 1 filing(s)) ===
[quarterly-refresh-run] 2026-09-14T05:40:49.148492+00:00   EL: facts=138 kpi_updated=0 kpi_added=0 errors=0
[quarterly-refresh-run] 2026-09-14T05:40:49.148505+00:00 === ELV (docs, 1 filing(s)) ===
[quarterly-refresh-run] 2026-09-14T05:40:51.097577+00:00   ELV: facts=154 kpi_updated=0 kpi_added=0 errors=0
[quarterly-refresh-run] 2026-09-14T05:40:51.097590+00:00 === ESS (docs, 1 filing(s)) ===
[quarterly-refresh-run] 2026-09-14T05:40:52.755637+00:00   ESS: facts=133 kpi_updated=0 kpi_added=0 errors=0
[quarterly-refresh-run] 2026-09-14T05:40:52.755652+00:00 === ETR (docs, 1 filing(s)) ===
[quarterly-refresh-run] 2026-09-14T05:40:55.586007+00:00   ETR: facts=128 kpi_updated=0 kpi_added=0 errors=0
[quarterly-refresh-run] 2026-09-14T05:40:55.586020+00:00 === FCX (docs, 1 filing(s)) ===
[quarterly-refresh-run] 2026-09-14T05:40:57.447094+00:00   FCX: facts=119 kpi_updated=0 kpi_added=0 errors=0
[quarterly-refresh-run] 2026-09-14T05:40:57.447233+00:00 === FDX (docs, 2 filing(s)) ===
[quarterly-refresh-run] 2026-09-14T05:40:59.448012+00:00   FDX: facts=143 kpi_updated=0 kpi_added=0 errors=0
[quarterly-refresh-run] 2026-09-14T05:40:59.448048+00:00 === FDXF (docs, 1 filing(s)) ===
[quarterly-refresh-run] 2026-09-14T05:41:00.333248+00:00   down FDXF 8-K 2026-09-02 -> data-lake/FDXF/8K/FDXF_2026-09-02_0001104659-26-104793.htm.gz
[quarterly-refresh-run] 2026-09-14T05:41:01.393211+00:00   FDXF: facts=17 kpi_updated=0 kpi_added=2 errors=0
[quarterly-refresh-run] 2026-09-14T05:41:01.393257+00:00 === FLEX (docs, 1 filing(s)) ===
[quarterly-refresh-run] 2026-09-14T05:41:02.235774+00:00   down FLEX 8-K 2026-09-04 -> data-lake/FLEX/8K/FLEX_2026-09-04_0001193125-26-382492.htm.gz
[quarterly-refresh-run] 2026-09-14T05:41:04.720294+00:00   FLEX: facts=202 kpi_updated=0 kpi_added=9 errors=0
[quarterly-refresh-run] 2026-09-14T05:41:04.743137+00:00 === FOX (docs, 1 filing(s)) ===
[quarterly-refresh-run] 2026-09-14T05:41:05.967260+00:00   FOX: facts=90 kpi_updated=0 kpi_added=0 errors=0
[quarterly-refresh-run] 2026-09-14T05:41:05.967275+00:00 === FOXA (docs, 1 filing(s)) ===
[quarterly-refresh-run] 2026-09-14T05:41:07.308248+00:00   FOXA: facts=90 kpi_updated=0 kpi_added=0 errors=0
[quarterly-refresh-run] 2026-09-14T05:41:07.308261+00:00 === FTV (docs, 1 filing(s)) ===
[quarterly-refresh-run] 2026-09-14T05:41:09.806808+00:00   FTV: facts=195 kpi_updated=0 kpi_added=0 errors=0
[quarterly-refresh-run] 2026-09-14T05:41:09.806821+00:00 === GE (docs, 1 filing(s)) ===
[quarterly-refresh-run] 2026-09-14T05:41:12.167245+00:00   GE: facts=138 kpi_updated=0 kpi_added=0 errors=0
[quarterly-refresh-run] 2026-09-14T05:41:12.167372+00:00 === GLW (docs, 3 filing(s)) ===
[quarterly-refresh-run] 2026-09-14T05:41:14.175290+00:00   GLW: facts=155 kpi_updated=0 kpi_added=0 errors=0
[quarterly-refresh-run] 2026-09-14T05:41:14.175302+00:00 === GPC (docs, 1 filing(s)) ===
[quarterly-refresh-run] 2026-09-14T05:41:16.102733+00:00   GPC: facts=136 kpi_updated=0 kpi_added=0 errors=0
[quarterly-refresh-run] 2026-09-14T05:41:16.102746+00:00 === HBAN (docs, 1 filing(s)) ===
[quarterly-refresh-run] 2026-09-14T05:41:18.362836+00:00   HBAN: facts=106 kpi_updated=0 kpi_added=0 errors=0
[quarterly-refresh-run] 2026-09-14T05:41:18.362849+00:00 === HPE (quarter, 2 filing(s)) ===
[quarterly-refresh-run] 2026-09-14T05:41:19.930793+00:00   HPE: facts=172 kpi_updated=0 kpi_added=0 errors=0
[quarterly-refresh-run] 2026-09-14T05:41:19.931035+00:00 === HSY (docs, 1 filing(s)) ===
[quarterly-refresh-run] 2026-09-14T05:41:21.478140+00:00   HSY: facts=137 kpi_updated=0 kpi_added=0 errors=0
[quarterly-refresh-run] 2026-09-14T05:41:21.478155+00:00 === HUM (docs, 1 filing(s)) ===
[quarterly-refresh-run] 2026-09-14T05:41:23.401635+00:00   HUM: facts=148 kpi_updated=0 kpi_added=0 errors=0
[quarterly-refresh-run] 2026-09-14T05:41:23.401648+00:00 === IEX (docs, 1 filing(s)) ===
[quarterly-refresh-run] 2026-09-14T05:41:24.980000+00:00   IEX: facts=181 kpi_updated=0 kpi_added=0 errors=0
[quarterly-refresh-run] 2026-09-14T05:41:24.980014+00:00 === INTU (annual, 1 filing(s)) ===
[quarterly-refresh-run] 2026-09-14T05:41:27.263680+00:00   INTU: facts=183 kpi_updated=0 kpi_added=0 errors=0
[quarterly-refresh-run] 2026-09-14T05:41:27.263693+00:00 === INVH (docs, 1 filing(s)) ===
[quarterly-refresh-run] 2026-09-14T05:41:28.806731+00:00   INVH: facts=121 kpi_updated=0 kpi_added=0 errors=0
[quarterly-refresh-run] 2026-09-14T05:41:28.808404+00:00 === IQV (docs, 1 filing(s)) ===
[quarterly-refresh-run] 2026-09-14T05:41:30.558062+00:00   IQV: facts=149 kpi_updated=0 kpi_added=0 errors=0
[quarterly-refresh-run] 2026-09-14T05:41:30.558075+00:00 === IVZ (docs, 1 filing(s)) ===
[quarterly-refresh-run] 2026-09-14T05:41:32.116787+00:00   IVZ: facts=149 kpi_updated=0 kpi_added=0 errors=0
[quarterly-refresh-run] 2026-09-14T05:41:32.116803+00:00 === KDP (docs, 1 filing(s)) ===
[quarterly-refresh-run] 2026-09-14T05:41:35.081434+00:00   KDP: facts=181 kpi_updated=0 kpi_added=0 errors=0
[quarterly-refresh-run] 2026-09-14T05:41:35.101607+00:00 === KEYS (quarter, 1 filing(s)) ===
[quarterly-refresh-run] 2026-09-14T05:41:37.212573+00:00   KEYS: facts=176 kpi_updated=0 kpi_added=0 errors=0
[quarterly-refresh-run] 2026-09-14T05:41:37.212585+00:00 === KMI (docs, 1 filing(s)) ===
[quarterly-refresh-run] 2026-09-14T05:41:40.015712+00:00   KMI: facts=154 kpi_updated=0 kpi_added=0 errors=0
[quarterly-refresh-run] 2026-09-14T05:41:40.015725+00:00 === KR (quarter, 3 filing(s)) ===
[quarterly-refresh-run] 2026-09-14T05:41:42.246967+00:00   KR: facts=118 kpi_updated=0 kpi_added=0 errors=0
[quarterly-refresh-run] 2026-09-14T05:41:42.247093+00:00 === LH (docs, 1 filing(s)) ===
[quarterly-refresh-run] 2026-09-14T05:41:44.131130+00:00   LH: facts=176 kpi_updated=0 kpi_added=0 errors=0
[quarterly-refresh-run] 2026-09-14T05:41:44.131141+00:00 === LOW (docs, 1 filing(s)) ===
[quarterly-refresh-run] 2026-09-14T05:41:46.120176+00:00   LOW: facts=185 kpi_updated=0 kpi_added=0 errors=0
[quarterly-refresh-run] 2026-09-14T05:41:46.120186+00:00 === LULU (quarter, 2 filing(s)) ===
[quarterly-refresh-run] 2026-09-14T05:41:48.301021+00:00   LULU: facts=167 kpi_updated=0 kpi_added=0 errors=0
[quarterly-refresh-run] 2026-09-14T05:41:48.301033+00:00 === MAA (docs, 1 filing(s)) ===
[quarterly-refresh-run] 2026-09-14T05:41:50.502578+00:00   MAA: facts=116 kpi_updated=0 kpi_added=0 errors=0
[quarterly-refresh-run] 2026-09-14T05:41:50.502592+00:00 === MDT (quarter, 2 filing(s)) ===
[quarterly-refresh-run] 2026-09-14T05:41:52.086143+00:00   MDT: facts=185 kpi_updated=0 kpi_added=0 errors=0
[quarterly-refresh-run] 2026-09-14T05:41:52.086198+00:00 === MMM (docs, 2 filing(s)) ===
[quarterly-refresh-run] 2026-09-14T05:41:55.103058+00:00   MMM: facts=142 kpi_updated=0 kpi_added=0 errors=0
[quarterly-refresh-run] 2026-09-14T05:41:55.103072+00:00 === MNST (docs, 1 filing(s)) ===
[quarterly-refresh-run] 2026-09-14T05:41:56.903692+00:00   MNST: facts=132 kpi_updated=0 kpi_added=0 errors=0
[quarterly-refresh-run] 2026-09-14T05:41:56.903757+00:00 === MPWR (docs, 1 filing(s)) ===
[quarterly-refresh-run] 2026-09-14T05:41:58.967182+00:00   MPWR: facts=198 kpi_updated=0 kpi_added=0 errors=0
[quarterly-refresh-run] 2026-09-14T05:41:58.967201+00:00 === MRNA (docs, 1 filing(s)) ===
[quarterly-refresh-run] 2026-09-14T05:42:01.198766+00:00   MRNA: facts=176 kpi_updated=0 kpi_added=0 errors=0
[quarterly-refresh-run] 2026-09-14T05:42:01.198852+00:00 === MSFT (docs, 1 filing(s)) ===
[quarterly-refresh-run] 2026-09-14T05:42:03.868542+00:00   MSFT: facts=220 kpi_updated=0 kpi_added=0 errors=0
[quarterly-refresh-run] 2026-09-14T05:42:03.868568+00:00 === MSI (docs, 1 filing(s)) ===
[quarterly-refresh-run] 2026-09-14T05:42:06.608764+00:00   MSI: facts=187 kpi_updated=0 kpi_added=0 errors=0
[quarterly-refresh-run] 2026-09-14T05:42:06.608970+00:00 === MSTR (docs, 2 filing(s)) ===
[quarterly-refresh-run] 2026-09-14T05:42:08.033411+00:00   MSTR: facts=202 kpi_updated=0 kpi_added=0 errors=0
[quarterly-refresh-run] 2026-09-14T05:42:08.033426+00:00 === NKE (docs, 1 filing(s)) ===
[quarterly-refresh-run] 2026-09-14T05:42:09.687359+00:00   NKE: facts=154 kpi_updated=0 kpi_added=0 errors=0
[quarterly-refresh-run] 2026-09-14T05:42:09.687375+00:00 === NTAP (quarter, 2 filing(s)) ===
[quarterly-refresh-run] 2026-09-14T05:42:11.941535+00:00   NTAP: facts=208 kpi_updated=0 kpi_added=0 errors=0
[quarterly-refresh-run] 2026-09-14T05:42:11.941555+00:00 === NVDA (docs, 1 filing(s)) ===
[quarterly-refresh-run] 2026-09-14T05:42:14.248966+00:00   NVDA: facts=196 kpi_updated=0 kpi_added=0 errors=0
[quarterly-refresh-run] 2026-09-14T05:42:14.249116+00:00 === NWS (docs, 6 filing(s)) ===
[quarterly-refresh-run] 2026-09-14T05:42:17.077927+00:00   NWS: facts=135 kpi_updated=0 kpi_added=0 errors=0
[quarterly-refresh-run] 2026-09-14T05:42:17.077941+00:00 === NWSA (docs, 6 filing(s)) ===
[quarterly-refresh-run] 2026-09-14T05:42:19.544590+00:00   NWSA: facts=135 kpi_updated=0 kpi_added=0 errors=0
[quarterly-refresh-run] 2026-09-14T05:42:19.544605+00:00 === NXPI (docs, 1 filing(s)) ===
[quarterly-refresh-run] 2026-09-14T05:42:22.878764+00:00   NXPI: facts=190 kpi_updated=0 kpi_added=0 errors=0
[quarterly-refresh-run] 2026-09-14T05:42:22.878909+00:00 === ODFL (docs, 1 filing(s)) ===
[quarterly-refresh-run] 2026-09-14T05:42:26.458363+00:00   ODFL: facts=121 kpi_updated=0 kpi_added=0 errors=0
[quarterly-refresh-run] 2026-09-14T05:42:26.458418+00:00 === ORCL (quarter, 2 filing(s)) ===
[quarterly-refresh-run] 2026-09-14T05:42:29.385921+00:00   ORCL: facts=187 kpi_updated=0 kpi_added=0 errors=0
[quarterly-refresh-run] 2026-09-14T05:42:29.385933+00:00 === PANW (annual, 2 filing(s)) ===
[quarterly-refresh-run] 2026-09-14T05:42:32.606741+00:00   PANW: facts=194 kpi_updated=0 kpi_added=0 errors=0
[quarterly-refresh-run] 2026-09-14T05:42:32.606788+00:00 === PAYX (docs, 1 filing(s)) ===
[quarterly-refresh-run] 2026-09-14T05:42:35.443380+00:00   PAYX: facts=141 kpi_updated=0 kpi_added=0 errors=0
[quarterly-refresh-run] 2026-09-14T05:42:35.443506+00:00 === PFG (docs, 1 filing(s)) ===
[quarterly-refresh-run] 2026-09-14T05:42:39.931492+00:00   PFG: facts=116 kpi_updated=0 kpi_added=0 errors=0
[quarterly-refresh-run] 2026-09-14T05:42:39.931529+00:00 === PH (docs, 3 filing(s)) ===
[quarterly-refresh-run] 2026-09-14T05:42:44.559375+00:00   PH: facts=143 kpi_updated=0 kpi_added=0 errors=0
[quarterly-refresh-run] 2026-09-14T05:42:44.559523+00:00 === PM (docs, 2 filing(s)) ===
[quarterly-refresh-run] 2026-09-14T05:42:47.048107+00:00   PM: facts=181 kpi_updated=0 kpi_added=0 errors=0
[quarterly-refresh-run] 2026-09-14T05:42:47.048121+00:00 === PNW (docs, 1 filing(s)) ===
[quarterly-refresh-run] 2026-09-14T05:42:49.294818+00:00   PNW: facts=121 kpi_updated=0 kpi_added=0 errors=0
[quarterly-refresh-run] 2026-09-14T05:42:49.294840+00:00 === PODD (docs, 1 filing(s)) ===
[quarterly-refresh-run] 2026-09-14T05:42:51.033429+00:00   PODD: facts=179 kpi_updated=0 kpi_added=0 errors=0
[quarterly-refresh-run] 2026-09-14T05:42:51.033551+00:00 === PSA (docs, 4 filing(s)) ===
[quarterly-refresh-run] 2026-09-14T05:42:52.946124+00:00   PSA: facts=125 kpi_updated=0 kpi_added=0 errors=0
[quarterly-refresh-run] 2026-09-14T05:42:52.946143+00:00 === Q (docs, 1 filing(s)) ===
[quarterly-refresh-run] 2026-09-14T05:42:54.473845+00:00   Q: facts=44 kpi_updated=0 kpi_added=0 errors=0
[quarterly-refresh-run] 2026-09-14T05:42:54.473869+00:00 === REG (docs, 1 filing(s)) ===
[quarterly-refresh-run] 2026-09-14T05:42:55.984849+00:00   REG: facts=85 kpi_updated=0 kpi_added=0 errors=0
[quarterly-refresh-run] 2026-09-14T05:42:55.984863+00:00 === RJF (docs, 1 filing(s)) ===
[quarterly-refresh-run] 2026-09-14T05:42:58.183161+00:00   RJF: facts=130 kpi_updated=0 kpi_added=0 errors=0
[quarterly-refresh-run] 2026-09-14T05:42:58.183175+00:00 === RL (docs, 1 filing(s)) ===
[quarterly-refresh-run] 2026-09-14T05:43:00.352915+00:00   RL: facts=166 kpi_updated=0 kpi_added=0 errors=0
[quarterly-refresh-run] 2026-09-14T05:43:00.352930+00:00 === RMD (docs, 1 filing(s)) ===
[quarterly-refresh-run] 2026-09-14T05:43:02.341844+00:00   RMD: facts=198 kpi_updated=0 kpi_added=0 errors=0
[quarterly-refresh-run] 2026-09-14T05:43:02.341899+00:00 === ROST (quarter, 1 filing(s)) ===
[quarterly-refresh-run] 2026-09-14T05:43:03.991364+00:00   ROST: facts=154 kpi_updated=0 kpi_added=0 errors=0
[quarterly-refresh-run] 2026-09-14T05:43:03.991375+00:00 === SNDK (docs, 1 filing(s)) ===
[quarterly-refresh-run] 2026-09-14T05:43:05.243500+00:00   SNDK: facts=100 kpi_updated=0 kpi_added=0 errors=0
[quarterly-refresh-run] 2026-09-14T05:43:05.243531+00:00 === STX (docs, 3 filing(s)) ===
[quarterly-refresh-run] 2026-09-14T05:43:07.204350+00:00   STX: facts=183 kpi_updated=0 kpi_added=0 errors=0
[quarterly-refresh-run] 2026-09-14T05:43:07.204364+00:00 === STZ (docs, 1 filing(s)) ===
[quarterly-refresh-run] 2026-09-14T05:43:10.207243+00:00   STZ: facts=179 kpi_updated=0 kpi_added=0 errors=0
[quarterly-refresh-run] 2026-09-14T05:43:10.207258+00:00 === SWK (docs, 1 filing(s)) ===
[quarterly-refresh-run] 2026-09-14T05:43:12.221380+00:00   SWK: facts=197 kpi_updated=0 kpi_added=0 errors=0
[quarterly-refresh-run] 2026-09-14T05:43:12.221394+00:00 === SWKS (docs, 1 filing(s)) ===
[quarterly-refresh-run] 2026-09-14T05:43:13.810010+00:00   SWKS: facts=206 kpi_updated=0 kpi_added=0 errors=0
[quarterly-refresh-run] 2026-09-14T05:43:13.810245+00:00 === SYY (docs, 3 filing(s)) ===
[quarterly-refresh-run] 2026-09-14T05:43:15.362066+00:00   SYY: facts=179 kpi_updated=0 kpi_added=0 errors=0
[quarterly-refresh-run] 2026-09-14T05:43:15.362083+00:00 === T (docs, 1 filing(s)) ===
[quarterly-refresh-run] 2026-09-14T05:43:17.469758+00:00   T: facts=147 kpi_updated=0 kpi_added=0 errors=0
[quarterly-refresh-run] 2026-09-14T05:43:17.469780+00:00 === TMUS (docs, 1 filing(s)) ===
[quarterly-refresh-run] 2026-09-14T05:43:19.736715+00:00   TMUS: facts=176 kpi_updated=0 kpi_added=0 errors=0
[quarterly-refresh-run] 2026-09-14T05:43:19.736727+00:00 === TSN (docs, 1 filing(s)) ===
[quarterly-refresh-run] 2026-09-14T05:43:21.330270+00:00   TSN: facts=188 kpi_updated=0 kpi_added=0 errors=0
[quarterly-refresh-run] 2026-09-14T05:43:21.330510+00:00 === TTD (docs, 1 filing(s)) ===
[quarterly-refresh-run] 2026-09-14T05:43:22.858748+00:00   TTD: facts=176 kpi_updated=0 kpi_added=0 errors=0
[quarterly-refresh-run] 2026-09-14T05:43:22.858762+00:00 === UDR (docs, 1 filing(s)) ===
[quarterly-refresh-run] 2026-09-14T05:43:24.670089+00:00   UDR: facts=137 kpi_updated=0 kpi_added=0 errors=0
[quarterly-refresh-run] 2026-09-14T05:43:24.670106+00:00 === UNH (docs, 1 filing(s)) ===
[quarterly-refresh-run] 2026-09-14T05:43:26.751825+00:00   UNH: facts=154 kpi_updated=0 kpi_added=0 errors=0
[quarterly-refresh-run] 2026-09-14T05:43:26.751842+00:00 === URI (docs, 1 filing(s)) ===
[quarterly-refresh-run] 2026-09-14T05:43:28.342847+00:00   URI: facts=184 kpi_updated=0 kpi_added=0 errors=0
[quarterly-refresh-run] 2026-09-14T05:43:28.342937+00:00 === VICI (docs, 1 filing(s)) ===
[quarterly-refresh-run] 2026-09-14T05:43:29.999986+00:00   VICI: facts=121 kpi_updated=0 kpi_added=0 errors=0
[quarterly-refresh-run] 2026-09-14T05:43:29.999999+00:00 === VRSK (docs, 1 filing(s)) ===
[quarterly-refresh-run] 2026-09-14T05:43:31.790178+00:00   VRSK: facts=174 kpi_updated=0 kpi_added=0 errors=0
[quarterly-refresh-run] 2026-09-14T05:43:31.790192+00:00 === VRT (docs, 2 filing(s)) ===
[quarterly-refresh-run] 2026-09-14T05:43:33.581774+00:00   VRT: facts=163 kpi_updated=0 kpi_added=0 errors=0
[quarterly-refresh-run] 2026-09-14T05:43:33.581789+00:00 === VRTX (docs, 1 filing(s)) ===
[quarterly-refresh-run] 2026-09-14T05:43:35.596316+00:00   VRTX: facts=176 kpi_updated=0 kpi_added=0 errors=0
[quarterly-refresh-run] 2026-09-14T05:43:35.596417+00:00 === VST (docs, 1 filing(s)) ===
[quarterly-refresh-run] 2026-09-14T05:43:37.177175+00:00   VST: facts=154 kpi_updated=0 kpi_added=0 errors=0
[quarterly-refresh-run] 2026-09-14T05:43:37.177188+00:00 === WEC (docs, 1 filing(s)) ===
[quarterly-refresh-run] 2026-09-14T05:43:39.114839+00:00   WEC: facts=112 kpi_updated=0 kpi_added=0 errors=0
[quarterly-refresh-run] 2026-09-14T05:43:39.114852+00:00 === WMB (docs, 4 filing(s)) ===
[quarterly-refresh-run] 2026-09-14T05:43:41.292484+00:00   WMB: facts=143 kpi_updated=0 kpi_added=0 errors=0
[quarterly-refresh-run] 2026-09-14T05:43:41.292497+00:00 === WYNN (docs, 2 filing(s)) ===
[quarterly-refresh-run] 2026-09-14T05:43:42.931003+00:00   WYNN: facts=132 kpi_updated=0 kpi_added=0 errors=0
[quarterly-refresh-run] 2026-09-14T05:43:42.931104+00:00 === XYL (docs, 1 filing(s)) ===
[quarterly-refresh-run] 2026-09-14T05:43:44.879905+00:00   XYL: facts=187 kpi_updated=0 kpi_added=0 errors=0
[quarterly-refresh-run] 2026-09-14T05:43:44.879920+00:00 === YUM (docs, 1 filing(s)) ===
[quarterly-refresh-run] 2026-09-14T05:43:46.886695+00:00   YUM: facts=154 kpi_updated=0 kpi_added=0 errors=0
[quarterly-refresh-run] 2026-09-14T05:43:46.886707+00:00 === ZBH (docs, 1 filing(s)) ===
[quarterly-refresh-run] 2026-09-14T05:43:51.226421+00:00   ZBH: facts=174 kpi_updated=0 kpi_added=0 errors=0
[quarterly-refresh-run] 2026-09-14T05:43:51.227765+00:00 Ecrit /Users/yann/spx-app/.conv-state/quarterly-refresh-run-result.json (125 ste(s))
[quarterly-refresh] run rc=0
[lock1] A: OK (4/7 points concordants, 0 écarts, 3 invérifiables)
[lock1] AAPL: OK (4/7 points concordants, 0 écarts, 3 invérifiables)
[lock1] ABBV: OK (4/7 points concordants, 0 écarts, 3 invérifiables)
[lock1] ADBE: OK (4/6 points concordants, 0 écarts, 2 invérifiables)
[lock1] ADI: OK (4/7 points concordants, 0 écarts, 3 invérifiables)
[lock1] ADSK: OK (4/7 points concordants, 0 écarts, 3 invérifiables)
[lock1] AIG: OK (3/5 points concordants, 0 écarts, 2 invérifiables)
[lock1] ALB: OK (4/7 points concordants, 0 écarts, 3 invérifiables)
[lock1] ALLE: OK (3/7 points concordants, 0 écarts, 4 invérifiables)
[lock1] AMT: OK (3/6 points concordants, 0 écarts, 3 invérifiables)
[lock1] AMZN: OK (5/5 points concordants, 0 écarts, 0 invérifiables)
[lock1] AON: OK (4/6 points concordants, 0 écarts, 2 invérifiables)
[lock1] APH: OK (4/7 points concordants, 0 écarts, 3 invérifiables)
[lock1] AVGO: OK (3/6 points concordants, 0 écarts, 3 invérifiables)
[lock1] AWK: OK (4/6 points concordants, 0 écarts, 2 invérifiables)
[lock1] BALL: OK (2/5 points concordants, 0 écarts, 3 invérifiables)
[lock1] BBY: OK (3/6 points concordants, 0 écarts, 3 invérifiables)
[lock1] BF.B: OK (6/6 points concordants, 0 écarts, 0 invérifiables)
[lock1] BG: OK (4/7 points concordants, 0 écarts, 3 invérifiables)
[lock1] BKR: OK (3/6 points concordants, 0 écarts, 3 invérifiables)
[lock1] BRO: OK (4/6 points concordants, 0 écarts, 2 invérifiables)
[lock1] CASY: OK (6/6 points concordants, 0 écarts, 0 invérifiables)
[lock1] CAT: OK (3/6 points concordants, 0 écarts, 3 invérifiables)
[lock1] CF: OK (3/5 points concordants, 0 écarts, 2 invérifiables)
[lock1] CIEN: OK (4/7 points concordants, 0 écarts, 3 invérifiables)
[lock1] CME: OK (4/6 points concordants, 0 écarts, 2 invérifiables)
[lock1] CNP: OK (4/6 points concordants, 0 écarts, 2 invérifiables)
[lock1] COF: OK (4/6 points concordants, 0 écarts, 2 invérifiables)
[lock1] COIN: OK (4/6 points concordants, 0 écarts, 2 invérifiables)
[lock1] COO: OK (4/7 points concordants, 0 écarts, 3 invérifiables)
[lock1] CPB: OK (4/7 points concordants, 0 écarts, 3 invérifiables)
[lock1] CPRT: OK (3/5 points concordants, 0 écarts, 2 invérifiables)
[lock1] CRM: OK (4/7 points concordants, 0 écarts, 3 invérifiables)
[lock1] CSCO: OK (7/7 points concordants, 0 écarts, 0 invérifiables)
[lock1] CTVA: OK (4/6 points concordants, 0 écarts, 2 invérifiables)
[lock1] DD: OK (4/5 points concordants, 0 écarts, 1 invérifiables)
[lock1] DELL: OK (4/7 points concordants, 0 écarts, 3 invérifiables)
[lock1] DTE: OK (3/4 points concordants, 0 écarts, 1 invérifiables)
[lock1] DXCM: OK (4/7 points concordants, 0 écarts, 3 invérifiables)
[lock1] ED: OK (4/5 points concordants, 0 écarts, 1 invérifiables)
[lock1] EL: OK (6/6 points concordants, 0 écarts, 0 invérifiables)
[lock1] ELV: OK (4/6 points concordants, 0 écarts, 2 invérifiables)
[lock1] ESS: OK (3/4 points concordants, 0 écarts, 1 invérifiables)
[lock1] ETR: OK (3/5 points concordants, 0 écarts, 2 invérifiables)
[lock1] FCX: OK (3/4 points concordants, 0 écarts, 1 invérifiables)
[lock1] FDX: OK (5/5 points concordants, 0 écarts, 0 invérifiables)
[lock1] FDXF: OK (1/1 points concordants, 0 écarts, 0 invérifiables)
[lock1] FLEX: OK (5/6 points concordants, 0 écarts, 1 invérifiables)
[lock1] FOX: OK (5/5 points concordants, 0 écarts, 0 invérifiables)
[lock1] FOXA: OK (5/5 points concordants, 0 écarts, 0 invérifiables)
[lock1] FTV: OK (4/7 points concordants, 0 écarts, 3 invérifiables)
[lock1] GE: OK (4/6 points concordants, 0 écarts, 2 invérifiables)
[lock1] GLW: OK (4/6 points concordants, 0 écarts, 2 invérifiables)
[lock1] GPC: OK (4/6 points concordants, 0 écarts, 2 invérifiables)
[lock1] HBAN: OK (4/6 points concordants, 0 écarts, 2 invérifiables)
[lock1] HPE: OK (4/6 points concordants, 0 écarts, 2 invérifiables)
[lock1] HSY: OK (3/6 points concordants, 0 écarts, 3 invérifiables)
[lock1] HUM: OK (4/6 points concordants, 0 écarts, 2 invérifiables)
[lock1] IEX: OK (4/7 points concordants, 0 écarts, 3 invérifiables)
[lock1] INTU: OK (7/7 points concordants, 0 écarts, 0 invérifiables)
[lock1] INVH: OK (4/5 points concordants, 0 écarts, 1 invérifiables)
[lock1] IQV: OK (4/5 points concordants, 0 écarts, 1 invérifiables)
[lock1] IVZ: OK (3/6 points concordants, 0 écarts, 3 invérifiables)
[lock1] KDP: OK (4/7 points concordants, 0 écarts, 3 invérifiables)
[lock1] KEYS: OK (4/7 points concordants, 0 écarts, 3 invérifiables)
[lock1] KMI: OK (3/6 points concordants, 0 écarts, 3 invérifiables)
[lock1] KR: OK (2/5 points concordants, 0 écarts, 3 invérifiables)
[lock1] LH: OK (4/6 points concordants, 0 écarts, 2 invérifiables)
[lock1] LOW: OK (4/6 points concordants, 0 écarts, 2 invérifiables)
[lock1] LULU: OK (4/6 points concordants, 0 écarts, 2 invérifiables)
[lock1] MAA: OK (4/5 points concordants, 0 écarts, 1 invérifiables)
[lock1] MDT: OK (7/7 points concordants, 0 écarts, 0 invérifiables)
[lock1] MMM: OK (4/7 points concordants, 0 écarts, 3 invérifiables)
[lock1] MNST: OK (2/4 points concordants, 0 écarts, 2 invérifiables)
[lock1] MPWR: OK (4/7 points concordants, 0 écarts, 3 invérifiables)
[lock1] MRNA: OK (3/7 points concordants, 0 écarts, 4 invérifiables)
[lock1] MSFT: OK (7/7 points concordants, 0 écarts, 0 invérifiables)
[lock1] MSI: OK (4/6 points concordants, 0 écarts, 2 invérifiables)
[lock1] MSTR: OK (4/7 points concordants, 0 écarts, 3 invérifiables)
[lock1] NKE: OK (6/6 points concordants, 0 écarts, 0 invérifiables)
[lock1] NTAP: OK (7/7 points concordants, 0 écarts, 0 invérifiables)
[lock1] NVDA: OK (4/6 points concordants, 0 écarts, 2 invérifiables)
[lock1] NWS: OK (5/6 points concordants, 0 écarts, 1 invérifiables)
[lock1] NWSA: OK (5/6 points concordants, 0 écarts, 1 invérifiables)
[lock1] NXPI: OK (4/7 points concordants, 0 écarts, 3 invérifiables)
[lock1] ODFL: OK (3/4 points concordants, 0 écarts, 1 invérifiables)
[lock1] ORCL: OK (7/7 points concordants, 0 écarts, 0 invérifiables)
[lock1] PANW: OK (6/6 points concordants, 0 écarts, 0 invérifiables)
[lock1] PAYX: OK (6/6 points concordants, 0 écarts, 0 invérifiables)
[lock1] PFG: OK (4/5 points concordants, 0 écarts, 1 invérifiables)
[lock1] PH: OK (6/6 points concordants, 0 écarts, 0 invérifiables)
[lock1] PM: OK (4/7 points concordants, 0 écarts, 3 invérifiables)
[lock1] PNW: OK (3/4 points concordants, 0 écarts, 1 invérifiables)
[lock1] PODD: OK (4/7 points concordants, 0 écarts, 3 invérifiables)
[lock1] PSA: OK (4/5 points concordants, 0 écarts, 1 invérifiables)
[lock1] Q: OK (3/5 points concordants, 0 écarts, 2 invérifiables)
[lock1] REG: OK (3/4 points concordants, 0 écarts, 1 invérifiables)
[lock1] RJF: OK (4/6 points concordants, 0 écarts, 2 invérifiables)
[lock1] RL: OK (5/5 points concordants, 0 écarts, 0 invérifiables)
[lock1] RMD: OK (7/7 points concordants, 0 écarts, 0 invérifiables)
[lock1] ROST: OK (4/6 points concordants, 0 écarts, 2 invérifiables)
[lock1] SNDK: OK (7/7 points concordants, 0 écarts, 0 invérifiables)
[lock1] STX: OK (7/7 points concordants, 0 écarts, 0 invérifiables)
[lock1] STZ: OK (5/5 points concordants, 0 écarts, 0 invérifiables)
[lock1] SWK: OK (4/7 points concordants, 0 écarts, 3 invérifiables)
[lock1] SWKS: OK (4/7 points concordants, 0 écarts, 3 invérifiables)
[lock1] SYY: OK (5/5 points concordants, 0 écarts, 0 invérifiables)
[lock1] T: OK (4/5 points concordants, 0 écarts, 1 invérifiables)
[lock1] TMUS: OK (4/6 points concordants, 0 écarts, 2 invérifiables)
[lock1] TSN: OK (4/7 points concordants, 0 écarts, 3 invérifiables)
[lock1] TTD: OK (4/7 points concordants, 0 écarts, 3 invérifiables)
[lock1] UDR: OK (4/5 points concordants, 0 écarts, 1 invérifiables)
[lock1] UNH: OK (4/6 points concordants, 0 écarts, 2 invérifiables)
[lock1] URI: OK (4/5 points concordants, 0 écarts, 1 invérifiables)
[lock1] VICI: OK (4/5 points concordants, 0 écarts, 1 invérifiables)
[lock1] VRSK: OK (4/7 points concordants, 0 écarts, 3 invérifiables)
[lock1] VRT: OK (4/7 points concordants, 0 écarts, 3 invérifiables)
[lock1] VRTX: OK (4/7 points concordants, 0 écarts, 3 invérifiables)
[lock1] VST: OK (4/6 points concordants, 0 écarts, 2 invérifiables)
[lock1] WEC: OK (2/3 points concordants, 0 écarts, 1 invérifiables)
[lock1] WMB: OK (4/6 points concordants, 0 écarts, 2 invérifiables)
[lock1] WYNN: OK (3/5 points concordants, 0 écarts, 2 invérifiables)
[lock1] XYL: OK (4/6 points concordants, 0 écarts, 2 invérifiables)
[lock1] YUM: OK (4/6 points concordants, 0 écarts, 2 invérifiables)
[lock1] ZBH: OK (4/7 points concordants, 0 écarts, 3 invérifiables)
[lock1] résultat écrit: /Users/yann/spx-app/.conv-state/qr-lock1-result.json
[quarterly-refresh] lock1 rc=0
[lock2] A: INCOMPLETE (3/22 KPI à jour, 19 manquants, todo=['ec_synthesis', 'stories_rotation', 'risks', 'segments_geo', 'events', 'profit_warning', 'governance', 'governance_top_holders', 'dilution', 'description', 'headcount', 'ai_positioning'], lock1=OK)
[lock2] AAPL: INCOMPLETE (2/12 KPI à jour, 10 manquants, todo=['ec_synthesis', 'stories_rotation', 'risks', 'segments_geo', 'events', 'profit_warning', 'governance', 'governance_top_holders', 'dilution', 'description', 'headcount', 'ai_positioning'], lock1=OK)
[lock2] ABBV: INCOMPLETE (3/11 KPI à jour, 8 manquants, todo=['ec_synthesis', 'stories_rotation', 'risks', 'segments_geo', 'events', 'profit_warning', 'governance', 'governance_top_holders', 'dilution', 'description', 'headcount', 'ai_positioning'], lock1=OK)
[lock2] ADBE: INCOMPLETE (3/20 KPI à jour, 17 manquants, todo=['ec_synthesis', 'stories_rotation', 'risks', 'segments_geo', 'events', 'profit_warning', 'governance', 'governance_top_holders', 'dilution', 'description', 'headcount', 'ai_positioning'], lock1=OK)
[lock2] ADI: INCOMPLETE (3/16 KPI à jour, 13 manquants, todo=['ec_synthesis', 'stories_rotation', 'risks', 'segments_geo', 'events', 'profit_warning', 'governance', 'governance_top_holders', 'dilution', 'description', 'headcount', 'ai_positioning'], lock1=OK)
[lock2] ADSK: INCOMPLETE (5/17 KPI à jour, 12 manquants, todo=['ec_synthesis', 'stories_rotation', 'risks', 'segments_geo', 'events', 'profit_warning', 'governance', 'governance_top_holders', 'dilution', 'description', 'headcount', 'ai_positioning'], lock1=OK)
[lock2] AIG: INCOMPLETE (2/13 KPI à jour, 11 manquants, todo=['ec_synthesis', 'stories_rotation', 'risks', 'segments_geo', 'events', 'profit_warning', 'governance', 'governance_top_holders', 'dilution', 'description', 'headcount', 'ai_positioning'], lock1=OK)
[lock2] ALB: INCOMPLETE (3/20 KPI à jour, 17 manquants, todo=['ec_synthesis', 'stories_rotation', 'risks', 'segments_geo', 'events', 'profit_warning', 'governance', 'governance_top_holders', 'dilution', 'description', 'headcount', 'ai_positioning'], lock1=OK)
[lock2] ALLE: INCOMPLETE (4/9 KPI à jour, 5 manquants, todo=['ec_synthesis', 'stories_rotation', 'risks', 'segments_geo', 'events', 'profit_warning', 'governance', 'governance_top_holders', 'dilution', 'description', 'headcount', 'ai_positioning'], lock1=OK)
[lock2] AMT: INCOMPLETE (2/10 KPI à jour, 8 manquants, todo=['ec_synthesis', 'stories_rotation', 'risks', 'segments_geo', 'events', 'profit_warning', 'governance', 'governance_top_holders', 'dilution', 'description', 'headcount', 'ai_positioning'], lock1=OK)
[lock2] AMZN: INCOMPLETE (2/15 KPI à jour, 13 manquants, todo=['ec_synthesis', 'stories_rotation', 'risks', 'segments_geo', 'events', 'profit_warning', 'governance', 'governance_top_holders', 'dilution', 'description', 'headcount', 'ai_positioning'], lock1=OK)
[lock2] AON: INCOMPLETE (3/16 KPI à jour, 13 manquants, todo=['ec_synthesis', 'stories_rotation', 'risks', 'segments_geo', 'events', 'profit_warning', 'governance', 'governance_top_holders', 'dilution', 'description', 'headcount', 'ai_positioning'], lock1=OK)
[lock2] APH: INCOMPLETE (4/7 KPI à jour, 3 manquants, todo=['ec_synthesis', 'stories_rotation', 'risks', 'segments_geo', 'events', 'profit_warning', 'governance', 'governance_top_holders', 'dilution', 'description', 'headcount', 'ai_positioning'], lock1=OK)
[lock2] AVGO: INCOMPLETE (2/10 KPI à jour, 8 manquants, todo=['ec_synthesis', 'stories_rotation', 'risks', 'segments_geo', 'events', 'profit_warning', 'governance', 'governance_top_holders', 'dilution', 'description', 'headcount', 'ai_positioning'], lock1=OK)
[lock2] AWK: INCOMPLETE (3/9 KPI à jour, 6 manquants, todo=['ec_synthesis', 'stories_rotation', 'risks', 'segments_geo', 'events', 'profit_warning', 'governance', 'governance_top_holders', 'dilution', 'description', 'headcount', 'ai_positioning'], lock1=OK)
[lock2] BALL: INCOMPLETE (3/7 KPI à jour, 4 manquants, todo=['ec_synthesis', 'stories_rotation', 'risks', 'segments_geo', 'events', 'profit_warning', 'governance', 'governance_top_holders', 'dilution', 'description', 'headcount', 'ai_positioning'], lock1=OK)
[lock2] BBY: INCOMPLETE (3/14 KPI à jour, 11 manquants, todo=['ec_synthesis', 'stories_rotation', 'risks', 'segments_geo', 'events', 'profit_warning', 'governance', 'governance_top_holders', 'dilution', 'description', 'headcount', 'ai_positioning'], lock1=OK)
[lock2] BF.B: INCOMPLETE (3/6 KPI à jour, 3 manquants, todo=['ec_synthesis', 'stories_rotation', 'risks', 'segments_geo', 'events', 'profit_warning', 'governance', 'governance_top_holders', 'dilution', 'description', 'headcount', 'ai_positioning'], lock1=OK)
[lock2] BG: INCOMPLETE (0/7 KPI à jour, 7 manquants, todo=['ec_synthesis', 'stories_rotation', 'risks', 'segments_geo', 'events', 'profit_warning', 'governance', 'governance_top_holders', 'dilution', 'description', 'headcount', 'ai_positioning'], lock1=OK)
[lock2] BKR: INCOMPLETE (2/13 KPI à jour, 11 manquants, todo=['ec_synthesis', 'stories_rotation', 'risks', 'segments_geo', 'events', 'profit_warning', 'governance', 'governance_top_holders', 'dilution', 'description', 'headcount', 'ai_positioning'], lock1=OK)
[lock2] BRO: INCOMPLETE (5/10 KPI à jour, 5 manquants, todo=['ec_synthesis', 'stories_rotation', 'risks', 'segments_geo', 'events', 'profit_warning', 'governance', 'governance_top_holders', 'dilution', 'description', 'headcount', 'ai_positioning'], lock1=OK)
[lock2] CASY: INCOMPLETE (3/18 KPI à jour, 15 manquants, todo=['ec_synthesis', 'stories_rotation', 'risks', 'segments_geo', 'events', 'profit_warning', 'governance', 'governance_top_holders', 'dilution', 'description', 'headcount', 'ai_positioning'], lock1=OK)
[lock2] CAT: INCOMPLETE (2/9 KPI à jour, 7 manquants, todo=['ec_synthesis', 'stories_rotation', 'risks', 'segments_geo', 'events', 'profit_warning', 'governance', 'governance_top_holders', 'dilution', 'description', 'headcount', 'ai_positioning'], lock1=OK)
[lock2] CF: INCOMPLETE (4/18 KPI à jour, 14 manquants, todo=['ec_synthesis', 'stories_rotation', 'risks', 'segments_geo', 'events', 'profit_warning', 'governance', 'governance_top_holders', 'dilution', 'description', 'headcount', 'ai_positioning'], lock1=OK)
[lock2] CIEN: INCOMPLETE (3/6 KPI à jour, 3 manquants, todo=['ec_synthesis', 'stories_rotation', 'risks', 'segments_geo', 'events', 'profit_warning', 'governance', 'governance_top_holders', 'dilution', 'description', 'headcount', 'ai_positioning'], lock1=OK)
[lock2] CME: INCOMPLETE (3/13 KPI à jour, 10 manquants, todo=['ec_synthesis', 'stories_rotation', 'risks', 'segments_geo', 'events', 'profit_warning', 'governance', 'governance_top_holders', 'dilution', 'description', 'headcount', 'ai_positioning'], lock1=OK)
[lock2] CNP: INCOMPLETE (0/7 KPI à jour, 7 manquants, todo=['ec_synthesis', 'stories_rotation', 'risks', 'segments_geo', 'events', 'profit_warning', 'governance', 'governance_top_holders', 'dilution', 'description', 'headcount', 'ai_positioning'], lock1=OK)
[lock2] COF: INCOMPLETE (3/22 KPI à jour, 19 manquants, todo=['ec_synthesis', 'stories_rotation', 'risks', 'segments_geo', 'events', 'profit_warning', 'governance', 'governance_top_holders', 'dilution', 'description', 'headcount', 'ai_positioning'], lock1=OK)
[lock2] COIN: INCOMPLETE (3/9 KPI à jour, 6 manquants, todo=['ec_synthesis', 'stories_rotation', 'risks', 'segments_geo', 'events', 'profit_warning', 'governance', 'governance_top_holders', 'dilution', 'description', 'headcount', 'ai_positioning'], lock1=OK)
[lock2] COO: INCOMPLETE (3/16 KPI à jour, 13 manquants, todo=['ec_synthesis', 'stories_rotation', 'risks', 'segments_geo', 'events', 'profit_warning', 'governance', 'governance_top_holders', 'dilution', 'description', 'headcount', 'ai_positioning'], lock1=OK)
[lock2] CPB: INCOMPLETE (3/12 KPI à jour, 9 manquants, todo=['ec_synthesis', 'stories_rotation', 'risks', 'segments_geo', 'events', 'profit_warning', 'governance', 'governance_top_holders', 'dilution', 'description', 'headcount', 'ai_positioning'], lock1=OK)
[lock2] CPRT: INCOMPLETE (2/15 KPI à jour, 13 manquants, todo=['ec_synthesis', 'stories_rotation', 'risks', 'segments_geo', 'events', 'profit_warning', 'governance', 'governance_top_holders', 'dilution', 'description', 'headcount', 'ai_positioning'], lock1=OK)
[lock2] CRM: INCOMPLETE (4/14 KPI à jour, 10 manquants, todo=['ec_synthesis', 'stories_rotation', 'risks', 'segments_geo', 'events', 'profit_warning', 'governance', 'governance_top_holders', 'dilution', 'description', 'headcount', 'ai_positioning'], lock1=OK)
[lock2] CSCO: INCOMPLETE (3/17 KPI à jour, 14 manquants, todo=['ec_synthesis', 'stories_rotation', 'risks', 'segments_geo', 'events', 'profit_warning', 'governance', 'governance_top_holders', 'dilution', 'description', 'headcount', 'ai_positioning'], lock1=OK)
[lock2] CTVA: INCOMPLETE (3/3 KPI à jour, 0 manquants, todo=['ec_synthesis', 'stories_rotation', 'risks', 'segments_geo', 'events', 'profit_warning', 'governance', 'governance_top_holders', 'dilution', 'description', 'headcount', 'ai_positioning'], lock1=OK)
[lock2] DD: INCOMPLETE (3/6 KPI à jour, 3 manquants, todo=['ec_synthesis', 'stories_rotation', 'risks', 'segments_geo', 'events', 'profit_warning', 'governance', 'governance_top_holders', 'dilution', 'description', 'headcount', 'ai_positioning'], lock1=OK)
[lock2] DELL: INCOMPLETE (3/10 KPI à jour, 7 manquants, todo=['ec_synthesis', 'stories_rotation', 'risks', 'segments_geo', 'events', 'profit_warning', 'governance', 'governance_top_holders', 'dilution', 'description', 'headcount', 'ai_positioning'], lock1=OK)
[lock2] DTE: INCOMPLETE (0/4 KPI à jour, 4 manquants, todo=['ec_synthesis', 'stories_rotation', 'risks', 'segments_geo', 'events', 'profit_warning', 'governance', 'governance_top_holders', 'dilution', 'description', 'headcount', 'ai_positioning'], lock1=OK)
[lock2] DXCM: INCOMPLETE (3/16 KPI à jour, 13 manquants, todo=['ec_synthesis', 'stories_rotation', 'risks', 'segments_geo', 'events', 'profit_warning', 'governance', 'governance_top_holders', 'dilution', 'description', 'headcount', 'ai_positioning'], lock1=OK)
[lock2] ED: INCOMPLETE (2/10 KPI à jour, 8 manquants, todo=['ec_synthesis', 'stories_rotation', 'risks', 'segments_geo', 'events', 'profit_warning', 'governance', 'governance_top_holders', 'dilution', 'description', 'headcount', 'ai_positioning'], lock1=OK)
[lock2] EL: INCOMPLETE (0/7 KPI à jour, 7 manquants, todo=['ec_synthesis', 'stories_rotation', 'risks', 'segments_geo', 'events', 'profit_warning', 'governance', 'governance_top_holders', 'dilution', 'description', 'headcount', 'ai_positioning'], lock1=OK)
[lock2] ELV: INCOMPLETE (3/18 KPI à jour, 15 manquants, todo=['ec_synthesis', 'stories_rotation', 'risks', 'segments_geo', 'events', 'profit_warning', 'governance', 'governance_top_holders', 'dilution', 'description', 'headcount', 'ai_positioning'], lock1=OK)
[lock2] ESS: INCOMPLETE (2/12 KPI à jour, 10 manquants, todo=['ec_synthesis', 'stories_rotation', 'risks', 'segments_geo', 'events', 'profit_warning', 'governance', 'governance_top_holders', 'dilution', 'description', 'headcount', 'ai_positioning'], lock1=OK)
[lock2] ETR: INCOMPLETE (0/4 KPI à jour, 4 manquants, todo=['ec_synthesis', 'stories_rotation', 'risks', 'segments_geo', 'events', 'profit_warning', 'governance', 'governance_top_holders', 'dilution', 'description', 'headcount', 'ai_positioning'], lock1=OK)
[lock2] FCX: INCOMPLETE (2/17 KPI à jour, 15 manquants, todo=['ec_synthesis', 'stories_rotation', 'risks', 'segments_geo', 'events', 'profit_warning', 'governance', 'governance_top_holders', 'dilution', 'description', 'headcount', 'ai_positioning'], lock1=OK)
[lock2] FDX: INCOMPLETE (0/7 KPI à jour, 7 manquants, todo=['ec_synthesis', 'stories_rotation', 'risks', 'segments_geo', 'events', 'profit_warning', 'governance', 'governance_top_holders', 'dilution', 'description', 'headcount', 'ai_positioning'], lock1=OK)
[lock2] FDXF: INCOMPLETE (6/9 KPI à jour, 3 manquants, todo=['ec_synthesis', 'stories_rotation', 'risks', 'segments_geo', 'events', 'profit_warning', 'governance', 'governance_top_holders', 'dilution', 'description', 'headcount', 'ai_positioning'], lock1=OK)
[lock2] FLEX: INCOMPLETE (8/10 KPI à jour, 2 manquants, todo=['ec_synthesis', 'stories_rotation', 'risks', 'segments_geo', 'events', 'profit_warning', 'governance', 'governance_top_holders', 'dilution', 'description', 'headcount', 'ai_positioning'], lock1=OK)
[lock2] FOX: INCOMPLETE (0/4 KPI à jour, 4 manquants, todo=['ec_synthesis', 'stories_rotation', 'risks', 'segments_geo', 'events', 'profit_warning', 'governance', 'governance_top_holders', 'dilution', 'description', 'headcount', 'ai_positioning'], lock1=OK)
[lock2] FOXA: INCOMPLETE (0/5 KPI à jour, 5 manquants, todo=['ec_synthesis', 'stories_rotation', 'risks', 'segments_geo', 'events', 'profit_warning', 'governance', 'governance_top_holders', 'dilution', 'description', 'headcount', 'ai_positioning'], lock1=OK)
[lock2] FTV: INCOMPLETE (0/5 KPI à jour, 5 manquants, todo=['ec_synthesis', 'stories_rotation', 'risks', 'segments_geo', 'events', 'profit_warning', 'governance', 'governance_top_holders', 'dilution', 'description', 'headcount', 'ai_positioning'], lock1=OK)
[lock2] GE: INCOMPLETE (3/13 KPI à jour, 10 manquants, todo=['ec_synthesis', 'stories_rotation', 'risks', 'segments_geo', 'events', 'profit_warning', 'governance', 'governance_top_holders', 'dilution', 'description', 'headcount', 'ai_positioning'], lock1=OK)
[lock2] GLW: INCOMPLETE (3/11 KPI à jour, 8 manquants, todo=['ec_synthesis', 'stories_rotation', 'risks', 'segments_geo', 'events', 'profit_warning', 'governance', 'governance_top_holders', 'dilution', 'description', 'headcount', 'ai_positioning'], lock1=OK)
[lock2] GPC: INCOMPLETE (3/11 KPI à jour, 8 manquants, todo=['ec_synthesis', 'stories_rotation', 'risks', 'segments_geo', 'events', 'profit_warning', 'governance', 'governance_top_holders', 'dilution', 'description', 'headcount', 'ai_positioning'], lock1=OK)
[lock2] HBAN: INCOMPLETE (0/10 KPI à jour, 10 manquants, todo=['ec_synthesis', 'stories_rotation', 'risks', 'segments_geo', 'events', 'profit_warning', 'governance', 'governance_top_holders', 'dilution', 'description', 'headcount', 'ai_positioning'], lock1=OK)
[lock2] HPE: INCOMPLETE (5/9 KPI à jour, 4 manquants, todo=['ec_synthesis', 'stories_rotation', 'risks', 'segments_geo', 'events', 'profit_warning', 'governance', 'governance_top_holders', 'dilution', 'description', 'headcount', 'ai_positioning'], lock1=OK)
[lock2] HSY: INCOMPLETE (2/5 KPI à jour, 3 manquants, todo=['ec_synthesis', 'stories_rotation', 'risks', 'segments_geo', 'events', 'profit_warning', 'governance', 'governance_top_holders', 'dilution', 'description', 'headcount', 'ai_positioning'], lock1=OK)
[lock2] HUM: INCOMPLETE (0/6 KPI à jour, 6 manquants, todo=['ec_synthesis', 'stories_rotation', 'risks', 'segments_geo', 'events', 'profit_warning', 'governance', 'governance_top_holders', 'dilution', 'description', 'headcount', 'ai_positioning'], lock1=OK)
[lock2] IEX: INCOMPLETE (3/9 KPI à jour, 6 manquants, todo=['ec_synthesis', 'stories_rotation', 'risks', 'segments_geo', 'events', 'profit_warning', 'governance', 'governance_top_holders', 'dilution', 'description', 'headcount', 'ai_positioning'], lock1=OK)
[lock2] INTU: INCOMPLETE (3/12 KPI à jour, 9 manquants, todo=['ec_synthesis', 'stories_rotation', 'risks', 'segments_geo', 'events', 'profit_warning', 'governance', 'governance_top_holders', 'dilution', 'description', 'headcount', 'ai_positioning'], lock1=OK)
[lock2] INVH: INCOMPLETE (3/10 KPI à jour, 7 manquants, todo=['ec_synthesis', 'stories_rotation', 'risks', 'segments_geo', 'events', 'profit_warning', 'governance', 'governance_top_holders', 'dilution', 'description', 'headcount', 'ai_positioning'], lock1=OK)
[lock2] IQV: INCOMPLETE (0/11 KPI à jour, 11 manquants, todo=['ec_synthesis', 'stories_rotation', 'risks', 'segments_geo', 'events', 'profit_warning', 'governance', 'governance_top_holders', 'dilution', 'description', 'headcount', 'ai_positioning'], lock1=OK)
[lock2] IVZ: INCOMPLETE (4/14 KPI à jour, 10 manquants, todo=['ec_synthesis', 'stories_rotation', 'risks', 'segments_geo', 'events', 'profit_warning', 'governance', 'governance_top_holders', 'dilution', 'description', 'headcount', 'ai_positioning'], lock1=OK)
[lock2] KDP: INCOMPLETE (3/13 KPI à jour, 10 manquants, todo=['ec_synthesis', 'stories_rotation', 'risks', 'segments_geo', 'events', 'profit_warning', 'governance', 'governance_top_holders', 'dilution', 'description', 'headcount', 'ai_positioning'], lock1=OK)
[lock2] KEYS: INCOMPLETE (3/6 KPI à jour, 3 manquants, todo=['ec_synthesis', 'stories_rotation', 'risks', 'segments_geo', 'events', 'profit_warning', 'governance', 'governance_top_holders', 'dilution', 'description', 'headcount', 'ai_positioning'], lock1=OK)
[lock2] KMI: INCOMPLETE (3/12 KPI à jour, 9 manquants, todo=['ec_synthesis', 'stories_rotation', 'risks', 'segments_geo', 'events', 'profit_warning', 'governance', 'governance_top_holders', 'dilution', 'description', 'headcount', 'ai_positioning'], lock1=OK)
[lock2] KR: INCOMPLETE (5/9 KPI à jour, 4 manquants, todo=['ec_synthesis', 'stories_rotation', 'risks', 'segments_geo', 'events', 'profit_warning', 'governance', 'governance_top_holders', 'dilution', 'description', 'headcount', 'ai_positioning'], lock1=OK)
[lock2] LH: INCOMPLETE (3/9 KPI à jour, 6 manquants, todo=['ec_synthesis', 'stories_rotation', 'risks', 'segments_geo', 'events', 'profit_warning', 'governance', 'governance_top_holders', 'dilution', 'description', 'headcount', 'ai_positioning'], lock1=OK)
[lock2] LOW: INCOMPLETE (3/7 KPI à jour, 4 manquants, todo=['ec_synthesis', 'stories_rotation', 'risks', 'segments_geo', 'events', 'profit_warning', 'governance', 'governance_top_holders', 'dilution', 'description', 'headcount', 'ai_positioning'], lock1=OK)
[lock2] LULU: INCOMPLETE (3/6 KPI à jour, 3 manquants, todo=['ec_synthesis', 'stories_rotation', 'risks', 'segments_geo', 'events', 'profit_warning', 'governance', 'governance_top_holders', 'dilution', 'description', 'headcount', 'ai_positioning'], lock1=OK)
[lock2] MAA: INCOMPLETE (2/8 KPI à jour, 6 manquants, todo=['ec_synthesis', 'stories_rotation', 'risks', 'segments_geo', 'events', 'profit_warning', 'governance', 'governance_top_holders', 'dilution', 'description', 'headcount', 'ai_positioning'], lock1=OK)
[lock2] MDT: INCOMPLETE (3/11 KPI à jour, 8 manquants, todo=['ec_synthesis', 'stories_rotation', 'risks', 'segments_geo', 'events', 'profit_warning', 'governance', 'governance_top_holders', 'dilution', 'description', 'headcount', 'ai_positioning'], lock1=OK)
[lock2] MMM: INCOMPLETE (3/6 KPI à jour, 3 manquants, todo=['ec_synthesis', 'stories_rotation', 'risks', 'segments_geo', 'events', 'profit_warning', 'governance', 'governance_top_holders', 'dilution', 'description', 'headcount', 'ai_positioning'], lock1=OK)
[lock2] MNST: INCOMPLETE (1/14 KPI à jour, 13 manquants, todo=['ec_synthesis', 'stories_rotation', 'risks', 'segments_geo', 'events', 'profit_warning', 'governance', 'governance_top_holders', 'dilution', 'description', 'headcount', 'ai_positioning'], lock1=OK)
[lock2] MPWR: INCOMPLETE (3/3 KPI à jour, 0 manquants, todo=['ec_synthesis', 'stories_rotation', 'risks', 'segments_geo', 'events', 'profit_warning', 'governance', 'governance_top_holders', 'dilution', 'description', 'headcount', 'ai_positioning'], lock1=OK)
[lock2] MRNA: INCOMPLETE (3/4 KPI à jour, 1 manquants, todo=['ec_synthesis', 'stories_rotation', 'risks', 'segments_geo', 'events', 'profit_warning', 'governance', 'governance_top_holders', 'dilution', 'description', 'headcount', 'ai_positioning'], lock1=OK)
[lock2] MSFT: INCOMPLETE (0/14 KPI à jour, 14 manquants, todo=['ec_synthesis', 'stories_rotation', 'risks', 'segments_geo', 'events', 'profit_warning', 'governance', 'governance_top_holders', 'dilution', 'description', 'headcount', 'ai_positioning'], lock1=OK)
[lock2] MSI: INCOMPLETE (3/11 KPI à jour, 8 manquants, todo=['ec_synthesis', 'stories_rotation', 'risks', 'segments_geo', 'events', 'profit_warning', 'governance', 'governance_top_holders', 'dilution', 'description', 'headcount', 'ai_positioning'], lock1=OK)
[lock2] MSTR: INCOMPLETE (3/8 KPI à jour, 5 manquants, todo=['ec_synthesis', 'stories_rotation', 'risks', 'segments_geo', 'events', 'profit_warning', 'governance', 'governance_top_holders', 'dilution', 'description', 'headcount', 'ai_positioning'], lock1=OK)
[lock2] NKE: INCOMPLETE (0/14 KPI à jour, 14 manquants, todo=['ec_synthesis', 'stories_rotation', 'risks', 'segments_geo', 'events', 'profit_warning', 'governance', 'governance_top_holders', 'dilution', 'description', 'headcount', 'ai_positioning'], lock1=OK)
[lock2] NTAP: INCOMPLETE (2/9 KPI à jour, 7 manquants, todo=['ec_synthesis', 'stories_rotation', 'risks', 'segments_geo', 'events', 'profit_warning', 'governance', 'governance_top_holders', 'dilution', 'description', 'headcount', 'ai_positioning'], lock1=OK)
[lock2] NVDA: INCOMPLETE (4/15 KPI à jour, 11 manquants, todo=['ec_synthesis', 'stories_rotation', 'risks', 'segments_geo', 'events', 'profit_warning', 'governance', 'governance_top_holders', 'dilution', 'description', 'headcount', 'ai_positioning'], lock1=OK)
[lock2] NWS: INCOMPLETE (0/8 KPI à jour, 8 manquants, todo=['ec_synthesis', 'stories_rotation', 'risks', 'segments_geo', 'events', 'profit_warning', 'governance', 'governance_top_holders', 'dilution', 'description', 'headcount', 'ai_positioning'], lock1=OK)
[lock2] NWSA: INCOMPLETE (0/11 KPI à jour, 11 manquants, todo=['ec_synthesis', 'stories_rotation', 'risks', 'segments_geo', 'events', 'profit_warning', 'governance', 'governance_top_holders', 'dilution', 'description', 'headcount', 'ai_positioning'], lock1=OK)
[lock2] NXPI: INCOMPLETE (0/12 KPI à jour, 12 manquants, todo=['ec_synthesis', 'stories_rotation', 'risks', 'segments_geo', 'events', 'profit_warning', 'governance', 'governance_top_holders', 'dilution', 'description', 'headcount', 'ai_positioning'], lock1=OK)
[lock2] ODFL: INCOMPLETE (4/11 KPI à jour, 7 manquants, todo=['ec_synthesis', 'stories_rotation', 'risks', 'segments_geo', 'events', 'profit_warning', 'governance', 'governance_top_holders', 'dilution', 'description', 'headcount', 'ai_positioning'], lock1=OK)
[lock2] ORCL: INCOMPLETE (3/22 KPI à jour, 19 manquants, todo=['ec_synthesis', 'stories_rotation', 'risks', 'segments_geo', 'events', 'profit_warning', 'governance', 'governance_top_holders', 'dilution', 'description', 'headcount', 'ai_positioning'], lock1=OK)
[lock2] PANW: INCOMPLETE (3/10 KPI à jour, 7 manquants, todo=['ec_synthesis', 'stories_rotation', 'risks', 'segments_geo', 'events', 'profit_warning', 'governance', 'governance_top_holders', 'dilution', 'description', 'headcount', 'ai_positioning'], lock1=OK)
[lock2] PAYX: INCOMPLETE (0/12 KPI à jour, 12 manquants, todo=['ec_synthesis', 'stories_rotation', 'risks', 'segments_geo', 'events', 'profit_warning', 'governance', 'governance_top_holders', 'dilution', 'description', 'headcount', 'ai_positioning'], lock1=OK)
[lock2] PFG: INCOMPLETE (2/12 KPI à jour, 10 manquants, todo=['ec_synthesis', 'stories_rotation', 'risks', 'segments_geo', 'events', 'profit_warning', 'governance', 'governance_top_holders', 'dilution', 'description', 'headcount', 'ai_positioning'], lock1=OK)
[lock2] PH: INCOMPLETE (1/7 KPI à jour, 6 manquants, todo=['ec_synthesis', 'stories_rotation', 'risks', 'segments_geo', 'events', 'profit_warning', 'governance', 'governance_top_holders', 'dilution', 'description', 'headcount', 'ai_positioning'], lock1=OK)
[lock2] PM: INCOMPLETE (3/6 KPI à jour, 3 manquants, todo=['ec_synthesis', 'stories_rotation', 'risks', 'segments_geo', 'events', 'profit_warning', 'governance', 'governance_top_holders', 'dilution', 'description', 'headcount', 'ai_positioning'], lock1=OK)
[lock2] PNW: INCOMPLETE (4/5 KPI à jour, 1 manquants, todo=['ec_synthesis', 'stories_rotation', 'risks', 'segments_geo', 'events', 'profit_warning', 'governance', 'governance_top_holders', 'dilution', 'description', 'headcount', 'ai_positioning'], lock1=OK)
[lock2] PODD: INCOMPLETE (5/10 KPI à jour, 5 manquants, todo=['ec_synthesis', 'stories_rotation', 'risks', 'segments_geo', 'events', 'profit_warning', 'governance', 'governance_top_holders', 'dilution', 'description', 'headcount', 'ai_positioning'], lock1=OK)
[lock2] PSA: INCOMPLETE (6/14 KPI à jour, 8 manquants, todo=['ec_synthesis', 'stories_rotation', 'risks', 'segments_geo', 'events', 'profit_warning', 'governance', 'governance_top_holders', 'dilution', 'description', 'headcount', 'ai_positioning'], lock1=OK)
[lock2] Q: INCOMPLETE (2/12 KPI à jour, 10 manquants, todo=['ec_synthesis', 'stories_rotation', 'risks', 'segments_geo', 'events', 'profit_warning', 'governance', 'governance_top_holders', 'dilution', 'description', 'headcount', 'ai_positioning'], lock1=OK)
[lock2] REG: INCOMPLETE (2/15 KPI à jour, 13 manquants, todo=['ec_synthesis', 'stories_rotation', 'risks', 'segments_geo', 'events', 'profit_warning', 'governance', 'governance_top_holders', 'dilution', 'description', 'headcount', 'ai_positioning'], lock1=OK)
[lock2] RJF: INCOMPLETE (3/26 KPI à jour, 23 manquants, todo=['ec_synthesis', 'stories_rotation', 'risks', 'segments_geo', 'events', 'profit_warning', 'governance', 'governance_top_holders', 'dilution', 'description', 'headcount', 'ai_positioning'], lock1=OK)
[lock2] RL: INCOMPLETE (3/13 KPI à jour, 10 manquants, todo=['ec_synthesis', 'stories_rotation', 'risks', 'segments_geo', 'events', 'profit_warning', 'governance', 'governance_top_holders', 'dilution', 'description', 'headcount', 'ai_positioning'], lock1=OK)
[lock2] RMD: INCOMPLETE (0/9 KPI à jour, 9 manquants, todo=['ec_synthesis', 'stories_rotation', 'risks', 'segments_geo', 'events', 'profit_warning', 'governance', 'governance_top_holders', 'dilution', 'description', 'headcount', 'ai_positioning'], lock1=OK)
[lock2] ROST: INCOMPLETE (4/8 KPI à jour, 4 manquants, todo=['ec_synthesis', 'stories_rotation', 'risks', 'segments_geo', 'events', 'profit_warning', 'governance', 'governance_top_holders', 'dilution', 'description', 'headcount', 'ai_positioning'], lock1=OK)
[lock2] SNDK: INCOMPLETE (0/9 KPI à jour, 9 manquants, todo=['ec_synthesis', 'stories_rotation', 'risks', 'segments_geo', 'events', 'profit_warning', 'governance', 'governance_top_holders', 'dilution', 'description', 'headcount', 'ai_positioning'], lock1=OK)
[lock2] STX: INCOMPLETE (0/14 KPI à jour, 14 manquants, todo=['ec_synthesis', 'stories_rotation', 'risks', 'segments_geo', 'events', 'profit_warning', 'governance', 'governance_top_holders', 'dilution', 'description', 'headcount', 'ai_positioning'], lock1=OK)
[lock2] STZ: INCOMPLETE (2/7 KPI à jour, 5 manquants, todo=['ec_synthesis', 'stories_rotation', 'risks', 'segments_geo', 'events', 'profit_warning', 'governance', 'governance_top_holders', 'dilution', 'description', 'headcount', 'ai_positioning'], lock1=OK)
[lock2] SWK: INCOMPLETE (3/5 KPI à jour, 2 manquants, todo=['ec_synthesis', 'stories_rotation', 'risks', 'segments_geo', 'events', 'profit_warning', 'governance', 'governance_top_holders', 'dilution', 'description', 'headcount', 'ai_positioning'], lock1=OK)
[lock2] SWKS: INCOMPLETE (3/12 KPI à jour, 9 manquants, todo=['ec_synthesis', 'stories_rotation', 'risks', 'segments_geo', 'events', 'profit_warning', 'governance', 'governance_top_holders', 'dilution', 'description', 'headcount', 'ai_positioning'], lock1=OK)
[lock2] SYY: INCOMPLETE (0/11 KPI à jour, 11 manquants, todo=['ec_synthesis', 'stories_rotation', 'risks', 'segments_geo', 'events', 'profit_warning', 'governance', 'governance_top_holders', 'dilution', 'description', 'headcount', 'ai_positioning'], lock1=OK)
[lock2] T: INCOMPLETE (5/10 KPI à jour, 5 manquants, todo=['ec_synthesis', 'stories_rotation', 'risks', 'segments_geo', 'events', 'profit_warning', 'governance', 'governance_top_holders', 'dilution', 'description', 'headcount', 'ai_positioning'], lock1=OK)
[lock2] TMUS: INCOMPLETE (3/13 KPI à jour, 10 manquants, todo=['ec_synthesis', 'stories_rotation', 'risks', 'segments_geo', 'events', 'profit_warning', 'governance', 'governance_top_holders', 'dilution', 'description', 'headcount', 'ai_positioning'], lock1=OK)
[lock2] TSN: INCOMPLETE (5/21 KPI à jour, 16 manquants, todo=['ec_synthesis', 'stories_rotation', 'risks', 'segments_geo', 'events', 'profit_warning', 'governance', 'governance_top_holders', 'dilution', 'description', 'headcount', 'ai_positioning'], lock1=OK)
[lock2] TTD: INCOMPLETE (3/7 KPI à jour, 4 manquants, todo=['ec_synthesis', 'stories_rotation', 'risks', 'segments_geo', 'events', 'profit_warning', 'governance', 'governance_top_holders', 'dilution', 'description', 'headcount', 'ai_positioning'], lock1=OK)
[lock2] UDR: INCOMPLETE (2/10 KPI à jour, 8 manquants, todo=['ec_synthesis', 'stories_rotation', 'risks', 'segments_geo', 'events', 'profit_warning', 'governance', 'governance_top_holders', 'dilution', 'description', 'headcount', 'ai_positioning'], lock1=OK)
[lock2] UNH: INCOMPLETE (3/12 KPI à jour, 9 manquants, todo=['ec_synthesis', 'stories_rotation', 'risks', 'segments_geo', 'events', 'profit_warning', 'governance', 'governance_top_holders', 'dilution', 'description', 'headcount', 'ai_positioning'], lock1=OK)
[lock2] URI: INCOMPLETE (0/13 KPI à jour, 13 manquants, todo=['ec_synthesis', 'stories_rotation', 'risks', 'segments_geo', 'events', 'profit_warning', 'governance', 'governance_top_holders', 'dilution', 'description', 'headcount', 'ai_positioning'], lock1=OK)
[lock2] VICI: INCOMPLETE (3/20 KPI à jour, 17 manquants, todo=['ec_synthesis', 'stories_rotation', 'risks', 'segments_geo', 'events', 'profit_warning', 'governance', 'governance_top_holders', 'dilution', 'description', 'headcount', 'ai_positioning'], lock1=OK)
[lock2] VRSK: INCOMPLETE (2/8 KPI à jour, 6 manquants, todo=['ec_synthesis', 'stories_rotation', 'risks', 'segments_geo', 'events', 'profit_warning', 'governance', 'governance_top_holders', 'dilution', 'description', 'headcount', 'ai_positioning'], lock1=OK)
[lock2] VRT: INCOMPLETE (3/10 KPI à jour, 7 manquants, todo=['ec_synthesis', 'stories_rotation', 'risks', 'segments_geo', 'events', 'profit_warning', 'governance', 'governance_top_holders', 'dilution', 'description', 'headcount', 'ai_positioning'], lock1=OK)
[lock2] VRTX: INCOMPLETE (3/7 KPI à jour, 4 manquants, todo=['ec_synthesis', 'stories_rotation', 'risks', 'segments_geo', 'events', 'profit_warning', 'governance', 'governance_top_holders', 'dilution', 'description', 'headcount', 'ai_positioning'], lock1=OK)
[lock2] VST: INCOMPLETE (3/6 KPI à jour, 3 manquants, todo=['ec_synthesis', 'stories_rotation', 'risks', 'segments_geo', 'events', 'profit_warning', 'governance', 'governance_top_holders', 'dilution', 'description', 'headcount', 'ai_positioning'], lock1=OK)
[lock2] WEC: INCOMPLETE (1/8 KPI à jour, 7 manquants, todo=['ec_synthesis', 'stories_rotation', 'risks', 'segments_geo', 'events', 'profit_warning', 'governance', 'governance_top_holders', 'dilution', 'description', 'headcount', 'ai_positioning'], lock1=OK)
[lock2] WMB: INCOMPLETE (3/12 KPI à jour, 9 manquants, todo=['ec_synthesis', 'stories_rotation', 'risks', 'segments_geo', 'events', 'profit_warning', 'governance', 'governance_top_holders', 'dilution', 'description', 'headcount', 'ai_positioning'], lock1=OK)
[lock2] WYNN: INCOMPLETE (4/13 KPI à jour, 9 manquants, todo=['ec_synthesis', 'stories_rotation', 'risks', 'segments_geo', 'events', 'profit_warning', 'governance', 'governance_top_holders', 'dilution', 'description', 'headcount', 'ai_positioning'], lock1=OK)
[lock2] XYL: INCOMPLETE (3/6 KPI à jour, 3 manquants, todo=['ec_synthesis', 'stories_rotation', 'risks', 'segments_geo', 'events', 'profit_warning', 'governance', 'governance_top_holders', 'dilution', 'description', 'headcount', 'ai_positioning'], lock1=OK)
[lock2] YUM: INCOMPLETE (3/11 KPI à jour, 8 manquants, todo=['ec_synthesis', 'stories_rotation', 'risks', 'segments_geo', 'events', 'profit_warning', 'governance', 'governance_top_holders', 'dilution', 'description', 'headcount', 'ai_positioning'], lock1=OK)
[lock2] ZBH: INCOMPLETE (5/10 KPI à jour, 5 manquants, todo=['ec_synthesis', 'stories_rotation', 'risks', 'segments_geo', 'events', 'profit_warning', 'governance', 'governance_top_holders', 'dilution', 'description', 'headcount', 'ai_positioning'], lock1=OK)
[lock2] résultat écrit: /Users/yann/spx-app/.conv-state/qr-lock2-result.json
[quarterly-refresh] lock2 rc=0
[quarterly-refresh] audit pages: A AAPL ABBV ADBE ADI ADSK AIG ALB ALLE AMT AMZN AON APH AVGO AWK BALL BBY BF.B BG BKR BRO CASY CAT CF CIEN CME CNP COF COIN COO CPB CPRT CRM CSCO CTVA DD DELL DTE DXCM ED EL ELV ESS ETR FCX FDX FDXF FLEX FOX FOXA FTV GE GLW GPC HBAN HPE HSY HUM IEX INTU INVH IQV IVZ KDP KEYS KMI KR LH LOW LULU MAA MDT MMM MNST MPWR MRNA MSFT MSI MSTR NKE NTAP NVDA NWS NWSA NXPI ODFL ORCL PANW PAYX PFG PH PM PNW PODD PSA Q REG RJF RL RMD ROST SNDK STX STZ SWK SWKS SYY T TMUS TSN TTD UDR UNH URI VICI VRSK VRT VRTX VST WEC WMB WYNN XYL YUM ZBH
special_kpis merge failed for A: Error: supabaseUrl is required.
    at validateSupabaseUrl (/Users/yann/spx-app/node_modules/@supabase/supabase-js/src/lib/helpers.ts:86:11)
    at new SupabaseClient (/Users/yann/spx-app/node_modules/@supabase/supabase-js/src/SupabaseClient.ts:284:21)
    at createClient (/Users/yann/spx-app/node_modules/@supabase/supabase-js/src/index.ts:65:10)
    at admin (/Users/yann/spx-app/src/lib/desk/special-kpis.ts:152:10)
    at listPublishedForTicker (/Users/yann/spx-app/src/lib/desk/special-kpis.ts:175:16)
    at loadV17CompanyBrut (/Users/yann/spx-app/src/lib/company-core/load-company.ts:1779:30)
    at async loadV17Company (/Users/yann/spx-app/src/lib/company-core/load-company.ts:493:14)
    at async auditTicker (/Users/yann/spx-app/scripts/audit-pages-full.ts:51:19)
    at async main (/Users/yann/spx-app/scripts/audit-pages-full.ts:153:17)
kpi_requests merge failed for A: Error: supabaseUrl is required.
    at validateSupabaseUrl (/Users/yann/spx-app/node_modules/@supabase/supabase-js/src/lib/helpers.ts:86:11)
    at new SupabaseClient (/Users/yann/spx-app/node_modules/@supabase/supabase-js/src/SupabaseClient.ts:284:21)
    at createClient (/Users/yann/spx-app/node_modules/@supabase/supabase-js/src/index.ts:65:10)
    at loadV17CompanyBrut (/Users/yann/spx-app/src/lib/company-core/load-company.ts:1843:18)
    at async loadV17Company (/Users/yann/spx-app/src/lib/company-core/load-company.ts:493:14)
    at async auditTicker (/Users/yann/spx-app/scripts/audit-pages-full.ts:51:19)
    at async main (/Users/yann/spx-app/scripts/audit-pages-full.ts:153:17)
image_findings merge failed for A: Error: supabaseUrl is required.
    at validateSupabaseUrl (/Users/yann/spx-app/node_modules/@supabase/supabase-js/src/lib/helpers.ts:86:11)
    at new SupabaseClient (/Users/yann/spx-app/node_modules/@supabase/supabase-js/src/SupabaseClient.ts:284:21)
    at createClient (/Users/yann/spx-app/node_modules/@supabase/supabase-js/src/index.ts:65:10)
    at admin (/Users/yann/spx-app/src/lib/desk/image-findings.ts:118:10)
    at listApprovedForTicker (/Users/yann/spx-app/src/lib/desk/image-findings.ts:222:16)
    at loadV17CompanyBrut (/Users/yann/spx-app/src/lib/company-core/load-company.ts:1906:30)
    at async loadV17Company (/Users/yann/spx-app/src/lib/company-core/load-company.ts:493:14)
    at async auditTicker (/Users/yann/spx-app/scripts/audit-pages-full.ts:51:19)
    at async main (/Users/yann/spx-app/scripts/audit-pages-full.ts:153:17)
[hero-kpi-overrides] refetch failed, using stale cache Error: SUPABASE_SERVICE_ROLE_KEY manquante — vérifier .env.local
    at createSupabaseAdminClient (/Users/yann/spx-app/src/lib/supabase/admin.ts:16:11)
    at fetchAll (/Users/yann/spx-app/src/lib/company-core/hero-kpi-overrides.ts:31:20)
    at getHeroKpiOverride (/Users/yann/spx-app/src/lib/company-core/hero-kpi-overrides.ts:58:21)
    at loadV17CompanyBrut (/Users/yann/spx-app/src/lib/company-core/load-company.ts:3083:28)
    at async loadV17Company (/Users/yann/spx-app/src/lib/company-core/load-company.ts:493:14)
    at async auditTicker (/Users/yann/spx-app/scripts/audit-pages-full.ts:51:19)
    at async main (/Users/yann/spx-app/scripts/audit-pages-full.ts:153:17)
special_kpis merge failed for AAPL: Error: supabaseUrl is required.
    at validateSupabaseUrl (/Users/yann/spx-app/node_modules/@supabase/supabase-js/src/lib/helpers.ts:86:11)
    at new SupabaseClient (/Users/yann/spx-app/node_modules/@supabase/supabase-js/src/SupabaseClient.ts:284:21)
    at createClient (/Users/yann/spx-app/node_modules/@supabase/supabase-js/src/index.ts:65:10)
    at admin (/Users/yann/spx-app/src/lib/desk/special-kpis.ts:152:10)
    at listPublishedForTicker (/Users/yann/spx-app/src/lib/desk/special-kpis.ts:175:16)
    at loadV17CompanyBrut (/Users/yann/spx-app/src/lib/company-core/load-company.ts:1779:30)
    at async loadV17Company (/Users/yann/spx-app/src/lib/company-core/load-company.ts:493:14)
    at async auditTicker (/Users/yann/spx-app/scripts/audit-pages-full.ts:51:19)
    at async main (/Users/yann/spx-app/scripts/audit-pages-full.ts:153:17)
kpi_requests merge failed for AAPL: Error: supabaseUrl is required.
    at validateSupabaseUrl (/Users/yann/spx-app/node_modules/@supabase/supabase-js/src/lib/helpers.ts:86:11)
    at new SupabaseClient (/Users/yann/spx-app/node_modules/@supabase/supabase-js/src/SupabaseClient.ts:284:21)
    at createClient (/Users/yann/spx-app/node_modules/@supabase/supabase-js/src/index.ts:65:10)
    at loadV17CompanyBrut (/Users/yann/spx-app/src/lib/company-core/load-company.ts:1843:18)
    at async loadV17Company (/Users/yann/spx-app/src/lib/company-core/load-company.ts:493:14)
    at async auditTicker (/Users/yann/spx-app/scripts/audit-pages-full.ts:51:19)
    at async main (/Users/yann/spx-app/scripts/audit-pages-full.ts:153:17)
image_findings merge failed for AAPL: Error: supabaseUrl is required.
    at validateSupabaseUrl (/Users/yann/spx-app/node_modules/@supabase/supabase-js/src/lib/helpers.ts:86:11)
    at new SupabaseClient (/Users/yann/spx-app/node_modules/@supabase/supabase-js/src/SupabaseClient.ts:284:21)
    at createClient (/Users/yann/spx-app/node_modules/@supabase/supabase-js/src/index.ts:65:10)
    at admin (/Users/yann/spx-app/src/lib/desk/image-findings.ts:118:10)
    at listApprovedForTicker (/Users/yann/spx-app/src/lib/desk/image-findings.ts:222:16)
    at loadV17CompanyBrut (/Users/yann/spx-app/src/lib/company-core/load-company.ts:1906:30)
    at async loadV17Company (/Users/yann/spx-app/src/lib/company-core/load-company.ts:493:14)
    at async auditTicker (/Users/yann/spx-app/scripts/audit-pages-full.ts:51:19)
    at async main (/Users/yann/spx-app/scripts/audit-pages-full.ts:153:17)
[hero-kpi-overrides] refetch failed, using stale cache Error: SUPABASE_SERVICE_ROLE_KEY manquante — vérifier .env.local
    at createSupabaseAdminClient (/Users/yann/spx-app/src/lib/supabase/admin.ts:16:11)
    at fetchAll (/Users/yann/spx-app/src/lib/company-core/hero-kpi-overrides.ts:31:20)
    at getHeroKpiOverride (/Users/yann/spx-app/src/lib/company-core/hero-kpi-overrides.ts:58:21)
    at loadV17CompanyBrut (/Users/yann/spx-app/src/lib/company-core/load-company.ts:3083:28)
    at async loadV17Company (/Users/yann/spx-app/src/lib/company-core/load-company.ts:493:14)
    at async auditTicker (/Users/yann/spx-app/scripts/audit-pages-full.ts:51:19)
    at async main (/Users/yann/spx-app/scripts/audit-pages-full.ts:153:17)
special_kpis merge failed for ABBV: Error: supabaseUrl is required.
    at validateSupabaseUrl (/Users/yann/spx-app/node_modules/@supabase/supabase-js/src/lib/helpers.ts:86:11)
    at new SupabaseClient (/Users/yann/spx-app/node_modules/@supabase/supabase-js/src/SupabaseClient.ts:284:21)
    at createClient (/Users/yann/spx-app/node_modules/@supabase/supabase-js/src/index.ts:65:10)
    at admin (/Users/yann/spx-app/src/lib/desk/special-kpis.ts:152:10)
    at listPublishedForTicker (/Users/yann/spx-app/src/lib/desk/special-kpis.ts:175:16)
    at loadV17CompanyBrut (/Users/yann/spx-app/src/lib/company-core/load-company.ts:1779:30)
    at async loadV17Company (/Users/yann/spx-app/src/lib/company-core/load-company.ts:493:14)
    at async auditTicker (/Users/yann/spx-app/scripts/audit-pages-full.ts:51:19)
    at async main (/Users/yann/spx-app/scripts/audit-pages-full.ts:153:17)
kpi_requests merge failed for ABBV: Error: supabaseUrl is required.
    at validateSupabaseUrl (/Users/yann/spx-app/node_modules/@supabase/supabase-js/src/lib/helpers.ts:86:11)
    at new SupabaseClient (/Users/yann/spx-app/node_modules/@supabase/supabase-js/src/SupabaseClient.ts:284:21)
    at createClient (/Users/yann/spx-app/node_modules/@supabase/supabase-js/src/index.ts:65:10)
    at loadV17CompanyBrut (/Users/yann/spx-app/src/lib/company-core/load-company.ts:1843:18)
    at async loadV17Company (/Users/yann/spx-app/src/lib/company-core/load-company.ts:493:14)
    at async auditTicker (/Users/yann/spx-app/scripts/audit-pages-full.ts:51:19)
    at async main (/Users/yann/spx-app/scripts/audit-pages-full.ts:153:17)
image_findings merge failed for ABBV: Error: supabaseUrl is required.
    at validateSupabaseUrl (/Users/yann/spx-app/node_modules/@supabase/supabase-js/src/lib/helpers.ts:86:11)
    at new SupabaseClient (/Users/yann/spx-app/node_modules/@supabase/supabase-js/src/SupabaseClient.ts:284:21)
    at createClient (/Users/yann/spx-app/node_modules/@supabase/supabase-js/src/index.ts:65:10)
    at admin (/Users/yann/spx-app/src/lib/desk/image-findings.ts:118:10)
    at listApprovedForTicker (/Users/yann/spx-app/src/lib/desk/image-findings.ts:222:16)
    at loadV17CompanyBrut (/Users/yann/spx-app/src/lib/company-core/load-company.ts:1906:30)
    at async loadV17Company (/Users/yann/spx-app/src/lib/company-core/load-company.ts:493:14)
    at async auditTicker (/Users/yann/spx-app/scripts/audit-pages-full.ts:51:19)
    at async main (/Users/yann/spx-app/scripts/audit-pages-full.ts:153:17)
[hero-kpi-overrides] refetch failed, using stale cache Error: SUPABASE_SERVICE_ROLE_KEY manquante — vérifier .env.local
    at createSupabaseAdminClient (/Users/yann/spx-app/src/lib/supabase/admin.ts:16:11)
    at fetchAll (/Users/yann/spx-app/src/lib/company-core/hero-kpi-overrides.ts:31:20)
    at getHeroKpiOverride (/Users/yann/spx-app/src/lib/company-core/hero-kpi-overrides.ts:58:21)
    at loadV17CompanyBrut (/Users/yann/spx-app/src/lib/company-core/load-company.ts:3083:28)
    at async loadV17Company (/Users/yann/spx-app/src/lib/company-core/load-company.ts:493:14)
    at async auditTicker (/Users/yann/spx-app/scripts/audit-pages-full.ts:51:19)
    at async main (/Users/yann/spx-app/scripts/audit-pages-full.ts:153:17)
special_kpis merge failed for ADBE: Error: supabaseUrl is required.
    at validateSupabaseUrl (/Users/yann/spx-app/node_modules/@supabase/supabase-js/src/lib/helpers.ts:86:11)
    at new SupabaseClient (/Users/yann/spx-app/node_modules/@supabase/supabase-js/src/SupabaseClient.ts:284:21)
    at createClient (/Users/yann/spx-app/node_modules/@supabase/supabase-js/src/index.ts:65:10)
    at admin (/Users/yann/spx-app/src/lib/desk/special-kpis.ts:152:10)
    at listPublishedForTicker (/Users/yann/spx-app/src/lib/desk/special-kpis.ts:175:16)
    at loadV17CompanyBrut (/Users/yann/spx-app/src/lib/company-core/load-company.ts:1779:30)
    at async loadV17Company (/Users/yann/spx-app/src/lib/company-core/load-company.ts:493:14)
    at async auditTicker (/Users/yann/spx-app/scripts/audit-pages-full.ts:51:19)
    at async main (/Users/yann/spx-app/scripts/audit-pages-full.ts:153:17)
kpi_requests merge failed for ADBE: Error: supabaseUrl is required.
    at validateSupabaseUrl (/Users/yann/spx-app/node_modules/@supabase/supabase-js/src/lib/helpers.ts:86:11)
    at new SupabaseClient (/Users/yann/spx-app/node_modules/@supabase/supabase-js/src/SupabaseClient.ts:284:21)
    at createClient (/Users/yann/spx-app/node_modules/@supabase/supabase-js/src/index.ts:65:10)
    at loadV17CompanyBrut (/Users/yann/spx-app/src/lib/company-core/load-company.ts:1843:18)
    at async loadV17Company (/Users/yann/spx-app/src/lib/company-core/load-company.ts:493:14)
    at async auditTicker (/Users/yann/spx-app/scripts/audit-pages-full.ts:51:19)
    at async main (/Users/yann/spx-app/scripts/audit-pages-full.ts:153:17)
image_findings merge failed for ADBE: Error: supabaseUrl is required.
    at validateSupabaseUrl (/Users/yann/spx-app/node_modules/@supabase/supabase-js/src/lib/helpers.ts:86:11)
    at new SupabaseClient (/Users/yann/spx-app/node_modules/@supabase/supabase-js/src/SupabaseClient.ts:284:21)
    at createClient (/Users/yann/spx-app/node_modules/@supabase/supabase-js/src/index.ts:65:10)
    at admin (/Users/yann/spx-app/src/lib/desk/image-findings.ts:118:10)
    at listApprovedForTicker (/Users/yann/spx-app/src/lib/desk/image-findings.ts:222:16)
    at loadV17CompanyBrut (/Users/yann/spx-app/src/lib/company-core/load-company.ts:1906:30)
    at async loadV17Company (/Users/yann/spx-app/src/lib/company-core/load-company.ts:493:14)
    at async auditTicker (/Users/yann/spx-app/scripts/audit-pages-full.ts:51:19)
    at async main (/Users/yann/spx-app/scripts/audit-pages-full.ts:153:17)
[hero-kpi-overrides] refetch failed, using stale cache Error: SUPABASE_SERVICE_ROLE_KEY manquante — vérifier .env.local
    at createSupabaseAdminClient (/Users/yann/spx-app/src/lib/supabase/admin.ts:16:11)
    at fetchAll (/Users/yann/spx-app/src/lib/company-core/hero-kpi-overrides.ts:31:20)
    at getHeroKpiOverride (/Users/yann/spx-app/src/lib/company-core/hero-kpi-overrides.ts:58:21)
    at loadV17CompanyBrut (/Users/yann/spx-app/src/lib/company-core/load-company.ts:3083:28)
    at async loadV17Company (/Users/yann/spx-app/src/lib/company-core/load-company.ts:493:14)
    at async auditTicker (/Users/yann/spx-app/scripts/audit-pages-full.ts:51:19)
    at async main (/Users/yann/spx-app/scripts/audit-pages-full.ts:153:17)
special_kpis merge failed for ADI: Error: supabaseUrl is required.
    at validateSupabaseUrl (/Users/yann/spx-app/node_modules/@supabase/supabase-js/src/lib/helpers.ts:86:11)
    at new SupabaseClient (/Users/yann/spx-app/node_modules/@supabase/supabase-js/src/SupabaseClient.ts:284:21)
    at createClient (/Users/yann/spx-app/node_modules/@supabase/supabase-js/src/index.ts:65:10)
    at admin (/Users/yann/spx-app/src/lib/desk/special-kpis.ts:152:10)
    at listPublishedForTicker (/Users/yann/spx-app/src/lib/desk/special-kpis.ts:175:16)
    at loadV17CompanyBrut (/Users/yann/spx-app/src/lib/company-core/load-company.ts:1779:30)
    at async loadV17Company (/Users/yann/spx-app/src/lib/company-core/load-company.ts:493:14)
    at async auditTicker (/Users/yann/spx-app/scripts/audit-pages-full.ts:51:19)
    at async main (/Users/yann/spx-app/scripts/audit-pages-full.ts:153:17)
kpi_requests merge failed for ADI: Error: supabaseUrl is required.
    at validateSupabaseUrl (/Users/yann/spx-app/node_modules/@supabase/supabase-js/src/lib/helpers.ts:86:11)
    at new SupabaseClient (/Users/yann/spx-app/node_modules/@supabase/supabase-js/src/SupabaseClient.ts:284:21)
    at createClient (/Users/yann/spx-app/node_modules/@supabase/supabase-js/src/index.ts:65:10)
    at loadV17CompanyBrut (/Users/yann/spx-app/src/lib/company-core/load-company.ts:1843:18)
    at async loadV17Company (/Users/yann/spx-app/src/lib/company-core/load-company.ts:493:14)
    at async auditTicker (/Users/yann/spx-app/scripts/audit-pages-full.ts:51:19)
    at async main (/Users/yann/spx-app/scripts/audit-pages-full.ts:153:17)
image_findings merge failed for ADI: Error: supabaseUrl is required.
    at validateSupabaseUrl (/Users/yann/spx-app/node_modules/@supabase/supabase-js/src/lib/helpers.ts:86:11)
    at new SupabaseClient (/Users/yann/spx-app/node_modules/@supabase/supabase-js/src/SupabaseClient.ts:284:21)
    at createClient (/Users/yann/spx-app/node_modules/@supabase/supabase-js/src/index.ts:65:10)
    at admin (/Users/yann/spx-app/src/lib/desk/image-findings.ts:118:10)
    at listApprovedForTicker (/Users/yann/spx-app/src/lib/desk/image-findings.ts:222:16)
    at loadV17CompanyBrut (/Users/yann/spx-app/src/lib/company-core/load-company.ts:1906:30)
    at async loadV17Company (/Users/yann/spx-app/src/lib/company-core/load-company.ts:493:14)
    at async auditTicker (/Users/yann/spx-app/scripts/audit-pages-full.ts:51:19)
    at async main (/Users/yann/spx-app/scripts/audit-pages-full.ts:153:17)
[hero-kpi-overrides] refetch failed, using stale cache Error: SUPABASE_SERVICE_ROLE_KEY manquante — vérifier .env.local
    at createSupabaseAdminClient (/Users/yann/spx-app/src/lib/supabase/admin.ts:16:11)
    at fetchAll (/Users/yann/spx-app/src/lib/company-core/hero-kpi-overrides.ts:31:20)
    at getHeroKpiOverride (/Users/yann/spx-app/src/lib/company-core/hero-kpi-overrides.ts:58:21)
    at loadV17CompanyBrut (/Users/yann/spx-app/src/lib/company-core/load-company.ts:3083:28)
    at async loadV17Company (/Users/yann/spx-app/src/lib/company-core/load-company.ts:493:14)
    at async auditTicker (/Users/yann/spx-app/scripts/audit-pages-full.ts:51:19)
    at async main (/Users/yann/spx-app/scripts/audit-pages-full.ts:153:17)
special_kpis merge failed for ADSK: Error: supabaseUrl is required.
    at validateSupabaseUrl (/Users/yann/spx-app/node_modules/@supabase/supabase-js/src/lib/helpers.ts:86:11)
    at new SupabaseClient (/Users/yann/spx-app/node_modules/@supabase/supabase-js/src/SupabaseClient.ts:284:21)
    at createClient (/Users/yann/spx-app/node_modules/@supabase/supabase-js/src/index.ts:65:10)
    at admin (/Users/yann/spx-app/src/lib/desk/special-kpis.ts:152:10)
    at listPublishedForTicker (/Users/yann/spx-app/src/lib/desk/special-kpis.ts:175:16)
    at loadV17CompanyBrut (/Users/yann/spx-app/src/lib/company-core/load-company.ts:1779:30)
    at async loadV17Company (/Users/yann/spx-app/src/lib/company-core/load-company.ts:493:14)
    at async auditTicker (/Users/yann/spx-app/scripts/audit-pages-full.ts:51:19)
    at async main (/Users/yann/spx-app/scripts/audit-pages-full.ts:153:17)
kpi_requests merge failed for ADSK: Error: supabaseUrl is required.
    at validateSupabaseUrl (/Users/yann/spx-app/node_modules/@supabase/supabase-js/src/lib/helpers.ts:86:11)
    at new SupabaseClient (/Users/yann/spx-app/node_modules/@supabase/supabase-js/src/SupabaseClient.ts:284:21)
    at createClient (/Users/yann/spx-app/node_modules/@supabase/supabase-js/src/index.ts:65:10)
    at loadV17CompanyBrut (/Users/yann/spx-app/src/lib/company-core/load-company.ts:1843:18)
    at async loadV17Company (/Users/yann/spx-app/src/lib/company-core/load-company.ts:493:14)
    at async auditTicker (/Users/yann/spx-app/scripts/audit-pages-full.ts:51:19)
    at async main (/Users/yann/spx-app/scripts/audit-pages-full.ts:153:17)
image_findings merge failed for ADSK: Error: supabaseUrl is required.
    at validateSupabaseUrl (/Users/yann/spx-app/node_modules/@supabase/supabase-js/src/lib/helpers.ts:86:11)
    at new SupabaseClient (/Users/yann/spx-app/node_modules/@supabase/supabase-js/src/SupabaseClient.ts:284:21)
    at createClient (/Users/yann/spx-app/node_modules/@supabase/supabase-js/src/index.ts:65:10)
    at admin (/Users/yann/spx-app/src/lib/desk/image-findings.ts:118:10)
    at listApprovedForTicker (/Users/yann/spx-app/src/lib/desk/image-findings.ts:222:16)
    at loadV17CompanyBrut (/Users/yann/spx-app/src/lib/company-core/load-company.ts:1906:30)
    at async loadV17Company (/Users/yann/spx-app/src/lib/company-core/load-company.ts:493:14)
    at async auditTicker (/Users/yann/spx-app/scripts/audit-pages-full.ts:51:19)
    at async main (/Users/yann/spx-app/scripts/audit-pages-full.ts:153:17)
[hero-kpi-overrides] refetch failed, using stale cache Error: SUPABASE_SERVICE_ROLE_KEY manquante — vérifier .env.local
    at createSupabaseAdminClient (/Users/yann/spx-app/src/lib/supabase/admin.ts:16:11)
    at fetchAll (/Users/yann/spx-app/src/lib/company-core/hero-kpi-overrides.ts:31:20)
    at getHeroKpiOverride (/Users/yann/spx-app/src/lib/company-core/hero-kpi-overrides.ts:58:21)
    at loadV17CompanyBrut (/Users/yann/spx-app/src/lib/company-core/load-company.ts:3083:28)
    at async loadV17Company (/Users/yann/spx-app/src/lib/company-core/load-company.ts:493:14)
    at async auditTicker (/Users/yann/spx-app/scripts/audit-pages-full.ts:51:19)
    at async main (/Users/yann/spx-app/scripts/audit-pages-full.ts:153:17)
special_kpis merge failed for AIG: Error: supabaseUrl is required.
    at validateSupabaseUrl (/Users/yann/spx-app/node_modules/@supabase/supabase-js/src/lib/helpers.ts:86:11)
    at new SupabaseClient (/Users/yann/spx-app/node_modules/@supabase/supabase-js/src/SupabaseClient.ts:284:21)
    at createClient (/Users/yann/spx-app/node_modules/@supabase/supabase-js/src/index.ts:65:10)
    at admin (/Users/yann/spx-app/src/lib/desk/special-kpis.ts:152:10)
    at listPublishedForTicker (/Users/yann/spx-app/src/lib/desk/special-kpis.ts:175:16)
    at loadV17CompanyBrut (/Users/yann/spx-app/src/lib/company-core/load-company.ts:1779:30)
    at async loadV17Company (/Users/yann/spx-app/src/lib/company-core/load-company.ts:493:14)
    at async auditTicker (/Users/yann/spx-app/scripts/audit-pages-full.ts:51:19)
    at async main (/Users/yann/spx-app/scripts/audit-pages-full.ts:153:17)
kpi_requests merge failed for AIG: Error: supabaseUrl is required.
    at validateSupabaseUrl (/Users/yann/spx-app/node_modules/@supabase/supabase-js/src/lib/helpers.ts:86:11)
    at new SupabaseClient (/Users/yann/spx-app/node_modules/@supabase/supabase-js/src/SupabaseClient.ts:284:21)
    at createClient (/Users/yann/spx-app/node_modules/@supabase/supabase-js/src/index.ts:65:10)
    at loadV17CompanyBrut (/Users/yann/spx-app/src/lib/company-core/load-company.ts:1843:18)
    at async loadV17Company (/Users/yann/spx-app/src/lib/company-core/load-company.ts:493:14)
    at async auditTicker (/Users/yann/spx-app/scripts/audit-pages-full.ts:51:19)
    at async main (/Users/yann/spx-app/scripts/audit-pages-full.ts:153:17)
image_findings merge failed for AIG: Error: supabaseUrl is required.
    at validateSupabaseUrl (/Users/yann/spx-app/node_modules/@supabase/supabase-js/src/lib/helpers.ts:86:11)
    at new SupabaseClient (/Users/yann/spx-app/node_modules/@supabase/supabase-js/src/SupabaseClient.ts:284:21)
    at createClient (/Users/yann/spx-app/node_modules/@supabase/supabase-js/src/index.ts:65:10)
    at admin (/Users/yann/spx-app/src/lib/desk/image-findings.ts:118:10)
    at listApprovedForTicker (/Users/yann/spx-app/src/lib/desk/image-findings.ts:222:16)
    at loadV17CompanyBrut (/Users/yann/spx-app/src/lib/company-core/load-company.ts:1906:30)
    at async loadV17Company (/Users/yann/spx-app/src/lib/company-core/load-company.ts:493:14)
    at async auditTicker (/Users/yann/spx-app/scripts/audit-pages-full.ts:51:19)
    at async main (/Users/yann/spx-app/scripts/audit-pages-full.ts:153:17)
[hero-kpi-overrides] refetch failed, using stale cache Error: SUPABASE_SERVICE_ROLE_KEY manquante — vérifier .env.local
    at createSupabaseAdminClient (/Users/yann/spx-app/src/lib/supabase/admin.ts:16:11)
    at fetchAll (/Users/yann/spx-app/src/lib/company-core/hero-kpi-overrides.ts:31:20)
    at getHeroKpiOverride (/Users/yann/spx-app/src/lib/company-core/hero-kpi-overrides.ts:58:21)
    at loadV17CompanyBrut (/Users/yann/spx-app/src/lib/company-core/load-company.ts:3083:28)
    at async loadV17Company (/Users/yann/spx-app/src/lib/company-core/load-company.ts:493:14)
    at async auditTicker (/Users/yann/spx-app/scripts/audit-pages-full.ts:51:19)
    at async main (/Users/yann/spx-app/scripts/audit-pages-full.ts:153:17)
special_kpis merge failed for ALB: Error: supabaseUrl is required.
    at validateSupabaseUrl (/Users/yann/spx-app/node_modules/@supabase/supabase-js/src/lib/helpers.ts:86:11)
    at new SupabaseClient (/Users/yann/spx-app/node_modules/@supabase/supabase-js/src/SupabaseClient.ts:284:21)
    at createClient (/Users/yann/spx-app/node_modules/@supabase/supabase-js/src/index.ts:65:10)
    at admin (/Users/yann/spx-app/src/lib/desk/special-kpis.ts:152:10)
    at listPublishedForTicker (/Users/yann/spx-app/src/lib/desk/special-kpis.ts:175:16)
    at loadV17CompanyBrut (/Users/yann/spx-app/src/lib/company-core/load-company.ts:1779:30)
    at async loadV17Company (/Users/yann/spx-app/src/lib/company-core/load-company.ts:493:14)
    at async auditTicker (/Users/yann/spx-app/scripts/audit-pages-full.ts:51:19)
    at async main (/Users/yann/spx-app/scripts/audit-pages-full.ts:153:17)
kpi_requests merge failed for ALB: Error: supabaseUrl is required.
    at validateSupabaseUrl (/Users/yann/spx-app/node_modules/@supabase/supabase-js/src/lib/helpers.ts:86:11)
    at new SupabaseClient (/Users/yann/spx-app/node_modules/@supabase/supabase-js/src/SupabaseClient.ts:284:21)
    at createClient (/Users/yann/spx-app/node_modules/@supabase/supabase-js/src/index.ts:65:10)
    at loadV17CompanyBrut (/Users/yann/spx-app/src/lib/company-core/load-company.ts:1843:18)
    at async loadV17Company (/Users/yann/spx-app/src/lib/company-core/load-company.ts:493:14)
    at async auditTicker (/Users/yann/spx-app/scripts/audit-pages-full.ts:51:19)
    at async main (/Users/yann/spx-app/scripts/audit-pages-full.ts:153:17)
image_findings merge failed for ALB: Error: supabaseUrl is required.
    at validateSupabaseUrl (/Users/yann/spx-app/node_modules/@supabase/supabase-js/src/lib/helpers.ts:86:11)
    at new SupabaseClient (/Users/yann/spx-app/node_modules/@supabase/supabase-js/src/SupabaseClient.ts:284:21)
    at createClient (/Users/yann/spx-app/node_modules/@supabase/supabase-js/src/index.ts:65:10)
    at admin (/Users/yann/spx-app/src/lib/desk/image-findings.ts:118:10)
    at listApprovedForTicker (/Users/yann/spx-app/src/lib/desk/image-findings.ts:222:16)
    at loadV17CompanyBrut (/Users/yann/spx-app/src/lib/company-core/load-company.ts:1906:30)
    at async loadV17Company (/Users/yann/spx-app/src/lib/company-core/load-company.ts:493:14)
    at async auditTicker (/Users/yann/spx-app/scripts/audit-pages-full.ts:51:19)
    at async main (/Users/yann/spx-app/scripts/audit-pages-full.ts:153:17)
[hero-kpi-overrides] refetch failed, using stale cache Error: SUPABASE_SERVICE_ROLE_KEY manquante — vérifier .env.local
    at createSupabaseAdminClient (/Users/yann/spx-app/src/lib/supabase/admin.ts:16:11)
    at fetchAll (/Users/yann/spx-app/src/lib/company-core/hero-kpi-overrides.ts:31:20)
    at getHeroKpiOverride (/Users/yann/spx-app/src/lib/company-core/hero-kpi-overrides.ts:58:21)
    at loadV17CompanyBrut (/Users/yann/spx-app/src/lib/company-core/load-company.ts:3083:28)
    at async loadV17Company (/Users/yann/spx-app/src/lib/company-core/load-company.ts:493:14)
    at async auditTicker (/Users/yann/spx-app/scripts/audit-pages-full.ts:51:19)
    at async main (/Users/yann/spx-app/scripts/audit-pages-full.ts:153:17)
special_kpis merge failed for ALLE: Error: supabaseUrl is required.
    at validateSupabaseUrl (/Users/yann/spx-app/node_modules/@supabase/supabase-js/src/lib/helpers.ts:86:11)
    at new SupabaseClient (/Users/yann/spx-app/node_modules/@supabase/supabase-js/src/SupabaseClient.ts:284:21)
    at createClient (/Users/yann/spx-app/node_modules/@supabase/supabase-js/src/index.ts:65:10)
    at admin (/Users/yann/spx-app/src/lib/desk/special-kpis.ts:152:10)
    at listPublishedForTicker (/Users/yann/spx-app/src/lib/desk/special-kpis.ts:175:16)
    at loadV17CompanyBrut (/Users/yann/spx-app/src/lib/company-core/load-company.ts:1779:30)
    at async loadV17Company (/Users/yann/spx-app/src/lib/company-core/load-company.ts:493:14)
    at async auditTicker (/Users/yann/spx-app/scripts/audit-pages-full.ts:51:19)
    at async main (/Users/yann/spx-app/scripts/audit-pages-full.ts:153:17)
kpi_requests merge failed for ALLE: Error: supabaseUrl is required.
    at validateSupabaseUrl (/Users/yann/spx-app/node_modules/@supabase/supabase-js/src/lib/helpers.ts:86:11)
    at new SupabaseClient (/Users/yann/spx-app/node_modules/@supabase/supabase-js/src/SupabaseClient.ts:284:21)
    at createClient (/Users/yann/spx-app/node_modules/@supabase/supabase-js/src/index.ts:65:10)
    at loadV17CompanyBrut (/Users/yann/spx-app/src/lib/company-core/load-company.ts:1843:18)
    at async loadV17Company (/Users/yann/spx-app/src/lib/company-core/load-company.ts:493:14)
    at async auditTicker (/Users/yann/spx-app/scripts/audit-pages-full.ts:51:19)
    at async main (/Users/yann/spx-app/scripts/audit-pages-full.ts:153:17)
image_findings merge failed for ALLE: Error: supabaseUrl is required.
    at validateSupabaseUrl (/Users/yann/spx-app/node_modules/@supabase/supabase-js/src/lib/helpers.ts:86:11)
    at new SupabaseClient (/Users/yann/spx-app/node_modules/@supabase/supabase-js/src/SupabaseClient.ts:284:21)
    at createClient (/Users/yann/spx-app/node_modules/@supabase/supabase-js/src/index.ts:65:10)
    at admin (/Users/yann/spx-app/src/lib/desk/image-findings.ts:118:10)
    at listApprovedForTicker (/Users/yann/spx-app/src/lib/desk/image-findings.ts:222:16)
    at loadV17CompanyBrut (/Users/yann/spx-app/src/lib/company-core/load-company.ts:1906:30)
    at async loadV17Company (/Users/yann/spx-app/src/lib/company-core/load-company.ts:493:14)
    at async auditTicker (/Users/yann/spx-app/scripts/audit-pages-full.ts:51:19)
    at async main (/Users/yann/spx-app/scripts/audit-pages-full.ts:153:17)
[hero-kpi-overrides] refetch failed, using stale cache Error: SUPABASE_SERVICE_ROLE_KEY manquante — vérifier .env.local
    at createSupabaseAdminClient (/Users/yann/spx-app/src/lib/supabase/admin.ts:16:11)
    at fetchAll (/Users/yann/spx-app/src/lib/company-core/hero-kpi-overrides.ts:31:20)
    at getHeroKpiOverride (/Users/yann/spx-app/src/lib/company-core/hero-kpi-overrides.ts:58:21)
    at loadV17CompanyBrut (/Users/yann/spx-app/src/lib/company-core/load-company.ts:3083:28)
    at async loadV17Company (/Users/yann/spx-app/src/lib/company-core/load-company.ts:493:14)
    at async auditTicker (/Users/yann/spx-app/scripts/audit-pages-full.ts:51:19)
    at async main (/Users/yann/spx-app/scripts/audit-pages-full.ts:153:17)
special_kpis merge failed for AMT: Error: supabaseUrl is required.
    at validateSupabaseUrl (/Users/yann/spx-app/node_modules/@supabase/supabase-js/src/lib/helpers.ts:86:11)
    at new SupabaseClient (/Users/yann/spx-app/node_modules/@supabase/supabase-js/src/SupabaseClient.ts:284:21)
    at createClient (/Users/yann/spx-app/node_modules/@supabase/supabase-js/src/index.ts:65:10)
    at admin (/Users/yann/spx-app/src/lib/desk/special-kpis.ts:152:10)
    at listPublishedForTicker (/Users/yann/spx-app/src/lib/desk/special-kpis.ts:175:16)
    at loadV17CompanyBrut (/Users/yann/spx-app/src/lib/company-core/load-company.ts:1779:30)
    at async loadV17Company (/Users/yann/spx-app/src/lib/company-core/load-company.ts:493:14)
    at async auditTicker (/Users/yann/spx-app/scripts/audit-pages-full.ts:51:19)
    at async main (/Users/yann/spx-app/scripts/audit-pages-full.ts:153:17)
kpi_requests merge failed for AMT: Error: supabaseUrl is required.
    at validateSupabaseUrl (/Users/yann/spx-app/node_modules/@supabase/supabase-js/src/lib/helpers.ts:86:11)
    at new SupabaseClient (/Users/yann/spx-app/node_modules/@supabase/supabase-js/src/SupabaseClient.ts:284:21)
    at createClient (/Users/yann/spx-app/node_modules/@supabase/supabase-js/src/index.ts:65:10)
    at loadV17CompanyBrut (/Users/yann/spx-app/src/lib/company-core/load-company.ts:1843:18)
    at async loadV17Company (/Users/yann/spx-app/src/lib/company-core/load-company.ts:493:14)
    at async auditTicker (/Users/yann/spx-app/scripts/audit-pages-full.ts:51:19)
    at async main (/Users/yann/spx-app/scripts/audit-pages-full.ts:153:17)
image_findings merge failed for AMT: Error: supabaseUrl is required.
    at validateSupabaseUrl (/Users/yann/spx-app/node_modules/@supabase/supabase-js/src/lib/helpers.ts:86:11)
    at new SupabaseClient (/Users/yann/spx-app/node_modules/@supabase/supabase-js/src/SupabaseClient.ts:284:21)
    at createClient (/Users/yann/spx-app/node_modules/@supabase/supabase-js/src/index.ts:65:10)
    at admin (/Users/yann/spx-app/src/lib/desk/image-findings.ts:118:10)
    at listApprovedForTicker (/Users/yann/spx-app/src/lib/desk/image-findings.ts:222:16)
    at loadV17CompanyBrut (/Users/yann/spx-app/src/lib/company-core/load-company.ts:1906:30)
    at async loadV17Company (/Users/yann/spx-app/src/lib/company-core/load-company.ts:493:14)
    at async auditTicker (/Users/yann/spx-app/scripts/audit-pages-full.ts:51:19)
    at async main (/Users/yann/spx-app/scripts/audit-pages-full.ts:153:17)
[hero-kpi-overrides] refetch failed, using stale cache Error: SUPABASE_SERVICE_ROLE_KEY manquante — vérifier .env.local
    at createSupabaseAdminClient (/Users/yann/spx-app/src/lib/supabase/admin.ts:16:11)
    at fetchAll (/Users/yann/spx-app/src/lib/company-core/hero-kpi-overrides.ts:31:20)
    at getHeroKpiOverride (/Users/yann/spx-app/src/lib/company-core/hero-kpi-overrides.ts:58:21)
    at loadV17CompanyBrut (/Users/yann/spx-app/src/lib/company-core/load-company.ts:3083:28)
    at async loadV17Company (/Users/yann/spx-app/src/lib/company-core/load-company.ts:493:14)
    at async auditTicker (/Users/yann/spx-app/scripts/audit-pages-full.ts:51:19)
    at async main (/Users/yann/spx-app/scripts/audit-pages-full.ts:153:17)
special_kpis merge failed for AMZN: Error: supabaseUrl is required.
    at validateSupabaseUrl (/Users/yann/spx-app/node_modules/@supabase/supabase-js/src/lib/helpers.ts:86:11)
    at new SupabaseClient (/Users/yann/spx-app/node_modules/@supabase/supabase-js/src/SupabaseClient.ts:284:21)
    at createClient (/Users/yann/spx-app/node_modules/@supabase/supabase-js/src/index.ts:65:10)
    at admin (/Users/yann/spx-app/src/lib/desk/special-kpis.ts:152:10)
    at listPublishedForTicker (/Users/yann/spx-app/src/lib/desk/special-kpis.ts:175:16)
    at loadV17CompanyBrut (/Users/yann/spx-app/src/lib/company-core/load-company.ts:1779:30)
    at async loadV17Company (/Users/yann/spx-app/src/lib/company-core/load-company.ts:493:14)
    at async auditTicker (/Users/yann/spx-app/scripts/audit-pages-full.ts:51:19)
    at async main (/Users/yann/spx-app/scripts/audit-pages-full.ts:153:17)
kpi_requests merge failed for AMZN: Error: supabaseUrl is required.
    at validateSupabaseUrl (/Users/yann/spx-app/node_modules/@supabase/supabase-js/src/lib/helpers.ts:86:11)
    at new SupabaseClient (/Users/yann/spx-app/node_modules/@supabase/supabase-js/src/SupabaseClient.ts:284:21)
    at createClient (/Users/yann/spx-app/node_modules/@supabase/supabase-js/src/index.ts:65:10)
    at loadV17CompanyBrut (/Users/yann/spx-app/src/lib/company-core/load-company.ts:1843:18)
    at async loadV17Company (/Users/yann/spx-app/src/lib/company-core/load-company.ts:493:14)
    at async auditTicker (/Users/yann/spx-app/scripts/audit-pages-full.ts:51:19)
    at async main (/Users/yann/spx-app/scripts/audit-pages-full.ts:153:17)
image_findings merge failed for AMZN: Error: supabaseUrl is required.
    at validateSupabaseUrl (/Users/yann/spx-app/node_modules/@supabase/supabase-js/src/lib/helpers.ts:86:11)
    at new SupabaseClient (/Users/yann/spx-app/node_modules/@supabase/supabase-js/src/SupabaseClient.ts:284:21)
    at createClient (/Users/yann/spx-app/node_modules/@supabase/supabase-js/src/index.ts:65:10)
    at admin (/Users/yann/spx-app/src/lib/desk/image-findings.ts:118:10)
    at listApprovedForTicker (/Users/yann/spx-app/src/lib/desk/image-findings.ts:222:16)
    at loadV17CompanyBrut (/Users/yann/spx-app/src/lib/company-core/load-company.ts:1906:30)
    at async loadV17Company (/Users/yann/spx-app/src/lib/company-core/load-company.ts:493:14)
    at async auditTicker (/Users/yann/spx-app/scripts/audit-pages-full.ts:51:19)
    at async main (/Users/yann/spx-app/scripts/audit-pages-full.ts:153:17)
[hero-kpi-overrides] refetch failed, using stale cache Error: SUPABASE_SERVICE_ROLE_KEY manquante — vérifier .env.local
    at createSupabaseAdminClient (/Users/yann/spx-app/src/lib/supabase/admin.ts:16:11)
    at fetchAll (/Users/yann/spx-app/src/lib/company-core/hero-kpi-overrides.ts:31:20)
    at getHeroKpiOverride (/Users/yann/spx-app/src/lib/company-core/hero-kpi-overrides.ts:58:21)
    at loadV17CompanyBrut (/Users/yann/spx-app/src/lib/company-core/load-company.ts:3083:28)
    at async loadV17Company (/Users/yann/spx-app/src/lib/company-core/load-company.ts:493:14)
    at async auditTicker (/Users/yann/spx-app/scripts/audit-pages-full.ts:51:19)
    at async main (/Users/yann/spx-app/scripts/audit-pages-full.ts:153:17)
special_kpis merge failed for AON: Error: supabaseUrl is required.
    at validateSupabaseUrl (/Users/yann/spx-app/node_modules/@supabase/supabase-js/src/lib/helpers.ts:86:11)
    at new SupabaseClient (/Users/yann/spx-app/node_modules/@supabase/supabase-js/src/SupabaseClient.ts:284:21)
    at createClient (/Users/yann/spx-app/node_modules/@supabase/supabase-js/src/index.ts:65:10)
    at admin (/Users/yann/spx-app/src/lib/desk/special-kpis.ts:152:10)
    at listPublishedForTicker (/Users/yann/spx-app/src/lib/desk/special-kpis.ts:175:16)
    at loadV17CompanyBrut (/Users/yann/spx-app/src/lib/company-core/load-company.ts:1779:30)
    at async loadV17Company (/Users/yann/spx-app/src/lib/company-core/load-company.ts:493:14)
    at async auditTicker (/Users/yann/spx-app/scripts/audit-pages-full.ts:51:19)
    at async main (/Users/yann/spx-app/scripts/audit-pages-full.ts:153:17)
kpi_requests merge failed for AON: Error: supabaseUrl is required.
    at validateSupabaseUrl (/Users/yann/spx-app/node_modules/@supabase/supabase-js/src/lib/helpers.ts:86:11)
    at new SupabaseClient (/Users/yann/spx-app/node_modules/@supabase/supabase-js/src/SupabaseClient.ts:284:21)
    at createClient (/Users/yann/spx-app/node_modules/@supabase/supabase-js/src/index.ts:65:10)
    at loadV17CompanyBrut (/Users/yann/spx-app/src/lib/company-core/load-company.ts:1843:18)
    at async loadV17Company (/Users/yann/spx-app/src/lib/company-core/load-company.ts:493:14)
    at async auditTicker (/Users/yann/spx-app/scripts/audit-pages-full.ts:51:19)
    at async main (/Users/yann/spx-app/scripts/audit-pages-full.ts:153:17)
image_findings merge failed for AON: Error: supabaseUrl is required.
    at validateSupabaseUrl (/Users/yann/spx-app/node_modules/@supabase/supabase-js/src/lib/helpers.ts:86:11)
    at new SupabaseClient (/Users/yann/spx-app/node_modules/@supabase/supabase-js/src/SupabaseClient.ts:284:21)
    at createClient (/Users/yann/spx-app/node_modules/@supabase/supabase-js/src/index.ts:65:10)
    at admin (/Users/yann/spx-app/src/lib/desk/image-findings.ts:118:10)
    at listApprovedForTicker (/Users/yann/spx-app/src/lib/desk/image-findings.ts:222:16)
    at loadV17CompanyBrut (/Users/yann/spx-app/src/lib/company-core/load-company.ts:1906:30)
    at async loadV17Company (/Users/yann/spx-app/src/lib/company-core/load-company.ts:493:14)
    at async auditTicker (/Users/yann/spx-app/scripts/audit-pages-full.ts:51:19)
    at async main (/Users/yann/spx-app/scripts/audit-pages-full.ts:153:17)
[hero-kpi-overrides] refetch failed, using stale cache Error: SUPABASE_SERVICE_ROLE_KEY manquante — vérifier .env.local
    at createSupabaseAdminClient (/Users/yann/spx-app/src/lib/supabase/admin.ts:16:11)
    at fetchAll (/Users/yann/spx-app/src/lib/company-core/hero-kpi-overrides.ts:31:20)
    at getHeroKpiOverride (/Users/yann/spx-app/src/lib/company-core/hero-kpi-overrides.ts:58:21)
    at loadV17CompanyBrut (/Users/yann/spx-app/src/lib/company-core/load-company.ts:3083:28)
    at async loadV17Company (/Users/yann/spx-app/src/lib/company-core/load-company.ts:493:14)
    at async auditTicker (/Users/yann/spx-app/scripts/audit-pages-full.ts:51:19)
    at async main (/Users/yann/spx-app/scripts/audit-pages-full.ts:153:17)
special_kpis merge failed for APH: Error: supabaseUrl is required.
    at validateSupabaseUrl (/Users/yann/spx-app/node_modules/@supabase/supabase-js/src/lib/helpers.ts:86:11)
    at new SupabaseClient (/Users/yann/spx-app/node_modules/@supabase/supabase-js/src/SupabaseClient.ts:284:21)
    at createClient (/Users/yann/spx-app/node_modules/@supabase/supabase-js/src/index.ts:65:10)
    at admin (/Users/yann/spx-app/src/lib/desk/special-kpis.ts:152:10)
    at listPublishedForTicker (/Users/yann/spx-app/src/lib/desk/special-kpis.ts:175:16)
    at loadV17CompanyBrut (/Users/yann/spx-app/src/lib/company-core/load-company.ts:1779:30)
    at async loadV17Company (/Users/yann/spx-app/src/lib/company-core/load-company.ts:493:14)
    at async auditTicker (/Users/yann/spx-app/scripts/audit-pages-full.ts:51:19)
    at async main (/Users/yann/spx-app/scripts/audit-pages-full.ts:153:17)
kpi_requests merge failed for APH: Error: supabaseUrl is required.
    at validateSupabaseUrl (/Users/yann/spx-app/node_modules/@supabase/supabase-js/src/lib/helpers.ts:86:11)
    at new SupabaseClient (/Users/yann/spx-app/node_modules/@supabase/supabase-js/src/SupabaseClient.ts:284:21)
    at createClient (/Users/yann/spx-app/node_modules/@supabase/supabase-js/src/index.ts:65:10)
    at loadV17CompanyBrut (/Users/yann/spx-app/src/lib/company-core/load-company.ts:1843:18)
    at async loadV17Company (/Users/yann/spx-app/src/lib/company-core/load-company.ts:493:14)
    at async auditTicker (/Users/yann/spx-app/scripts/audit-pages-full.ts:51:19)
    at async main (/Users/yann/spx-app/scripts/audit-pages-full.ts:153:17)
image_findings merge failed for APH: Error: supabaseUrl is required.
    at validateSupabaseUrl (/Users/yann/spx-app/node_modules/@supabase/supabase-js/src/lib/helpers.ts:86:11)
    at new SupabaseClient (/Users/yann/spx-app/node_modules/@supabase/supabase-js/src/SupabaseClient.ts:284:21)
    at createClient (/Users/yann/spx-app/node_modules/@supabase/supabase-js/src/index.ts:65:10)
    at admin (/Users/yann/spx-app/src/lib/desk/image-findings.ts:118:10)
    at listApprovedForTicker (/Users/yann/spx-app/src/lib/desk/image-findings.ts:222:16)
    at loadV17CompanyBrut (/Users/yann/spx-app/src/lib/company-core/load-company.ts:1906:30)
    at async loadV17Company (/Users/yann/spx-app/src/lib/company-core/load-company.ts:493:14)
    at async auditTicker (/Users/yann/spx-app/scripts/audit-pages-full.ts:51:19)
    at async main (/Users/yann/spx-app/scripts/audit-pages-full.ts:153:17)
[hero-kpi-overrides] refetch failed, using stale cache Error: SUPABASE_SERVICE_ROLE_KEY manquante — vérifier .env.local
    at createSupabaseAdminClient (/Users/yann/spx-app/src/lib/supabase/admin.ts:16:11)
    at fetchAll (/Users/yann/spx-app/src/lib/company-core/hero-kpi-overrides.ts:31:20)
    at getHeroKpiOverride (/Users/yann/spx-app/src/lib/company-core/hero-kpi-overrides.ts:58:21)
    at loadV17CompanyBrut (/Users/yann/spx-app/src/lib/company-core/load-company.ts:3083:28)
    at async loadV17Company (/Users/yann/spx-app/src/lib/company-core/load-company.ts:493:14)
    at async auditTicker (/Users/yann/spx-app/scripts/audit-pages-full.ts:51:19)
    at async main (/Users/yann/spx-app/scripts/audit-pages-full.ts:153:17)
special_kpis merge failed for AVGO: Error: supabaseUrl is required.
    at validateSupabaseUrl (/Users/yann/spx-app/node_modules/@supabase/supabase-js/src/lib/helpers.ts:86:11)
    at new SupabaseClient (/Users/yann/spx-app/node_modules/@supabase/supabase-js/src/SupabaseClient.ts:284:21)
    at createClient (/Users/yann/spx-app/node_modules/@supabase/supabase-js/src/index.ts:65:10)
    at admin (/Users/yann/spx-app/src/lib/desk/special-kpis.ts:152:10)
    at listPublishedForTicker (/Users/yann/spx-app/src/lib/desk/special-kpis.ts:175:16)
    at loadV17CompanyBrut (/Users/yann/spx-app/src/lib/company-core/load-company.ts:1779:30)
    at async loadV17Company (/Users/yann/spx-app/src/lib/company-core/load-company.ts:493:14)
    at async auditTicker (/Users/yann/spx-app/scripts/audit-pages-full.ts:51:19)
    at async main (/Users/yann/spx-app/scripts/audit-pages-full.ts:153:17)
kpi_requests merge failed for AVGO: Error: supabaseUrl is required.
    at validateSupabaseUrl (/Users/yann/spx-app/node_modules/@supabase/supabase-js/src/lib/helpers.ts:86:11)
    at new SupabaseClient (/Users/yann/spx-app/node_modules/@supabase/supabase-js/src/SupabaseClient.ts:284:21)
    at createClient (/Users/yann/spx-app/node_modules/@supabase/supabase-js/src/index.ts:65:10)
    at loadV17CompanyBrut (/Users/yann/spx-app/src/lib/company-core/load-company.ts:1843:18)
    at async loadV17Company (/Users/yann/spx-app/src/lib/company-core/load-company.ts:493:14)
    at async auditTicker (/Users/yann/spx-app/scripts/audit-pages-full.ts:51:19)
    at async main (/Users/yann/spx-app/scripts/audit-pages-full.ts:153:17)
image_findings merge failed for AVGO: Error: supabaseUrl is required.
    at validateSupabaseUrl (/Users/yann/spx-app/node_modules/@supabase/supabase-js/src/lib/helpers.ts:86:11)
    at new SupabaseClient (/Users/yann/spx-app/node_modules/@supabase/supabase-js/src/SupabaseClient.ts:284:21)
    at createClient (/Users/yann/spx-app/node_modules/@supabase/supabase-js/src/index.ts:65:10)
    at admin (/Users/yann/spx-app/src/lib/desk/image-findings.ts:118:10)
    at listApprovedForTicker (/Users/yann/spx-app/src/lib/desk/image-findings.ts:222:16)
    at loadV17CompanyBrut (/Users/yann/spx-app/src/lib/company-core/load-company.ts:1906:30)
    at async loadV17Company (/Users/yann/spx-app/src/lib/company-core/load-company.ts:493:14)
    at async auditTicker (/Users/yann/spx-app/scripts/audit-pages-full.ts:51:19)
    at async main (/Users/yann/spx-app/scripts/audit-pages-full.ts:153:17)
[hero-kpi-overrides] refetch failed, using stale cache Error: SUPABASE_SERVICE_ROLE_KEY manquante — vérifier .env.local
    at createSupabaseAdminClient (/Users/yann/spx-app/src/lib/supabase/admin.ts:16:11)
    at fetchAll (/Users/yann/spx-app/src/lib/company-core/hero-kpi-overrides.ts:31:20)
    at getHeroKpiOverride (/Users/yann/spx-app/src/lib/company-core/hero-kpi-overrides.ts:58:21)
    at loadV17CompanyBrut (/Users/yann/spx-app/src/lib/company-core/load-company.ts:3083:28)
    at async loadV17Company (/Users/yann/spx-app/src/lib/company-core/load-company.ts:493:14)
    at async auditTicker (/Users/yann/spx-app/scripts/audit-pages-full.ts:51:19)
    at async main (/Users/yann/spx-app/scripts/audit-pages-full.ts:153:17)
special_kpis merge failed for AWK: Error: supabaseUrl is required.
    at validateSupabaseUrl (/Users/yann/spx-app/node_modules/@supabase/supabase-js/src/lib/helpers.ts:86:11)
    at new SupabaseClient (/Users/yann/spx-app/node_modules/@supabase/supabase-js/src/SupabaseClient.ts:284:21)
    at createClient (/Users/yann/spx-app/node_modules/@supabase/supabase-js/src/index.ts:65:10)
    at admin (/Users/yann/spx-app/src/lib/desk/special-kpis.ts:152:10)
    at listPublishedForTicker (/Users/yann/spx-app/src/lib/desk/special-kpis.ts:175:16)
    at loadV17CompanyBrut (/Users/yann/spx-app/src/lib/company-core/load-company.ts:1779:30)
    at async loadV17Company (/Users/yann/spx-app/src/lib/company-core/load-company.ts:493:14)
    at async auditTicker (/Users/yann/spx-app/scripts/audit-pages-full.ts:51:19)
    at async main (/Users/yann/spx-app/scripts/audit-pages-full.ts:153:17)
kpi_requests merge failed for AWK: Error: supabaseUrl is required.
    at validateSupabaseUrl (/Users/yann/spx-app/node_modules/@supabase/supabase-js/src/lib/helpers.ts:86:11)
    at new SupabaseClient (/Users/yann/spx-app/node_modules/@supabase/supabase-js/src/SupabaseClient.ts:284:21)
    at createClient (/Users/yann/spx-app/node_modules/@supabase/supabase-js/src/index.ts:65:10)
    at loadV17CompanyBrut (/Users/yann/spx-app/src/lib/company-core/load-company.ts:1843:18)
    at async loadV17Company (/Users/yann/spx-app/src/lib/company-core/load-company.ts:493:14)
    at async auditTicker (/Users/yann/spx-app/scripts/audit-pages-full.ts:51:19)
    at async main (/Users/yann/spx-app/scripts/audit-pages-full.ts:153:17)
image_findings merge failed for AWK: Error: supabaseUrl is required.
    at validateSupabaseUrl (/Users/yann/spx-app/node_modules/@supabase/supabase-js/src/lib/helpers.ts:86:11)
    at new SupabaseClient (/Users/yann/spx-app/node_modules/@supabase/supabase-js/src/SupabaseClient.ts:284:21)
    at createClient (/Users/yann/spx-app/node_modules/@supabase/supabase-js/src/index.ts:65:10)
    at admin (/Users/yann/spx-app/src/lib/desk/image-findings.ts:118:10)
    at listApprovedForTicker (/Users/yann/spx-app/src/lib/desk/image-findings.ts:222:16)
    at loadV17CompanyBrut (/Users/yann/spx-app/src/lib/company-core/load-company.ts:1906:30)
    at async loadV17Company (/Users/yann/spx-app/src/lib/company-core/load-company.ts:493:14)
    at async auditTicker (/Users/yann/spx-app/scripts/audit-pages-full.ts:51:19)
    at async main (/Users/yann/spx-app/scripts/audit-pages-full.ts:153:17)
[hero-kpi-overrides] refetch failed, using stale cache Error: SUPABASE_SERVICE_ROLE_KEY manquante — vérifier .env.local
    at createSupabaseAdminClient (/Users/yann/spx-app/src/lib/supabase/admin.ts:16:11)
    at fetchAll (/Users/yann/spx-app/src/lib/company-core/hero-kpi-overrides.ts:31:20)
    at getHeroKpiOverride (/Users/yann/spx-app/src/lib/company-core/hero-kpi-overrides.ts:58:21)
    at loadV17CompanyBrut (/Users/yann/spx-app/src/lib/company-core/load-company.ts:3083:28)
    at async loadV17Company (/Users/yann/spx-app/src/lib/company-core/load-company.ts:493:14)
    at async auditTicker (/Users/yann/spx-app/scripts/audit-pages-full.ts:51:19)
    at async main (/Users/yann/spx-app/scripts/audit-pages-full.ts:153:17)
special_kpis merge failed for BALL: Error: supabaseUrl is required.
    at validateSupabaseUrl (/Users/yann/spx-app/node_modules/@supabase/supabase-js/src/lib/helpers.ts:86:11)
    at new SupabaseClient (/Users/yann/spx-app/node_modules/@supabase/supabase-js/src/SupabaseClient.ts:284:21)
    at createClient (/Users/yann/spx-app/node_modules/@supabase/supabase-js/src/index.ts:65:10)
    at admin (/Users/yann/spx-app/src/lib/desk/special-kpis.ts:152:10)
    at listPublishedForTicker (/Users/yann/spx-app/src/lib/desk/special-kpis.ts:175:16)
    at loadV17CompanyBrut (/Users/yann/spx-app/src/lib/company-core/load-company.ts:1779:30)
    at async loadV17Company (/Users/yann/spx-app/src/lib/company-core/load-company.ts:493:14)
    at async auditTicker (/Users/yann/spx-app/scripts/audit-pages-full.ts:51:19)
    at async main (/Users/yann/spx-app/scripts/audit-pages-full.ts:153:17)
kpi_requests merge failed for BALL: Error: supabaseUrl is required.
    at validateSupabaseUrl (/Users/yann/spx-app/node_modules/@supabase/supabase-js/src/lib/helpers.ts:86:11)
    at new SupabaseClient (/Users/yann/spx-app/node_modules/@supabase/supabase-js/src/SupabaseClient.ts:284:21)
    at createClient (/Users/yann/spx-app/node_modules/@supabase/supabase-js/src/index.ts:65:10)
    at loadV17CompanyBrut (/Users/yann/spx-app/src/lib/company-core/load-company.ts:1843:18)
    at async loadV17Company (/Users/yann/spx-app/src/lib/company-core/load-company.ts:493:14)
    at async auditTicker (/Users/yann/spx-app/scripts/audit-pages-full.ts:51:19)
    at async main (/Users/yann/spx-app/scripts/audit-pages-full.ts:153:17)
image_findings merge failed for BALL: Error: supabaseUrl is required.
    at validateSupabaseUrl (/Users/yann/spx-app/node_modules/@supabase/supabase-js/src/lib/helpers.ts:86:11)
    at new SupabaseClient (/Users/yann/spx-app/node_modules/@supabase/supabase-js/src/SupabaseClient.ts:284:21)
    at createClient (/Users/yann/spx-app/node_modules/@supabase/supabase-js/src/index.ts:65:10)
    at admin (/Users/yann/spx-app/src/lib/desk/image-findings.ts:118:10)
    at listApprovedForTicker (/Users/yann/spx-app/src/lib/desk/image-findings.ts:222:16)
    at loadV17CompanyBrut (/Users/yann/spx-app/src/lib/company-core/load-company.ts:1906:30)
    at async loadV17Company (/Users/yann/spx-app/src/lib/company-core/load-company.ts:493:14)
    at async auditTicker (/Users/yann/spx-app/scripts/audit-pages-full.ts:51:19)
    at async main (/Users/yann/spx-app/scripts/audit-pages-full.ts:153:17)
[hero-kpi-overrides] refetch failed, using stale cache Error: SUPABASE_SERVICE_ROLE_KEY manquante — vérifier .env.local
    at createSupabaseAdminClient (/Users/yann/spx-app/src/lib/supabase/admin.ts:16:11)
    at fetchAll (/Users/yann/spx-app/src/lib/company-core/hero-kpi-overrides.ts:31:20)
    at getHeroKpiOverride (/Users/yann/spx-app/src/lib/company-core/hero-kpi-overrides.ts:58:21)
    at loadV17CompanyBrut (/Users/yann/spx-app/src/lib/company-core/load-company.ts:3083:28)
    at async loadV17Company (/Users/yann/spx-app/src/lib/company-core/load-company.ts:493:14)
    at async auditTicker (/Users/yann/spx-app/scripts/audit-pages-full.ts:51:19)
    at async main (/Users/yann/spx-app/scripts/audit-pages-full.ts:153:17)
special_kpis merge failed for BBY: Error: supabaseUrl is required.
    at validateSupabaseUrl (/Users/yann/spx-app/node_modules/@supabase/supabase-js/src/lib/helpers.ts:86:11)
    at new SupabaseClient (/Users/yann/spx-app/node_modules/@supabase/supabase-js/src/SupabaseClient.ts:284:21)
    at createClient (/Users/yann/spx-app/node_modules/@supabase/supabase-js/src/index.ts:65:10)
    at admin (/Users/yann/spx-app/src/lib/desk/special-kpis.ts:152:10)
    at listPublishedForTicker (/Users/yann/spx-app/src/lib/desk/special-kpis.ts:175:16)
    at loadV17CompanyBrut (/Users/yann/spx-app/src/lib/company-core/load-company.ts:1779:30)
    at async loadV17Company (/Users/yann/spx-app/src/lib/company-core/load-company.ts:493:14)
    at async auditTicker (/Users/yann/spx-app/scripts/audit-pages-full.ts:51:19)
    at async main (/Users/yann/spx-app/scripts/audit-pages-full.ts:153:17)
kpi_requests merge failed for BBY: Error: supabaseUrl is required.
    at validateSupabaseUrl (/Users/yann/spx-app/node_modules/@supabase/supabase-js/src/lib/helpers.ts:86:11)
    at new SupabaseClient (/Users/yann/spx-app/node_modules/@supabase/supabase-js/src/SupabaseClient.ts:284:21)
    at createClient (/Users/yann/spx-app/node_modules/@supabase/supabase-js/src/index.ts:65:10)
    at loadV17CompanyBrut (/Users/yann/spx-app/src/lib/company-core/load-company.ts:1843:18)
    at async loadV17Company (/Users/yann/spx-app/src/lib/company-core/load-company.ts:493:14)
    at async auditTicker (/Users/yann/spx-app/scripts/audit-pages-full.ts:51:19)
    at async main (/Users/yann/spx-app/scripts/audit-pages-full.ts:153:17)
image_findings merge failed for BBY: Error: supabaseUrl is required.
    at validateSupabaseUrl (/Users/yann/spx-app/node_modules/@supabase/supabase-js/src/lib/helpers.ts:86:11)
    at new SupabaseClient (/Users/yann/spx-app/node_modules/@supabase/supabase-js/src/SupabaseClient.ts:284:21)
    at createClient (/Users/yann/spx-app/node_modules/@supabase/supabase-js/src/index.ts:65:10)
    at admin (/Users/yann/spx-app/src/lib/desk/image-findings.ts:118:10)
    at listApprovedForTicker (/Users/yann/spx-app/src/lib/desk/image-findings.ts:222:16)
    at loadV17CompanyBrut (/Users/yann/spx-app/src/lib/company-core/load-company.ts:1906:30)
    at async loadV17Company (/Users/yann/spx-app/src/lib/company-core/load-company.ts:493:14)
    at async auditTicker (/Users/yann/spx-app/scripts/audit-pages-full.ts:51:19)
    at async main (/Users/yann/spx-app/scripts/audit-pages-full.ts:153:17)
[hero-kpi-overrides] refetch failed, using stale cache Error: SUPABASE_SERVICE_ROLE_KEY manquante — vérifier .env.local
    at createSupabaseAdminClient (/Users/yann/spx-app/src/lib/supabase/admin.ts:16:11)
    at fetchAll (/Users/yann/spx-app/src/lib/company-core/hero-kpi-overrides.ts:31:20)
    at getHeroKpiOverride (/Users/yann/spx-app/src/lib/company-core/hero-kpi-overrides.ts:58:21)
    at loadV17CompanyBrut (/Users/yann/spx-app/src/lib/company-core/load-company.ts:3083:28)
    at async loadV17Company (/Users/yann/spx-app/src/lib/company-core/load-company.ts:493:14)
    at async auditTicker (/Users/yann/spx-app/scripts/audit-pages-full.ts:51:19)
    at async main (/Users/yann/spx-app/scripts/audit-pages-full.ts:153:17)
special_kpis merge failed for BF.B: Error: supabaseUrl is required.
    at validateSupabaseUrl (/Users/yann/spx-app/node_modules/@supabase/supabase-js/src/lib/helpers.ts:86:11)
    at new SupabaseClient (/Users/yann/spx-app/node_modules/@supabase/supabase-js/src/SupabaseClient.ts:284:21)
    at createClient (/Users/yann/spx-app/node_modules/@supabase/supabase-js/src/index.ts:65:10)
    at admin (/Users/yann/spx-app/src/lib/desk/special-kpis.ts:152:10)
    at listPublishedForTicker (/Users/yann/spx-app/src/lib/desk/special-kpis.ts:175:16)
    at loadV17CompanyBrut (/Users/yann/spx-app/src/lib/company-core/load-company.ts:1779:30)
    at async loadV17Company (/Users/yann/spx-app/src/lib/company-core/load-company.ts:493:14)
    at async auditTicker (/Users/yann/spx-app/scripts/audit-pages-full.ts:51:19)
    at async main (/Users/yann/spx-app/scripts/audit-pages-full.ts:153:17)
kpi_requests merge failed for BF.B: Error: supabaseUrl is required.
    at validateSupabaseUrl (/Users/yann/spx-app/node_modules/@supabase/supabase-js/src/lib/helpers.ts:86:11)
    at new SupabaseClient (/Users/yann/spx-app/node_modules/@supabase/supabase-js/src/SupabaseClient.ts:284:21)
    at createClient (/Users/yann/spx-app/node_modules/@supabase/supabase-js/src/index.ts:65:10)
    at loadV17CompanyBrut (/Users/yann/spx-app/src/lib/company-core/load-company.ts:1843:18)
    at async loadV17Company (/Users/yann/spx-app/src/lib/company-core/load-company.ts:493:14)
    at async auditTicker (/Users/yann/spx-app/scripts/audit-pages-full.ts:51:19)
    at async main (/Users/yann/spx-app/scripts/audit-pages-full.ts:153:17)
image_findings merge failed for BF.B: Error: supabaseUrl is required.
    at validateSupabaseUrl (/Users/yann/spx-app/node_modules/@supabase/supabase-js/src/lib/helpers.ts:86:11)
    at new SupabaseClient (/Users/yann/spx-app/node_modules/@supabase/supabase-js/src/SupabaseClient.ts:284:21)
    at createClient (/Users/yann/spx-app/node_modules/@supabase/supabase-js/src/index.ts:65:10)
    at admin (/Users/yann/spx-app/src/lib/desk/image-findings.ts:118:10)
    at listApprovedForTicker (/Users/yann/spx-app/src/lib/desk/image-findings.ts:222:16)
    at loadV17CompanyBrut (/Users/yann/spx-app/src/lib/company-core/load-company.ts:1906:30)
    at async loadV17Company (/Users/yann/spx-app/src/lib/company-core/load-company.ts:493:14)
    at async auditTicker (/Users/yann/spx-app/scripts/audit-pages-full.ts:51:19)
    at async main (/Users/yann/spx-app/scripts/audit-pages-full.ts:153:17)
[hero-kpi-overrides] refetch failed, using stale cache Error: SUPABASE_SERVICE_ROLE_KEY manquante — vérifier .env.local
    at createSupabaseAdminClient (/Users/yann/spx-app/src/lib/supabase/admin.ts:16:11)
    at fetchAll (/Users/yann/spx-app/src/lib/company-core/hero-kpi-overrides.ts:31:20)
    at getHeroKpiOverride (/Users/yann/spx-app/src/lib/company-core/hero-kpi-overrides.ts:58:21)
    at loadV17CompanyBrut (/Users/yann/spx-app/src/lib/company-core/load-company.ts:3083:28)
    at async loadV17Company (/Users/yann/spx-app/src/lib/company-core/load-company.ts:493:14)
    at async auditTicker (/Users/yann/spx-app/scripts/audit-pages-full.ts:51:19)
    at async main (/Users/yann/spx-app/scripts/audit-pages-full.ts:153:17)
special_kpis merge failed for BG: Error: supabaseUrl is required.
    at validateSupabaseUrl (/Users/yann/spx-app/node_modules/@supabase/supabase-js/src/lib/helpers.ts:86:11)
    at new SupabaseClient (/Users/yann/spx-app/node_modules/@supabase/supabase-js/src/SupabaseClient.ts:284:21)
    at createClient (/Users/yann/spx-app/node_modules/@supabase/supabase-js/src/index.ts:65:10)
    at admin (/Users/yann/spx-app/src/lib/desk/special-kpis.ts:152:10)
    at listPublishedForTicker (/Users/yann/spx-app/src/lib/desk/special-kpis.ts:175:16)
    at loadV17CompanyBrut (/Users/yann/spx-app/src/lib/company-core/load-company.ts:1779:30)
    at async loadV17Company (/Users/yann/spx-app/src/lib/company-core/load-company.ts:493:14)
    at async auditTicker (/Users/yann/spx-app/scripts/audit-pages-full.ts:51:19)
    at async main (/Users/yann/spx-app/scripts/audit-pages-full.ts:153:17)
kpi_requests merge failed for BG: Error: supabaseUrl is required.
    at validateSupabaseUrl (/Users/yann/spx-app/node_modules/@supabase/supabase-js/src/lib/helpers.ts:86:11)
    at new SupabaseClient (/Users/yann/spx-app/node_modules/@supabase/supabase-js/src/SupabaseClient.ts:284:21)
    at createClient (/Users/yann/spx-app/node_modules/@supabase/supabase-js/src/index.ts:65:10)
    at loadV17CompanyBrut (/Users/yann/spx-app/src/lib/company-core/load-company.ts:1843:18)
    at async loadV17Company (/Users/yann/spx-app/src/lib/company-core/load-company.ts:493:14)
    at async auditTicker (/Users/yann/spx-app/scripts/audit-pages-full.ts:51:19)
    at async main (/Users/yann/spx-app/scripts/audit-pages-full.ts:153:17)
image_findings merge failed for BG: Error: supabaseUrl is required.
    at validateSupabaseUrl (/Users/yann/spx-app/node_modules/@supabase/supabase-js/src/lib/helpers.ts:86:11)
    at new SupabaseClient (/Users/yann/spx-app/node_modules/@supabase/supabase-js/src/SupabaseClient.ts:284:21)
    at createClient (/Users/yann/spx-app/node_modules/@supabase/supabase-js/src/index.ts:65:10)
    at admin (/Users/yann/spx-app/src/lib/desk/image-findings.ts:118:10)
    at listApprovedForTicker (/Users/yann/spx-app/src/lib/desk/image-findings.ts:222:16)
    at loadV17CompanyBrut (/Users/yann/spx-app/src/lib/company-core/load-company.ts:1906:30)
    at async loadV17Company (/Users/yann/spx-app/src/lib/company-core/load-company.ts:493:14)
    at async auditTicker (/Users/yann/spx-app/scripts/audit-pages-full.ts:51:19)
    at async main (/Users/yann/spx-app/scripts/audit-pages-full.ts:153:17)
[hero-kpi-overrides] refetch failed, using stale cache Error: SUPABASE_SERVICE_ROLE_KEY manquante — vérifier .env.local
    at createSupabaseAdminClient (/Users/yann/spx-app/src/lib/supabase/admin.ts:16:11)
    at fetchAll (/Users/yann/spx-app/src/lib/company-core/hero-kpi-overrides.ts:31:20)
    at getHeroKpiOverride (/Users/yann/spx-app/src/lib/company-core/hero-kpi-overrides.ts:58:21)
    at loadV17CompanyBrut (/Users/yann/spx-app/src/lib/company-core/load-company.ts:3083:28)
    at async loadV17Company (/Users/yann/spx-app/src/lib/company-core/load-company.ts:493:14)
    at async auditTicker (/Users/yann/spx-app/scripts/audit-pages-full.ts:51:19)
    at async main (/Users/yann/spx-app/scripts/audit-pages-full.ts:153:17)
special_kpis merge failed for BKR: Error: supabaseUrl is required.
    at validateSupabaseUrl (/Users/yann/spx-app/node_modules/@supabase/supabase-js/src/lib/helpers.ts:86:11)
    at new SupabaseClient (/Users/yann/spx-app/node_modules/@supabase/supabase-js/src/SupabaseClient.ts:284:21)
    at createClient (/Users/yann/spx-app/node_modules/@supabase/supabase-js/src/index.ts:65:10)
    at admin (/Users/yann/spx-app/src/lib/desk/special-kpis.ts:152:10)
    at listPublishedForTicker (/Users/yann/spx-app/src/lib/desk/special-kpis.ts:175:16)
    at loadV17CompanyBrut (/Users/yann/spx-app/src/lib/company-core/load-company.ts:1779:30)
    at async loadV17Company (/Users/yann/spx-app/src/lib/company-core/load-company.ts:493:14)
    at async auditTicker (/Users/yann/spx-app/scripts/audit-pages-full.ts:51:19)
    at async main (/Users/yann/spx-app/scripts/audit-pages-full.ts:153:17)
kpi_requests merge failed for BKR: Error: supabaseUrl is required.
    at validateSupabaseUrl (/Users/yann/spx-app/node_modules/@supabase/supabase-js/src/lib/helpers.ts:86:11)
    at new SupabaseClient (/Users/yann/spx-app/node_modules/@supabase/supabase-js/src/SupabaseClient.ts:284:21)
    at createClient (/Users/yann/spx-app/node_modules/@supabase/supabase-js/src/index.ts:65:10)
    at loadV17CompanyBrut (/Users/yann/spx-app/src/lib/company-core/load-company.ts:1843:18)
    at async loadV17Company (/Users/yann/spx-app/src/lib/company-core/load-company.ts:493:14)
    at async auditTicker (/Users/yann/spx-app/scripts/audit-pages-full.ts:51:19)
    at async main (/Users/yann/spx-app/scripts/audit-pages-full.ts:153:17)
image_findings merge failed for BKR: Error: supabaseUrl is required.
    at validateSupabaseUrl (/Users/yann/spx-app/node_modules/@supabase/supabase-js/src/lib/helpers.ts:86:11)
    at new SupabaseClient (/Users/yann/spx-app/node_modules/@supabase/supabase-js/src/SupabaseClient.ts:284:21)
    at createClient (/Users/yann/spx-app/node_modules/@supabase/supabase-js/src/index.ts:65:10)
    at admin (/Users/yann/spx-app/src/lib/desk/image-findings.ts:118:10)
    at listApprovedForTicker (/Users/yann/spx-app/src/lib/desk/image-findings.ts:222:16)
    at loadV17CompanyBrut (/Users/yann/spx-app/src/lib/company-core/load-company.ts:1906:30)
    at async loadV17Company (/Users/yann/spx-app/src/lib/company-core/load-company.ts:493:14)
    at async auditTicker (/Users/yann/spx-app/scripts/audit-pages-full.ts:51:19)
    at async main (/Users/yann/spx-app/scripts/audit-pages-full.ts:153:17)
[hero-kpi-overrides] refetch failed, using stale cache Error: SUPABASE_SERVICE_ROLE_KEY manquante — vérifier .env.local
    at createSupabaseAdminClient (/Users/yann/spx-app/src/lib/supabase/admin.ts:16:11)
    at fetchAll (/Users/yann/spx-app/src/lib/company-core/hero-kpi-overrides.ts:31:20)
    at getHeroKpiOverride (/Users/yann/spx-app/src/lib/company-core/hero-kpi-overrides.ts:58:21)
    at loadV17CompanyBrut (/Users/yann/spx-app/src/lib/company-core/load-company.ts:3083:28)
    at async loadV17Company (/Users/yann/spx-app/src/lib/company-core/load-company.ts:493:14)
    at async auditTicker (/Users/yann/spx-app/scripts/audit-pages-full.ts:51:19)
    at async main (/Users/yann/spx-app/scripts/audit-pages-full.ts:153:17)
special_kpis merge failed for BRO: Error: supabaseUrl is required.
    at validateSupabaseUrl (/Users/yann/spx-app/node_modules/@supabase/supabase-js/src/lib/helpers.ts:86:11)
    at new SupabaseClient (/Users/yann/spx-app/node_modules/@supabase/supabase-js/src/SupabaseClient.ts:284:21)
    at createClient (/Users/yann/spx-app/node_modules/@supabase/supabase-js/src/index.ts:65:10)
    at admin (/Users/yann/spx-app/src/lib/desk/special-kpis.ts:152:10)
    at listPublishedForTicker (/Users/yann/spx-app/src/lib/desk/special-kpis.ts:175:16)
    at loadV17CompanyBrut (/Users/yann/spx-app/src/lib/company-core/load-company.ts:1779:30)
    at async loadV17Company (/Users/yann/spx-app/src/lib/company-core/load-company.ts:493:14)
    at async auditTicker (/Users/yann/spx-app/scripts/audit-pages-full.ts:51:19)
    at async main (/Users/yann/spx-app/scripts/audit-pages-full.ts:153:17)
kpi_requests merge failed for BRO: Error: supabaseUrl is required.
    at validateSupabaseUrl (/Users/yann/spx-app/node_modules/@supabase/supabase-js/src/lib/helpers.ts:86:11)
    at new SupabaseClient (/Users/yann/spx-app/node_modules/@supabase/supabase-js/src/SupabaseClient.ts:284:21)
    at createClient (/Users/yann/spx-app/node_modules/@supabase/supabase-js/src/index.ts:65:10)
    at loadV17CompanyBrut (/Users/yann/spx-app/src/lib/company-core/load-company.ts:1843:18)
    at async loadV17Company (/Users/yann/spx-app/src/lib/company-core/load-company.ts:493:14)
    at async auditTicker (/Users/yann/spx-app/scripts/audit-pages-full.ts:51:19)
    at async main (/Users/yann/spx-app/scripts/audit-pages-full.ts:153:17)
image_findings merge failed for BRO: Error: supabaseUrl is required.
    at validateSupabaseUrl (/Users/yann/spx-app/node_modules/@supabase/supabase-js/src/lib/helpers.ts:86:11)
    at new SupabaseClient (/Users/yann/spx-app/node_modules/@supabase/supabase-js/src/SupabaseClient.ts:284:21)
    at createClient (/Users/yann/spx-app/node_modules/@supabase/supabase-js/src/index.ts:65:10)
    at admin (/Users/yann/spx-app/src/lib/desk/image-findings.ts:118:10)
    at listApprovedForTicker (/Users/yann/spx-app/src/lib/desk/image-findings.ts:222:16)
    at loadV17CompanyBrut (/Users/yann/spx-app/src/lib/company-core/load-company.ts:1906:30)
    at async loadV17Company (/Users/yann/spx-app/src/lib/company-core/load-company.ts:493:14)
    at async auditTicker (/Users/yann/spx-app/scripts/audit-pages-full.ts:51:19)
    at async main (/Users/yann/spx-app/scripts/audit-pages-full.ts:153:17)
[hero-kpi-overrides] refetch failed, using stale cache Error: SUPABASE_SERVICE_ROLE_KEY manquante — vérifier .env.local
    at createSupabaseAdminClient (/Users/yann/spx-app/src/lib/supabase/admin.ts:16:11)
    at fetchAll (/Users/yann/spx-app/src/lib/company-core/hero-kpi-overrides.ts:31:20)
    at getHeroKpiOverride (/Users/yann/spx-app/src/lib/company-core/hero-kpi-overrides.ts:58:21)
    at loadV17CompanyBrut (/Users/yann/spx-app/src/lib/company-core/load-company.ts:3083:28)
    at async loadV17Company (/Users/yann/spx-app/src/lib/company-core/load-company.ts:493:14)
    at async auditTicker (/Users/yann/spx-app/scripts/audit-pages-full.ts:51:19)
    at async main (/Users/yann/spx-app/scripts/audit-pages-full.ts:153:17)
special_kpis merge failed for CASY: Error: supabaseUrl is required.
    at validateSupabaseUrl (/Users/yann/spx-app/node_modules/@supabase/supabase-js/src/lib/helpers.ts:86:11)
    at new SupabaseClient (/Users/yann/spx-app/node_modules/@supabase/supabase-js/src/SupabaseClient.ts:284:21)
    at createClient (/Users/yann/spx-app/node_modules/@supabase/supabase-js/src/index.ts:65:10)
    at admin (/Users/yann/spx-app/src/lib/desk/special-kpis.ts:152:10)
    at listPublishedForTicker (/Users/yann/spx-app/src/lib/desk/special-kpis.ts:175:16)
    at loadV17CompanyBrut (/Users/yann/spx-app/src/lib/company-core/load-company.ts:1779:30)
    at async loadV17Company (/Users/yann/spx-app/src/lib/company-core/load-company.ts:493:14)
    at async auditTicker (/Users/yann/spx-app/scripts/audit-pages-full.ts:51:19)
    at async main (/Users/yann/spx-app/scripts/audit-pages-full.ts:153:17)
kpi_requests merge failed for CASY: Error: supabaseUrl is required.
    at validateSupabaseUrl (/Users/yann/spx-app/node_modules/@supabase/supabase-js/src/lib/helpers.ts:86:11)
    at new SupabaseClient (/Users/yann/spx-app/node_modules/@supabase/supabase-js/src/SupabaseClient.ts:284:21)
    at createClient (/Users/yann/spx-app/node_modules/@supabase/supabase-js/src/index.ts:65:10)
    at loadV17CompanyBrut (/Users/yann/spx-app/src/lib/company-core/load-company.ts:1843:18)
    at async loadV17Company (/Users/yann/spx-app/src/lib/company-core/load-company.ts:493:14)
    at async auditTicker (/Users/yann/spx-app/scripts/audit-pages-full.ts:51:19)
    at async main (/Users/yann/spx-app/scripts/audit-pages-full.ts:153:17)
image_findings merge failed for CASY: Error: supabaseUrl is required.
    at validateSupabaseUrl (/Users/yann/spx-app/node_modules/@supabase/supabase-js/src/lib/helpers.ts:86:11)
    at new SupabaseClient (/Users/yann/spx-app/node_modules/@supabase/supabase-js/src/SupabaseClient.ts:284:21)
    at createClient (/Users/yann/spx-app/node_modules/@supabase/supabase-js/src/index.ts:65:10)
    at admin (/Users/yann/spx-app/src/lib/desk/image-findings.ts:118:10)
    at listApprovedForTicker (/Users/yann/spx-app/src/lib/desk/image-findings.ts:222:16)
    at loadV17CompanyBrut (/Users/yann/spx-app/src/lib/company-core/load-company.ts:1906:30)
    at async loadV17Company (/Users/yann/spx-app/src/lib/company-core/load-company.ts:493:14)
    at async auditTicker (/Users/yann/spx-app/scripts/audit-pages-full.ts:51:19)
    at async main (/Users/yann/spx-app/scripts/audit-pages-full.ts:153:17)
[hero-kpi-overrides] refetch failed, using stale cache Error: SUPABASE_SERVICE_ROLE_KEY manquante — vérifier .env.local
    at createSupabaseAdminClient (/Users/yann/spx-app/src/lib/supabase/admin.ts:16:11)
    at fetchAll (/Users/yann/spx-app/src/lib/company-core/hero-kpi-overrides.ts:31:20)
    at getHeroKpiOverride (/Users/yann/spx-app/src/lib/company-core/hero-kpi-overrides.ts:58:21)
    at loadV17CompanyBrut (/Users/yann/spx-app/src/lib/company-core/load-company.ts:3083:28)
    at async loadV17Company (/Users/yann/spx-app/src/lib/company-core/load-company.ts:493:14)
    at async auditTicker (/Users/yann/spx-app/scripts/audit-pages-full.ts:51:19)
    at async main (/Users/yann/spx-app/scripts/audit-pages-full.ts:153:17)
special_kpis merge failed for CAT: Error: supabaseUrl is required.
    at validateSupabaseUrl (/Users/yann/spx-app/node_modules/@supabase/supabase-js/src/lib/helpers.ts:86:11)
    at new SupabaseClient (/Users/yann/spx-app/node_modules/@supabase/supabase-js/src/SupabaseClient.ts:284:21)
    at createClient (/Users/yann/spx-app/node_modules/@supabase/supabase-js/src/index.ts:65:10)
    at admin (/Users/yann/spx-app/src/lib/desk/special-kpis.ts:152:10)
    at listPublishedForTicker (/Users/yann/spx-app/src/lib/desk/special-kpis.ts:175:16)
    at loadV17CompanyBrut (/Users/yann/spx-app/src/lib/company-core/load-company.ts:1779:30)
    at async loadV17Company (/Users/yann/spx-app/src/lib/company-core/load-company.ts:493:14)
    at async auditTicker (/Users/yann/spx-app/scripts/audit-pages-full.ts:51:19)
    at async main (/Users/yann/spx-app/scripts/audit-pages-full.ts:153:17)
kpi_requests merge failed for CAT: Error: supabaseUrl is required.
    at validateSupabaseUrl (/Users/yann/spx-app/node_modules/@supabase/supabase-js/src/lib/helpers.ts:86:11)
    at new SupabaseClient (/Users/yann/spx-app/node_modules/@supabase/supabase-js/src/SupabaseClient.ts:284:21)
    at createClient (/Users/yann/spx-app/node_modules/@supabase/supabase-js/src/index.ts:65:10)
    at loadV17CompanyBrut (/Users/yann/spx-app/src/lib/company-core/load-company.ts:1843:18)
    at async loadV17Company (/Users/yann/spx-app/src/lib/company-core/load-company.ts:493:14)
    at async auditTicker (/Users/yann/spx-app/scripts/audit-pages-full.ts:51:19)
    at async main (/Users/yann/spx-app/scripts/audit-pages-full.ts:153:17)
image_findings merge failed for CAT: Error: supabaseUrl is required.
    at validateSupabaseUrl (/Users/yann/spx-app/node_modules/@supabase/supabase-js/src/lib/helpers.ts:86:11)
    at new SupabaseClient (/Users/yann/spx-app/node_modules/@supabase/supabase-js/src/SupabaseClient.ts:284:21)
    at createClient (/Users/yann/spx-app/node_modules/@supabase/supabase-js/src/index.ts:65:10)
    at admin (/Users/yann/spx-app/src/lib/desk/image-findings.ts:118:10)
    at listApprovedForTicker (/Users/yann/spx-app/src/lib/desk/image-findings.ts:222:16)
    at loadV17CompanyBrut (/Users/yann/spx-app/src/lib/company-core/load-company.ts:1906:30)
    at async loadV17Company (/Users/yann/spx-app/src/lib/company-core/load-company.ts:493:14)
    at async auditTicker (/Users/yann/spx-app/scripts/audit-pages-full.ts:51:19)
    at async main (/Users/yann/spx-app/scripts/audit-pages-full.ts:153:17)
[hero-kpi-overrides] refetch failed, using stale cache Error: SUPABASE_SERVICE_ROLE_KEY manquante — vérifier .env.local
    at createSupabaseAdminClient (/Users/yann/spx-app/src/lib/supabase/admin.ts:16:11)
    at fetchAll (/Users/yann/spx-app/src/lib/company-core/hero-kpi-overrides.ts:31:20)
    at getHeroKpiOverride (/Users/yann/spx-app/src/lib/company-core/hero-kpi-overrides.ts:58:21)
    at loadV17CompanyBrut (/Users/yann/spx-app/src/lib/company-core/load-company.ts:3083:28)
    at async loadV17Company (/Users/yann/spx-app/src/lib/company-core/load-company.ts:493:14)
    at async auditTicker (/Users/yann/spx-app/scripts/audit-pages-full.ts:51:19)
    at async main (/Users/yann/spx-app/scripts/audit-pages-full.ts:153:17)
special_kpis merge failed for CF: Error: supabaseUrl is required.
    at validateSupabaseUrl (/Users/yann/spx-app/node_modules/@supabase/supabase-js/src/lib/helpers.ts:86:11)
    at new SupabaseClient (/Users/yann/spx-app/node_modules/@supabase/supabase-js/src/SupabaseClient.ts:284:21)
    at createClient (/Users/yann/spx-app/node_modules/@supabase/supabase-js/src/index.ts:65:10)
    at admin (/Users/yann/spx-app/src/lib/desk/special-kpis.ts:152:10)
    at listPublishedForTicker (/Users/yann/spx-app/src/lib/desk/special-kpis.ts:175:16)
    at loadV17CompanyBrut (/Users/yann/spx-app/src/lib/company-core/load-company.ts:1779:30)
    at async loadV17Company (/Users/yann/spx-app/src/lib/company-core/load-company.ts:493:14)
    at async auditTicker (/Users/yann/spx-app/scripts/audit-pages-full.ts:51:19)
    at async main (/Users/yann/spx-app/scripts/audit-pages-full.ts:153:17)
kpi_requests merge failed for CF: Error: supabaseUrl is required.
    at validateSupabaseUrl (/Users/yann/spx-app/node_modules/@supabase/supabase-js/src/lib/helpers.ts:86:11)
    at new SupabaseClient (/Users/yann/spx-app/node_modules/@supabase/supabase-js/src/SupabaseClient.ts:284:21)
    at createClient (/Users/yann/spx-app/node_modules/@supabase/supabase-js/src/index.ts:65:10)
    at loadV17CompanyBrut (/Users/yann/spx-app/src/lib/company-core/load-company.ts:1843:18)
    at async loadV17Company (/Users/yann/spx-app/src/lib/company-core/load-company.ts:493:14)
    at async auditTicker (/Users/yann/spx-app/scripts/audit-pages-full.ts:51:19)
    at async main (/Users/yann/spx-app/scripts/audit-pages-full.ts:153:17)
image_findings merge failed for CF: Error: supabaseUrl is required.
    at validateSupabaseUrl (/Users/yann/spx-app/node_modules/@supabase/supabase-js/src/lib/helpers.ts:86:11)
    at new SupabaseClient (/Users/yann/spx-app/node_modules/@supabase/supabase-js/src/SupabaseClient.ts:284:21)
    at createClient (/Users/yann/spx-app/node_modules/@supabase/supabase-js/src/index.ts:65:10)
    at admin (/Users/yann/spx-app/src/lib/desk/image-findings.ts:118:10)
    at listApprovedForTicker (/Users/yann/spx-app/src/lib/desk/image-findings.ts:222:16)
    at loadV17CompanyBrut (/Users/yann/spx-app/src/lib/company-core/load-company.ts:1906:30)
    at async loadV17Company (/Users/yann/spx-app/src/lib/company-core/load-company.ts:493:14)
    at async auditTicker (/Users/yann/spx-app/scripts/audit-pages-full.ts:51:19)
    at async main (/Users/yann/spx-app/scripts/audit-pages-full.ts:153:17)
[hero-kpi-overrides] refetch failed, using stale cache Error: SUPABASE_SERVICE_ROLE_KEY manquante — vérifier .env.local
    at createSupabaseAdminClient (/Users/yann/spx-app/src/lib/supabase/admin.ts:16:11)
    at fetchAll (/Users/yann/spx-app/src/lib/company-core/hero-kpi-overrides.ts:31:20)
    at getHeroKpiOverride (/Users/yann/spx-app/src/lib/company-core/hero-kpi-overrides.ts:58:21)
    at loadV17CompanyBrut (/Users/yann/spx-app/src/lib/company-core/load-company.ts:3083:28)
    at async loadV17Company (/Users/yann/spx-app/src/lib/company-core/load-company.ts:493:14)
    at async auditTicker (/Users/yann/spx-app/scripts/audit-pages-full.ts:51:19)
    at async main (/Users/yann/spx-app/scripts/audit-pages-full.ts:153:17)
special_kpis merge failed for CIEN: Error: supabaseUrl is required.
    at validateSupabaseUrl (/Users/yann/spx-app/node_modules/@supabase/supabase-js/src/lib/helpers.ts:86:11)
    at new SupabaseClient (/Users/yann/spx-app/node_modules/@supabase/supabase-js/src/SupabaseClient.ts:284:21)
    at createClient (/Users/yann/spx-app/node_modules/@supabase/supabase-js/src/index.ts:65:10)
    at admin (/Users/yann/spx-app/src/lib/desk/special-kpis.ts:152:10)
    at listPublishedForTicker (/Users/yann/spx-app/src/lib/desk/special-kpis.ts:175:16)
    at loadV17CompanyBrut (/Users/yann/spx-app/src/lib/company-core/load-company.ts:1779:30)
    at async loadV17Company (/Users/yann/spx-app/src/lib/company-core/load-company.ts:493:14)
    at async auditTicker (/Users/yann/spx-app/scripts/audit-pages-full.ts:51:19)
    at async main (/Users/yann/spx-app/scripts/audit-pages-full.ts:153:17)
kpi_requests merge failed for CIEN: Error: supabaseUrl is required.
    at validateSupabaseUrl (/Users/yann/spx-app/node_modules/@supabase/supabase-js/src/lib/helpers.ts:86:11)
    at new SupabaseClient (/Users/yann/spx-app/node_modules/@supabase/supabase-js/src/SupabaseClient.ts:284:21)
    at createClient (/Users/yann/spx-app/node_modules/@supabase/supabase-js/src/index.ts:65:10)
    at loadV17CompanyBrut (/Users/yann/spx-app/src/lib/company-core/load-company.ts:1843:18)
    at async loadV17Company (/Users/yann/spx-app/src/lib/company-core/load-company.ts:493:14)
    at async auditTicker (/Users/yann/spx-app/scripts/audit-pages-full.ts:51:19)
    at async main (/Users/yann/spx-app/scripts/audit-pages-full.ts:153:17)
image_findings merge failed for CIEN: Error: supabaseUrl is required.
    at validateSupabaseUrl (/Users/yann/spx-app/node_modules/@supabase/supabase-js/src/lib/helpers.ts:86:11)
    at new SupabaseClient (/Users/yann/spx-app/node_modules/@supabase/supabase-js/src/SupabaseClient.ts:284:21)
    at createClient (/Users/yann/spx-app/node_modules/@supabase/supabase-js/src/index.ts:65:10)
    at admin (/Users/yann/spx-app/src/lib/desk/image-findings.ts:118:10)
    at listApprovedForTicker (/Users/yann/spx-app/src/lib/desk/image-findings.ts:222:16)
    at loadV17CompanyBrut (/Users/yann/spx-app/src/lib/company-core/load-company.ts:1906:30)
    at async loadV17Company (/Users/yann/spx-app/src/lib/company-core/load-company.ts:493:14)
    at async auditTicker (/Users/yann/spx-app/scripts/audit-pages-full.ts:51:19)
    at async main (/Users/yann/spx-app/scripts/audit-pages-full.ts:153:17)
[hero-kpi-overrides] refetch failed, using stale cache Error: SUPABASE_SERVICE_ROLE_KEY manquante — vérifier .env.local
    at createSupabaseAdminClient (/Users/yann/spx-app/src/lib/supabase/admin.ts:16:11)
    at fetchAll (/Users/yann/spx-app/src/lib/company-core/hero-kpi-overrides.ts:31:20)
    at getHeroKpiOverride (/Users/yann/spx-app/src/lib/company-core/hero-kpi-overrides.ts:58:21)
    at loadV17CompanyBrut (/Users/yann/spx-app/src/lib/company-core/load-company.ts:3083:28)
    at async loadV17Company (/Users/yann/spx-app/src/lib/company-core/load-company.ts:493:14)
    at async auditTicker (/Users/yann/spx-app/scripts/audit-pages-full.ts:51:19)
    at async main (/Users/yann/spx-app/scripts/audit-pages-full.ts:153:17)
special_kpis merge failed for CME: Error: supabaseUrl is required.
    at validateSupabaseUrl (/Users/yann/spx-app/node_modules/@supabase/supabase-js/src/lib/helpers.ts:86:11)
    at new SupabaseClient (/Users/yann/spx-app/node_modules/@supabase/supabase-js/src/SupabaseClient.ts:284:21)
    at createClient (/Users/yann/spx-app/node_modules/@supabase/supabase-js/src/index.ts:65:10)
    at admin (/Users/yann/spx-app/src/lib/desk/special-kpis.ts:152:10)
    at listPublishedForTicker (/Users/yann/spx-app/src/lib/desk/special-kpis.ts:175:16)
    at loadV17CompanyBrut (/Users/yann/spx-app/src/lib/company-core/load-company.ts:1779:30)
    at async loadV17Company (/Users/yann/spx-app/src/lib/company-core/load-company.ts:493:14)
    at async auditTicker (/Users/yann/spx-app/scripts/audit-pages-full.ts:51:19)
    at async main (/Users/yann/spx-app/scripts/audit-pages-full.ts:153:17)
kpi_requests merge failed for CME: Error: supabaseUrl is required.
    at validateSupabaseUrl (/Users/yann/spx-app/node_modules/@supabase/supabase-js/src/lib/helpers.ts:86:11)
    at new SupabaseClient (/Users/yann/spx-app/node_modules/@supabase/supabase-js/src/SupabaseClient.ts:284:21)
    at createClient (/Users/yann/spx-app/node_modules/@supabase/supabase-js/src/index.ts:65:10)
    at loadV17CompanyBrut (/Users/yann/spx-app/src/lib/company-core/load-company.ts:1843:18)
    at async loadV17Company (/Users/yann/spx-app/src/lib/company-core/load-company.ts:493:14)
    at async auditTicker (/Users/yann/spx-app/scripts/audit-pages-full.ts:51:19)
    at async main (/Users/yann/spx-app/scripts/audit-pages-full.ts:153:17)
image_findings merge failed for CME: Error: supabaseUrl is required.
    at validateSupabaseUrl (/Users/yann/spx-app/node_modules/@supabase/supabase-js/src/lib/helpers.ts:86:11)
    at new SupabaseClient (/Users/yann/spx-app/node_modules/@supabase/supabase-js/src/SupabaseClient.ts:284:21)
    at createClient (/Users/yann/spx-app/node_modules/@supabase/supabase-js/src/index.ts:65:10)
    at admin (/Users/yann/spx-app/src/lib/desk/image-findings.ts:118:10)
    at listApprovedForTicker (/Users/yann/spx-app/src/lib/desk/image-findings.ts:222:16)
    at loadV17CompanyBrut (/Users/yann/spx-app/src/lib/company-core/load-company.ts:1906:30)
    at async loadV17Company (/Users/yann/spx-app/src/lib/company-core/load-company.ts:493:14)
    at async auditTicker (/Users/yann/spx-app/scripts/audit-pages-full.ts:51:19)
    at async main (/Users/yann/spx-app/scripts/audit-pages-full.ts:153:17)
[hero-kpi-overrides] refetch failed, using stale cache Error: SUPABASE_SERVICE_ROLE_KEY manquante — vérifier .env.local
    at createSupabaseAdminClient (/Users/yann/spx-app/src/lib/supabase/admin.ts:16:11)
    at fetchAll (/Users/yann/spx-app/src/lib/company-core/hero-kpi-overrides.ts:31:20)
    at getHeroKpiOverride (/Users/yann/spx-app/src/lib/company-core/hero-kpi-overrides.ts:58:21)
    at loadV17CompanyBrut (/Users/yann/spx-app/src/lib/company-core/load-company.ts:3083:28)
    at async loadV17Company (/Users/yann/spx-app/src/lib/company-core/load-company.ts:493:14)
    at async auditTicker (/Users/yann/spx-app/scripts/audit-pages-full.ts:51:19)
    at async main (/Users/yann/spx-app/scripts/audit-pages-full.ts:153:17)
special_kpis merge failed for CNP: Error: supabaseUrl is required.
    at validateSupabaseUrl (/Users/yann/spx-app/node_modules/@supabase/supabase-js/src/lib/helpers.ts:86:11)
    at new SupabaseClient (/Users/yann/spx-app/node_modules/@supabase/supabase-js/src/SupabaseClient.ts:284:21)
    at createClient (/Users/yann/spx-app/node_modules/@supabase/supabase-js/src/index.ts:65:10)
    at admin (/Users/yann/spx-app/src/lib/desk/special-kpis.ts:152:10)
    at listPublishedForTicker (/Users/yann/spx-app/src/lib/desk/special-kpis.ts:175:16)
    at loadV17CompanyBrut (/Users/yann/spx-app/src/lib/company-core/load-company.ts:1779:30)
    at async loadV17Company (/Users/yann/spx-app/src/lib/company-core/load-company.ts:493:14)
    at async auditTicker (/Users/yann/spx-app/scripts/audit-pages-full.ts:51:19)
    at async main (/Users/yann/spx-app/scripts/audit-pages-full.ts:153:17)
kpi_requests merge failed for CNP: Error: supabaseUrl is required.
    at validateSupabaseUrl (/Users/yann/spx-app/node_modules/@supabase/supabase-js/src/lib/helpers.ts:86:11)
    at new SupabaseClient (/Users/yann/spx-app/node_modules/@supabase/supabase-js/src/SupabaseClient.ts:284:21)
    at createClient (/Users/yann/spx-app/node_modules/@supabase/supabase-js/src/index.ts:65:10)
    at loadV17CompanyBrut (/Users/yann/spx-app/src/lib/company-core/load-company.ts:1843:18)
    at async loadV17Company (/Users/yann/spx-app/src/lib/company-core/load-company.ts:493:14)
    at async auditTicker (/Users/yann/spx-app/scripts/audit-pages-full.ts:51:19)
    at async main (/Users/yann/spx-app/scripts/audit-pages-full.ts:153:17)
image_findings merge failed for CNP: Error: supabaseUrl is required.
    at validateSupabaseUrl (/Users/yann/spx-app/node_modules/@supabase/supabase-js/src/lib/helpers.ts:86:11)
    at new SupabaseClient (/Users/yann/spx-app/node_modules/@supabase/supabase-js/src/SupabaseClient.ts:284:21)
    at createClient (/Users/yann/spx-app/node_modules/@supabase/supabase-js/src/index.ts:65:10)
    at admin (/Users/yann/spx-app/src/lib/desk/image-findings.ts:118:10)
    at listApprovedForTicker (/Users/yann/spx-app/src/lib/desk/image-findings.ts:222:16)
    at loadV17CompanyBrut (/Users/yann/spx-app/src/lib/company-core/load-company.ts:1906:30)
    at async loadV17Company (/Users/yann/spx-app/src/lib/company-core/load-company.ts:493:14)
    at async auditTicker (/Users/yann/spx-app/scripts/audit-pages-full.ts:51:19)
    at async main (/Users/yann/spx-app/scripts/audit-pages-full.ts:153:17)
[hero-kpi-overrides] refetch failed, using stale cache Error: SUPABASE_SERVICE_ROLE_KEY manquante — vérifier .env.local
    at createSupabaseAdminClient (/Users/yann/spx-app/src/lib/supabase/admin.ts:16:11)
    at fetchAll (/Users/yann/spx-app/src/lib/company-core/hero-kpi-overrides.ts:31:20)
    at getHeroKpiOverride (/Users/yann/spx-app/src/lib/company-core/hero-kpi-overrides.ts:58:21)
    at loadV17CompanyBrut (/Users/yann/spx-app/src/lib/company-core/load-company.ts:3083:28)
    at async loadV17Company (/Users/yann/spx-app/src/lib/company-core/load-company.ts:493:14)
    at async auditTicker (/Users/yann/spx-app/scripts/audit-pages-full.ts:51:19)
    at async main (/Users/yann/spx-app/scripts/audit-pages-full.ts:153:17)
special_kpis merge failed for COF: Error: supabaseUrl is required.
    at validateSupabaseUrl (/Users/yann/spx-app/node_modules/@supabase/supabase-js/src/lib/helpers.ts:86:11)
    at new SupabaseClient (/Users/yann/spx-app/node_modules/@supabase/supabase-js/src/SupabaseClient.ts:284:21)
    at createClient (/Users/yann/spx-app/node_modules/@supabase/supabase-js/src/index.ts:65:10)
    at admin (/Users/yann/spx-app/src/lib/desk/special-kpis.ts:152:10)
    at listPublishedForTicker (/Users/yann/spx-app/src/lib/desk/special-kpis.ts:175:16)
    at loadV17CompanyBrut (/Users/yann/spx-app/src/lib/company-core/load-company.ts:1779:30)
    at async loadV17Company (/Users/yann/spx-app/src/lib/company-core/load-company.ts:493:14)
    at async auditTicker (/Users/yann/spx-app/scripts/audit-pages-full.ts:51:19)
    at async main (/Users/yann/spx-app/scripts/audit-pages-full.ts:153:17)
kpi_requests merge failed for COF: Error: supabaseUrl is required.
    at validateSupabaseUrl (/Users/yann/spx-app/node_modules/@supabase/supabase-js/src/lib/helpers.ts:86:11)
    at new SupabaseClient (/Users/yann/spx-app/node_modules/@supabase/supabase-js/src/SupabaseClient.ts:284:21)
    at createClient (/Users/yann/spx-app/node_modules/@supabase/supabase-js/src/index.ts:65:10)
    at loadV17CompanyBrut (/Users/yann/spx-app/src/lib/company-core/load-company.ts:1843:18)
    at async loadV17Company (/Users/yann/spx-app/src/lib/company-core/load-company.ts:493:14)
    at async auditTicker (/Users/yann/spx-app/scripts/audit-pages-full.ts:51:19)
    at async main (/Users/yann/spx-app/scripts/audit-pages-full.ts:153:17)
image_findings merge failed for COF: Error: supabaseUrl is required.
    at validateSupabaseUrl (/Users/yann/spx-app/node_modules/@supabase/supabase-js/src/lib/helpers.ts:86:11)
    at new SupabaseClient (/Users/yann/spx-app/node_modules/@supabase/supabase-js/src/SupabaseClient.ts:284:21)
    at createClient (/Users/yann/spx-app/node_modules/@supabase/supabase-js/src/index.ts:65:10)
    at admin (/Users/yann/spx-app/src/lib/desk/image-findings.ts:118:10)
    at listApprovedForTicker (/Users/yann/spx-app/src/lib/desk/image-findings.ts:222:16)
    at loadV17CompanyBrut (/Users/yann/spx-app/src/lib/company-core/load-company.ts:1906:30)
    at async loadV17Company (/Users/yann/spx-app/src/lib/company-core/load-company.ts:493:14)
    at async auditTicker (/Users/yann/spx-app/scripts/audit-pages-full.ts:51:19)
    at async main (/Users/yann/spx-app/scripts/audit-pages-full.ts:153:17)
[hero-kpi-overrides] refetch failed, using stale cache Error: SUPABASE_SERVICE_ROLE_KEY manquante — vérifier .env.local
    at createSupabaseAdminClient (/Users/yann/spx-app/src/lib/supabase/admin.ts:16:11)
    at fetchAll (/Users/yann/spx-app/src/lib/company-core/hero-kpi-overrides.ts:31:20)
    at getHeroKpiOverride (/Users/yann/spx-app/src/lib/company-core/hero-kpi-overrides.ts:58:21)
    at loadV17CompanyBrut (/Users/yann/spx-app/src/lib/company-core/load-company.ts:3083:28)
    at async loadV17Company (/Users/yann/spx-app/src/lib/company-core/load-company.ts:493:14)
    at async auditTicker (/Users/yann/spx-app/scripts/audit-pages-full.ts:51:19)
    at async main (/Users/yann/spx-app/scripts/audit-pages-full.ts:153:17)
special_kpis merge failed for COIN: Error: supabaseUrl is required.
    at validateSupabaseUrl (/Users/yann/spx-app/node_modules/@supabase/supabase-js/src/lib/helpers.ts:86:11)
    at new SupabaseClient (/Users/yann/spx-app/node_modules/@supabase/supabase-js/src/SupabaseClient.ts:284:21)
    at createClient (/Users/yann/spx-app/node_modules/@supabase/supabase-js/src/index.ts:65:10)
    at admin (/Users/yann/spx-app/src/lib/desk/special-kpis.ts:152:10)
    at listPublishedForTicker (/Users/yann/spx-app/src/lib/desk/special-kpis.ts:175:16)
    at loadV17CompanyBrut (/Users/yann/spx-app/src/lib/company-core/load-company.ts:1779:30)
    at async loadV17Company (/Users/yann/spx-app/src/lib/company-core/load-company.ts:493:14)
    at async auditTicker (/Users/yann/spx-app/scripts/audit-pages-full.ts:51:19)
    at async main (/Users/yann/spx-app/scripts/audit-pages-full.ts:153:17)
kpi_requests merge failed for COIN: Error: supabaseUrl is required.
    at validateSupabaseUrl (/Users/yann/spx-app/node_modules/@supabase/supabase-js/src/lib/helpers.ts:86:11)
    at new SupabaseClient (/Users/yann/spx-app/node_modules/@supabase/supabase-js/src/SupabaseClient.ts:284:21)
    at createClient (/Users/yann/spx-app/node_modules/@supabase/supabase-js/src/index.ts:65:10)
    at loadV17CompanyBrut (/Users/yann/spx-app/src/lib/company-core/load-company.ts:1843:18)
    at async loadV17Company (/Users/yann/spx-app/src/lib/company-core/load-company.ts:493:14)
    at async auditTicker (/Users/yann/spx-app/scripts/audit-pages-full.ts:51:19)
    at async main (/Users/yann/spx-app/scripts/audit-pages-full.ts:153:17)
image_findings merge failed for COIN: Error: supabaseUrl is required.
    at validateSupabaseUrl (/Users/yann/spx-app/node_modules/@supabase/supabase-js/src/lib/helpers.ts:86:11)
    at new SupabaseClient (/Users/yann/spx-app/node_modules/@supabase/supabase-js/src/SupabaseClient.ts:284:21)
    at createClient (/Users/yann/spx-app/node_modules/@supabase/supabase-js/src/index.ts:65:10)
    at admin (/Users/yann/spx-app/src/lib/desk/image-findings.ts:118:10)
    at listApprovedForTicker (/Users/yann/spx-app/src/lib/desk/image-findings.ts:222:16)
    at loadV17CompanyBrut (/Users/yann/spx-app/src/lib/company-core/load-company.ts:1906:30)
    at async loadV17Company (/Users/yann/spx-app/src/lib/company-core/load-company.ts:493:14)
    at async auditTicker (/Users/yann/spx-app/scripts/audit-pages-full.ts:51:19)
    at async main (/Users/yann/spx-app/scripts/audit-pages-full.ts:153:17)
[hero-kpi-overrides] refetch failed, using stale cache Error: SUPABASE_SERVICE_ROLE_KEY manquante — vérifier .env.local
    at createSupabaseAdminClient (/Users/yann/spx-app/src/lib/supabase/admin.ts:16:11)
    at fetchAll (/Users/yann/spx-app/src/lib/company-core/hero-kpi-overrides.ts:31:20)
    at getHeroKpiOverride (/Users/yann/spx-app/src/lib/company-core/hero-kpi-overrides.ts:58:21)
    at loadV17CompanyBrut (/Users/yann/spx-app/src/lib/company-core/load-company.ts:3083:28)
    at async loadV17Company (/Users/yann/spx-app/src/lib/company-core/load-company.ts:493:14)
    at async auditTicker (/Users/yann/spx-app/scripts/audit-pages-full.ts:51:19)
    at async main (/Users/yann/spx-app/scripts/audit-pages-full.ts:153:17)
special_kpis merge failed for COO: Error: supabaseUrl is required.
    at validateSupabaseUrl (/Users/yann/spx-app/node_modules/@supabase/supabase-js/src/lib/helpers.ts:86:11)
    at new SupabaseClient (/Users/yann/spx-app/node_modules/@supabase/supabase-js/src/SupabaseClient.ts:284:21)
    at createClient (/Users/yann/spx-app/node_modules/@supabase/supabase-js/src/index.ts:65:10)
    at admin (/Users/yann/spx-app/src/lib/desk/special-kpis.ts:152:10)
    at listPublishedForTicker (/Users/yann/spx-app/src/lib/desk/special-kpis.ts:175:16)
    at loadV17CompanyBrut (/Users/yann/spx-app/src/lib/company-core/load-company.ts:1779:30)
    at async loadV17Company (/Users/yann/spx-app/src/lib/company-core/load-company.ts:493:14)
    at async auditTicker (/Users/yann/spx-app/scripts/audit-pages-full.ts:51:19)
    at async main (/Users/yann/spx-app/scripts/audit-pages-full.ts:153:17)
kpi_requests merge failed for COO: Error: supabaseUrl is required.
    at validateSupabaseUrl (/Users/yann/spx-app/node_modules/@supabase/supabase-js/src/lib/helpers.ts:86:11)
    at new SupabaseClient (/Users/yann/spx-app/node_modules/@supabase/supabase-js/src/SupabaseClient.ts:284:21)
    at createClient (/Users/yann/spx-app/node_modules/@supabase/supabase-js/src/index.ts:65:10)
    at loadV17CompanyBrut (/Users/yann/spx-app/src/lib/company-core/load-company.ts:1843:18)
    at async loadV17Company (/Users/yann/spx-app/src/lib/company-core/load-company.ts:493:14)
    at async auditTicker (/Users/yann/spx-app/scripts/audit-pages-full.ts:51:19)
    at async main (/Users/yann/spx-app/scripts/audit-pages-full.ts:153:17)
image_findings merge failed for COO: Error: supabaseUrl is required.
    at validateSupabaseUrl (/Users/yann/spx-app/node_modules/@supabase/supabase-js/src/lib/helpers.ts:86:11)
    at new SupabaseClient (/Users/yann/spx-app/node_modules/@supabase/supabase-js/src/SupabaseClient.ts:284:21)
    at createClient (/Users/yann/spx-app/node_modules/@supabase/supabase-js/src/index.ts:65:10)
    at admin (/Users/yann/spx-app/src/lib/desk/image-findings.ts:118:10)
    at listApprovedForTicker (/Users/yann/spx-app/src/lib/desk/image-findings.ts:222:16)
    at loadV17CompanyBrut (/Users/yann/spx-app/src/lib/company-core/load-company.ts:1906:30)
    at async loadV17Company (/Users/yann/spx-app/src/lib/company-core/load-company.ts:493:14)
    at async auditTicker (/Users/yann/spx-app/scripts/audit-pages-full.ts:51:19)
    at async main (/Users/yann/spx-app/scripts/audit-pages-full.ts:153:17)
[hero-kpi-overrides] refetch failed, using stale cache Error: SUPABASE_SERVICE_ROLE_KEY manquante — vérifier .env.local
    at createSupabaseAdminClient (/Users/yann/spx-app/src/lib/supabase/admin.ts:16:11)
    at fetchAll (/Users/yann/spx-app/src/lib/company-core/hero-kpi-overrides.ts:31:20)
    at getHeroKpiOverride (/Users/yann/spx-app/src/lib/company-core/hero-kpi-overrides.ts:58:21)
    at loadV17CompanyBrut (/Users/yann/spx-app/src/lib/company-core/load-company.ts:3083:28)
    at async loadV17Company (/Users/yann/spx-app/src/lib/company-core/load-company.ts:493:14)
    at async auditTicker (/Users/yann/spx-app/scripts/audit-pages-full.ts:51:19)
    at async main (/Users/yann/spx-app/scripts/audit-pages-full.ts:153:17)
special_kpis merge failed for CPB: Error: supabaseUrl is required.
    at validateSupabaseUrl (/Users/yann/spx-app/node_modules/@supabase/supabase-js/src/lib/helpers.ts:86:11)
    at new SupabaseClient (/Users/yann/spx-app/node_modules/@supabase/supabase-js/src/SupabaseClient.ts:284:21)
    at createClient (/Users/yann/spx-app/node_modules/@supabase/supabase-js/src/index.ts:65:10)
    at admin (/Users/yann/spx-app/src/lib/desk/special-kpis.ts:152:10)
    at listPublishedForTicker (/Users/yann/spx-app/src/lib/desk/special-kpis.ts:175:16)
    at loadV17CompanyBrut (/Users/yann/spx-app/src/lib/company-core/load-company.ts:1779:30)
    at async loadV17Company (/Users/yann/spx-app/src/lib/company-core/load-company.ts:493:14)
    at async auditTicker (/Users/yann/spx-app/scripts/audit-pages-full.ts:51:19)
    at async main (/Users/yann/spx-app/scripts/audit-pages-full.ts:153:17)
kpi_requests merge failed for CPB: Error: supabaseUrl is required.
    at validateSupabaseUrl (/Users/yann/spx-app/node_modules/@supabase/supabase-js/src/lib/helpers.ts:86:11)
    at new SupabaseClient (/Users/yann/spx-app/node_modules/@supabase/supabase-js/src/SupabaseClient.ts:284:21)
    at createClient (/Users/yann/spx-app/node_modules/@supabase/supabase-js/src/index.ts:65:10)
    at loadV17CompanyBrut (/Users/yann/spx-app/src/lib/company-core/load-company.ts:1843:18)
    at async loadV17Company (/Users/yann/spx-app/src/lib/company-core/load-company.ts:493:14)
    at async auditTicker (/Users/yann/spx-app/scripts/audit-pages-full.ts:51:19)
    at async main (/Users/yann/spx-app/scripts/audit-pages-full.ts:153:17)
image_findings merge failed for CPB: Error: supabaseUrl is required.
    at validateSupabaseUrl (/Users/yann/spx-app/node_modules/@supabase/supabase-js/src/lib/helpers.ts:86:11)
    at new SupabaseClient (/Users/yann/spx-app/node_modules/@supabase/supabase-js/src/SupabaseClient.ts:284:21)
    at createClient (/Users/yann/spx-app/node_modules/@supabase/supabase-js/src/index.ts:65:10)
    at admin (/Users/yann/spx-app/src/lib/desk/image-findings.ts:118:10)
    at listApprovedForTicker (/Users/yann/spx-app/src/lib/desk/image-findings.ts:222:16)
    at loadV17CompanyBrut (/Users/yann/spx-app/src/lib/company-core/load-company.ts:1906:30)
    at async loadV17Company (/Users/yann/spx-app/src/lib/company-core/load-company.ts:493:14)
    at async auditTicker (/Users/yann/spx-app/scripts/audit-pages-full.ts:51:19)
    at async main (/Users/yann/spx-app/scripts/audit-pages-full.ts:153:17)
[hero-kpi-overrides] refetch failed, using stale cache Error: SUPABASE_SERVICE_ROLE_KEY manquante — vérifier .env.local
    at createSupabaseAdminClient (/Users/yann/spx-app/src/lib/supabase/admin.ts:16:11)
    at fetchAll (/Users/yann/spx-app/src/lib/company-core/hero-kpi-overrides.ts:31:20)
    at getHeroKpiOverride (/Users/yann/spx-app/src/lib/company-core/hero-kpi-overrides.ts:58:21)
    at loadV17CompanyBrut (/Users/yann/spx-app/src/lib/company-core/load-company.ts:3083:28)
    at async loadV17Company (/Users/yann/spx-app/src/lib/company-core/load-company.ts:493:14)
    at async auditTicker (/Users/yann/spx-app/scripts/audit-pages-full.ts:51:19)
    at async main (/Users/yann/spx-app/scripts/audit-pages-full.ts:153:17)
special_kpis merge failed for CPRT: Error: supabaseUrl is required.
    at validateSupabaseUrl (/Users/yann/spx-app/node_modules/@supabase/supabase-js/src/lib/helpers.ts:86:11)
    at new SupabaseClient (/Users/yann/spx-app/node_modules/@supabase/supabase-js/src/SupabaseClient.ts:284:21)
    at createClient (/Users/yann/spx-app/node_modules/@supabase/supabase-js/src/index.ts:65:10)
    at admin (/Users/yann/spx-app/src/lib/desk/special-kpis.ts:152:10)
    at listPublishedForTicker (/Users/yann/spx-app/src/lib/desk/special-kpis.ts:175:16)
    at loadV17CompanyBrut (/Users/yann/spx-app/src/lib/company-core/load-company.ts:1779:30)
    at async loadV17Company (/Users/yann/spx-app/src/lib/company-core/load-company.ts:493:14)
    at async auditTicker (/Users/yann/spx-app/scripts/audit-pages-full.ts:51:19)
    at async main (/Users/yann/spx-app/scripts/audit-pages-full.ts:153:17)
kpi_requests merge failed for CPRT: Error: supabaseUrl is required.
    at validateSupabaseUrl (/Users/yann/spx-app/node_modules/@supabase/supabase-js/src/lib/helpers.ts:86:11)
    at new SupabaseClient (/Users/yann/spx-app/node_modules/@supabase/supabase-js/src/SupabaseClient.ts:284:21)
    at createClient (/Users/yann/spx-app/node_modules/@supabase/supabase-js/src/index.ts:65:10)
    at loadV17CompanyBrut (/Users/yann/spx-app/src/lib/company-core/load-company.ts:1843:18)
    at async loadV17Company (/Users/yann/spx-app/src/lib/company-core/load-company.ts:493:14)
    at async auditTicker (/Users/yann/spx-app/scripts/audit-pages-full.ts:51:19)
    at async main (/Users/yann/spx-app/scripts/audit-pages-full.ts:153:17)
image_findings merge failed for CPRT: Error: supabaseUrl is required.
    at validateSupabaseUrl (/Users/yann/spx-app/node_modules/@supabase/supabase-js/src/lib/helpers.ts:86:11)
    at new SupabaseClient (/Users/yann/spx-app/node_modules/@supabase/supabase-js/src/SupabaseClient.ts:284:21)
    at createClient (/Users/yann/spx-app/node_modules/@supabase/supabase-js/src/index.ts:65:10)
    at admin (/Users/yann/spx-app/src/lib/desk/image-findings.ts:118:10)
    at listApprovedForTicker (/Users/yann/spx-app/src/lib/desk/image-findings.ts:222:16)
    at loadV17CompanyBrut (/Users/yann/spx-app/src/lib/company-core/load-company.ts:1906:30)
    at async loadV17Company (/Users/yann/spx-app/src/lib/company-core/load-company.ts:493:14)
    at async auditTicker (/Users/yann/spx-app/scripts/audit-pages-full.ts:51:19)
    at async main (/Users/yann/spx-app/scripts/audit-pages-full.ts:153:17)
[hero-kpi-overrides] refetch failed, using stale cache Error: SUPABASE_SERVICE_ROLE_KEY manquante — vérifier .env.local
    at createSupabaseAdminClient (/Users/yann/spx-app/src/lib/supabase/admin.ts:16:11)
    at fetchAll (/Users/yann/spx-app/src/lib/company-core/hero-kpi-overrides.ts:31:20)
    at getHeroKpiOverride (/Users/yann/spx-app/src/lib/company-core/hero-kpi-overrides.ts:58:21)
    at loadV17CompanyBrut (/Users/yann/spx-app/src/lib/company-core/load-company.ts:3083:28)
    at async loadV17Company (/Users/yann/spx-app/src/lib/company-core/load-company.ts:493:14)
    at async auditTicker (/Users/yann/spx-app/scripts/audit-pages-full.ts:51:19)
    at async main (/Users/yann/spx-app/scripts/audit-pages-full.ts:153:17)
special_kpis merge failed for CRM: Error: supabaseUrl is required.
    at validateSupabaseUrl (/Users/yann/spx-app/node_modules/@supabase/supabase-js/src/lib/helpers.ts:86:11)
    at new SupabaseClient (/Users/yann/spx-app/node_modules/@supabase/supabase-js/src/SupabaseClient.ts:284:21)
    at createClient (/Users/yann/spx-app/node_modules/@supabase/supabase-js/src/index.ts:65:10)
    at admin (/Users/yann/spx-app/src/lib/desk/special-kpis.ts:152:10)
    at listPublishedForTicker (/Users/yann/spx-app/src/lib/desk/special-kpis.ts:175:16)
    at loadV17CompanyBrut (/Users/yann/spx-app/src/lib/company-core/load-company.ts:1779:30)
    at async loadV17Company (/Users/yann/spx-app/src/lib/company-core/load-company.ts:493:14)
    at async auditTicker (/Users/yann/spx-app/scripts/audit-pages-full.ts:51:19)
    at async main (/Users/yann/spx-app/scripts/audit-pages-full.ts:153:17)
kpi_requests merge failed for CRM: Error: supabaseUrl is required.
    at validateSupabaseUrl (/Users/yann/spx-app/node_modules/@supabase/supabase-js/src/lib/helpers.ts:86:11)
    at new SupabaseClient (/Users/yann/spx-app/node_modules/@supabase/supabase-js/src/SupabaseClient.ts:284:21)
    at createClient (/Users/yann/spx-app/node_modules/@supabase/supabase-js/src/index.ts:65:10)
    at loadV17CompanyBrut (/Users/yann/spx-app/src/lib/company-core/load-company.ts:1843:18)
    at async loadV17Company (/Users/yann/spx-app/src/lib/company-core/load-company.ts:493:14)
    at async auditTicker (/Users/yann/spx-app/scripts/audit-pages-full.ts:51:19)
    at async main (/Users/yann/spx-app/scripts/audit-pages-full.ts:153:17)
image_findings merge failed for CRM: Error: supabaseUrl is required.
    at validateSupabaseUrl (/Users/yann/spx-app/node_modules/@supabase/supabase-js/src/lib/helpers.ts:86:11)
    at new SupabaseClient (/Users/yann/spx-app/node_modules/@supabase/supabase-js/src/SupabaseClient.ts:284:21)
    at createClient (/Users/yann/spx-app/node_modules/@supabase/supabase-js/src/index.ts:65:10)
    at admin (/Users/yann/spx-app/src/lib/desk/image-findings.ts:118:10)
    at listApprovedForTicker (/Users/yann/spx-app/src/lib/desk/image-findings.ts:222:16)
    at loadV17CompanyBrut (/Users/yann/spx-app/src/lib/company-core/load-company.ts:1906:30)
    at async loadV17Company (/Users/yann/spx-app/src/lib/company-core/load-company.ts:493:14)
    at async auditTicker (/Users/yann/spx-app/scripts/audit-pages-full.ts:51:19)
    at async main (/Users/yann/spx-app/scripts/audit-pages-full.ts:153:17)
[hero-kpi-overrides] refetch failed, using stale cache Error: SUPABASE_SERVICE_ROLE_KEY manquante — vérifier .env.local
    at createSupabaseAdminClient (/Users/yann/spx-app/src/lib/supabase/admin.ts:16:11)
    at fetchAll (/Users/yann/spx-app/src/lib/company-core/hero-kpi-overrides.ts:31:20)
    at getHeroKpiOverride (/Users/yann/spx-app/src/lib/company-core/hero-kpi-overrides.ts:58:21)
    at loadV17CompanyBrut (/Users/yann/spx-app/src/lib/company-core/load-company.ts:3083:28)
    at async loadV17Company (/Users/yann/spx-app/src/lib/company-core/load-company.ts:493:14)
    at async auditTicker (/Users/yann/spx-app/scripts/audit-pages-full.ts:51:19)
    at async main (/Users/yann/spx-app/scripts/audit-pages-full.ts:153:17)
special_kpis merge failed for CSCO: Error: supabaseUrl is required.
    at validateSupabaseUrl (/Users/yann/spx-app/node_modules/@supabase/supabase-js/src/lib/helpers.ts:86:11)
    at new SupabaseClient (/Users/yann/spx-app/node_modules/@supabase/supabase-js/src/SupabaseClient.ts:284:21)
    at createClient (/Users/yann/spx-app/node_modules/@supabase/supabase-js/src/index.ts:65:10)
    at admin (/Users/yann/spx-app/src/lib/desk/special-kpis.ts:152:10)
    at listPublishedForTicker (/Users/yann/spx-app/src/lib/desk/special-kpis.ts:175:16)
    at loadV17CompanyBrut (/Users/yann/spx-app/src/lib/company-core/load-company.ts:1779:30)
    at async loadV17Company (/Users/yann/spx-app/src/lib/company-core/load-company.ts:493:14)
    at async auditTicker (/Users/yann/spx-app/scripts/audit-pages-full.ts:51:19)
    at async main (/Users/yann/spx-app/scripts/audit-pages-full.ts:153:17)
kpi_requests merge failed for CSCO: Error: supabaseUrl is required.
    at validateSupabaseUrl (/Users/yann/spx-app/node_modules/@supabase/supabase-js/src/lib/helpers.ts:86:11)
    at new SupabaseClient (/Users/yann/spx-app/node_modules/@supabase/supabase-js/src/SupabaseClient.ts:284:21)
    at createClient (/Users/yann/spx-app/node_modules/@supabase/supabase-js/src/index.ts:65:10)
    at loadV17CompanyBrut (/Users/yann/spx-app/src/lib/company-core/load-company.ts:1843:18)
    at async loadV17Company (/Users/yann/spx-app/src/lib/company-core/load-company.ts:493:14)
    at async auditTicker (/Users/yann/spx-app/scripts/audit-pages-full.ts:51:19)
    at async main (/Users/yann/spx-app/scripts/audit-pages-full.ts:153:17)
image_findings merge failed for CSCO: Error: supabaseUrl is required.
    at validateSupabaseUrl (/Users/yann/spx-app/node_modules/@supabase/supabase-js/src/lib/helpers.ts:86:11)
    at new SupabaseClient (/Users/yann/spx-app/node_modules/@supabase/supabase-js/src/SupabaseClient.ts:284:21)
    at createClient (/Users/yann/spx-app/node_modules/@supabase/supabase-js/src/index.ts:65:10)
    at admin (/Users/yann/spx-app/src/lib/desk/image-findings.ts:118:10)
    at listApprovedForTicker (/Users/yann/spx-app/src/lib/desk/image-findings.ts:222:16)
    at loadV17CompanyBrut (/Users/yann/spx-app/src/lib/company-core/load-company.ts:1906:30)
    at async loadV17Company (/Users/yann/spx-app/src/lib/company-core/load-company.ts:493:14)
    at async auditTicker (/Users/yann/spx-app/scripts/audit-pages-full.ts:51:19)
    at async main (/Users/yann/spx-app/scripts/audit-pages-full.ts:153:17)
[hero-kpi-overrides] refetch failed, using stale cache Error: SUPABASE_SERVICE_ROLE_KEY manquante — vérifier .env.local
    at createSupabaseAdminClient (/Users/yann/spx-app/src/lib/supabase/admin.ts:16:11)
    at fetchAll (/Users/yann/spx-app/src/lib/company-core/hero-kpi-overrides.ts:31:20)
    at getHeroKpiOverride (/Users/yann/spx-app/src/lib/company-core/hero-kpi-overrides.ts:58:21)
    at loadV17CompanyBrut (/Users/yann/spx-app/src/lib/company-core/load-company.ts:3083:28)
    at async loadV17Company (/Users/yann/spx-app/src/lib/company-core/load-company.ts:493:14)
    at async auditTicker (/Users/yann/spx-app/scripts/audit-pages-full.ts:51:19)
    at async main (/Users/yann/spx-app/scripts/audit-pages-full.ts:153:17)
special_kpis merge failed for CTVA: Error: supabaseUrl is required.
    at validateSupabaseUrl (/Users/yann/spx-app/node_modules/@supabase/supabase-js/src/lib/helpers.ts:86:11)
    at new SupabaseClient (/Users/yann/spx-app/node_modules/@supabase/supabase-js/src/SupabaseClient.ts:284:21)
    at createClient (/Users/yann/spx-app/node_modules/@supabase/supabase-js/src/index.ts:65:10)
    at admin (/Users/yann/spx-app/src/lib/desk/special-kpis.ts:152:10)
    at listPublishedForTicker (/Users/yann/spx-app/src/lib/desk/special-kpis.ts:175:16)
    at loadV17CompanyBrut (/Users/yann/spx-app/src/lib/company-core/load-company.ts:1779:30)
    at async loadV17Company (/Users/yann/spx-app/src/lib/company-core/load-company.ts:493:14)
    at async auditTicker (/Users/yann/spx-app/scripts/audit-pages-full.ts:51:19)
    at async main (/Users/yann/spx-app/scripts/audit-pages-full.ts:153:17)
kpi_requests merge failed for CTVA: Error: supabaseUrl is required.
    at validateSupabaseUrl (/Users/yann/spx-app/node_modules/@supabase/supabase-js/src/lib/helpers.ts:86:11)
    at new SupabaseClient (/Users/yann/spx-app/node_modules/@supabase/supabase-js/src/SupabaseClient.ts:284:21)
    at createClient (/Users/yann/spx-app/node_modules/@supabase/supabase-js/src/index.ts:65:10)
    at loadV17CompanyBrut (/Users/yann/spx-app/src/lib/company-core/load-company.ts:1843:18)
    at async loadV17Company (/Users/yann/spx-app/src/lib/company-core/load-company.ts:493:14)
    at async auditTicker (/Users/yann/spx-app/scripts/audit-pages-full.ts:51:19)
    at async main (/Users/yann/spx-app/scripts/audit-pages-full.ts:153:17)
image_findings merge failed for CTVA: Error: supabaseUrl is required.
    at validateSupabaseUrl (/Users/yann/spx-app/node_modules/@supabase/supabase-js/src/lib/helpers.ts:86:11)
    at new SupabaseClient (/Users/yann/spx-app/node_modules/@supabase/supabase-js/src/SupabaseClient.ts:284:21)
    at createClient (/Users/yann/spx-app/node_modules/@supabase/supabase-js/src/index.ts:65:10)
    at admin (/Users/yann/spx-app/src/lib/desk/image-findings.ts:118:10)
    at listApprovedForTicker (/Users/yann/spx-app/src/lib/desk/image-findings.ts:222:16)
    at loadV17CompanyBrut (/Users/yann/spx-app/src/lib/company-core/load-company.ts:1906:30)
    at async loadV17Company (/Users/yann/spx-app/src/lib/company-core/load-company.ts:493:14)
    at async auditTicker (/Users/yann/spx-app/scripts/audit-pages-full.ts:51:19)
    at async main (/Users/yann/spx-app/scripts/audit-pages-full.ts:153:17)
[hero-kpi-overrides] refetch failed, using stale cache Error: SUPABASE_SERVICE_ROLE_KEY manquante — vérifier .env.local
    at createSupabaseAdminClient (/Users/yann/spx-app/src/lib/supabase/admin.ts:16:11)
    at fetchAll (/Users/yann/spx-app/src/lib/company-core/hero-kpi-overrides.ts:31:20)
    at getHeroKpiOverride (/Users/yann/spx-app/src/lib/company-core/hero-kpi-overrides.ts:58:21)
    at loadV17CompanyBrut (/Users/yann/spx-app/src/lib/company-core/load-company.ts:3083:28)
    at async loadV17Company (/Users/yann/spx-app/src/lib/company-core/load-company.ts:493:14)
    at async auditTicker (/Users/yann/spx-app/scripts/audit-pages-full.ts:51:19)
    at async main (/Users/yann/spx-app/scripts/audit-pages-full.ts:153:17)
special_kpis merge failed for DD: Error: supabaseUrl is required.
    at validateSupabaseUrl (/Users/yann/spx-app/node_modules/@supabase/supabase-js/src/lib/helpers.ts:86:11)
    at new SupabaseClient (/Users/yann/spx-app/node_modules/@supabase/supabase-js/src/SupabaseClient.ts:284:21)
    at createClient (/Users/yann/spx-app/node_modules/@supabase/supabase-js/src/index.ts:65:10)
    at admin (/Users/yann/spx-app/src/lib/desk/special-kpis.ts:152:10)
    at listPublishedForTicker (/Users/yann/spx-app/src/lib/desk/special-kpis.ts:175:16)
    at loadV17CompanyBrut (/Users/yann/spx-app/src/lib/company-core/load-company.ts:1779:30)
    at async loadV17Company (/Users/yann/spx-app/src/lib/company-core/load-company.ts:493:14)
    at async auditTicker (/Users/yann/spx-app/scripts/audit-pages-full.ts:51:19)
    at async main (/Users/yann/spx-app/scripts/audit-pages-full.ts:153:17)
kpi_requests merge failed for DD: Error: supabaseUrl is required.
    at validateSupabaseUrl (/Users/yann/spx-app/node_modules/@supabase/supabase-js/src/lib/helpers.ts:86:11)
    at new SupabaseClient (/Users/yann/spx-app/node_modules/@supabase/supabase-js/src/SupabaseClient.ts:284:21)
    at createClient (/Users/yann/spx-app/node_modules/@supabase/supabase-js/src/index.ts:65:10)
    at loadV17CompanyBrut (/Users/yann/spx-app/src/lib/company-core/load-company.ts:1843:18)
    at async loadV17Company (/Users/yann/spx-app/src/lib/company-core/load-company.ts:493:14)
    at async auditTicker (/Users/yann/spx-app/scripts/audit-pages-full.ts:51:19)
    at async main (/Users/yann/spx-app/scripts/audit-pages-full.ts:153:17)
image_findings merge failed for DD: Error: supabaseUrl is required.
    at validateSupabaseUrl (/Users/yann/spx-app/node_modules/@supabase/supabase-js/src/lib/helpers.ts:86:11)
    at new SupabaseClient (/Users/yann/spx-app/node_modules/@supabase/supabase-js/src/SupabaseClient.ts:284:21)
    at createClient (/Users/yann/spx-app/node_modules/@supabase/supabase-js/src/index.ts:65:10)
    at admin (/Users/yann/spx-app/src/lib/desk/image-findings.ts:118:10)
    at listApprovedForTicker (/Users/yann/spx-app/src/lib/desk/image-findings.ts:222:16)
    at loadV17CompanyBrut (/Users/yann/spx-app/src/lib/company-core/load-company.ts:1906:30)
    at async loadV17Company (/Users/yann/spx-app/src/lib/company-core/load-company.ts:493:14)
    at async auditTicker (/Users/yann/spx-app/scripts/audit-pages-full.ts:51:19)
    at async main (/Users/yann/spx-app/scripts/audit-pages-full.ts:153:17)
[hero-kpi-overrides] refetch failed, using stale cache Error: SUPABASE_SERVICE_ROLE_KEY manquante — vérifier .env.local
    at createSupabaseAdminClient (/Users/yann/spx-app/src/lib/supabase/admin.ts:16:11)
    at fetchAll (/Users/yann/spx-app/src/lib/company-core/hero-kpi-overrides.ts:31:20)
    at getHeroKpiOverride (/Users/yann/spx-app/src/lib/company-core/hero-kpi-overrides.ts:58:21)
    at loadV17CompanyBrut (/Users/yann/spx-app/src/lib/company-core/load-company.ts:3083:28)
    at async loadV17Company (/Users/yann/spx-app/src/lib/company-core/load-company.ts:493:14)
    at async auditTicker (/Users/yann/spx-app/scripts/audit-pages-full.ts:51:19)
    at async main (/Users/yann/spx-app/scripts/audit-pages-full.ts:153:17)
special_kpis merge failed for DELL: Error: supabaseUrl is required.
    at validateSupabaseUrl (/Users/yann/spx-app/node_modules/@supabase/supabase-js/src/lib/helpers.ts:86:11)
    at new SupabaseClient (/Users/yann/spx-app/node_modules/@supabase/supabase-js/src/SupabaseClient.ts:284:21)
    at createClient (/Users/yann/spx-app/node_modules/@supabase/supabase-js/src/index.ts:65:10)
    at admin (/Users/yann/spx-app/src/lib/desk/special-kpis.ts:152:10)
    at listPublishedForTicker (/Users/yann/spx-app/src/lib/desk/special-kpis.ts:175:16)
    at loadV17CompanyBrut (/Users/yann/spx-app/src/lib/company-core/load-company.ts:1779:30)
    at async loadV17Company (/Users/yann/spx-app/src/lib/company-core/load-company.ts:493:14)
    at async auditTicker (/Users/yann/spx-app/scripts/audit-pages-full.ts:51:19)
    at async main (/Users/yann/spx-app/scripts/audit-pages-full.ts:153:17)
kpi_requests merge failed for DELL: Error: supabaseUrl is required.
    at validateSupabaseUrl (/Users/yann/spx-app/node_modules/@supabase/supabase-js/src/lib/helpers.ts:86:11)
    at new SupabaseClient (/Users/yann/spx-app/node_modules/@supabase/supabase-js/src/SupabaseClient.ts:284:21)
    at createClient (/Users/yann/spx-app/node_modules/@supabase/supabase-js/src/index.ts:65:10)
    at loadV17CompanyBrut (/Users/yann/spx-app/src/lib/company-core/load-company.ts:1843:18)
    at async loadV17Company (/Users/yann/spx-app/src/lib/company-core/load-company.ts:493:14)
    at async auditTicker (/Users/yann/spx-app/scripts/audit-pages-full.ts:51:19)
    at async main (/Users/yann/spx-app/scripts/audit-pages-full.ts:153:17)
image_findings merge failed for DELL: Error: supabaseUrl is required.
    at validateSupabaseUrl (/Users/yann/spx-app/node_modules/@supabase/supabase-js/src/lib/helpers.ts:86:11)
    at new SupabaseClient (/Users/yann/spx-app/node_modules/@supabase/supabase-js/src/SupabaseClient.ts:284:21)
    at createClient (/Users/yann/spx-app/node_modules/@supabase/supabase-js/src/index.ts:65:10)
    at admin (/Users/yann/spx-app/src/lib/desk/image-findings.ts:118:10)
    at listApprovedForTicker (/Users/yann/spx-app/src/lib/desk/image-findings.ts:222:16)
    at loadV17CompanyBrut (/Users/yann/spx-app/src/lib/company-core/load-company.ts:1906:30)
    at async loadV17Company (/Users/yann/spx-app/src/lib/company-core/load-company.ts:493:14)
    at async auditTicker (/Users/yann/spx-app/scripts/audit-pages-full.ts:51:19)
    at async main (/Users/yann/spx-app/scripts/audit-pages-full.ts:153:17)
[hero-kpi-overrides] refetch failed, using stale cache Error: SUPABASE_SERVICE_ROLE_KEY manquante — vérifier .env.local
    at createSupabaseAdminClient (/Users/yann/spx-app/src/lib/supabase/admin.ts:16:11)
    at fetchAll (/Users/yann/spx-app/src/lib/company-core/hero-kpi-overrides.ts:31:20)
    at getHeroKpiOverride (/Users/yann/spx-app/src/lib/company-core/hero-kpi-overrides.ts:58:21)
    at loadV17CompanyBrut (/Users/yann/spx-app/src/lib/company-core/load-company.ts:3083:28)
    at async loadV17Company (/Users/yann/spx-app/src/lib/company-core/load-company.ts:493:14)
    at async auditTicker (/Users/yann/spx-app/scripts/audit-pages-full.ts:51:19)
    at async main (/Users/yann/spx-app/scripts/audit-pages-full.ts:153:17)
special_kpis merge failed for DTE: Error: supabaseUrl is required.
    at validateSupabaseUrl (/Users/yann/spx-app/node_modules/@supabase/supabase-js/src/lib/helpers.ts:86:11)
    at new SupabaseClient (/Users/yann/spx-app/node_modules/@supabase/supabase-js/src/SupabaseClient.ts:284:21)
    at createClient (/Users/yann/spx-app/node_modules/@supabase/supabase-js/src/index.ts:65:10)
    at admin (/Users/yann/spx-app/src/lib/desk/special-kpis.ts:152:10)
    at listPublishedForTicker (/Users/yann/spx-app/src/lib/desk/special-kpis.ts:175:16)
    at loadV17CompanyBrut (/Users/yann/spx-app/src/lib/company-core/load-company.ts:1779:30)
    at async loadV17Company (/Users/yann/spx-app/src/lib/company-core/load-company.ts:493:14)
    at async auditTicker (/Users/yann/spx-app/scripts/audit-pages-full.ts:51:19)
    at async main (/Users/yann/spx-app/scripts/audit-pages-full.ts:153:17)
kpi_requests merge failed for DTE: Error: supabaseUrl is required.
    at validateSupabaseUrl (/Users/yann/spx-app/node_modules/@supabase/supabase-js/src/lib/helpers.ts:86:11)
    at new SupabaseClient (/Users/yann/spx-app/node_modules/@supabase/supabase-js/src/SupabaseClient.ts:284:21)
    at createClient (/Users/yann/spx-app/node_modules/@supabase/supabase-js/src/index.ts:65:10)
    at loadV17CompanyBrut (/Users/yann/spx-app/src/lib/company-core/load-company.ts:1843:18)
    at async loadV17Company (/Users/yann/spx-app/src/lib/company-core/load-company.ts:493:14)
    at async auditTicker (/Users/yann/spx-app/scripts/audit-pages-full.ts:51:19)
    at async main (/Users/yann/spx-app/scripts/audit-pages-full.ts:153:17)
image_findings merge failed for DTE: Error: supabaseUrl is required.
    at validateSupabaseUrl (/Users/yann/spx-app/node_modules/@supabase/supabase-js/src/lib/helpers.ts:86:11)
    at new SupabaseClient (/Users/yann/spx-app/node_modules/@supabase/supabase-js/src/SupabaseClient.ts:284:21)
    at createClient (/Users/yann/spx-app/node_modules/@supabase/supabase-js/src/index.ts:65:10)
    at admin (/Users/yann/spx-app/src/lib/desk/image-findings.ts:118:10)
    at listApprovedForTicker (/Users/yann/spx-app/src/lib/desk/image-findings.ts:222:16)
    at loadV17CompanyBrut (/Users/yann/spx-app/src/lib/company-core/load-company.ts:1906:30)
    at async loadV17Company (/Users/yann/spx-app/src/lib/company-core/load-company.ts:493:14)
    at async auditTicker (/Users/yann/spx-app/scripts/audit-pages-full.ts:51:19)
    at async main (/Users/yann/spx-app/scripts/audit-pages-full.ts:153:17)
[hero-kpi-overrides] refetch failed, using stale cache Error: SUPABASE_SERVICE_ROLE_KEY manquante — vérifier .env.local
    at createSupabaseAdminClient (/Users/yann/spx-app/src/lib/supabase/admin.ts:16:11)
    at fetchAll (/Users/yann/spx-app/src/lib/company-core/hero-kpi-overrides.ts:31:20)
    at getHeroKpiOverride (/Users/yann/spx-app/src/lib/company-core/hero-kpi-overrides.ts:58:21)
    at loadV17CompanyBrut (/Users/yann/spx-app/src/lib/company-core/load-company.ts:3083:28)
    at async loadV17Company (/Users/yann/spx-app/src/lib/company-core/load-company.ts:493:14)
    at async auditTicker (/Users/yann/spx-app/scripts/audit-pages-full.ts:51:19)
    at async main (/Users/yann/spx-app/scripts/audit-pages-full.ts:153:17)
special_kpis merge failed for DXCM: Error: supabaseUrl is required.
    at validateSupabaseUrl (/Users/yann/spx-app/node_modules/@supabase/supabase-js/src/lib/helpers.ts:86:11)
    at new SupabaseClient (/Users/yann/spx-app/node_modules/@supabase/supabase-js/src/SupabaseClient.ts:284:21)
    at createClient (/Users/yann/spx-app/node_modules/@supabase/supabase-js/src/index.ts:65:10)
    at admin (/Users/yann/spx-app/src/lib/desk/special-kpis.ts:152:10)
    at listPublishedForTicker (/Users/yann/spx-app/src/lib/desk/special-kpis.ts:175:16)
    at loadV17CompanyBrut (/Users/yann/spx-app/src/lib/company-core/load-company.ts:1779:30)
    at async loadV17Company (/Users/yann/spx-app/src/lib/company-core/load-company.ts:493:14)
    at async auditTicker (/Users/yann/spx-app/scripts/audit-pages-full.ts:51:19)
    at async main (/Users/yann/spx-app/scripts/audit-pages-full.ts:153:17)
kpi_requests merge failed for DXCM: Error: supabaseUrl is required.
    at validateSupabaseUrl (/Users/yann/spx-app/node_modules/@supabase/supabase-js/src/lib/helpers.ts:86:11)
    at new SupabaseClient (/Users/yann/spx-app/node_modules/@supabase/supabase-js/src/SupabaseClient.ts:284:21)
    at createClient (/Users/yann/spx-app/node_modules/@supabase/supabase-js/src/index.ts:65:10)
    at loadV17CompanyBrut (/Users/yann/spx-app/src/lib/company-core/load-company.ts:1843:18)
    at async loadV17Company (/Users/yann/spx-app/src/lib/company-core/load-company.ts:493:14)
    at async auditTicker (/Users/yann/spx-app/scripts/audit-pages-full.ts:51:19)
    at async main (/Users/yann/spx-app/scripts/audit-pages-full.ts:153:17)
image_findings merge failed for DXCM: Error: supabaseUrl is required.
    at validateSupabaseUrl (/Users/yann/spx-app/node_modules/@supabase/supabase-js/src/lib/helpers.ts:86:11)
    at new SupabaseClient (/Users/yann/spx-app/node_modules/@supabase/supabase-js/src/SupabaseClient.ts:284:21)
    at createClient (/Users/yann/spx-app/node_modules/@supabase/supabase-js/src/index.ts:65:10)
    at admin (/Users/yann/spx-app/src/lib/desk/image-findings.ts:118:10)
    at listApprovedForTicker (/Users/yann/spx-app/src/lib/desk/image-findings.ts:222:16)
    at loadV17CompanyBrut (/Users/yann/spx-app/src/lib/company-core/load-company.ts:1906:30)
    at async loadV17Company (/Users/yann/spx-app/src/lib/company-core/load-company.ts:493:14)
    at async auditTicker (/Users/yann/spx-app/scripts/audit-pages-full.ts:51:19)
    at async main (/Users/yann/spx-app/scripts/audit-pages-full.ts:153:17)
[hero-kpi-overrides] refetch failed, using stale cache Error: SUPABASE_SERVICE_ROLE_KEY manquante — vérifier .env.local
    at createSupabaseAdminClient (/Users/yann/spx-app/src/lib/supabase/admin.ts:16:11)
    at fetchAll (/Users/yann/spx-app/src/lib/company-core/hero-kpi-overrides.ts:31:20)
    at getHeroKpiOverride (/Users/yann/spx-app/src/lib/company-core/hero-kpi-overrides.ts:58:21)
    at loadV17CompanyBrut (/Users/yann/spx-app/src/lib/company-core/load-company.ts:3083:28)
    at async loadV17Company (/Users/yann/spx-app/src/lib/company-core/load-company.ts:493:14)
    at async auditTicker (/Users/yann/spx-app/scripts/audit-pages-full.ts:51:19)
    at async main (/Users/yann/spx-app/scripts/audit-pages-full.ts:153:17)
special_kpis merge failed for ED: Error: supabaseUrl is required.
    at validateSupabaseUrl (/Users/yann/spx-app/node_modules/@supabase/supabase-js/src/lib/helpers.ts:86:11)
    at new SupabaseClient (/Users/yann/spx-app/node_modules/@supabase/supabase-js/src/SupabaseClient.ts:284:21)
    at createClient (/Users/yann/spx-app/node_modules/@supabase/supabase-js/src/index.ts:65:10)
    at admin (/Users/yann/spx-app/src/lib/desk/special-kpis.ts:152:10)
    at listPublishedForTicker (/Users/yann/spx-app/src/lib/desk/special-kpis.ts:175:16)
    at loadV17CompanyBrut (/Users/yann/spx-app/src/lib/company-core/load-company.ts:1779:30)
    at async loadV17Company (/Users/yann/spx-app/src/lib/company-core/load-company.ts:493:14)
    at async auditTicker (/Users/yann/spx-app/scripts/audit-pages-full.ts:51:19)
    at async main (/Users/yann/spx-app/scripts/audit-pages-full.ts:153:17)
kpi_requests merge failed for ED: Error: supabaseUrl is required.
    at validateSupabaseUrl (/Users/yann/spx-app/node_modules/@supabase/supabase-js/src/lib/helpers.ts:86:11)
    at new SupabaseClient (/Users/yann/spx-app/node_modules/@supabase/supabase-js/src/SupabaseClient.ts:284:21)
    at createClient (/Users/yann/spx-app/node_modules/@supabase/supabase-js/src/index.ts:65:10)
    at loadV17CompanyBrut (/Users/yann/spx-app/src/lib/company-core/load-company.ts:1843:18)
    at async loadV17Company (/Users/yann/spx-app/src/lib/company-core/load-company.ts:493:14)
    at async auditTicker (/Users/yann/spx-app/scripts/audit-pages-full.ts:51:19)
    at async main (/Users/yann/spx-app/scripts/audit-pages-full.ts:153:17)
image_findings merge failed for ED: Error: supabaseUrl is required.
    at validateSupabaseUrl (/Users/yann/spx-app/node_modules/@supabase/supabase-js/src/lib/helpers.ts:86:11)
    at new SupabaseClient (/Users/yann/spx-app/node_modules/@supabase/supabase-js/src/SupabaseClient.ts:284:21)
    at createClient (/Users/yann/spx-app/node_modules/@supabase/supabase-js/src/index.ts:65:10)
    at admin (/Users/yann/spx-app/src/lib/desk/image-findings.ts:118:10)
    at listApprovedForTicker (/Users/yann/spx-app/src/lib/desk/image-findings.ts:222:16)
    at loadV17CompanyBrut (/Users/yann/spx-app/src/lib/company-core/load-company.ts:1906:30)
    at async loadV17Company (/Users/yann/spx-app/src/lib/company-core/load-company.ts:493:14)
    at async auditTicker (/Users/yann/spx-app/scripts/audit-pages-full.ts:51:19)
    at async main (/Users/yann/spx-app/scripts/audit-pages-full.ts:153:17)
[hero-kpi-overrides] refetch failed, using stale cache Error: SUPABASE_SERVICE_ROLE_KEY manquante — vérifier .env.local
    at createSupabaseAdminClient (/Users/yann/spx-app/src/lib/supabase/admin.ts:16:11)
    at fetchAll (/Users/yann/spx-app/src/lib/company-core/hero-kpi-overrides.ts:31:20)
    at getHeroKpiOverride (/Users/yann/spx-app/src/lib/company-core/hero-kpi-overrides.ts:58:21)
    at loadV17CompanyBrut (/Users/yann/spx-app/src/lib/company-core/load-company.ts:3083:28)
    at async loadV17Company (/Users/yann/spx-app/src/lib/company-core/load-company.ts:493:14)
    at async auditTicker (/Users/yann/spx-app/scripts/audit-pages-full.ts:51:19)
    at async main (/Users/yann/spx-app/scripts/audit-pages-full.ts:153:17)
special_kpis merge failed for EL: Error: supabaseUrl is required.
    at validateSupabaseUrl (/Users/yann/spx-app/node_modules/@supabase/supabase-js/src/lib/helpers.ts:86:11)
    at new SupabaseClient (/Users/yann/spx-app/node_modules/@supabase/supabase-js/src/SupabaseClient.ts:284:21)
    at createClient (/Users/yann/spx-app/node_modules/@supabase/supabase-js/src/index.ts:65:10)
    at admin (/Users/yann/spx-app/src/lib/desk/special-kpis.ts:152:10)
    at listPublishedForTicker (/Users/yann/spx-app/src/lib/desk/special-kpis.ts:175:16)
    at loadV17CompanyBrut (/Users/yann/spx-app/src/lib/company-core/load-company.ts:1779:30)
    at async loadV17Company (/Users/yann/spx-app/src/lib/company-core/load-company.ts:493:14)
    at async auditTicker (/Users/yann/spx-app/scripts/audit-pages-full.ts:51:19)
    at async main (/Users/yann/spx-app/scripts/audit-pages-full.ts:153:17)
kpi_requests merge failed for EL: Error: supabaseUrl is required.
    at validateSupabaseUrl (/Users/yann/spx-app/node_modules/@supabase/supabase-js/src/lib/helpers.ts:86:11)
    at new SupabaseClient (/Users/yann/spx-app/node_modules/@supabase/supabase-js/src/SupabaseClient.ts:284:21)
    at createClient (/Users/yann/spx-app/node_modules/@supabase/supabase-js/src/index.ts:65:10)
    at loadV17CompanyBrut (/Users/yann/spx-app/src/lib/company-core/load-company.ts:1843:18)
    at async loadV17Company (/Users/yann/spx-app/src/lib/company-core/load-company.ts:493:14)
    at async auditTicker (/Users/yann/spx-app/scripts/audit-pages-full.ts:51:19)
    at async main (/Users/yann/spx-app/scripts/audit-pages-full.ts:153:17)
image_findings merge failed for EL: Error: supabaseUrl is required.
    at validateSupabaseUrl (/Users/yann/spx-app/node_modules/@supabase/supabase-js/src/lib/helpers.ts:86:11)
    at new SupabaseClient (/Users/yann/spx-app/node_modules/@supabase/supabase-js/src/SupabaseClient.ts:284:21)
    at createClient (/Users/yann/spx-app/node_modules/@supabase/supabase-js/src/index.ts:65:10)
    at admin (/Users/yann/spx-app/src/lib/desk/image-findings.ts:118:10)
    at listApprovedForTicker (/Users/yann/spx-app/src/lib/desk/image-findings.ts:222:16)
    at loadV17CompanyBrut (/Users/yann/spx-app/src/lib/company-core/load-company.ts:1906:30)
    at async loadV17Company (/Users/yann/spx-app/src/lib/company-core/load-company.ts:493:14)
    at async auditTicker (/Users/yann/spx-app/scripts/audit-pages-full.ts:51:19)
    at async main (/Users/yann/spx-app/scripts/audit-pages-full.ts:153:17)
[hero-kpi-overrides] refetch failed, using stale cache Error: SUPABASE_SERVICE_ROLE_KEY manquante — vérifier .env.local
    at createSupabaseAdminClient (/Users/yann/spx-app/src/lib/supabase/admin.ts:16:11)
    at fetchAll (/Users/yann/spx-app/src/lib/company-core/hero-kpi-overrides.ts:31:20)
    at getHeroKpiOverride (/Users/yann/spx-app/src/lib/company-core/hero-kpi-overrides.ts:58:21)
    at loadV17CompanyBrut (/Users/yann/spx-app/src/lib/company-core/load-company.ts:3083:28)
    at async loadV17Company (/Users/yann/spx-app/src/lib/company-core/load-company.ts:493:14)
    at async auditTicker (/Users/yann/spx-app/scripts/audit-pages-full.ts:51:19)
    at async main (/Users/yann/spx-app/scripts/audit-pages-full.ts:153:17)
special_kpis merge failed for ELV: Error: supabaseUrl is required.
    at validateSupabaseUrl (/Users/yann/spx-app/node_modules/@supabase/supabase-js/src/lib/helpers.ts:86:11)
    at new SupabaseClient (/Users/yann/spx-app/node_modules/@supabase/supabase-js/src/SupabaseClient.ts:284:21)
    at createClient (/Users/yann/spx-app/node_modules/@supabase/supabase-js/src/index.ts:65:10)
    at admin (/Users/yann/spx-app/src/lib/desk/special-kpis.ts:152:10)
    at listPublishedForTicker (/Users/yann/spx-app/src/lib/desk/special-kpis.ts:175:16)
    at loadV17CompanyBrut (/Users/yann/spx-app/src/lib/company-core/load-company.ts:1779:30)
    at async loadV17Company (/Users/yann/spx-app/src/lib/company-core/load-company.ts:493:14)
    at async auditTicker (/Users/yann/spx-app/scripts/audit-pages-full.ts:51:19)
    at async main (/Users/yann/spx-app/scripts/audit-pages-full.ts:153:17)
kpi_requests merge failed for ELV: Error: supabaseUrl is required.
    at validateSupabaseUrl (/Users/yann/spx-app/node_modules/@supabase/supabase-js/src/lib/helpers.ts:86:11)
    at new SupabaseClient (/Users/yann/spx-app/node_modules/@supabase/supabase-js/src/SupabaseClient.ts:284:21)
    at createClient (/Users/yann/spx-app/node_modules/@supabase/supabase-js/src/index.ts:65:10)
    at loadV17CompanyBrut (/Users/yann/spx-app/src/lib/company-core/load-company.ts:1843:18)
    at async loadV17Company (/Users/yann/spx-app/src/lib/company-core/load-company.ts:493:14)
    at async auditTicker (/Users/yann/spx-app/scripts/audit-pages-full.ts:51:19)
    at async main (/Users/yann/spx-app/scripts/audit-pages-full.ts:153:17)
image_findings merge failed for ELV: Error: supabaseUrl is required.
    at validateSupabaseUrl (/Users/yann/spx-app/node_modules/@supabase/supabase-js/src/lib/helpers.ts:86:11)
    at new SupabaseClient (/Users/yann/spx-app/node_modules/@supabase/supabase-js/src/SupabaseClient.ts:284:21)
    at createClient (/Users/yann/spx-app/node_modules/@supabase/supabase-js/src/index.ts:65:10)
    at admin (/Users/yann/spx-app/src/lib/desk/image-findings.ts:118:10)
    at listApprovedForTicker (/Users/yann/spx-app/src/lib/desk/image-findings.ts:222:16)
    at loadV17CompanyBrut (/Users/yann/spx-app/src/lib/company-core/load-company.ts:1906:30)
    at async loadV17Company (/Users/yann/spx-app/src/lib/company-core/load-company.ts:493:14)
    at async auditTicker (/Users/yann/spx-app/scripts/audit-pages-full.ts:51:19)
    at async main (/Users/yann/spx-app/scripts/audit-pages-full.ts:153:17)
[hero-kpi-overrides] refetch failed, using stale cache Error: SUPABASE_SERVICE_ROLE_KEY manquante — vérifier .env.local
    at createSupabaseAdminClient (/Users/yann/spx-app/src/lib/supabase/admin.ts:16:11)
    at fetchAll (/Users/yann/spx-app/src/lib/company-core/hero-kpi-overrides.ts:31:20)
    at getHeroKpiOverride (/Users/yann/spx-app/src/lib/company-core/hero-kpi-overrides.ts:58:21)
    at loadV17CompanyBrut (/Users/yann/spx-app/src/lib/company-core/load-company.ts:3083:28)
    at async loadV17Company (/Users/yann/spx-app/src/lib/company-core/load-company.ts:493:14)
    at async auditTicker (/Users/yann/spx-app/scripts/audit-pages-full.ts:51:19)
    at async main (/Users/yann/spx-app/scripts/audit-pages-full.ts:153:17)
special_kpis merge failed for ESS: Error: supabaseUrl is required.
    at validateSupabaseUrl (/Users/yann/spx-app/node_modules/@supabase/supabase-js/src/lib/helpers.ts:86:11)
    at new SupabaseClient (/Users/yann/spx-app/node_modules/@supabase/supabase-js/src/SupabaseClient.ts:284:21)
    at createClient (/Users/yann/spx-app/node_modules/@supabase/supabase-js/src/index.ts:65:10)
    at admin (/Users/yann/spx-app/src/lib/desk/special-kpis.ts:152:10)
    at listPublishedForTicker (/Users/yann/spx-app/src/lib/desk/special-kpis.ts:175:16)
    at loadV17CompanyBrut (/Users/yann/spx-app/src/lib/company-core/load-company.ts:1779:30)
    at async loadV17Company (/Users/yann/spx-app/src/lib/company-core/load-company.ts:493:14)
    at async auditTicker (/Users/yann/spx-app/scripts/audit-pages-full.ts:51:19)
    at async main (/Users/yann/spx-app/scripts/audit-pages-full.ts:153:17)
kpi_requests merge failed for ESS: Error: supabaseUrl is required.
    at validateSupabaseUrl (/Users/yann/spx-app/node_modules/@supabase/supabase-js/src/lib/helpers.ts:86:11)
    at new SupabaseClient (/Users/yann/spx-app/node_modules/@supabase/supabase-js/src/SupabaseClient.ts:284:21)
    at createClient (/Users/yann/spx-app/node_modules/@supabase/supabase-js/src/index.ts:65:10)
    at loadV17CompanyBrut (/Users/yann/spx-app/src/lib/company-core/load-company.ts:1843:18)
    at async loadV17Company (/Users/yann/spx-app/src/lib/company-core/load-company.ts:493:14)
    at async auditTicker (/Users/yann/spx-app/scripts/audit-pages-full.ts:51:19)
    at async main (/Users/yann/spx-app/scripts/audit-pages-full.ts:153:17)
image_findings merge failed for ESS: Error: supabaseUrl is required.
    at validateSupabaseUrl (/Users/yann/spx-app/node_modules/@supabase/supabase-js/src/lib/helpers.ts:86:11)
    at new SupabaseClient (/Users/yann/spx-app/node_modules/@supabase/supabase-js/src/SupabaseClient.ts:284:21)
    at createClient (/Users/yann/spx-app/node_modules/@supabase/supabase-js/src/index.ts:65:10)
    at admin (/Users/yann/spx-app/src/lib/desk/image-findings.ts:118:10)
    at listApprovedForTicker (/Users/yann/spx-app/src/lib/desk/image-findings.ts:222:16)
    at loadV17CompanyBrut (/Users/yann/spx-app/src/lib/company-core/load-company.ts:1906:30)
    at async loadV17Company (/Users/yann/spx-app/src/lib/company-core/load-company.ts:493:14)
    at async auditTicker (/Users/yann/spx-app/scripts/audit-pages-full.ts:51:19)
    at async main (/Users/yann/spx-app/scripts/audit-pages-full.ts:153:17)
[hero-kpi-overrides] refetch failed, using stale cache Error: SUPABASE_SERVICE_ROLE_KEY manquante — vérifier .env.local
    at createSupabaseAdminClient (/Users/yann/spx-app/src/lib/supabase/admin.ts:16:11)
    at fetchAll (/Users/yann/spx-app/src/lib/company-core/hero-kpi-overrides.ts:31:20)
    at getHeroKpiOverride (/Users/yann/spx-app/src/lib/company-core/hero-kpi-overrides.ts:58:21)
    at loadV17CompanyBrut (/Users/yann/spx-app/src/lib/company-core/load-company.ts:3083:28)
    at async loadV17Company (/Users/yann/spx-app/src/lib/company-core/load-company.ts:493:14)
    at async auditTicker (/Users/yann/spx-app/scripts/audit-pages-full.ts:51:19)
    at async main (/Users/yann/spx-app/scripts/audit-pages-full.ts:153:17)
special_kpis merge failed for ETR: Error: supabaseUrl is required.
    at validateSupabaseUrl (/Users/yann/spx-app/node_modules/@supabase/supabase-js/src/lib/helpers.ts:86:11)
    at new SupabaseClient (/Users/yann/spx-app/node_modules/@supabase/supabase-js/src/SupabaseClient.ts:284:21)
    at createClient (/Users/yann/spx-app/node_modules/@supabase/supabase-js/src/index.ts:65:10)
    at admin (/Users/yann/spx-app/src/lib/desk/special-kpis.ts:152:10)
    at listPublishedForTicker (/Users/yann/spx-app/src/lib/desk/special-kpis.ts:175:16)
    at loadV17CompanyBrut (/Users/yann/spx-app/src/lib/company-core/load-company.ts:1779:30)
    at async loadV17Company (/Users/yann/spx-app/src/lib/company-core/load-company.ts:493:14)
    at async auditTicker (/Users/yann/spx-app/scripts/audit-pages-full.ts:51:19)
    at async main (/Users/yann/spx-app/scripts/audit-pages-full.ts:153:17)
kpi_requests merge failed for ETR: Error: supabaseUrl is required.
    at validateSupabaseUrl (/Users/yann/spx-app/node_modules/@supabase/supabase-js/src/lib/helpers.ts:86:11)
    at new SupabaseClient (/Users/yann/spx-app/node_modules/@supabase/supabase-js/src/SupabaseClient.ts:284:21)
    at createClient (/Users/yann/spx-app/node_modules/@supabase/supabase-js/src/index.ts:65:10)
    at loadV17CompanyBrut (/Users/yann/spx-app/src/lib/company-core/load-company.ts:1843:18)
    at async loadV17Company (/Users/yann/spx-app/src/lib/company-core/load-company.ts:493:14)
    at async auditTicker (/Users/yann/spx-app/scripts/audit-pages-full.ts:51:19)
    at async main (/Users/yann/spx-app/scripts/audit-pages-full.ts:153:17)
image_findings merge failed for ETR: Error: supabaseUrl is required.
    at validateSupabaseUrl (/Users/yann/spx-app/node_modules/@supabase/supabase-js/src/lib/helpers.ts:86:11)
    at new SupabaseClient (/Users/yann/spx-app/node_modules/@supabase/supabase-js/src/SupabaseClient.ts:284:21)
    at createClient (/Users/yann/spx-app/node_modules/@supabase/supabase-js/src/index.ts:65:10)
    at admin (/Users/yann/spx-app/src/lib/desk/image-findings.ts:118:10)
    at listApprovedForTicker (/Users/yann/spx-app/src/lib/desk/image-findings.ts:222:16)
    at loadV17CompanyBrut (/Users/yann/spx-app/src/lib/company-core/load-company.ts:1906:30)
    at async loadV17Company (/Users/yann/spx-app/src/lib/company-core/load-company.ts:493:14)
    at async auditTicker (/Users/yann/spx-app/scripts/audit-pages-full.ts:51:19)
    at async main (/Users/yann/spx-app/scripts/audit-pages-full.ts:153:17)
[hero-kpi-overrides] refetch failed, using stale cache Error: SUPABASE_SERVICE_ROLE_KEY manquante — vérifier .env.local
    at createSupabaseAdminClient (/Users/yann/spx-app/src/lib/supabase/admin.ts:16:11)
    at fetchAll (/Users/yann/spx-app/src/lib/company-core/hero-kpi-overrides.ts:31:20)
    at getHeroKpiOverride (/Users/yann/spx-app/src/lib/company-core/hero-kpi-overrides.ts:58:21)
    at loadV17CompanyBrut (/Users/yann/spx-app/src/lib/company-core/load-company.ts:3083:28)
    at async loadV17Company (/Users/yann/spx-app/src/lib/company-core/load-company.ts:493:14)
    at async auditTicker (/Users/yann/spx-app/scripts/audit-pages-full.ts:51:19)
    at async main (/Users/yann/spx-app/scripts/audit-pages-full.ts:153:17)
special_kpis merge failed for FCX: Error: supabaseUrl is required.
    at validateSupabaseUrl (/Users/yann/spx-app/node_modules/@supabase/supabase-js/src/lib/helpers.ts:86:11)
    at new SupabaseClient (/Users/yann/spx-app/node_modules/@supabase/supabase-js/src/SupabaseClient.ts:284:21)
    at createClient (/Users/yann/spx-app/node_modules/@supabase/supabase-js/src/index.ts:65:10)
    at admin (/Users/yann/spx-app/src/lib/desk/special-kpis.ts:152:10)
    at listPublishedForTicker (/Users/yann/spx-app/src/lib/desk/special-kpis.ts:175:16)
    at loadV17CompanyBrut (/Users/yann/spx-app/src/lib/company-core/load-company.ts:1779:30)
    at async loadV17Company (/Users/yann/spx-app/src/lib/company-core/load-company.ts:493:14)
    at async auditTicker (/Users/yann/spx-app/scripts/audit-pages-full.ts:51:19)
    at async main (/Users/yann/spx-app/scripts/audit-pages-full.ts:153:17)
kpi_requests merge failed for FCX: Error: supabaseUrl is required.
    at validateSupabaseUrl (/Users/yann/spx-app/node_modules/@supabase/supabase-js/src/lib/helpers.ts:86:11)
    at new SupabaseClient (/Users/yann/spx-app/node_modules/@supabase/supabase-js/src/SupabaseClient.ts:284:21)
    at createClient (/Users/yann/spx-app/node_modules/@supabase/supabase-js/src/index.ts:65:10)
    at loadV17CompanyBrut (/Users/yann/spx-app/src/lib/company-core/load-company.ts:1843:18)
    at async loadV17Company (/Users/yann/spx-app/src/lib/company-core/load-company.ts:493:14)
    at async auditTicker (/Users/yann/spx-app/scripts/audit-pages-full.ts:51:19)
    at async main (/Users/yann/spx-app/scripts/audit-pages-full.ts:153:17)
image_findings merge failed for FCX: Error: supabaseUrl is required.
    at validateSupabaseUrl (/Users/yann/spx-app/node_modules/@supabase/supabase-js/src/lib/helpers.ts:86:11)
    at new SupabaseClient (/Users/yann/spx-app/node_modules/@supabase/supabase-js/src/SupabaseClient.ts:284:21)
    at createClient (/Users/yann/spx-app/node_modules/@supabase/supabase-js/src/index.ts:65:10)
    at admin (/Users/yann/spx-app/src/lib/desk/image-findings.ts:118:10)
    at listApprovedForTicker (/Users/yann/spx-app/src/lib/desk/image-findings.ts:222:16)
    at loadV17CompanyBrut (/Users/yann/spx-app/src/lib/company-core/load-company.ts:1906:30)
    at async loadV17Company (/Users/yann/spx-app/src/lib/company-core/load-company.ts:493:14)
    at async auditTicker (/Users/yann/spx-app/scripts/audit-pages-full.ts:51:19)
    at async main (/Users/yann/spx-app/scripts/audit-pages-full.ts:153:17)
[hero-kpi-overrides] refetch failed, using stale cache Error: SUPABASE_SERVICE_ROLE_KEY manquante — vérifier .env.local
    at createSupabaseAdminClient (/Users/yann/spx-app/src/lib/supabase/admin.ts:16:11)
    at fetchAll (/Users/yann/spx-app/src/lib/company-core/hero-kpi-overrides.ts:31:20)
    at getHeroKpiOverride (/Users/yann/spx-app/src/lib/company-core/hero-kpi-overrides.ts:58:21)
    at loadV17CompanyBrut (/Users/yann/spx-app/src/lib/company-core/load-company.ts:3083:28)
    at async loadV17Company (/Users/yann/spx-app/src/lib/company-core/load-company.ts:493:14)
    at async auditTicker (/Users/yann/spx-app/scripts/audit-pages-full.ts:51:19)
    at async main (/Users/yann/spx-app/scripts/audit-pages-full.ts:153:17)
special_kpis merge failed for FDX: Error: supabaseUrl is required.
    at validateSupabaseUrl (/Users/yann/spx-app/node_modules/@supabase/supabase-js/src/lib/helpers.ts:86:11)
    at new SupabaseClient (/Users/yann/spx-app/node_modules/@supabase/supabase-js/src/SupabaseClient.ts:284:21)
    at createClient (/Users/yann/spx-app/node_modules/@supabase/supabase-js/src/index.ts:65:10)
    at admin (/Users/yann/spx-app/src/lib/desk/special-kpis.ts:152:10)
    at listPublishedForTicker (/Users/yann/spx-app/src/lib/desk/special-kpis.ts:175:16)
    at loadV17CompanyBrut (/Users/yann/spx-app/src/lib/company-core/load-company.ts:1779:30)
    at async loadV17Company (/Users/yann/spx-app/src/lib/company-core/load-company.ts:493:14)
    at async auditTicker (/Users/yann/spx-app/scripts/audit-pages-full.ts:51:19)
    at async main (/Users/yann/spx-app/scripts/audit-pages-full.ts:153:17)
kpi_requests merge failed for FDX: Error: supabaseUrl is required.
    at validateSupabaseUrl (/Users/yann/spx-app/node_modules/@supabase/supabase-js/src/lib/helpers.ts:86:11)
    at new SupabaseClient (/Users/yann/spx-app/node_modules/@supabase/supabase-js/src/SupabaseClient.ts:284:21)
    at createClient (/Users/yann/spx-app/node_modules/@supabase/supabase-js/src/index.ts:65:10)
    at loadV17CompanyBrut (/Users/yann/spx-app/src/lib/company-core/load-company.ts:1843:18)
    at async loadV17Company (/Users/yann/spx-app/src/lib/company-core/load-company.ts:493:14)
    at async auditTicker (/Users/yann/spx-app/scripts/audit-pages-full.ts:51:19)
    at async main (/Users/yann/spx-app/scripts/audit-pages-full.ts:153:17)
image_findings merge failed for FDX: Error: supabaseUrl is required.
    at validateSupabaseUrl (/Users/yann/spx-app/node_modules/@supabase/supabase-js/src/lib/helpers.ts:86:11)
    at new SupabaseClient (/Users/yann/spx-app/node_modules/@supabase/supabase-js/src/SupabaseClient.ts:284:21)
    at createClient (/Users/yann/spx-app/node_modules/@supabase/supabase-js/src/index.ts:65:10)
    at admin (/Users/yann/spx-app/src/lib/desk/image-findings.ts:118:10)
    at listApprovedForTicker (/Users/yann/spx-app/src/lib/desk/image-findings.ts:222:16)
    at loadV17CompanyBrut (/Users/yann/spx-app/src/lib/company-core/load-company.ts:1906:30)
    at async loadV17Company (/Users/yann/spx-app/src/lib/company-core/load-company.ts:493:14)
    at async auditTicker (/Users/yann/spx-app/scripts/audit-pages-full.ts:51:19)
    at async main (/Users/yann/spx-app/scripts/audit-pages-full.ts:153:17)
[hero-kpi-overrides] refetch failed, using stale cache Error: SUPABASE_SERVICE_ROLE_KEY manquante — vérifier .env.local
    at createSupabaseAdminClient (/Users/yann/spx-app/src/lib/supabase/admin.ts:16:11)
    at fetchAll (/Users/yann/spx-app/src/lib/company-core/hero-kpi-overrides.ts:31:20)
    at getHeroKpiOverride (/Users/yann/spx-app/src/lib/company-core/hero-kpi-overrides.ts:58:21)
    at loadV17CompanyBrut (/Users/yann/spx-app/src/lib/company-core/load-company.ts:3083:28)
    at async loadV17Company (/Users/yann/spx-app/src/lib/company-core/load-company.ts:493:14)
    at async auditTicker (/Users/yann/spx-app/scripts/audit-pages-full.ts:51:19)
    at async main (/Users/yann/spx-app/scripts/audit-pages-full.ts:153:17)
special_kpis merge failed for FDXF: Error: supabaseUrl is required.
    at validateSupabaseUrl (/Users/yann/spx-app/node_modules/@supabase/supabase-js/src/lib/helpers.ts:86:11)
    at new SupabaseClient (/Users/yann/spx-app/node_modules/@supabase/supabase-js/src/SupabaseClient.ts:284:21)
    at createClient (/Users/yann/spx-app/node_modules/@supabase/supabase-js/src/index.ts:65:10)
    at admin (/Users/yann/spx-app/src/lib/desk/special-kpis.ts:152:10)
    at listPublishedForTicker (/Users/yann/spx-app/src/lib/desk/special-kpis.ts:175:16)
    at loadV17CompanyBrut (/Users/yann/spx-app/src/lib/company-core/load-company.ts:1779:30)
    at async loadV17Company (/Users/yann/spx-app/src/lib/company-core/load-company.ts:493:14)
    at async auditTicker (/Users/yann/spx-app/scripts/audit-pages-full.ts:51:19)
    at async main (/Users/yann/spx-app/scripts/audit-pages-full.ts:153:17)
kpi_requests merge failed for FDXF: Error: supabaseUrl is required.
    at validateSupabaseUrl (/Users/yann/spx-app/node_modules/@supabase/supabase-js/src/lib/helpers.ts:86:11)
    at new SupabaseClient (/Users/yann/spx-app/node_modules/@supabase/supabase-js/src/SupabaseClient.ts:284:21)
    at createClient (/Users/yann/spx-app/node_modules/@supabase/supabase-js/src/index.ts:65:10)
    at loadV17CompanyBrut (/Users/yann/spx-app/src/lib/company-core/load-company.ts:1843:18)
    at async loadV17Company (/Users/yann/spx-app/src/lib/company-core/load-company.ts:493:14)
    at async auditTicker (/Users/yann/spx-app/scripts/audit-pages-full.ts:51:19)
    at async main (/Users/yann/spx-app/scripts/audit-pages-full.ts:153:17)
image_findings merge failed for FDXF: Error: supabaseUrl is required.
    at validateSupabaseUrl (/Users/yann/spx-app/node_modules/@supabase/supabase-js/src/lib/helpers.ts:86:11)
    at new SupabaseClient (/Users/yann/spx-app/node_modules/@supabase/supabase-js/src/SupabaseClient.ts:284:21)
    at createClient (/Users/yann/spx-app/node_modules/@supabase/supabase-js/src/index.ts:65:10)
    at admin (/Users/yann/spx-app/src/lib/desk/image-findings.ts:118:10)
    at listApprovedForTicker (/Users/yann/spx-app/src/lib/desk/image-findings.ts:222:16)
    at loadV17CompanyBrut (/Users/yann/spx-app/src/lib/company-core/load-company.ts:1906:30)
    at async loadV17Company (/Users/yann/spx-app/src/lib/company-core/load-company.ts:493:14)
    at async auditTicker (/Users/yann/spx-app/scripts/audit-pages-full.ts:51:19)
    at async main (/Users/yann/spx-app/scripts/audit-pages-full.ts:153:17)
[hero-kpi-overrides] refetch failed, using stale cache Error: SUPABASE_SERVICE_ROLE_KEY manquante — vérifier .env.local
    at createSupabaseAdminClient (/Users/yann/spx-app/src/lib/supabase/admin.ts:16:11)
    at fetchAll (/Users/yann/spx-app/src/lib/company-core/hero-kpi-overrides.ts:31:20)
    at getHeroKpiOverride (/Users/yann/spx-app/src/lib/company-core/hero-kpi-overrides.ts:58:21)
    at loadV17CompanyBrut (/Users/yann/spx-app/src/lib/company-core/load-company.ts:3083:28)
    at async loadV17Company (/Users/yann/spx-app/src/lib/company-core/load-company.ts:493:14)
    at async auditTicker (/Users/yann/spx-app/scripts/audit-pages-full.ts:51:19)
    at async main (/Users/yann/spx-app/scripts/audit-pages-full.ts:153:17)
special_kpis merge failed for FLEX: Error: supabaseUrl is required.
    at validateSupabaseUrl (/Users/yann/spx-app/node_modules/@supabase/supabase-js/src/lib/helpers.ts:86:11)
    at new SupabaseClient (/Users/yann/spx-app/node_modules/@supabase/supabase-js/src/SupabaseClient.ts:284:21)
    at createClient (/Users/yann/spx-app/node_modules/@supabase/supabase-js/src/index.ts:65:10)
    at admin (/Users/yann/spx-app/src/lib/desk/special-kpis.ts:152:10)
    at listPublishedForTicker (/Users/yann/spx-app/src/lib/desk/special-kpis.ts:175:16)
    at loadV17CompanyBrut (/Users/yann/spx-app/src/lib/company-core/load-company.ts:1779:30)
    at async loadV17Company (/Users/yann/spx-app/src/lib/company-core/load-company.ts:493:14)
    at async auditTicker (/Users/yann/spx-app/scripts/audit-pages-full.ts:51:19)
    at async main (/Users/yann/spx-app/scripts/audit-pages-full.ts:153:17)
kpi_requests merge failed for FLEX: Error: supabaseUrl is required.
    at validateSupabaseUrl (/Users/yann/spx-app/node_modules/@supabase/supabase-js/src/lib/helpers.ts:86:11)
    at new SupabaseClient (/Users/yann/spx-app/node_modules/@supabase/supabase-js/src/SupabaseClient.ts:284:21)
    at createClient (/Users/yann/spx-app/node_modules/@supabase/supabase-js/src/index.ts:65:10)
    at loadV17CompanyBrut (/Users/yann/spx-app/src/lib/company-core/load-company.ts:1843:18)
    at async loadV17Company (/Users/yann/spx-app/src/lib/company-core/load-company.ts:493:14)
    at async auditTicker (/Users/yann/spx-app/scripts/audit-pages-full.ts:51:19)
    at async main (/Users/yann/spx-app/scripts/audit-pages-full.ts:153:17)
image_findings merge failed for FLEX: Error: supabaseUrl is required.
    at validateSupabaseUrl (/Users/yann/spx-app/node_modules/@supabase/supabase-js/src/lib/helpers.ts:86:11)
    at new SupabaseClient (/Users/yann/spx-app/node_modules/@supabase/supabase-js/src/SupabaseClient.ts:284:21)
    at createClient (/Users/yann/spx-app/node_modules/@supabase/supabase-js/src/index.ts:65:10)
    at admin (/Users/yann/spx-app/src/lib/desk/image-findings.ts:118:10)
    at listApprovedForTicker (/Users/yann/spx-app/src/lib/desk/image-findings.ts:222:16)
    at loadV17CompanyBrut (/Users/yann/spx-app/src/lib/company-core/load-company.ts:1906:30)
    at async loadV17Company (/Users/yann/spx-app/src/lib/company-core/load-company.ts:493:14)
    at async auditTicker (/Users/yann/spx-app/scripts/audit-pages-full.ts:51:19)
    at async main (/Users/yann/spx-app/scripts/audit-pages-full.ts:153:17)
[hero-kpi-overrides] refetch failed, using stale cache Error: SUPABASE_SERVICE_ROLE_KEY manquante — vérifier .env.local
    at createSupabaseAdminClient (/Users/yann/spx-app/src/lib/supabase/admin.ts:16:11)
    at fetchAll (/Users/yann/spx-app/src/lib/company-core/hero-kpi-overrides.ts:31:20)
    at getHeroKpiOverride (/Users/yann/spx-app/src/lib/company-core/hero-kpi-overrides.ts:58:21)
    at loadV17CompanyBrut (/Users/yann/spx-app/src/lib/company-core/load-company.ts:3083:28)
    at async loadV17Company (/Users/yann/spx-app/src/lib/company-core/load-company.ts:493:14)
    at async auditTicker (/Users/yann/spx-app/scripts/audit-pages-full.ts:51:19)
    at async main (/Users/yann/spx-app/scripts/audit-pages-full.ts:153:17)
special_kpis merge failed for FOX: Error: supabaseUrl is required.
    at validateSupabaseUrl (/Users/yann/spx-app/node_modules/@supabase/supabase-js/src/lib/helpers.ts:86:11)
    at new SupabaseClient (/Users/yann/spx-app/node_modules/@supabase/supabase-js/src/SupabaseClient.ts:284:21)
    at createClient (/Users/yann/spx-app/node_modules/@supabase/supabase-js/src/index.ts:65:10)
    at admin (/Users/yann/spx-app/src/lib/desk/special-kpis.ts:152:10)
    at listPublishedForTicker (/Users/yann/spx-app/src/lib/desk/special-kpis.ts:175:16)
    at loadV17CompanyBrut (/Users/yann/spx-app/src/lib/company-core/load-company.ts:1779:30)
    at async loadV17Company (/Users/yann/spx-app/src/lib/company-core/load-company.ts:493:14)
    at async auditTicker (/Users/yann/spx-app/scripts/audit-pages-full.ts:51:19)
    at async main (/Users/yann/spx-app/scripts/audit-pages-full.ts:153:17)
kpi_requests merge failed for FOX: Error: supabaseUrl is required.
    at validateSupabaseUrl (/Users/yann/spx-app/node_modules/@supabase/supabase-js/src/lib/helpers.ts:86:11)
    at new SupabaseClient (/Users/yann/spx-app/node_modules/@supabase/supabase-js/src/SupabaseClient.ts:284:21)
    at createClient (/Users/yann/spx-app/node_modules/@supabase/supabase-js/src/index.ts:65:10)
    at loadV17CompanyBrut (/Users/yann/spx-app/src/lib/company-core/load-company.ts:1843:18)
    at async loadV17Company (/Users/yann/spx-app/src/lib/company-core/load-company.ts:493:14)
    at async auditTicker (/Users/yann/spx-app/scripts/audit-pages-full.ts:51:19)
    at async main (/Users/yann/spx-app/scripts/audit-pages-full.ts:153:17)
image_findings merge failed for FOX: Error: supabaseUrl is required.
    at validateSupabaseUrl (/Users/yann/spx-app/node_modules/@supabase/supabase-js/src/lib/helpers.ts:86:11)
    at new SupabaseClient (/Users/yann/spx-app/node_modules/@supabase/supabase-js/src/SupabaseClient.ts:284:21)
    at createClient (/Users/yann/spx-app/node_modules/@supabase/supabase-js/src/index.ts:65:10)
    at admin (/Users/yann/spx-app/src/lib/desk/image-findings.ts:118:10)
    at listApprovedForTicker (/Users/yann/spx-app/src/lib/desk/image-findings.ts:222:16)
    at loadV17CompanyBrut (/Users/yann/spx-app/src/lib/company-core/load-company.ts:1906:30)
    at async loadV17Company (/Users/yann/spx-app/src/lib/company-core/load-company.ts:493:14)
    at async auditTicker (/Users/yann/spx-app/scripts/audit-pages-full.ts:51:19)
    at async main (/Users/yann/spx-app/scripts/audit-pages-full.ts:153:17)
[hero-kpi-overrides] refetch failed, using stale cache Error: SUPABASE_SERVICE_ROLE_KEY manquante — vérifier .env.local
    at createSupabaseAdminClient (/Users/yann/spx-app/src/lib/supabase/admin.ts:16:11)
    at fetchAll (/Users/yann/spx-app/src/lib/company-core/hero-kpi-overrides.ts:31:20)
    at getHeroKpiOverride (/Users/yann/spx-app/src/lib/company-core/hero-kpi-overrides.ts:58:21)
    at loadV17CompanyBrut (/Users/yann/spx-app/src/lib/company-core/load-company.ts:3083:28)
    at async loadV17Company (/Users/yann/spx-app/src/lib/company-core/load-company.ts:493:14)
    at async auditTicker (/Users/yann/spx-app/scripts/audit-pages-full.ts:51:19)
    at async main (/Users/yann/spx-app/scripts/audit-pages-full.ts:153:17)
special_kpis merge failed for FOXA: Error: supabaseUrl is required.
    at validateSupabaseUrl (/Users/yann/spx-app/node_modules/@supabase/supabase-js/src/lib/helpers.ts:86:11)
    at new SupabaseClient (/Users/yann/spx-app/node_modules/@supabase/supabase-js/src/SupabaseClient.ts:284:21)
    at createClient (/Users/yann/spx-app/node_modules/@supabase/supabase-js/src/index.ts:65:10)
    at admin (/Users/yann/spx-app/src/lib/desk/special-kpis.ts:152:10)
    at listPublishedForTicker (/Users/yann/spx-app/src/lib/desk/special-kpis.ts:175:16)
    at loadV17CompanyBrut (/Users/yann/spx-app/src/lib/company-core/load-company.ts:1779:30)
    at async loadV17Company (/Users/yann/spx-app/src/lib/company-core/load-company.ts:493:14)
    at async auditTicker (/Users/yann/spx-app/scripts/audit-pages-full.ts:51:19)
    at async main (/Users/yann/spx-app/scripts/audit-pages-full.ts:153:17)
kpi_requests merge failed for FOXA: Error: supabaseUrl is required.
    at validateSupabaseUrl (/Users/yann/spx-app/node_modules/@supabase/supabase-js/src/lib/helpers.ts:86:11)
    at new SupabaseClient (/Users/yann/spx-app/node_modules/@supabase/supabase-js/src/SupabaseClient.ts:284:21)
    at createClient (/Users/yann/spx-app/node_modules/@supabase/supabase-js/src/index.ts:65:10)
    at loadV17CompanyBrut (/Users/yann/spx-app/src/lib/company-core/load-company.ts:1843:18)
    at async loadV17Company (/Users/yann/spx-app/src/lib/company-core/load-company.ts:493:14)
    at async auditTicker (/Users/yann/spx-app/scripts/audit-pages-full.ts:51:19)
    at async main (/Users/yann/spx-app/scripts/audit-pages-full.ts:153:17)
image_findings merge failed for FOXA: Error: supabaseUrl is required.
    at validateSupabaseUrl (/Users/yann/spx-app/node_modules/@supabase/supabase-js/src/lib/helpers.ts:86:11)
    at new SupabaseClient (/Users/yann/spx-app/node_modules/@supabase/supabase-js/src/SupabaseClient.ts:284:21)
    at createClient (/Users/yann/spx-app/node_modules/@supabase/supabase-js/src/index.ts:65:10)
    at admin (/Users/yann/spx-app/src/lib/desk/image-findings.ts:118:10)
    at listApprovedForTicker (/Users/yann/spx-app/src/lib/desk/image-findings.ts:222:16)
    at loadV17CompanyBrut (/Users/yann/spx-app/src/lib/company-core/load-company.ts:1906:30)
    at async loadV17Company (/Users/yann/spx-app/src/lib/company-core/load-company.ts:493:14)
    at async auditTicker (/Users/yann/spx-app/scripts/audit-pages-full.ts:51:19)
    at async main (/Users/yann/spx-app/scripts/audit-pages-full.ts:153:17)
[hero-kpi-overrides] refetch failed, using stale cache Error: SUPABASE_SERVICE_ROLE_KEY manquante — vérifier .env.local
    at createSupabaseAdminClient (/Users/yann/spx-app/src/lib/supabase/admin.ts:16:11)
    at fetchAll (/Users/yann/spx-app/src/lib/company-core/hero-kpi-overrides.ts:31:20)
    at getHeroKpiOverride (/Users/yann/spx-app/src/lib/company-core/hero-kpi-overrides.ts:58:21)
    at loadV17CompanyBrut (/Users/yann/spx-app/src/lib/company-core/load-company.ts:3083:28)
    at async loadV17Company (/Users/yann/spx-app/src/lib/company-core/load-company.ts:493:14)
    at async auditTicker (/Users/yann/spx-app/scripts/audit-pages-full.ts:51:19)
    at async main (/Users/yann/spx-app/scripts/audit-pages-full.ts:153:17)
...50/125
special_kpis merge failed for FTV: Error: supabaseUrl is required.
    at validateSupabaseUrl (/Users/yann/spx-app/node_modules/@supabase/supabase-js/src/lib/helpers.ts:86:11)
    at new SupabaseClient (/Users/yann/spx-app/node_modules/@supabase/supabase-js/src/SupabaseClient.ts:284:21)
    at createClient (/Users/yann/spx-app/node_modules/@supabase/supabase-js/src/index.ts:65:10)
    at admin (/Users/yann/spx-app/src/lib/desk/special-kpis.ts:152:10)
    at listPublishedForTicker (/Users/yann/spx-app/src/lib/desk/special-kpis.ts:175:16)
    at loadV17CompanyBrut (/Users/yann/spx-app/src/lib/company-core/load-company.ts:1779:30)
    at async loadV17Company (/Users/yann/spx-app/src/lib/company-core/load-company.ts:493:14)
    at async auditTicker (/Users/yann/spx-app/scripts/audit-pages-full.ts:51:19)
    at async main (/Users/yann/spx-app/scripts/audit-pages-full.ts:153:17)
kpi_requests merge failed for FTV: Error: supabaseUrl is required.
    at validateSupabaseUrl (/Users/yann/spx-app/node_modules/@supabase/supabase-js/src/lib/helpers.ts:86:11)
    at new SupabaseClient (/Users/yann/spx-app/node_modules/@supabase/supabase-js/src/SupabaseClient.ts:284:21)
    at createClient (/Users/yann/spx-app/node_modules/@supabase/supabase-js/src/index.ts:65:10)
    at loadV17CompanyBrut (/Users/yann/spx-app/src/lib/company-core/load-company.ts:1843:18)
    at async loadV17Company (/Users/yann/spx-app/src/lib/company-core/load-company.ts:493:14)
    at async auditTicker (/Users/yann/spx-app/scripts/audit-pages-full.ts:51:19)
    at async main (/Users/yann/spx-app/scripts/audit-pages-full.ts:153:17)
image_findings merge failed for FTV: Error: supabaseUrl is required.
    at validateSupabaseUrl (/Users/yann/spx-app/node_modules/@supabase/supabase-js/src/lib/helpers.ts:86:11)
    at new SupabaseClient (/Users/yann/spx-app/node_modules/@supabase/supabase-js/src/SupabaseClient.ts:284:21)
    at createClient (/Users/yann/spx-app/node_modules/@supabase/supabase-js/src/index.ts:65:10)
    at admin (/Users/yann/spx-app/src/lib/desk/image-findings.ts:118:10)
    at listApprovedForTicker (/Users/yann/spx-app/src/lib/desk/image-findings.ts:222:16)
    at loadV17CompanyBrut (/Users/yann/spx-app/src/lib/company-core/load-company.ts:1906:30)
    at async loadV17Company (/Users/yann/spx-app/src/lib/company-core/load-company.ts:493:14)
    at async auditTicker (/Users/yann/spx-app/scripts/audit-pages-full.ts:51:19)
    at async main (/Users/yann/spx-app/scripts/audit-pages-full.ts:153:17)
[hero-kpi-overrides] refetch failed, using stale cache Error: SUPABASE_SERVICE_ROLE_KEY manquante — vérifier .env.local
    at createSupabaseAdminClient (/Users/yann/spx-app/src/lib/supabase/admin.ts:16:11)
    at fetchAll (/Users/yann/spx-app/src/lib/company-core/hero-kpi-overrides.ts:31:20)
    at getHeroKpiOverride (/Users/yann/spx-app/src/lib/company-core/hero-kpi-overrides.ts:58:21)
    at loadV17CompanyBrut (/Users/yann/spx-app/src/lib/company-core/load-company.ts:3083:28)
    at async loadV17Company (/Users/yann/spx-app/src/lib/company-core/load-company.ts:493:14)
    at async auditTicker (/Users/yann/spx-app/scripts/audit-pages-full.ts:51:19)
    at async main (/Users/yann/spx-app/scripts/audit-pages-full.ts:153:17)
special_kpis merge failed for GE: Error: supabaseUrl is required.
    at validateSupabaseUrl (/Users/yann/spx-app/node_modules/@supabase/supabase-js/src/lib/helpers.ts:86:11)
    at new SupabaseClient (/Users/yann/spx-app/node_modules/@supabase/supabase-js/src/SupabaseClient.ts:284:21)
    at createClient (/Users/yann/spx-app/node_modules/@supabase/supabase-js/src/index.ts:65:10)
    at admin (/Users/yann/spx-app/src/lib/desk/special-kpis.ts:152:10)
    at listPublishedForTicker (/Users/yann/spx-app/src/lib/desk/special-kpis.ts:175:16)
    at loadV17CompanyBrut (/Users/yann/spx-app/src/lib/company-core/load-company.ts:1779:30)
    at async loadV17Company (/Users/yann/spx-app/src/lib/company-core/load-company.ts:493:14)
    at async auditTicker (/Users/yann/spx-app/scripts/audit-pages-full.ts:51:19)
    at async main (/Users/yann/spx-app/scripts/audit-pages-full.ts:153:17)
kpi_requests merge failed for GE: Error: supabaseUrl is required.
    at validateSupabaseUrl (/Users/yann/spx-app/node_modules/@supabase/supabase-js/src/lib/helpers.ts:86:11)
    at new SupabaseClient (/Users/yann/spx-app/node_modules/@supabase/supabase-js/src/SupabaseClient.ts:284:21)
    at createClient (/Users/yann/spx-app/node_modules/@supabase/supabase-js/src/index.ts:65:10)
    at loadV17CompanyBrut (/Users/yann/spx-app/src/lib/company-core/load-company.ts:1843:18)
    at async loadV17Company (/Users/yann/spx-app/src/lib/company-core/load-company.ts:493:14)
    at async auditTicker (/Users/yann/spx-app/scripts/audit-pages-full.ts:51:19)
    at async main (/Users/yann/spx-app/scripts/audit-pages-full.ts:153:17)
image_findings merge failed for GE: Error: supabaseUrl is required.
    at validateSupabaseUrl (/Users/yann/spx-app/node_modules/@supabase/supabase-js/src/lib/helpers.ts:86:11)
    at new SupabaseClient (/Users/yann/spx-app/node_modules/@supabase/supabase-js/src/SupabaseClient.ts:284:21)
    at createClient (/Users/yann/spx-app/node_modules/@supabase/supabase-js/src/index.ts:65:10)
    at admin (/Users/yann/spx-app/src/lib/desk/image-findings.ts:118:10)
    at listApprovedForTicker (/Users/yann/spx-app/src/lib/desk/image-findings.ts:222:16)
    at loadV17CompanyBrut (/Users/yann/spx-app/src/lib/company-core/load-company.ts:1906:30)
    at async loadV17Company (/Users/yann/spx-app/src/lib/company-core/load-company.ts:493:14)
    at async auditTicker (/Users/yann/spx-app/scripts/audit-pages-full.ts:51:19)
    at async main (/Users/yann/spx-app/scripts/audit-pages-full.ts:153:17)
[hero-kpi-overrides] refetch failed, using stale cache Error: SUPABASE_SERVICE_ROLE_KEY manquante — vérifier .env.local
    at createSupabaseAdminClient (/Users/yann/spx-app/src/lib/supabase/admin.ts:16:11)
    at fetchAll (/Users/yann/spx-app/src/lib/company-core/hero-kpi-overrides.ts:31:20)
    at getHeroKpiOverride (/Users/yann/spx-app/src/lib/company-core/hero-kpi-overrides.ts:58:21)
    at loadV17CompanyBrut (/Users/yann/spx-app/src/lib/company-core/load-company.ts:3083:28)
    at async loadV17Company (/Users/yann/spx-app/src/lib/company-core/load-company.ts:493:14)
    at async auditTicker (/Users/yann/spx-app/scripts/audit-pages-full.ts:51:19)
    at async main (/Users/yann/spx-app/scripts/audit-pages-full.ts:153:17)
special_kpis merge failed for GLW: Error: supabaseUrl is required.
    at validateSupabaseUrl (/Users/yann/spx-app/node_modules/@supabase/supabase-js/src/lib/helpers.ts:86:11)
    at new SupabaseClient (/Users/yann/spx-app/node_modules/@supabase/supabase-js/src/SupabaseClient.ts:284:21)
    at createClient (/Users/yann/spx-app/node_modules/@supabase/supabase-js/src/index.ts:65:10)
    at admin (/Users/yann/spx-app/src/lib/desk/special-kpis.ts:152:10)
    at listPublishedForTicker (/Users/yann/spx-app/src/lib/desk/special-kpis.ts:175:16)
    at loadV17CompanyBrut (/Users/yann/spx-app/src/lib/company-core/load-company.ts:1779:30)
    at async loadV17Company (/Users/yann/spx-app/src/lib/company-core/load-company.ts:493:14)
    at async auditTicker (/Users/yann/spx-app/scripts/audit-pages-full.ts:51:19)
    at async main (/Users/yann/spx-app/scripts/audit-pages-full.ts:153:17)
kpi_requests merge failed for GLW: Error: supabaseUrl is required.
    at validateSupabaseUrl (/Users/yann/spx-app/node_modules/@supabase/supabase-js/src/lib/helpers.ts:86:11)
    at new SupabaseClient (/Users/yann/spx-app/node_modules/@supabase/supabase-js/src/SupabaseClient.ts:284:21)
    at createClient (/Users/yann/spx-app/node_modules/@supabase/supabase-js/src/index.ts:65:10)
    at loadV17CompanyBrut (/Users/yann/spx-app/src/lib/company-core/load-company.ts:1843:18)
    at async loadV17Company (/Users/yann/spx-app/src/lib/company-core/load-company.ts:493:14)
    at async auditTicker (/Users/yann/spx-app/scripts/audit-pages-full.ts:51:19)
    at async main (/Users/yann/spx-app/scripts/audit-pages-full.ts:153:17)
image_findings merge failed for GLW: Error: supabaseUrl is required.
    at validateSupabaseUrl (/Users/yann/spx-app/node_modules/@supabase/supabase-js/src/lib/helpers.ts:86:11)
    at new SupabaseClient (/Users/yann/spx-app/node_modules/@supabase/supabase-js/src/SupabaseClient.ts:284:21)
    at createClient (/Users/yann/spx-app/node_modules/@supabase/supabase-js/src/index.ts:65:10)
    at admin (/Users/yann/spx-app/src/lib/desk/image-findings.ts:118:10)
    at listApprovedForTicker (/Users/yann/spx-app/src/lib/desk/image-findings.ts:222:16)
    at loadV17CompanyBrut (/Users/yann/spx-app/src/lib/company-core/load-company.ts:1906:30)
    at async loadV17Company (/Users/yann/spx-app/src/lib/company-core/load-company.ts:493:14)
    at async auditTicker (/Users/yann/spx-app/scripts/audit-pages-full.ts:51:19)
    at async main (/Users/yann/spx-app/scripts/audit-pages-full.ts:153:17)
[hero-kpi-overrides] refetch failed, using stale cache Error: SUPABASE_SERVICE_ROLE_KEY manquante — vérifier .env.local
    at createSupabaseAdminClient (/Users/yann/spx-app/src/lib/supabase/admin.ts:16:11)
    at fetchAll (/Users/yann/spx-app/src/lib/company-core/hero-kpi-overrides.ts:31:20)
    at getHeroKpiOverride (/Users/yann/spx-app/src/lib/company-core/hero-kpi-overrides.ts:58:21)
    at loadV17CompanyBrut (/Users/yann/spx-app/src/lib/company-core/load-company.ts:3083:28)
    at async loadV17Company (/Users/yann/spx-app/src/lib/company-core/load-company.ts:493:14)
    at async auditTicker (/Users/yann/spx-app/scripts/audit-pages-full.ts:51:19)
    at async main (/Users/yann/spx-app/scripts/audit-pages-full.ts:153:17)
special_kpis merge failed for GPC: Error: supabaseUrl is required.
    at validateSupabaseUrl (/Users/yann/spx-app/node_modules/@supabase/supabase-js/src/lib/helpers.ts:86:11)
    at new SupabaseClient (/Users/yann/spx-app/node_modules/@supabase/supabase-js/src/SupabaseClient.ts:284:21)
    at createClient (/Users/yann/spx-app/node_modules/@supabase/supabase-js/src/index.ts:65:10)
    at admin (/Users/yann/spx-app/src/lib/desk/special-kpis.ts:152:10)
    at listPublishedForTicker (/Users/yann/spx-app/src/lib/desk/special-kpis.ts:175:16)
    at loadV17CompanyBrut (/Users/yann/spx-app/src/lib/company-core/load-company.ts:1779:30)
    at async loadV17Company (/Users/yann/spx-app/src/lib/company-core/load-company.ts:493:14)
    at async auditTicker (/Users/yann/spx-app/scripts/audit-pages-full.ts:51:19)
    at async main (/Users/yann/spx-app/scripts/audit-pages-full.ts:153:17)
kpi_requests merge failed for GPC: Error: supabaseUrl is required.
    at validateSupabaseUrl (/Users/yann/spx-app/node_modules/@supabase/supabase-js/src/lib/helpers.ts:86:11)
    at new SupabaseClient (/Users/yann/spx-app/node_modules/@supabase/supabase-js/src/SupabaseClient.ts:284:21)
    at createClient (/Users/yann/spx-app/node_modules/@supabase/supabase-js/src/index.ts:65:10)
    at loadV17CompanyBrut (/Users/yann/spx-app/src/lib/company-core/load-company.ts:1843:18)
    at async loadV17Company (/Users/yann/spx-app/src/lib/company-core/load-company.ts:493:14)
    at async auditTicker (/Users/yann/spx-app/scripts/audit-pages-full.ts:51:19)
    at async main (/Users/yann/spx-app/scripts/audit-pages-full.ts:153:17)
image_findings merge failed for GPC: Error: supabaseUrl is required.
    at validateSupabaseUrl (/Users/yann/spx-app/node_modules/@supabase/supabase-js/src/lib/helpers.ts:86:11)
    at new SupabaseClient (/Users/yann/spx-app/node_modules/@supabase/supabase-js/src/SupabaseClient.ts:284:21)
    at createClient (/Users/yann/spx-app/node_modules/@supabase/supabase-js/src/index.ts:65:10)
    at admin (/Users/yann/spx-app/src/lib/desk/image-findings.ts:118:10)
    at listApprovedForTicker (/Users/yann/spx-app/src/lib/desk/image-findings.ts:222:16)
    at loadV17CompanyBrut (/Users/yann/spx-app/src/lib/company-core/load-company.ts:1906:30)
    at async loadV17Company (/Users/yann/spx-app/src/lib/company-core/load-company.ts:493:14)
    at async auditTicker (/Users/yann/spx-app/scripts/audit-pages-full.ts:51:19)
    at async main (/Users/yann/spx-app/scripts/audit-pages-full.ts:153:17)
[hero-kpi-overrides] refetch failed, using stale cache Error: SUPABASE_SERVICE_ROLE_KEY manquante — vérifier .env.local
    at createSupabaseAdminClient (/Users/yann/spx-app/src/lib/supabase/admin.ts:16:11)
    at fetchAll (/Users/yann/spx-app/src/lib/company-core/hero-kpi-overrides.ts:31:20)
    at getHeroKpiOverride (/Users/yann/spx-app/src/lib/company-core/hero-kpi-overrides.ts:58:21)
    at loadV17CompanyBrut (/Users/yann/spx-app/src/lib/company-core/load-company.ts:3083:28)
    at async loadV17Company (/Users/yann/spx-app/src/lib/company-core/load-company.ts:493:14)
    at async auditTicker (/Users/yann/spx-app/scripts/audit-pages-full.ts:51:19)
    at async main (/Users/yann/spx-app/scripts/audit-pages-full.ts:153:17)
special_kpis merge failed for HBAN: Error: supabaseUrl is required.
    at validateSupabaseUrl (/Users/yann/spx-app/node_modules/@supabase/supabase-js/src/lib/helpers.ts:86:11)
    at new SupabaseClient (/Users/yann/spx-app/node_modules/@supabase/supabase-js/src/SupabaseClient.ts:284:21)
    at createClient (/Users/yann/spx-app/node_modules/@supabase/supabase-js/src/index.ts:65:10)
    at admin (/Users/yann/spx-app/src/lib/desk/special-kpis.ts:152:10)
    at listPublishedForTicker (/Users/yann/spx-app/src/lib/desk/special-kpis.ts:175:16)
    at loadV17CompanyBrut (/Users/yann/spx-app/src/lib/company-core/load-company.ts:1779:30)
    at async loadV17Company (/Users/yann/spx-app/src/lib/company-core/load-company.ts:493:14)
    at async auditTicker (/Users/yann/spx-app/scripts/audit-pages-full.ts:51:19)
    at async main (/Users/yann/spx-app/scripts/audit-pages-full.ts:153:17)
kpi_requests merge failed for HBAN: Error: supabaseUrl is required.
    at validateSupabaseUrl (/Users/yann/spx-app/node_modules/@supabase/supabase-js/src/lib/helpers.ts:86:11)
    at new SupabaseClient (/Users/yann/spx-app/node_modules/@supabase/supabase-js/src/SupabaseClient.ts:284:21)
    at createClient (/Users/yann/spx-app/node_modules/@supabase/supabase-js/src/index.ts:65:10)
    at loadV17CompanyBrut (/Users/yann/spx-app/src/lib/company-core/load-company.ts:1843:18)
    at async loadV17Company (/Users/yann/spx-app/src/lib/company-core/load-company.ts:493:14)
    at async auditTicker (/Users/yann/spx-app/scripts/audit-pages-full.ts:51:19)
    at async main (/Users/yann/spx-app/scripts/audit-pages-full.ts:153:17)
image_findings merge failed for HBAN: Error: supabaseUrl is required.
    at validateSupabaseUrl (/Users/yann/spx-app/node_modules/@supabase/supabase-js/src/lib/helpers.ts:86:11)
    at new SupabaseClient (/Users/yann/spx-app/node_modules/@supabase/supabase-js/src/SupabaseClient.ts:284:21)
    at createClient (/Users/yann/spx-app/node_modules/@supabase/supabase-js/src/index.ts:65:10)
    at admin (/Users/yann/spx-app/src/lib/desk/image-findings.ts:118:10)
    at listApprovedForTicker (/Users/yann/spx-app/src/lib/desk/image-findings.ts:222:16)
    at loadV17CompanyBrut (/Users/yann/spx-app/src/lib/company-core/load-company.ts:1906:30)
    at async loadV17Company (/Users/yann/spx-app/src/lib/company-core/load-company.ts:493:14)
    at async auditTicker (/Users/yann/spx-app/scripts/audit-pages-full.ts:51:19)
    at async main (/Users/yann/spx-app/scripts/audit-pages-full.ts:153:17)
[hero-kpi-overrides] refetch failed, using stale cache Error: SUPABASE_SERVICE_ROLE_KEY manquante — vérifier .env.local
    at createSupabaseAdminClient (/Users/yann/spx-app/src/lib/supabase/admin.ts:16:11)
    at fetchAll (/Users/yann/spx-app/src/lib/company-core/hero-kpi-overrides.ts:31:20)
    at getHeroKpiOverride (/Users/yann/spx-app/src/lib/company-core/hero-kpi-overrides.ts:58:21)
    at loadV17CompanyBrut (/Users/yann/spx-app/src/lib/company-core/load-company.ts:3083:28)
    at async loadV17Company (/Users/yann/spx-app/src/lib/company-core/load-company.ts:493:14)
    at async auditTicker (/Users/yann/spx-app/scripts/audit-pages-full.ts:51:19)
    at async main (/Users/yann/spx-app/scripts/audit-pages-full.ts:153:17)
special_kpis merge failed for HPE: Error: supabaseUrl is required.
    at validateSupabaseUrl (/Users/yann/spx-app/node_modules/@supabase/supabase-js/src/lib/helpers.ts:86:11)
    at new SupabaseClient (/Users/yann/spx-app/node_modules/@supabase/supabase-js/src/SupabaseClient.ts:284:21)
    at createClient (/Users/yann/spx-app/node_modules/@supabase/supabase-js/src/index.ts:65:10)
    at admin (/Users/yann/spx-app/src/lib/desk/special-kpis.ts:152:10)
    at listPublishedForTicker (/Users/yann/spx-app/src/lib/desk/special-kpis.ts:175:16)
    at loadV17CompanyBrut (/Users/yann/spx-app/src/lib/company-core/load-company.ts:1779:30)
    at async loadV17Company (/Users/yann/spx-app/src/lib/company-core/load-company.ts:493:14)
    at async auditTicker (/Users/yann/spx-app/scripts/audit-pages-full.ts:51:19)
    at async main (/Users/yann/spx-app/scripts/audit-pages-full.ts:153:17)
kpi_requests merge failed for HPE: Error: supabaseUrl is required.
    at validateSupabaseUrl (/Users/yann/spx-app/node_modules/@supabase/supabase-js/src/lib/helpers.ts:86:11)
    at new SupabaseClient (/Users/yann/spx-app/node_modules/@supabase/supabase-js/src/SupabaseClient.ts:284:21)
    at createClient (/Users/yann/spx-app/node_modules/@supabase/supabase-js/src/index.ts:65:10)
    at loadV17CompanyBrut (/Users/yann/spx-app/src/lib/company-core/load-company.ts:1843:18)
    at async loadV17Company (/Users/yann/spx-app/src/lib/company-core/load-company.ts:493:14)
    at async auditTicker (/Users/yann/spx-app/scripts/audit-pages-full.ts:51:19)
    at async main (/Users/yann/spx-app/scripts/audit-pages-full.ts:153:17)
image_findings merge failed for HPE: Error: supabaseUrl is required.
    at validateSupabaseUrl (/Users/yann/spx-app/node_modules/@supabase/supabase-js/src/lib/helpers.ts:86:11)
    at new SupabaseClient (/Users/yann/spx-app/node_modules/@supabase/supabase-js/src/SupabaseClient.ts:284:21)
    at createClient (/Users/yann/spx-app/node_modules/@supabase/supabase-js/src/index.ts:65:10)
    at admin (/Users/yann/spx-app/src/lib/desk/image-findings.ts:118:10)
    at listApprovedForTicker (/Users/yann/spx-app/src/lib/desk/image-findings.ts:222:16)
    at loadV17CompanyBrut (/Users/yann/spx-app/src/lib/company-core/load-company.ts:1906:30)
    at async loadV17Company (/Users/yann/spx-app/src/lib/company-core/load-company.ts:493:14)
    at async auditTicker (/Users/yann/spx-app/scripts/audit-pages-full.ts:51:19)
    at async main (/Users/yann/spx-app/scripts/audit-pages-full.ts:153:17)
[hero-kpi-overrides] refetch failed, using stale cache Error: SUPABASE_SERVICE_ROLE_KEY manquante — vérifier .env.local
    at createSupabaseAdminClient (/Users/yann/spx-app/src/lib/supabase/admin.ts:16:11)
    at fetchAll (/Users/yann/spx-app/src/lib/company-core/hero-kpi-overrides.ts:31:20)
    at getHeroKpiOverride (/Users/yann/spx-app/src/lib/company-core/hero-kpi-overrides.ts:58:21)
    at loadV17CompanyBrut (/Users/yann/spx-app/src/lib/company-core/load-company.ts:3083:28)
    at async loadV17Company (/Users/yann/spx-app/src/lib/company-core/load-company.ts:493:14)
    at async auditTicker (/Users/yann/spx-app/scripts/audit-pages-full.ts:51:19)
    at async main (/Users/yann/spx-app/scripts/audit-pages-full.ts:153:17)
special_kpis merge failed for HSY: Error: supabaseUrl is required.
    at validateSupabaseUrl (/Users/yann/spx-app/node_modules/@supabase/supabase-js/src/lib/helpers.ts:86:11)
    at new SupabaseClient (/Users/yann/spx-app/node_modules/@supabase/supabase-js/src/SupabaseClient.ts:284:21)
    at createClient (/Users/yann/spx-app/node_modules/@supabase/supabase-js/src/index.ts:65:10)
    at admin (/Users/yann/spx-app/src/lib/desk/special-kpis.ts:152:10)
    at listPublishedForTicker (/Users/yann/spx-app/src/lib/desk/special-kpis.ts:175:16)
    at loadV17CompanyBrut (/Users/yann/spx-app/src/lib/company-core/load-company.ts:1779:30)
    at async loadV17Company (/Users/yann/spx-app/src/lib/company-core/load-company.ts:493:14)
    at async auditTicker (/Users/yann/spx-app/scripts/audit-pages-full.ts:51:19)
    at async main (/Users/yann/spx-app/scripts/audit-pages-full.ts:153:17)
kpi_requests merge failed for HSY: Error: supabaseUrl is required.
    at validateSupabaseUrl (/Users/yann/spx-app/node_modules/@supabase/supabase-js/src/lib/helpers.ts:86:11)
    at new SupabaseClient (/Users/yann/spx-app/node_modules/@supabase/supabase-js/src/SupabaseClient.ts:284:21)
    at createClient (/Users/yann/spx-app/node_modules/@supabase/supabase-js/src/index.ts:65:10)
    at loadV17CompanyBrut (/Users/yann/spx-app/src/lib/company-core/load-company.ts:1843:18)
    at async loadV17Company (/Users/yann/spx-app/src/lib/company-core/load-company.ts:493:14)
    at async auditTicker (/Users/yann/spx-app/scripts/audit-pages-full.ts:51:19)
    at async main (/Users/yann/spx-app/scripts/audit-pages-full.ts:153:17)
image_findings merge failed for HSY: Error: supabaseUrl is required.
    at validateSupabaseUrl (/Users/yann/spx-app/node_modules/@supabase/supabase-js/src/lib/helpers.ts:86:11)
    at new SupabaseClient (/Users/yann/spx-app/node_modules/@supabase/supabase-js/src/SupabaseClient.ts:284:21)
    at createClient (/Users/yann/spx-app/node_modules/@supabase/supabase-js/src/index.ts:65:10)
    at admin (/Users/yann/spx-app/src/lib/desk/image-findings.ts:118:10)
    at listApprovedForTicker (/Users/yann/spx-app/src/lib/desk/image-findings.ts:222:16)
    at loadV17CompanyBrut (/Users/yann/spx-app/src/lib/company-core/load-company.ts:1906:30)
    at async loadV17Company (/Users/yann/spx-app/src/lib/company-core/load-company.ts:493:14)
    at async auditTicker (/Users/yann/spx-app/scripts/audit-pages-full.ts:51:19)
    at async main (/Users/yann/spx-app/scripts/audit-pages-full.ts:153:17)
[hero-kpi-overrides] refetch failed, using stale cache Error: SUPABASE_SERVICE_ROLE_KEY manquante — vérifier .env.local
    at createSupabaseAdminClient (/Users/yann/spx-app/src/lib/supabase/admin.ts:16:11)
    at fetchAll (/Users/yann/spx-app/src/lib/company-core/hero-kpi-overrides.ts:31:20)
    at getHeroKpiOverride (/Users/yann/spx-app/src/lib/company-core/hero-kpi-overrides.ts:58:21)
    at loadV17CompanyBrut (/Users/yann/spx-app/src/lib/company-core/load-company.ts:3083:28)
    at async loadV17Company (/Users/yann/spx-app/src/lib/company-core/load-company.ts:493:14)
    at async auditTicker (/Users/yann/spx-app/scripts/audit-pages-full.ts:51:19)
    at async main (/Users/yann/spx-app/scripts/audit-pages-full.ts:153:17)
special_kpis merge failed for HUM: Error: supabaseUrl is required.
    at validateSupabaseUrl (/Users/yann/spx-app/node_modules/@supabase/supabase-js/src/lib/helpers.ts:86:11)
    at new SupabaseClient (/Users/yann/spx-app/node_modules/@supabase/supabase-js/src/SupabaseClient.ts:284:21)
    at createClient (/Users/yann/spx-app/node_modules/@supabase/supabase-js/src/index.ts:65:10)
    at admin (/Users/yann/spx-app/src/lib/desk/special-kpis.ts:152:10)
    at listPublishedForTicker (/Users/yann/spx-app/src/lib/desk/special-kpis.ts:175:16)
    at loadV17CompanyBrut (/Users/yann/spx-app/src/lib/company-core/load-company.ts:1779:30)
    at async loadV17Company (/Users/yann/spx-app/src/lib/company-core/load-company.ts:493:14)
    at async auditTicker (/Users/yann/spx-app/scripts/audit-pages-full.ts:51:19)
    at async main (/Users/yann/spx-app/scripts/audit-pages-full.ts:153:17)
kpi_requests merge failed for HUM: Error: supabaseUrl is required.
    at validateSupabaseUrl (/Users/yann/spx-app/node_modules/@supabase/supabase-js/src/lib/helpers.ts:86:11)
    at new SupabaseClient (/Users/yann/spx-app/node_modules/@supabase/supabase-js/src/SupabaseClient.ts:284:21)
    at createClient (/Users/yann/spx-app/node_modules/@supabase/supabase-js/src/index.ts:65:10)
    at loadV17CompanyBrut (/Users/yann/spx-app/src/lib/company-core/load-company.ts:1843:18)
    at async loadV17Company (/Users/yann/spx-app/src/lib/company-core/load-company.ts:493:14)
    at async auditTicker (/Users/yann/spx-app/scripts/audit-pages-full.ts:51:19)
    at async main (/Users/yann/spx-app/scripts/audit-pages-full.ts:153:17)
image_findings merge failed for HUM: Error: supabaseUrl is required.
    at validateSupabaseUrl (/Users/yann/spx-app/node_modules/@supabase/supabase-js/src/lib/helpers.ts:86:11)
    at new SupabaseClient (/Users/yann/spx-app/node_modules/@supabase/supabase-js/src/SupabaseClient.ts:284:21)
    at createClient (/Users/yann/spx-app/node_modules/@supabase/supabase-js/src/index.ts:65:10)
    at admin (/Users/yann/spx-app/src/lib/desk/image-findings.ts:118:10)
    at listApprovedForTicker (/Users/yann/spx-app/src/lib/desk/image-findings.ts:222:16)
    at loadV17CompanyBrut (/Users/yann/spx-app/src/lib/company-core/load-company.ts:1906:30)
    at async loadV17Company (/Users/yann/spx-app/src/lib/company-core/load-company.ts:493:14)
    at async auditTicker (/Users/yann/spx-app/scripts/audit-pages-full.ts:51:19)
    at async main (/Users/yann/spx-app/scripts/audit-pages-full.ts:153:17)
[hero-kpi-overrides] refetch failed, using stale cache Error: SUPABASE_SERVICE_ROLE_KEY manquante — vérifier .env.local
    at createSupabaseAdminClient (/Users/yann/spx-app/src/lib/supabase/admin.ts:16:11)
    at fetchAll (/Users/yann/spx-app/src/lib/company-core/hero-kpi-overrides.ts:31:20)
    at getHeroKpiOverride (/Users/yann/spx-app/src/lib/company-core/hero-kpi-overrides.ts:58:21)
    at loadV17CompanyBrut (/Users/yann/spx-app/src/lib/company-core/load-company.ts:3083:28)
    at async loadV17Company (/Users/yann/spx-app/src/lib/company-core/load-company.ts:493:14)
    at async auditTicker (/Users/yann/spx-app/scripts/audit-pages-full.ts:51:19)
    at async main (/Users/yann/spx-app/scripts/audit-pages-full.ts:153:17)
special_kpis merge failed for IEX: Error: supabaseUrl is required.
    at validateSupabaseUrl (/Users/yann/spx-app/node_modules/@supabase/supabase-js/src/lib/helpers.ts:86:11)
    at new SupabaseClient (/Users/yann/spx-app/node_modules/@supabase/supabase-js/src/SupabaseClient.ts:284:21)
    at createClient (/Users/yann/spx-app/node_modules/@supabase/supabase-js/src/index.ts:65:10)
    at admin (/Users/yann/spx-app/src/lib/desk/special-kpis.ts:152:10)
    at listPublishedForTicker (/Users/yann/spx-app/src/lib/desk/special-kpis.ts:175:16)
    at loadV17CompanyBrut (/Users/yann/spx-app/src/lib/company-core/load-company.ts:1779:30)
    at async loadV17Company (/Users/yann/spx-app/src/lib/company-core/load-company.ts:493:14)
    at async auditTicker (/Users/yann/spx-app/scripts/audit-pages-full.ts:51:19)
    at async main (/Users/yann/spx-app/scripts/audit-pages-full.ts:153:17)
kpi_requests merge failed for IEX: Error: supabaseUrl is required.
    at validateSupabaseUrl (/Users/yann/spx-app/node_modules/@supabase/supabase-js/src/lib/helpers.ts:86:11)
    at new SupabaseClient (/Users/yann/spx-app/node_modules/@supabase/supabase-js/src/SupabaseClient.ts:284:21)
    at createClient (/Users/yann/spx-app/node_modules/@supabase/supabase-js/src/index.ts:65:10)
    at loadV17CompanyBrut (/Users/yann/spx-app/src/lib/company-core/load-company.ts:1843:18)
    at async loadV17Company (/Users/yann/spx-app/src/lib/company-core/load-company.ts:493:14)
    at async auditTicker (/Users/yann/spx-app/scripts/audit-pages-full.ts:51:19)
    at async main (/Users/yann/spx-app/scripts/audit-pages-full.ts:153:17)
image_findings merge failed for IEX: Error: supabaseUrl is required.
    at validateSupabaseUrl (/Users/yann/spx-app/node_modules/@supabase/supabase-js/src/lib/helpers.ts:86:11)
    at new SupabaseClient (/Users/yann/spx-app/node_modules/@supabase/supabase-js/src/SupabaseClient.ts:284:21)
    at createClient (/Users/yann/spx-app/node_modules/@supabase/supabase-js/src/index.ts:65:10)
    at admin (/Users/yann/spx-app/src/lib/desk/image-findings.ts:118:10)
    at listApprovedForTicker (/Users/yann/spx-app/src/lib/desk/image-findings.ts:222:16)
    at loadV17CompanyBrut (/Users/yann/spx-app/src/lib/company-core/load-company.ts:1906:30)
    at async loadV17Company (/Users/yann/spx-app/src/lib/company-core/load-company.ts:493:14)
    at async auditTicker (/Users/yann/spx-app/scripts/audit-pages-full.ts:51:19)
    at async main (/Users/yann/spx-app/scripts/audit-pages-full.ts:153:17)
[hero-kpi-overrides] refetch failed, using stale cache Error: SUPABASE_SERVICE_ROLE_KEY manquante — vérifier .env.local
    at createSupabaseAdminClient (/Users/yann/spx-app/src/lib/supabase/admin.ts:16:11)
    at fetchAll (/Users/yann/spx-app/src/lib/company-core/hero-kpi-overrides.ts:31:20)
    at getHeroKpiOverride (/Users/yann/spx-app/src/lib/company-core/hero-kpi-overrides.ts:58:21)
    at loadV17CompanyBrut (/Users/yann/spx-app/src/lib/company-core/load-company.ts:3083:28)
    at async loadV17Company (/Users/yann/spx-app/src/lib/company-core/load-company.ts:493:14)
    at async auditTicker (/Users/yann/spx-app/scripts/audit-pages-full.ts:51:19)
    at async main (/Users/yann/spx-app/scripts/audit-pages-full.ts:153:17)
special_kpis merge failed for INTU: Error: supabaseUrl is required.
    at validateSupabaseUrl (/Users/yann/spx-app/node_modules/@supabase/supabase-js/src/lib/helpers.ts:86:11)
    at new SupabaseClient (/Users/yann/spx-app/node_modules/@supabase/supabase-js/src/SupabaseClient.ts:284:21)
    at createClient (/Users/yann/spx-app/node_modules/@supabase/supabase-js/src/index.ts:65:10)
    at admin (/Users/yann/spx-app/src/lib/desk/special-kpis.ts:152:10)
    at listPublishedForTicker (/Users/yann/spx-app/src/lib/desk/special-kpis.ts:175:16)
    at loadV17CompanyBrut (/Users/yann/spx-app/src/lib/company-core/load-company.ts:1779:30)
    at async loadV17Company (/Users/yann/spx-app/src/lib/company-core/load-company.ts:493:14)
    at async auditTicker (/Users/yann/spx-app/scripts/audit-pages-full.ts:51:19)
    at async main (/Users/yann/spx-app/scripts/audit-pages-full.ts:153:17)
kpi_requests merge failed for INTU: Error: supabaseUrl is required.
    at validateSupabaseUrl (/Users/yann/spx-app/node_modules/@supabase/supabase-js/src/lib/helpers.ts:86:11)
    at new SupabaseClient (/Users/yann/spx-app/node_modules/@supabase/supabase-js/src/SupabaseClient.ts:284:21)
    at createClient (/Users/yann/spx-app/node_modules/@supabase/supabase-js/src/index.ts:65:10)
    at loadV17CompanyBrut (/Users/yann/spx-app/src/lib/company-core/load-company.ts:1843:18)
    at async loadV17Company (/Users/yann/spx-app/src/lib/company-core/load-company.ts:493:14)
    at async auditTicker (/Users/yann/spx-app/scripts/audit-pages-full.ts:51:19)
    at async main (/Users/yann/spx-app/scripts/audit-pages-full.ts:153:17)
image_findings merge failed for INTU: Error: supabaseUrl is required.
    at validateSupabaseUrl (/Users/yann/spx-app/node_modules/@supabase/supabase-js/src/lib/helpers.ts:86:11)
    at new SupabaseClient (/Users/yann/spx-app/node_modules/@supabase/supabase-js/src/SupabaseClient.ts:284:21)
    at createClient (/Users/yann/spx-app/node_modules/@supabase/supabase-js/src/index.ts:65:10)
    at admin (/Users/yann/spx-app/src/lib/desk/image-findings.ts:118:10)
    at listApprovedForTicker (/Users/yann/spx-app/src/lib/desk/image-findings.ts:222:16)
    at loadV17CompanyBrut (/Users/yann/spx-app/src/lib/company-core/load-company.ts:1906:30)
    at async loadV17Company (/Users/yann/spx-app/src/lib/company-core/load-company.ts:493:14)
    at async auditTicker (/Users/yann/spx-app/scripts/audit-pages-full.ts:51:19)
    at async main (/Users/yann/spx-app/scripts/audit-pages-full.ts:153:17)
[hero-kpi-overrides] refetch failed, using stale cache Error: SUPABASE_SERVICE_ROLE_KEY manquante — vérifier .env.local
    at createSupabaseAdminClient (/Users/yann/spx-app/src/lib/supabase/admin.ts:16:11)
    at fetchAll (/Users/yann/spx-app/src/lib/company-core/hero-kpi-overrides.ts:31:20)
    at getHeroKpiOverride (/Users/yann/spx-app/src/lib/company-core/hero-kpi-overrides.ts:58:21)
    at loadV17CompanyBrut (/Users/yann/spx-app/src/lib/company-core/load-company.ts:3083:28)
    at async loadV17Company (/Users/yann/spx-app/src/lib/company-core/load-company.ts:493:14)
    at async auditTicker (/Users/yann/spx-app/scripts/audit-pages-full.ts:51:19)
    at async main (/Users/yann/spx-app/scripts/audit-pages-full.ts:153:17)
special_kpis merge failed for INVH: Error: supabaseUrl is required.
    at validateSupabaseUrl (/Users/yann/spx-app/node_modules/@supabase/supabase-js/src/lib/helpers.ts:86:11)
    at new SupabaseClient (/Users/yann/spx-app/node_modules/@supabase/supabase-js/src/SupabaseClient.ts:284:21)
    at createClient (/Users/yann/spx-app/node_modules/@supabase/supabase-js/src/index.ts:65:10)
    at admin (/Users/yann/spx-app/src/lib/desk/special-kpis.ts:152:10)
    at listPublishedForTicker (/Users/yann/spx-app/src/lib/desk/special-kpis.ts:175:16)
    at loadV17CompanyBrut (/Users/yann/spx-app/src/lib/company-core/load-company.ts:1779:30)
    at async loadV17Company (/Users/yann/spx-app/src/lib/company-core/load-company.ts:493:14)
    at async auditTicker (/Users/yann/spx-app/scripts/audit-pages-full.ts:51:19)
    at async main (/Users/yann/spx-app/scripts/audit-pages-full.ts:153:17)
kpi_requests merge failed for INVH: Error: supabaseUrl is required.
    at validateSupabaseUrl (/Users/yann/spx-app/node_modules/@supabase/supabase-js/src/lib/helpers.ts:86:11)
    at new SupabaseClient (/Users/yann/spx-app/node_modules/@supabase/supabase-js/src/SupabaseClient.ts:284:21)
    at createClient (/Users/yann/spx-app/node_modules/@supabase/supabase-js/src/index.ts:65:10)
    at loadV17CompanyBrut (/Users/yann/spx-app/src/lib/company-core/load-company.ts:1843:18)
    at async loadV17Company (/Users/yann/spx-app/src/lib/company-core/load-company.ts:493:14)
    at async auditTicker (/Users/yann/spx-app/scripts/audit-pages-full.ts:51:19)
    at async main (/Users/yann/spx-app/scripts/audit-pages-full.ts:153:17)
image_findings merge failed for INVH: Error: supabaseUrl is required.
    at validateSupabaseUrl (/Users/yann/spx-app/node_modules/@supabase/supabase-js/src/lib/helpers.ts:86:11)
    at new SupabaseClient (/Users/yann/spx-app/node_modules/@supabase/supabase-js/src/SupabaseClient.ts:284:21)
    at createClient (/Users/yann/spx-app/node_modules/@supabase/supabase-js/src/index.ts:65:10)
    at admin (/Users/yann/spx-app/src/lib/desk/image-findings.ts:118:10)
    at listApprovedForTicker (/Users/yann/spx-app/src/lib/desk/image-findings.ts:222:16)
    at loadV17CompanyBrut (/Users/yann/spx-app/src/lib/company-core/load-company.ts:1906:30)
    at async loadV17Company (/Users/yann/spx-app/src/lib/company-core/load-company.ts:493:14)
    at async auditTicker (/Users/yann/spx-app/scripts/audit-pages-full.ts:51:19)
    at async main (/Users/yann/spx-app/scripts/audit-pages-full.ts:153:17)
[hero-kpi-overrides] refetch failed, using stale cache Error: SUPABASE_SERVICE_ROLE_KEY manquante — vérifier .env.local
    at createSupabaseAdminClient (/Users/yann/spx-app/src/lib/supabase/admin.ts:16:11)
    at fetchAll (/Users/yann/spx-app/src/lib/company-core/hero-kpi-overrides.ts:31:20)
    at getHeroKpiOverride (/Users/yann/spx-app/src/lib/company-core/hero-kpi-overrides.ts:58:21)
    at loadV17CompanyBrut (/Users/yann/spx-app/src/lib/company-core/load-company.ts:3083:28)
    at async loadV17Company (/Users/yann/spx-app/src/lib/company-core/load-company.ts:493:14)
    at async auditTicker (/Users/yann/spx-app/scripts/audit-pages-full.ts:51:19)
    at async main (/Users/yann/spx-app/scripts/audit-pages-full.ts:153:17)
special_kpis merge failed for IQV: Error: supabaseUrl is required.
    at validateSupabaseUrl (/Users/yann/spx-app/node_modules/@supabase/supabase-js/src/lib/helpers.ts:86:11)
    at new SupabaseClient (/Users/yann/spx-app/node_modules/@supabase/supabase-js/src/SupabaseClient.ts:284:21)
    at createClient (/Users/yann/spx-app/node_modules/@supabase/supabase-js/src/index.ts:65:10)
    at admin (/Users/yann/spx-app/src/lib/desk/special-kpis.ts:152:10)
    at listPublishedForTicker (/Users/yann/spx-app/src/lib/desk/special-kpis.ts:175:16)
    at loadV17CompanyBrut (/Users/yann/spx-app/src/lib/company-core/load-company.ts:1779:30)
    at async loadV17Company (/Users/yann/spx-app/src/lib/company-core/load-company.ts:493:14)
    at async auditTicker (/Users/yann/spx-app/scripts/audit-pages-full.ts:51:19)
    at async main (/Users/yann/spx-app/scripts/audit-pages-full.ts:153:17)
kpi_requests merge failed for IQV: Error: supabaseUrl is required.
    at validateSupabaseUrl (/Users/yann/spx-app/node_modules/@supabase/supabase-js/src/lib/helpers.ts:86:11)
    at new SupabaseClient (/Users/yann/spx-app/node_modules/@supabase/supabase-js/src/SupabaseClient.ts:284:21)
    at createClient (/Users/yann/spx-app/node_modules/@supabase/supabase-js/src/index.ts:65:10)
    at loadV17CompanyBrut (/Users/yann/spx-app/src/lib/company-core/load-company.ts:1843:18)
    at async loadV17Company (/Users/yann/spx-app/src/lib/company-core/load-company.ts:493:14)
    at async auditTicker (/Users/yann/spx-app/scripts/audit-pages-full.ts:51:19)
    at async main (/Users/yann/spx-app/scripts/audit-pages-full.ts:153:17)
image_findings merge failed for IQV: Error: supabaseUrl is required.
    at validateSupabaseUrl (/Users/yann/spx-app/node_modules/@supabase/supabase-js/src/lib/helpers.ts:86:11)
    at new SupabaseClient (/Users/yann/spx-app/node_modules/@supabase/supabase-js/src/SupabaseClient.ts:284:21)
    at createClient (/Users/yann/spx-app/node_modules/@supabase/supabase-js/src/index.ts:65:10)
    at admin (/Users/yann/spx-app/src/lib/desk/image-findings.ts:118:10)
    at listApprovedForTicker (/Users/yann/spx-app/src/lib/desk/image-findings.ts:222:16)
    at loadV17CompanyBrut (/Users/yann/spx-app/src/lib/company-core/load-company.ts:1906:30)
    at async loadV17Company (/Users/yann/spx-app/src/lib/company-core/load-company.ts:493:14)
    at async auditTicker (/Users/yann/spx-app/scripts/audit-pages-full.ts:51:19)
    at async main (/Users/yann/spx-app/scripts/audit-pages-full.ts:153:17)
[hero-kpi-overrides] refetch failed, using stale cache Error: SUPABASE_SERVICE_ROLE_KEY manquante — vérifier .env.local
    at createSupabaseAdminClient (/Users/yann/spx-app/src/lib/supabase/admin.ts:16:11)
    at fetchAll (/Users/yann/spx-app/src/lib/company-core/hero-kpi-overrides.ts:31:20)
    at getHeroKpiOverride (/Users/yann/spx-app/src/lib/company-core/hero-kpi-overrides.ts:58:21)
    at loadV17CompanyBrut (/Users/yann/spx-app/src/lib/company-core/load-company.ts:3083:28)
    at async loadV17Company (/Users/yann/spx-app/src/lib/company-core/load-company.ts:493:14)
    at async auditTicker (/Users/yann/spx-app/scripts/audit-pages-full.ts:51:19)
    at async main (/Users/yann/spx-app/scripts/audit-pages-full.ts:153:17)
special_kpis merge failed for IVZ: Error: supabaseUrl is required.
    at validateSupabaseUrl (/Users/yann/spx-app/node_modules/@supabase/supabase-js/src/lib/helpers.ts:86:11)
    at new SupabaseClient (/Users/yann/spx-app/node_modules/@supabase/supabase-js/src/SupabaseClient.ts:284:21)
    at createClient (/Users/yann/spx-app/node_modules/@supabase/supabase-js/src/index.ts:65:10)
    at admin (/Users/yann/spx-app/src/lib/desk/special-kpis.ts:152:10)
    at listPublishedForTicker (/Users/yann/spx-app/src/lib/desk/special-kpis.ts:175:16)
    at loadV17CompanyBrut (/Users/yann/spx-app/src/lib/company-core/load-company.ts:1779:30)
    at async loadV17Company (/Users/yann/spx-app/src/lib/company-core/load-company.ts:493:14)
    at async auditTicker (/Users/yann/spx-app/scripts/audit-pages-full.ts:51:19)
    at async main (/Users/yann/spx-app/scripts/audit-pages-full.ts:153:17)
kpi_requests merge failed for IVZ: Error: supabaseUrl is required.
    at validateSupabaseUrl (/Users/yann/spx-app/node_modules/@supabase/supabase-js/src/lib/helpers.ts:86:11)
    at new SupabaseClient (/Users/yann/spx-app/node_modules/@supabase/supabase-js/src/SupabaseClient.ts:284:21)
    at createClient (/Users/yann/spx-app/node_modules/@supabase/supabase-js/src/index.ts:65:10)
    at loadV17CompanyBrut (/Users/yann/spx-app/src/lib/company-core/load-company.ts:1843:18)
    at async loadV17Company (/Users/yann/spx-app/src/lib/company-core/load-company.ts:493:14)
    at async auditTicker (/Users/yann/spx-app/scripts/audit-pages-full.ts:51:19)
    at async main (/Users/yann/spx-app/scripts/audit-pages-full.ts:153:17)
image_findings merge failed for IVZ: Error: supabaseUrl is required.
    at validateSupabaseUrl (/Users/yann/spx-app/node_modules/@supabase/supabase-js/src/lib/helpers.ts:86:11)
    at new SupabaseClient (/Users/yann/spx-app/node_modules/@supabase/supabase-js/src/SupabaseClient.ts:284:21)
    at createClient (/Users/yann/spx-app/node_modules/@supabase/supabase-js/src/index.ts:65:10)
    at admin (/Users/yann/spx-app/src/lib/desk/image-findings.ts:118:10)
    at listApprovedForTicker (/Users/yann/spx-app/src/lib/desk/image-findings.ts:222:16)
    at loadV17CompanyBrut (/Users/yann/spx-app/src/lib/company-core/load-company.ts:1906:30)
    at async loadV17Company (/Users/yann/spx-app/src/lib/company-core/load-company.ts:493:14)
    at async auditTicker (/Users/yann/spx-app/scripts/audit-pages-full.ts:51:19)
    at async main (/Users/yann/spx-app/scripts/audit-pages-full.ts:153:17)
[hero-kpi-overrides] refetch failed, using stale cache Error: SUPABASE_SERVICE_ROLE_KEY manquante — vérifier .env.local
    at createSupabaseAdminClient (/Users/yann/spx-app/src/lib/supabase/admin.ts:16:11)
    at fetchAll (/Users/yann/spx-app/src/lib/company-core/hero-kpi-overrides.ts:31:20)
    at getHeroKpiOverride (/Users/yann/spx-app/src/lib/company-core/hero-kpi-overrides.ts:58:21)
    at loadV17CompanyBrut (/Users/yann/spx-app/src/lib/company-core/load-company.ts:3083:28)
    at async loadV17Company (/Users/yann/spx-app/src/lib/company-core/load-company.ts:493:14)
    at async auditTicker (/Users/yann/spx-app/scripts/audit-pages-full.ts:51:19)
    at async main (/Users/yann/spx-app/scripts/audit-pages-full.ts:153:17)
special_kpis merge failed for KDP: Error: supabaseUrl is required.
    at validateSupabaseUrl (/Users/yann/spx-app/node_modules/@supabase/supabase-js/src/lib/helpers.ts:86:11)
    at new SupabaseClient (/Users/yann/spx-app/node_modules/@supabase/supabase-js/src/SupabaseClient.ts:284:21)
    at createClient (/Users/yann/spx-app/node_modules/@supabase/supabase-js/src/index.ts:65:10)
    at admin (/Users/yann/spx-app/src/lib/desk/special-kpis.ts:152:10)
    at listPublishedForTicker (/Users/yann/spx-app/src/lib/desk/special-kpis.ts:175:16)
    at loadV17CompanyBrut (/Users/yann/spx-app/src/lib/company-core/load-company.ts:1779:30)
    at async loadV17Company (/Users/yann/spx-app/src/lib/company-core/load-company.ts:493:14)
    at async auditTicker (/Users/yann/spx-app/scripts/audit-pages-full.ts:51:19)
    at async main (/Users/yann/spx-app/scripts/audit-pages-full.ts:153:17)
kpi_requests merge failed for KDP: Error: supabaseUrl is required.
    at validateSupabaseUrl (/Users/yann/spx-app/node_modules/@supabase/supabase-js/src/lib/helpers.ts:86:11)
    at new SupabaseClient (/Users/yann/spx-app/node_modules/@supabase/supabase-js/src/SupabaseClient.ts:284:21)
    at createClient (/Users/yann/spx-app/node_modules/@supabase/supabase-js/src/index.ts:65:10)
    at loadV17CompanyBrut (/Users/yann/spx-app/src/lib/company-core/load-company.ts:1843:18)
    at async loadV17Company (/Users/yann/spx-app/src/lib/company-core/load-company.ts:493:14)
    at async auditTicker (/Users/yann/spx-app/scripts/audit-pages-full.ts:51:19)
    at async main (/Users/yann/spx-app/scripts/audit-pages-full.ts:153:17)
image_findings merge failed for KDP: Error: supabaseUrl is required.
    at validateSupabaseUrl (/Users/yann/spx-app/node_modules/@supabase/supabase-js/src/lib/helpers.ts:86:11)
    at new SupabaseClient (/Users/yann/spx-app/node_modules/@supabase/supabase-js/src/SupabaseClient.ts:284:21)
    at createClient (/Users/yann/spx-app/node_modules/@supabase/supabase-js/src/index.ts:65:10)
    at admin (/Users/yann/spx-app/src/lib/desk/image-findings.ts:118:10)
    at listApprovedForTicker (/Users/yann/spx-app/src/lib/desk/image-findings.ts:222:16)
    at loadV17CompanyBrut (/Users/yann/spx-app/src/lib/company-core/load-company.ts:1906:30)
    at async loadV17Company (/Users/yann/spx-app/src/lib/company-core/load-company.ts:493:14)
    at async auditTicker (/Users/yann/spx-app/scripts/audit-pages-full.ts:51:19)
    at async main (/Users/yann/spx-app/scripts/audit-pages-full.ts:153:17)
[hero-kpi-overrides] refetch failed, using stale cache Error: SUPABASE_SERVICE_ROLE_KEY manquante — vérifier .env.local
    at createSupabaseAdminClient (/Users/yann/spx-app/src/lib/supabase/admin.ts:16:11)
    at fetchAll (/Users/yann/spx-app/src/lib/company-core/hero-kpi-overrides.ts:31:20)
    at getHeroKpiOverride (/Users/yann/spx-app/src/lib/company-core/hero-kpi-overrides.ts:58:21)
    at loadV17CompanyBrut (/Users/yann/spx-app/src/lib/company-core/load-company.ts:3083:28)
    at async loadV17Company (/Users/yann/spx-app/src/lib/company-core/load-company.ts:493:14)
    at async auditTicker (/Users/yann/spx-app/scripts/audit-pages-full.ts:51:19)
    at async main (/Users/yann/spx-app/scripts/audit-pages-full.ts:153:17)
special_kpis merge failed for KEYS: Error: supabaseUrl is required.
    at validateSupabaseUrl (/Users/yann/spx-app/node_modules/@supabase/supabase-js/src/lib/helpers.ts:86:11)
    at new SupabaseClient (/Users/yann/spx-app/node_modules/@supabase/supabase-js/src/SupabaseClient.ts:284:21)
    at createClient (/Users/yann/spx-app/node_modules/@supabase/supabase-js/src/index.ts:65:10)
    at admin (/Users/yann/spx-app/src/lib/desk/special-kpis.ts:152:10)
    at listPublishedForTicker (/Users/yann/spx-app/src/lib/desk/special-kpis.ts:175:16)
    at loadV17CompanyBrut (/Users/yann/spx-app/src/lib/company-core/load-company.ts:1779:30)
    at async loadV17Company (/Users/yann/spx-app/src/lib/company-core/load-company.ts:493:14)
    at async auditTicker (/Users/yann/spx-app/scripts/audit-pages-full.ts:51:19)
    at async main (/Users/yann/spx-app/scripts/audit-pages-full.ts:153:17)
kpi_requests merge failed for KEYS: Error: supabaseUrl is required.
    at validateSupabaseUrl (/Users/yann/spx-app/node_modules/@supabase/supabase-js/src/lib/helpers.ts:86:11)
    at new SupabaseClient (/Users/yann/spx-app/node_modules/@supabase/supabase-js/src/SupabaseClient.ts:284:21)
    at createClient (/Users/yann/spx-app/node_modules/@supabase/supabase-js/src/index.ts:65:10)
    at loadV17CompanyBrut (/Users/yann/spx-app/src/lib/company-core/load-company.ts:1843:18)
    at async loadV17Company (/Users/yann/spx-app/src/lib/company-core/load-company.ts:493:14)
    at async auditTicker (/Users/yann/spx-app/scripts/audit-pages-full.ts:51:19)
    at async main (/Users/yann/spx-app/scripts/audit-pages-full.ts:153:17)
image_findings merge failed for KEYS: Error: supabaseUrl is required.
    at validateSupabaseUrl (/Users/yann/spx-app/node_modules/@supabase/supabase-js/src/lib/helpers.ts:86:11)
    at new SupabaseClient (/Users/yann/spx-app/node_modules/@supabase/supabase-js/src/SupabaseClient.ts:284:21)
    at createClient (/Users/yann/spx-app/node_modules/@supabase/supabase-js/src/index.ts:65:10)
    at admin (/Users/yann/spx-app/src/lib/desk/image-findings.ts:118:10)
    at listApprovedForTicker (/Users/yann/spx-app/src/lib/desk/image-findings.ts:222:16)
    at loadV17CompanyBrut (/Users/yann/spx-app/src/lib/company-core/load-company.ts:1906:30)
    at async loadV17Company (/Users/yann/spx-app/src/lib/company-core/load-company.ts:493:14)
    at async auditTicker (/Users/yann/spx-app/scripts/audit-pages-full.ts:51:19)
    at async main (/Users/yann/spx-app/scripts/audit-pages-full.ts:153:17)
[hero-kpi-overrides] refetch failed, using stale cache Error: SUPABASE_SERVICE_ROLE_KEY manquante — vérifier .env.local
    at createSupabaseAdminClient (/Users/yann/spx-app/src/lib/supabase/admin.ts:16:11)
    at fetchAll (/Users/yann/spx-app/src/lib/company-core/hero-kpi-overrides.ts:31:20)
    at getHeroKpiOverride (/Users/yann/spx-app/src/lib/company-core/hero-kpi-overrides.ts:58:21)
    at loadV17CompanyBrut (/Users/yann/spx-app/src/lib/company-core/load-company.ts:3083:28)
    at async loadV17Company (/Users/yann/spx-app/src/lib/company-core/load-company.ts:493:14)
    at async auditTicker (/Users/yann/spx-app/scripts/audit-pages-full.ts:51:19)
    at async main (/Users/yann/spx-app/scripts/audit-pages-full.ts:153:17)
special_kpis merge failed for KMI: Error: supabaseUrl is required.
    at validateSupabaseUrl (/Users/yann/spx-app/node_modules/@supabase/supabase-js/src/lib/helpers.ts:86:11)
    at new SupabaseClient (/Users/yann/spx-app/node_modules/@supabase/supabase-js/src/SupabaseClient.ts:284:21)
    at createClient (/Users/yann/spx-app/node_modules/@supabase/supabase-js/src/index.ts:65:10)
    at admin (/Users/yann/spx-app/src/lib/desk/special-kpis.ts:152:10)
    at listPublishedForTicker (/Users/yann/spx-app/src/lib/desk/special-kpis.ts:175:16)
    at loadV17CompanyBrut (/Users/yann/spx-app/src/lib/company-core/load-company.ts:1779:30)
    at async loadV17Company (/Users/yann/spx-app/src/lib/company-core/load-company.ts:493:14)
    at async auditTicker (/Users/yann/spx-app/scripts/audit-pages-full.ts:51:19)
    at async main (/Users/yann/spx-app/scripts/audit-pages-full.ts:153:17)
kpi_requests merge failed for KMI: Error: supabaseUrl is required.
    at validateSupabaseUrl (/Users/yann/spx-app/node_modules/@supabase/supabase-js/src/lib/helpers.ts:86:11)
    at new SupabaseClient (/Users/yann/spx-app/node_modules/@supabase/supabase-js/src/SupabaseClient.ts:284:21)
    at createClient (/Users/yann/spx-app/node_modules/@supabase/supabase-js/src/index.ts:65:10)
    at loadV17CompanyBrut (/Users/yann/spx-app/src/lib/company-core/load-company.ts:1843:18)
    at async loadV17Company (/Users/yann/spx-app/src/lib/company-core/load-company.ts:493:14)
    at async auditTicker (/Users/yann/spx-app/scripts/audit-pages-full.ts:51:19)
    at async main (/Users/yann/spx-app/scripts/audit-pages-full.ts:153:17)
image_findings merge failed for KMI: Error: supabaseUrl is required.
    at validateSupabaseUrl (/Users/yann/spx-app/node_modules/@supabase/supabase-js/src/lib/helpers.ts:86:11)
    at new SupabaseClient (/Users/yann/spx-app/node_modules/@supabase/supabase-js/src/SupabaseClient.ts:284:21)
    at createClient (/Users/yann/spx-app/node_modules/@supabase/supabase-js/src/index.ts:65:10)
    at admin (/Users/yann/spx-app/src/lib/desk/image-findings.ts:118:10)
    at listApprovedForTicker (/Users/yann/spx-app/src/lib/desk/image-findings.ts:222:16)
    at loadV17CompanyBrut (/Users/yann/spx-app/src/lib/company-core/load-company.ts:1906:30)
    at async loadV17Company (/Users/yann/spx-app/src/lib/company-core/load-company.ts:493:14)
    at async auditTicker (/Users/yann/spx-app/scripts/audit-pages-full.ts:51:19)
    at async main (/Users/yann/spx-app/scripts/audit-pages-full.ts:153:17)
[hero-kpi-overrides] refetch failed, using stale cache Error: SUPABASE_SERVICE_ROLE_KEY manquante — vérifier .env.local
    at createSupabaseAdminClient (/Users/yann/spx-app/src/lib/supabase/admin.ts:16:11)
    at fetchAll (/Users/yann/spx-app/src/lib/company-core/hero-kpi-overrides.ts:31:20)
    at getHeroKpiOverride (/Users/yann/spx-app/src/lib/company-core/hero-kpi-overrides.ts:58:21)
    at loadV17CompanyBrut (/Users/yann/spx-app/src/lib/company-core/load-company.ts:3083:28)
    at async loadV17Company (/Users/yann/spx-app/src/lib/company-core/load-company.ts:493:14)
    at async auditTicker (/Users/yann/spx-app/scripts/audit-pages-full.ts:51:19)
    at async main (/Users/yann/spx-app/scripts/audit-pages-full.ts:153:17)
special_kpis merge failed for KR: Error: supabaseUrl is required.
    at validateSupabaseUrl (/Users/yann/spx-app/node_modules/@supabase/supabase-js/src/lib/helpers.ts:86:11)
    at new SupabaseClient (/Users/yann/spx-app/node_modules/@supabase/supabase-js/src/SupabaseClient.ts:284:21)
    at createClient (/Users/yann/spx-app/node_modules/@supabase/supabase-js/src/index.ts:65:10)
    at admin (/Users/yann/spx-app/src/lib/desk/special-kpis.ts:152:10)
    at listPublishedForTicker (/Users/yann/spx-app/src/lib/desk/special-kpis.ts:175:16)
    at loadV17CompanyBrut (/Users/yann/spx-app/src/lib/company-core/load-company.ts:1779:30)
    at async loadV17Company (/Users/yann/spx-app/src/lib/company-core/load-company.ts:493:14)
    at async auditTicker (/Users/yann/spx-app/scripts/audit-pages-full.ts:51:19)
    at async main (/Users/yann/spx-app/scripts/audit-pages-full.ts:153:17)
kpi_requests merge failed for KR: Error: supabaseUrl is required.
    at validateSupabaseUrl (/Users/yann/spx-app/node_modules/@supabase/supabase-js/src/lib/helpers.ts:86:11)
    at new SupabaseClient (/Users/yann/spx-app/node_modules/@supabase/supabase-js/src/SupabaseClient.ts:284:21)
    at createClient (/Users/yann/spx-app/node_modules/@supabase/supabase-js/src/index.ts:65:10)
    at loadV17CompanyBrut (/Users/yann/spx-app/src/lib/company-core/load-company.ts:1843:18)
    at async loadV17Company (/Users/yann/spx-app/src/lib/company-core/load-company.ts:493:14)
    at async auditTicker (/Users/yann/spx-app/scripts/audit-pages-full.ts:51:19)
    at async main (/Users/yann/spx-app/scripts/audit-pages-full.ts:153:17)
image_findings merge failed for KR: Error: supabaseUrl is required.
    at validateSupabaseUrl (/Users/yann/spx-app/node_modules/@supabase/supabase-js/src/lib/helpers.ts:86:11)
    at new SupabaseClient (/Users/yann/spx-app/node_modules/@supabase/supabase-js/src/SupabaseClient.ts:284:21)
    at createClient (/Users/yann/spx-app/node_modules/@supabase/supabase-js/src/index.ts:65:10)
    at admin (/Users/yann/spx-app/src/lib/desk/image-findings.ts:118:10)
    at listApprovedForTicker (/Users/yann/spx-app/src/lib/desk/image-findings.ts:222:16)
    at loadV17CompanyBrut (/Users/yann/spx-app/src/lib/company-core/load-company.ts:1906:30)
    at async loadV17Company (/Users/yann/spx-app/src/lib/company-core/load-company.ts:493:14)
    at async auditTicker (/Users/yann/spx-app/scripts/audit-pages-full.ts:51:19)
    at async main (/Users/yann/spx-app/scripts/audit-pages-full.ts:153:17)
[hero-kpi-overrides] refetch failed, using stale cache Error: SUPABASE_SERVICE_ROLE_KEY manquante — vérifier .env.local
    at createSupabaseAdminClient (/Users/yann/spx-app/src/lib/supabase/admin.ts:16:11)
    at fetchAll (/Users/yann/spx-app/src/lib/company-core/hero-kpi-overrides.ts:31:20)
    at getHeroKpiOverride (/Users/yann/spx-app/src/lib/company-core/hero-kpi-overrides.ts:58:21)
    at loadV17CompanyBrut (/Users/yann/spx-app/src/lib/company-core/load-company.ts:3083:28)
    at async loadV17Company (/Users/yann/spx-app/src/lib/company-core/load-company.ts:493:14)
    at async auditTicker (/Users/yann/spx-app/scripts/audit-pages-full.ts:51:19)
    at async main (/Users/yann/spx-app/scripts/audit-pages-full.ts:153:17)
special_kpis merge failed for LH: Error: supabaseUrl is required.
    at validateSupabaseUrl (/Users/yann/spx-app/node_modules/@supabase/supabase-js/src/lib/helpers.ts:86:11)
    at new SupabaseClient (/Users/yann/spx-app/node_modules/@supabase/supabase-js/src/SupabaseClient.ts:284:21)
    at createClient (/Users/yann/spx-app/node_modules/@supabase/supabase-js/src/index.ts:65:10)
    at admin (/Users/yann/spx-app/src/lib/desk/special-kpis.ts:152:10)
    at listPublishedForTicker (/Users/yann/spx-app/src/lib/desk/special-kpis.ts:175:16)
    at loadV17CompanyBrut (/Users/yann/spx-app/src/lib/company-core/load-company.ts:1779:30)
    at async loadV17Company (/Users/yann/spx-app/src/lib/company-core/load-company.ts:493:14)
    at async auditTicker (/Users/yann/spx-app/scripts/audit-pages-full.ts:51:19)
    at async main (/Users/yann/spx-app/scripts/audit-pages-full.ts:153:17)
kpi_requests merge failed for LH: Error: supabaseUrl is required.
    at validateSupabaseUrl (/Users/yann/spx-app/node_modules/@supabase/supabase-js/src/lib/helpers.ts:86:11)
    at new SupabaseClient (/Users/yann/spx-app/node_modules/@supabase/supabase-js/src/SupabaseClient.ts:284:21)
    at createClient (/Users/yann/spx-app/node_modules/@supabase/supabase-js/src/index.ts:65:10)
    at loadV17CompanyBrut (/Users/yann/spx-app/src/lib/company-core/load-company.ts:1843:18)
    at async loadV17Company (/Users/yann/spx-app/src/lib/company-core/load-company.ts:493:14)
    at async auditTicker (/Users/yann/spx-app/scripts/audit-pages-full.ts:51:19)
    at async main (/Users/yann/spx-app/scripts/audit-pages-full.ts:153:17)
image_findings merge failed for LH: Error: supabaseUrl is required.
    at validateSupabaseUrl (/Users/yann/spx-app/node_modules/@supabase/supabase-js/src/lib/helpers.ts:86:11)
    at new SupabaseClient (/Users/yann/spx-app/node_modules/@supabase/supabase-js/src/SupabaseClient.ts:284:21)
    at createClient (/Users/yann/spx-app/node_modules/@supabase/supabase-js/src/index.ts:65:10)
    at admin (/Users/yann/spx-app/src/lib/desk/image-findings.ts:118:10)
    at listApprovedForTicker (/Users/yann/spx-app/src/lib/desk/image-findings.ts:222:16)
    at loadV17CompanyBrut (/Users/yann/spx-app/src/lib/company-core/load-company.ts:1906:30)
    at async loadV17Company (/Users/yann/spx-app/src/lib/company-core/load-company.ts:493:14)
    at async auditTicker (/Users/yann/spx-app/scripts/audit-pages-full.ts:51:19)
    at async main (/Users/yann/spx-app/scripts/audit-pages-full.ts:153:17)
[hero-kpi-overrides] refetch failed, using stale cache Error: SUPABASE_SERVICE_ROLE_KEY manquante — vérifier .env.local
    at createSupabaseAdminClient (/Users/yann/spx-app/src/lib/supabase/admin.ts:16:11)
    at fetchAll (/Users/yann/spx-app/src/lib/company-core/hero-kpi-overrides.ts:31:20)
    at getHeroKpiOverride (/Users/yann/spx-app/src/lib/company-core/hero-kpi-overrides.ts:58:21)
    at loadV17CompanyBrut (/Users/yann/spx-app/src/lib/company-core/load-company.ts:3083:28)
    at async loadV17Company (/Users/yann/spx-app/src/lib/company-core/load-company.ts:493:14)
    at async auditTicker (/Users/yann/spx-app/scripts/audit-pages-full.ts:51:19)
    at async main (/Users/yann/spx-app/scripts/audit-pages-full.ts:153:17)
special_kpis merge failed for LOW: Error: supabaseUrl is required.
    at validateSupabaseUrl (/Users/yann/spx-app/node_modules/@supabase/supabase-js/src/lib/helpers.ts:86:11)
    at new SupabaseClient (/Users/yann/spx-app/node_modules/@supabase/supabase-js/src/SupabaseClient.ts:284:21)
    at createClient (/Users/yann/spx-app/node_modules/@supabase/supabase-js/src/index.ts:65:10)
    at admin (/Users/yann/spx-app/src/lib/desk/special-kpis.ts:152:10)
    at listPublishedForTicker (/Users/yann/spx-app/src/lib/desk/special-kpis.ts:175:16)
    at loadV17CompanyBrut (/Users/yann/spx-app/src/lib/company-core/load-company.ts:1779:30)
    at async loadV17Company (/Users/yann/spx-app/src/lib/company-core/load-company.ts:493:14)
    at async auditTicker (/Users/yann/spx-app/scripts/audit-pages-full.ts:51:19)
    at async main (/Users/yann/spx-app/scripts/audit-pages-full.ts:153:17)
kpi_requests merge failed for LOW: Error: supabaseUrl is required.
    at validateSupabaseUrl (/Users/yann/spx-app/node_modules/@supabase/supabase-js/src/lib/helpers.ts:86:11)
    at new SupabaseClient (/Users/yann/spx-app/node_modules/@supabase/supabase-js/src/SupabaseClient.ts:284:21)
    at createClient (/Users/yann/spx-app/node_modules/@supabase/supabase-js/src/index.ts:65:10)
    at loadV17CompanyBrut (/Users/yann/spx-app/src/lib/company-core/load-company.ts:1843:18)
    at async loadV17Company (/Users/yann/spx-app/src/lib/company-core/load-company.ts:493:14)
    at async auditTicker (/Users/yann/spx-app/scripts/audit-pages-full.ts:51:19)
    at async main (/Users/yann/spx-app/scripts/audit-pages-full.ts:153:17)
image_findings merge failed for LOW: Error: supabaseUrl is required.
    at validateSupabaseUrl (/Users/yann/spx-app/node_modules/@supabase/supabase-js/src/lib/helpers.ts:86:11)
    at new SupabaseClient (/Users/yann/spx-app/node_modules/@supabase/supabase-js/src/SupabaseClient.ts:284:21)
    at createClient (/Users/yann/spx-app/node_modules/@supabase/supabase-js/src/index.ts:65:10)
    at admin (/Users/yann/spx-app/src/lib/desk/image-findings.ts:118:10)
    at listApprovedForTicker (/Users/yann/spx-app/src/lib/desk/image-findings.ts:222:16)
    at loadV17CompanyBrut (/Users/yann/spx-app/src/lib/company-core/load-company.ts:1906:30)
    at async loadV17Company (/Users/yann/spx-app/src/lib/company-core/load-company.ts:493:14)
    at async auditTicker (/Users/yann/spx-app/scripts/audit-pages-full.ts:51:19)
    at async main (/Users/yann/spx-app/scripts/audit-pages-full.ts:153:17)
[hero-kpi-overrides] refetch failed, using stale cache Error: SUPABASE_SERVICE_ROLE_KEY manquante — vérifier .env.local
    at createSupabaseAdminClient (/Users/yann/spx-app/src/lib/supabase/admin.ts:16:11)
    at fetchAll (/Users/yann/spx-app/src/lib/company-core/hero-kpi-overrides.ts:31:20)
    at getHeroKpiOverride (/Users/yann/spx-app/src/lib/company-core/hero-kpi-overrides.ts:58:21)
    at loadV17CompanyBrut (/Users/yann/spx-app/src/lib/company-core/load-company.ts:3083:28)
    at async loadV17Company (/Users/yann/spx-app/src/lib/company-core/load-company.ts:493:14)
    at async auditTicker (/Users/yann/spx-app/scripts/audit-pages-full.ts:51:19)
    at async main (/Users/yann/spx-app/scripts/audit-pages-full.ts:153:17)
special_kpis merge failed for LULU: Error: supabaseUrl is required.
    at validateSupabaseUrl (/Users/yann/spx-app/node_modules/@supabase/supabase-js/src/lib/helpers.ts:86:11)
    at new SupabaseClient (/Users/yann/spx-app/node_modules/@supabase/supabase-js/src/SupabaseClient.ts:284:21)
    at createClient (/Users/yann/spx-app/node_modules/@supabase/supabase-js/src/index.ts:65:10)
    at admin (/Users/yann/spx-app/src/lib/desk/special-kpis.ts:152:10)
    at listPublishedForTicker (/Users/yann/spx-app/src/lib/desk/special-kpis.ts:175:16)
    at loadV17CompanyBrut (/Users/yann/spx-app/src/lib/company-core/load-company.ts:1779:30)
    at async loadV17Company (/Users/yann/spx-app/src/lib/company-core/load-company.ts:493:14)
    at async auditTicker (/Users/yann/spx-app/scripts/audit-pages-full.ts:51:19)
    at async main (/Users/yann/spx-app/scripts/audit-pages-full.ts:153:17)
kpi_requests merge failed for LULU: Error: supabaseUrl is required.
    at validateSupabaseUrl (/Users/yann/spx-app/node_modules/@supabase/supabase-js/src/lib/helpers.ts:86:11)
    at new SupabaseClient (/Users/yann/spx-app/node_modules/@supabase/supabase-js/src/SupabaseClient.ts:284:21)
    at createClient (/Users/yann/spx-app/node_modules/@supabase/supabase-js/src/index.ts:65:10)
    at loadV17CompanyBrut (/Users/yann/spx-app/src/lib/company-core/load-company.ts:1843:18)
    at async loadV17Company (/Users/yann/spx-app/src/lib/company-core/load-company.ts:493:14)
    at async auditTicker (/Users/yann/spx-app/scripts/audit-pages-full.ts:51:19)
    at async main (/Users/yann/spx-app/scripts/audit-pages-full.ts:153:17)
image_findings merge failed for LULU: Error: supabaseUrl is required.
    at validateSupabaseUrl (/Users/yann/spx-app/node_modules/@supabase/supabase-js/src/lib/helpers.ts:86:11)
    at new SupabaseClient (/Users/yann/spx-app/node_modules/@supabase/supabase-js/src/SupabaseClient.ts:284:21)
    at createClient (/Users/yann/spx-app/node_modules/@supabase/supabase-js/src/index.ts:65:10)
    at admin (/Users/yann/spx-app/src/lib/desk/image-findings.ts:118:10)
    at listApprovedForTicker (/Users/yann/spx-app/src/lib/desk/image-findings.ts:222:16)
    at loadV17CompanyBrut (/Users/yann/spx-app/src/lib/company-core/load-company.ts:1906:30)
    at async loadV17Company (/Users/yann/spx-app/src/lib/company-core/load-company.ts:493:14)
    at async auditTicker (/Users/yann/spx-app/scripts/audit-pages-full.ts:51:19)
    at async main (/Users/yann/spx-app/scripts/audit-pages-full.ts:153:17)
[hero-kpi-overrides] refetch failed, using stale cache Error: SUPABASE_SERVICE_ROLE_KEY manquante — vérifier .env.local
    at createSupabaseAdminClient (/Users/yann/spx-app/src/lib/supabase/admin.ts:16:11)
    at fetchAll (/Users/yann/spx-app/src/lib/company-core/hero-kpi-overrides.ts:31:20)
    at getHeroKpiOverride (/Users/yann/spx-app/src/lib/company-core/hero-kpi-overrides.ts:58:21)
    at loadV17CompanyBrut (/Users/yann/spx-app/src/lib/company-core/load-company.ts:3083:28)
    at async loadV17Company (/Users/yann/spx-app/src/lib/company-core/load-company.ts:493:14)
    at async auditTicker (/Users/yann/spx-app/scripts/audit-pages-full.ts:51:19)
    at async main (/Users/yann/spx-app/scripts/audit-pages-full.ts:153:17)
special_kpis merge failed for MAA: Error: supabaseUrl is required.
    at validateSupabaseUrl (/Users/yann/spx-app/node_modules/@supabase/supabase-js/src/lib/helpers.ts:86:11)
    at new SupabaseClient (/Users/yann/spx-app/node_modules/@supabase/supabase-js/src/SupabaseClient.ts:284:21)
    at createClient (/Users/yann/spx-app/node_modules/@supabase/supabase-js/src/index.ts:65:10)
    at admin (/Users/yann/spx-app/src/lib/desk/special-kpis.ts:152:10)
    at listPublishedForTicker (/Users/yann/spx-app/src/lib/desk/special-kpis.ts:175:16)
    at loadV17CompanyBrut (/Users/yann/spx-app/src/lib/company-core/load-company.ts:1779:30)
    at async loadV17Company (/Users/yann/spx-app/src/lib/company-core/load-company.ts:493:14)
    at async auditTicker (/Users/yann/spx-app/scripts/audit-pages-full.ts:51:19)
    at async main (/Users/yann/spx-app/scripts/audit-pages-full.ts:153:17)
kpi_requests merge failed for MAA: Error: supabaseUrl is required.
    at validateSupabaseUrl (/Users/yann/spx-app/node_modules/@supabase/supabase-js/src/lib/helpers.ts:86:11)
    at new SupabaseClient (/Users/yann/spx-app/node_modules/@supabase/supabase-js/src/SupabaseClient.ts:284:21)
    at createClient (/Users/yann/spx-app/node_modules/@supabase/supabase-js/src/index.ts:65:10)
    at loadV17CompanyBrut (/Users/yann/spx-app/src/lib/company-core/load-company.ts:1843:18)
    at async loadV17Company (/Users/yann/spx-app/src/lib/company-core/load-company.ts:493:14)
    at async auditTicker (/Users/yann/spx-app/scripts/audit-pages-full.ts:51:19)
    at async main (/Users/yann/spx-app/scripts/audit-pages-full.ts:153:17)
image_findings merge failed for MAA: Error: supabaseUrl is required.
    at validateSupabaseUrl (/Users/yann/spx-app/node_modules/@supabase/supabase-js/src/lib/helpers.ts:86:11)
    at new SupabaseClient (/Users/yann/spx-app/node_modules/@supabase/supabase-js/src/SupabaseClient.ts:284:21)
    at createClient (/Users/yann/spx-app/node_modules/@supabase/supabase-js/src/index.ts:65:10)
    at admin (/Users/yann/spx-app/src/lib/desk/image-findings.ts:118:10)
    at listApprovedForTicker (/Users/yann/spx-app/src/lib/desk/image-findings.ts:222:16)
    at loadV17CompanyBrut (/Users/yann/spx-app/src/lib/company-core/load-company.ts:1906:30)
    at async loadV17Company (/Users/yann/spx-app/src/lib/company-core/load-company.ts:493:14)
    at async auditTicker (/Users/yann/spx-app/scripts/audit-pages-full.ts:51:19)
    at async main (/Users/yann/spx-app/scripts/audit-pages-full.ts:153:17)
[hero-kpi-overrides] refetch failed, using stale cache Error: SUPABASE_SERVICE_ROLE_KEY manquante — vérifier .env.local
    at createSupabaseAdminClient (/Users/yann/spx-app/src/lib/supabase/admin.ts:16:11)
    at fetchAll (/Users/yann/spx-app/src/lib/company-core/hero-kpi-overrides.ts:31:20)
    at getHeroKpiOverride (/Users/yann/spx-app/src/lib/company-core/hero-kpi-overrides.ts:58:21)
    at loadV17CompanyBrut (/Users/yann/spx-app/src/lib/company-core/load-company.ts:3083:28)
    at async loadV17Company (/Users/yann/spx-app/src/lib/company-core/load-company.ts:493:14)
    at async auditTicker (/Users/yann/spx-app/scripts/audit-pages-full.ts:51:19)
    at async main (/Users/yann/spx-app/scripts/audit-pages-full.ts:153:17)
special_kpis merge failed for MDT: Error: supabaseUrl is required.
    at validateSupabaseUrl (/Users/yann/spx-app/node_modules/@supabase/supabase-js/src/lib/helpers.ts:86:11)
    at new SupabaseClient (/Users/yann/spx-app/node_modules/@supabase/supabase-js/src/SupabaseClient.ts:284:21)
    at createClient (/Users/yann/spx-app/node_modules/@supabase/supabase-js/src/index.ts:65:10)
    at admin (/Users/yann/spx-app/src/lib/desk/special-kpis.ts:152:10)
    at listPublishedForTicker (/Users/yann/spx-app/src/lib/desk/special-kpis.ts:175:16)
    at loadV17CompanyBrut (/Users/yann/spx-app/src/lib/company-core/load-company.ts:1779:30)
    at async loadV17Company (/Users/yann/spx-app/src/lib/company-core/load-company.ts:493:14)
    at async auditTicker (/Users/yann/spx-app/scripts/audit-pages-full.ts:51:19)
    at async main (/Users/yann/spx-app/scripts/audit-pages-full.ts:153:17)
kpi_requests merge failed for MDT: Error: supabaseUrl is required.
    at validateSupabaseUrl (/Users/yann/spx-app/node_modules/@supabase/supabase-js/src/lib/helpers.ts:86:11)
    at new SupabaseClient (/Users/yann/spx-app/node_modules/@supabase/supabase-js/src/SupabaseClient.ts:284:21)
    at createClient (/Users/yann/spx-app/node_modules/@supabase/supabase-js/src/index.ts:65:10)
    at loadV17CompanyBrut (/Users/yann/spx-app/src/lib/company-core/load-company.ts:1843:18)
    at async loadV17Company (/Users/yann/spx-app/src/lib/company-core/load-company.ts:493:14)
    at async auditTicker (/Users/yann/spx-app/scripts/audit-pages-full.ts:51:19)
    at async main (/Users/yann/spx-app/scripts/audit-pages-full.ts:153:17)
image_findings merge failed for MDT: Error: supabaseUrl is required.
    at validateSupabaseUrl (/Users/yann/spx-app/node_modules/@supabase/supabase-js/src/lib/helpers.ts:86:11)
    at new SupabaseClient (/Users/yann/spx-app/node_modules/@supabase/supabase-js/src/SupabaseClient.ts:284:21)
    at createClient (/Users/yann/spx-app/node_modules/@supabase/supabase-js/src/index.ts:65:10)
    at admin (/Users/yann/spx-app/src/lib/desk/image-findings.ts:118:10)
    at listApprovedForTicker (/Users/yann/spx-app/src/lib/desk/image-findings.ts:222:16)
    at loadV17CompanyBrut (/Users/yann/spx-app/src/lib/company-core/load-company.ts:1906:30)
    at async loadV17Company (/Users/yann/spx-app/src/lib/company-core/load-company.ts:493:14)
    at async auditTicker (/Users/yann/spx-app/scripts/audit-pages-full.ts:51:19)
    at async main (/Users/yann/spx-app/scripts/audit-pages-full.ts:153:17)
[hero-kpi-overrides] refetch failed, using stale cache Error: SUPABASE_SERVICE_ROLE_KEY manquante — vérifier .env.local
    at createSupabaseAdminClient (/Users/yann/spx-app/src/lib/supabase/admin.ts:16:11)
    at fetchAll (/Users/yann/spx-app/src/lib/company-core/hero-kpi-overrides.ts:31:20)
    at getHeroKpiOverride (/Users/yann/spx-app/src/lib/company-core/hero-kpi-overrides.ts:58:21)
    at loadV17CompanyBrut (/Users/yann/spx-app/src/lib/company-core/load-company.ts:3083:28)
    at async loadV17Company (/Users/yann/spx-app/src/lib/company-core/load-company.ts:493:14)
    at async auditTicker (/Users/yann/spx-app/scripts/audit-pages-full.ts:51:19)
    at async main (/Users/yann/spx-app/scripts/audit-pages-full.ts:153:17)
special_kpis merge failed for MMM: Error: supabaseUrl is required.
    at validateSupabaseUrl (/Users/yann/spx-app/node_modules/@supabase/supabase-js/src/lib/helpers.ts:86:11)
    at new SupabaseClient (/Users/yann/spx-app/node_modules/@supabase/supabase-js/src/SupabaseClient.ts:284:21)
    at createClient (/Users/yann/spx-app/node_modules/@supabase/supabase-js/src/index.ts:65:10)
    at admin (/Users/yann/spx-app/src/lib/desk/special-kpis.ts:152:10)
    at listPublishedForTicker (/Users/yann/spx-app/src/lib/desk/special-kpis.ts:175:16)
    at loadV17CompanyBrut (/Users/yann/spx-app/src/lib/company-core/load-company.ts:1779:30)
    at async loadV17Company (/Users/yann/spx-app/src/lib/company-core/load-company.ts:493:14)
    at async auditTicker (/Users/yann/spx-app/scripts/audit-pages-full.ts:51:19)
    at async main (/Users/yann/spx-app/scripts/audit-pages-full.ts:153:17)
kpi_requests merge failed for MMM: Error: supabaseUrl is required.
    at validateSupabaseUrl (/Users/yann/spx-app/node_modules/@supabase/supabase-js/src/lib/helpers.ts:86:11)
    at new SupabaseClient (/Users/yann/spx-app/node_modules/@supabase/supabase-js/src/SupabaseClient.ts:284:21)
    at createClient (/Users/yann/spx-app/node_modules/@supabase/supabase-js/src/index.ts:65:10)
    at loadV17CompanyBrut (/Users/yann/spx-app/src/lib/company-core/load-company.ts:1843:18)
    at async loadV17Company (/Users/yann/spx-app/src/lib/company-core/load-company.ts:493:14)
    at async auditTicker (/Users/yann/spx-app/scripts/audit-pages-full.ts:51:19)
    at async main (/Users/yann/spx-app/scripts/audit-pages-full.ts:153:17)
image_findings merge failed for MMM: Error: supabaseUrl is required.
    at validateSupabaseUrl (/Users/yann/spx-app/node_modules/@supabase/supabase-js/src/lib/helpers.ts:86:11)
    at new SupabaseClient (/Users/yann/spx-app/node_modules/@supabase/supabase-js/src/SupabaseClient.ts:284:21)
    at createClient (/Users/yann/spx-app/node_modules/@supabase/supabase-js/src/index.ts:65:10)
    at admin (/Users/yann/spx-app/src/lib/desk/image-findings.ts:118:10)
    at listApprovedForTicker (/Users/yann/spx-app/src/lib/desk/image-findings.ts:222:16)
    at loadV17CompanyBrut (/Users/yann/spx-app/src/lib/company-core/load-company.ts:1906:30)
    at async loadV17Company (/Users/yann/spx-app/src/lib/company-core/load-company.ts:493:14)
    at async auditTicker (/Users/yann/spx-app/scripts/audit-pages-full.ts:51:19)
    at async main (/Users/yann/spx-app/scripts/audit-pages-full.ts:153:17)
[hero-kpi-overrides] refetch failed, using stale cache Error: SUPABASE_SERVICE_ROLE_KEY manquante — vérifier .env.local
    at createSupabaseAdminClient (/Users/yann/spx-app/src/lib/supabase/admin.ts:16:11)
    at fetchAll (/Users/yann/spx-app/src/lib/company-core/hero-kpi-overrides.ts:31:20)
    at getHeroKpiOverride (/Users/yann/spx-app/src/lib/company-core/hero-kpi-overrides.ts:58:21)
    at loadV17CompanyBrut (/Users/yann/spx-app/src/lib/company-core/load-company.ts:3083:28)
    at async loadV17Company (/Users/yann/spx-app/src/lib/company-core/load-company.ts:493:14)
    at async auditTicker (/Users/yann/spx-app/scripts/audit-pages-full.ts:51:19)
    at async main (/Users/yann/spx-app/scripts/audit-pages-full.ts:153:17)
special_kpis merge failed for MNST: Error: supabaseUrl is required.
    at validateSupabaseUrl (/Users/yann/spx-app/node_modules/@supabase/supabase-js/src/lib/helpers.ts:86:11)
    at new SupabaseClient (/Users/yann/spx-app/node_modules/@supabase/supabase-js/src/SupabaseClient.ts:284:21)
    at createClient (/Users/yann/spx-app/node_modules/@supabase/supabase-js/src/index.ts:65:10)
    at admin (/Users/yann/spx-app/src/lib/desk/special-kpis.ts:152:10)
    at listPublishedForTicker (/Users/yann/spx-app/src/lib/desk/special-kpis.ts:175:16)
    at loadV17CompanyBrut (/Users/yann/spx-app/src/lib/company-core/load-company.ts:1779:30)
    at async loadV17Company (/Users/yann/spx-app/src/lib/company-core/load-company.ts:493:14)
    at async auditTicker (/Users/yann/spx-app/scripts/audit-pages-full.ts:51:19)
    at async main (/Users/yann/spx-app/scripts/audit-pages-full.ts:153:17)
kpi_requests merge failed for MNST: Error: supabaseUrl is required.
    at validateSupabaseUrl (/Users/yann/spx-app/node_modules/@supabase/supabase-js/src/lib/helpers.ts:86:11)
    at new SupabaseClient (/Users/yann/spx-app/node_modules/@supabase/supabase-js/src/SupabaseClient.ts:284:21)
    at createClient (/Users/yann/spx-app/node_modules/@supabase/supabase-js/src/index.ts:65:10)
    at loadV17CompanyBrut (/Users/yann/spx-app/src/lib/company-core/load-company.ts:1843:18)
    at async loadV17Company (/Users/yann/spx-app/src/lib/company-core/load-company.ts:493:14)
    at async auditTicker (/Users/yann/spx-app/scripts/audit-pages-full.ts:51:19)
    at async main (/Users/yann/spx-app/scripts/audit-pages-full.ts:153:17)
image_findings merge failed for MNST: Error: supabaseUrl is required.
    at validateSupabaseUrl (/Users/yann/spx-app/node_modules/@supabase/supabase-js/src/lib/helpers.ts:86:11)
    at new SupabaseClient (/Users/yann/spx-app/node_modules/@supabase/supabase-js/src/SupabaseClient.ts:284:21)
    at createClient (/Users/yann/spx-app/node_modules/@supabase/supabase-js/src/index.ts:65:10)
    at admin (/Users/yann/spx-app/src/lib/desk/image-findings.ts:118:10)
    at listApprovedForTicker (/Users/yann/spx-app/src/lib/desk/image-findings.ts:222:16)
    at loadV17CompanyBrut (/Users/yann/spx-app/src/lib/company-core/load-company.ts:1906:30)
    at async loadV17Company (/Users/yann/spx-app/src/lib/company-core/load-company.ts:493:14)
    at async auditTicker (/Users/yann/spx-app/scripts/audit-pages-full.ts:51:19)
    at async main (/Users/yann/spx-app/scripts/audit-pages-full.ts:153:17)
[hero-kpi-overrides] refetch failed, using stale cache Error: SUPABASE_SERVICE_ROLE_KEY manquante — vérifier .env.local
    at createSupabaseAdminClient (/Users/yann/spx-app/src/lib/supabase/admin.ts:16:11)
    at fetchAll (/Users/yann/spx-app/src/lib/company-core/hero-kpi-overrides.ts:31:20)
    at getHeroKpiOverride (/Users/yann/spx-app/src/lib/company-core/hero-kpi-overrides.ts:58:21)
    at loadV17CompanyBrut (/Users/yann/spx-app/src/lib/company-core/load-company.ts:3083:28)
    at async loadV17Company (/Users/yann/spx-app/src/lib/company-core/load-company.ts:493:14)
    at async auditTicker (/Users/yann/spx-app/scripts/audit-pages-full.ts:51:19)
    at async main (/Users/yann/spx-app/scripts/audit-pages-full.ts:153:17)
special_kpis merge failed for MPWR: Error: supabaseUrl is required.
    at validateSupabaseUrl (/Users/yann/spx-app/node_modules/@supabase/supabase-js/src/lib/helpers.ts:86:11)
    at new SupabaseClient (/Users/yann/spx-app/node_modules/@supabase/supabase-js/src/SupabaseClient.ts:284:21)
    at createClient (/Users/yann/spx-app/node_modules/@supabase/supabase-js/src/index.ts:65:10)
    at admin (/Users/yann/spx-app/src/lib/desk/special-kpis.ts:152:10)
    at listPublishedForTicker (/Users/yann/spx-app/src/lib/desk/special-kpis.ts:175:16)
    at loadV17CompanyBrut (/Users/yann/spx-app/src/lib/company-core/load-company.ts:1779:30)
    at async loadV17Company (/Users/yann/spx-app/src/lib/company-core/load-company.ts:493:14)
    at async auditTicker (/Users/yann/spx-app/scripts/audit-pages-full.ts:51:19)
    at async main (/Users/yann/spx-app/scripts/audit-pages-full.ts:153:17)
kpi_requests merge failed for MPWR: Error: supabaseUrl is required.
    at validateSupabaseUrl (/Users/yann/spx-app/node_modules/@supabase/supabase-js/src/lib/helpers.ts:86:11)
    at new SupabaseClient (/Users/yann/spx-app/node_modules/@supabase/supabase-js/src/SupabaseClient.ts:284:21)
    at createClient (/Users/yann/spx-app/node_modules/@supabase/supabase-js/src/index.ts:65:10)
    at loadV17CompanyBrut (/Users/yann/spx-app/src/lib/company-core/load-company.ts:1843:18)
    at async loadV17Company (/Users/yann/spx-app/src/lib/company-core/load-company.ts:493:14)
    at async auditTicker (/Users/yann/spx-app/scripts/audit-pages-full.ts:51:19)
    at async main (/Users/yann/spx-app/scripts/audit-pages-full.ts:153:17)
image_findings merge failed for MPWR: Error: supabaseUrl is required.
    at validateSupabaseUrl (/Users/yann/spx-app/node_modules/@supabase/supabase-js/src/lib/helpers.ts:86:11)
    at new SupabaseClient (/Users/yann/spx-app/node_modules/@supabase/supabase-js/src/SupabaseClient.ts:284:21)
    at createClient (/Users/yann/spx-app/node_modules/@supabase/supabase-js/src/index.ts:65:10)
    at admin (/Users/yann/spx-app/src/lib/desk/image-findings.ts:118:10)
    at listApprovedForTicker (/Users/yann/spx-app/src/lib/desk/image-findings.ts:222:16)
    at loadV17CompanyBrut (/Users/yann/spx-app/src/lib/company-core/load-company.ts:1906:30)
    at async loadV17Company (/Users/yann/spx-app/src/lib/company-core/load-company.ts:493:14)
    at async auditTicker (/Users/yann/spx-app/scripts/audit-pages-full.ts:51:19)
    at async main (/Users/yann/spx-app/scripts/audit-pages-full.ts:153:17)
[hero-kpi-overrides] refetch failed, using stale cache Error: SUPABASE_SERVICE_ROLE_KEY manquante — vérifier .env.local
    at createSupabaseAdminClient (/Users/yann/spx-app/src/lib/supabase/admin.ts:16:11)
    at fetchAll (/Users/yann/spx-app/src/lib/company-core/hero-kpi-overrides.ts:31:20)
    at getHeroKpiOverride (/Users/yann/spx-app/src/lib/company-core/hero-kpi-overrides.ts:58:21)
    at loadV17CompanyBrut (/Users/yann/spx-app/src/lib/company-core/load-company.ts:3083:28)
    at async loadV17Company (/Users/yann/spx-app/src/lib/company-core/load-company.ts:493:14)
    at async auditTicker (/Users/yann/spx-app/scripts/audit-pages-full.ts:51:19)
    at async main (/Users/yann/spx-app/scripts/audit-pages-full.ts:153:17)
special_kpis merge failed for MRNA: Error: supabaseUrl is required.
    at validateSupabaseUrl (/Users/yann/spx-app/node_modules/@supabase/supabase-js/src/lib/helpers.ts:86:11)
    at new SupabaseClient (/Users/yann/spx-app/node_modules/@supabase/supabase-js/src/SupabaseClient.ts:284:21)
    at createClient (/Users/yann/spx-app/node_modules/@supabase/supabase-js/src/index.ts:65:10)
    at admin (/Users/yann/spx-app/src/lib/desk/special-kpis.ts:152:10)
    at listPublishedForTicker (/Users/yann/spx-app/src/lib/desk/special-kpis.ts:175:16)
    at loadV17CompanyBrut (/Users/yann/spx-app/src/lib/company-core/load-company.ts:1779:30)
    at async loadV17Company (/Users/yann/spx-app/src/lib/company-core/load-company.ts:493:14)
    at async auditTicker (/Users/yann/spx-app/scripts/audit-pages-full.ts:51:19)
    at async main (/Users/yann/spx-app/scripts/audit-pages-full.ts:153:17)
kpi_requests merge failed for MRNA: Error: supabaseUrl is required.
    at validateSupabaseUrl (/Users/yann/spx-app/node_modules/@supabase/supabase-js/src/lib/helpers.ts:86:11)
    at new SupabaseClient (/Users/yann/spx-app/node_modules/@supabase/supabase-js/src/SupabaseClient.ts:284:21)
    at createClient (/Users/yann/spx-app/node_modules/@supabase/supabase-js/src/index.ts:65:10)
    at loadV17CompanyBrut (/Users/yann/spx-app/src/lib/company-core/load-company.ts:1843:18)
    at async loadV17Company (/Users/yann/spx-app/src/lib/company-core/load-company.ts:493:14)
    at async auditTicker (/Users/yann/spx-app/scripts/audit-pages-full.ts:51:19)
    at async main (/Users/yann/spx-app/scripts/audit-pages-full.ts:153:17)
image_findings merge failed for MRNA: Error: supabaseUrl is required.
    at validateSupabaseUrl (/Users/yann/spx-app/node_modules/@supabase/supabase-js/src/lib/helpers.ts:86:11)
    at new SupabaseClient (/Users/yann/spx-app/node_modules/@supabase/supabase-js/src/SupabaseClient.ts:284:21)
    at createClient (/Users/yann/spx-app/node_modules/@supabase/supabase-js/src/index.ts:65:10)
    at admin (/Users/yann/spx-app/src/lib/desk/image-findings.ts:118:10)
    at listApprovedForTicker (/Users/yann/spx-app/src/lib/desk/image-findings.ts:222:16)
    at loadV17CompanyBrut (/Users/yann/spx-app/src/lib/company-core/load-company.ts:1906:30)
    at async loadV17Company (/Users/yann/spx-app/src/lib/company-core/load-company.ts:493:14)
    at async auditTicker (/Users/yann/spx-app/scripts/audit-pages-full.ts:51:19)
    at async main (/Users/yann/spx-app/scripts/audit-pages-full.ts:153:17)
[hero-kpi-overrides] refetch failed, using stale cache Error: SUPABASE_SERVICE_ROLE_KEY manquante — vérifier .env.local
    at createSupabaseAdminClient (/Users/yann/spx-app/src/lib/supabase/admin.ts:16:11)
    at fetchAll (/Users/yann/spx-app/src/lib/company-core/hero-kpi-overrides.ts:31:20)
    at getHeroKpiOverride (/Users/yann/spx-app/src/lib/company-core/hero-kpi-overrides.ts:58:21)
    at loadV17CompanyBrut (/Users/yann/spx-app/src/lib/company-core/load-company.ts:3083:28)
    at async loadV17Company (/Users/yann/spx-app/src/lib/company-core/load-company.ts:493:14)
    at async auditTicker (/Users/yann/spx-app/scripts/audit-pages-full.ts:51:19)
    at async main (/Users/yann/spx-app/scripts/audit-pages-full.ts:153:17)
special_kpis merge failed for MSFT: Error: supabaseUrl is required.
    at validateSupabaseUrl (/Users/yann/spx-app/node_modules/@supabase/supabase-js/src/lib/helpers.ts:86:11)
    at new SupabaseClient (/Users/yann/spx-app/node_modules/@supabase/supabase-js/src/SupabaseClient.ts:284:21)
    at createClient (/Users/yann/spx-app/node_modules/@supabase/supabase-js/src/index.ts:65:10)
    at admin (/Users/yann/spx-app/src/lib/desk/special-kpis.ts:152:10)
    at listPublishedForTicker (/Users/yann/spx-app/src/lib/desk/special-kpis.ts:175:16)
    at loadV17CompanyBrut (/Users/yann/spx-app/src/lib/company-core/load-company.ts:1779:30)
    at async loadV17Company (/Users/yann/spx-app/src/lib/company-core/load-company.ts:493:14)
    at async auditTicker (/Users/yann/spx-app/scripts/audit-pages-full.ts:51:19)
    at async main (/Users/yann/spx-app/scripts/audit-pages-full.ts:153:17)
kpi_requests merge failed for MSFT: Error: supabaseUrl is required.
    at validateSupabaseUrl (/Users/yann/spx-app/node_modules/@supabase/supabase-js/src/lib/helpers.ts:86:11)
    at new SupabaseClient (/Users/yann/spx-app/node_modules/@supabase/supabase-js/src/SupabaseClient.ts:284:21)
    at createClient (/Users/yann/spx-app/node_modules/@supabase/supabase-js/src/index.ts:65:10)
    at loadV17CompanyBrut (/Users/yann/spx-app/src/lib/company-core/load-company.ts:1843:18)
    at async loadV17Company (/Users/yann/spx-app/src/lib/company-core/load-company.ts:493:14)
    at async auditTicker (/Users/yann/spx-app/scripts/audit-pages-full.ts:51:19)
    at async main (/Users/yann/spx-app/scripts/audit-pages-full.ts:153:17)
image_findings merge failed for MSFT: Error: supabaseUrl is required.
    at validateSupabaseUrl (/Users/yann/spx-app/node_modules/@supabase/supabase-js/src/lib/helpers.ts:86:11)
    at new SupabaseClient (/Users/yann/spx-app/node_modules/@supabase/supabase-js/src/SupabaseClient.ts:284:21)
    at createClient (/Users/yann/spx-app/node_modules/@supabase/supabase-js/src/index.ts:65:10)
    at admin (/Users/yann/spx-app/src/lib/desk/image-findings.ts:118:10)
    at listApprovedForTicker (/Users/yann/spx-app/src/lib/desk/image-findings.ts:222:16)
    at loadV17CompanyBrut (/Users/yann/spx-app/src/lib/company-core/load-company.ts:1906:30)
    at async loadV17Company (/Users/yann/spx-app/src/lib/company-core/load-company.ts:493:14)
    at async auditTicker (/Users/yann/spx-app/scripts/audit-pages-full.ts:51:19)
    at async main (/Users/yann/spx-app/scripts/audit-pages-full.ts:153:17)
[hero-kpi-overrides] refetch failed, using stale cache Error: SUPABASE_SERVICE_ROLE_KEY manquante — vérifier .env.local
    at createSupabaseAdminClient (/Users/yann/spx-app/src/lib/supabase/admin.ts:16:11)
    at fetchAll (/Users/yann/spx-app/src/lib/company-core/hero-kpi-overrides.ts:31:20)
    at getHeroKpiOverride (/Users/yann/spx-app/src/lib/company-core/hero-kpi-overrides.ts:58:21)
    at loadV17CompanyBrut (/Users/yann/spx-app/src/lib/company-core/load-company.ts:3083:28)
    at async loadV17Company (/Users/yann/spx-app/src/lib/company-core/load-company.ts:493:14)
    at async auditTicker (/Users/yann/spx-app/scripts/audit-pages-full.ts:51:19)
    at async main (/Users/yann/spx-app/scripts/audit-pages-full.ts:153:17)
special_kpis merge failed for MSI: Error: supabaseUrl is required.
    at validateSupabaseUrl (/Users/yann/spx-app/node_modules/@supabase/supabase-js/src/lib/helpers.ts:86:11)
    at new SupabaseClient (/Users/yann/spx-app/node_modules/@supabase/supabase-js/src/SupabaseClient.ts:284:21)
    at createClient (/Users/yann/spx-app/node_modules/@supabase/supabase-js/src/index.ts:65:10)
    at admin (/Users/yann/spx-app/src/lib/desk/special-kpis.ts:152:10)
    at listPublishedForTicker (/Users/yann/spx-app/src/lib/desk/special-kpis.ts:175:16)
    at loadV17CompanyBrut (/Users/yann/spx-app/src/lib/company-core/load-company.ts:1779:30)
    at async loadV17Company (/Users/yann/spx-app/src/lib/company-core/load-company.ts:493:14)
    at async auditTicker (/Users/yann/spx-app/scripts/audit-pages-full.ts:51:19)
    at async main (/Users/yann/spx-app/scripts/audit-pages-full.ts:153:17)
kpi_requests merge failed for MSI: Error: supabaseUrl is required.
    at validateSupabaseUrl (/Users/yann/spx-app/node_modules/@supabase/supabase-js/src/lib/helpers.ts:86:11)
    at new SupabaseClient (/Users/yann/spx-app/node_modules/@supabase/supabase-js/src/SupabaseClient.ts:284:21)
    at createClient (/Users/yann/spx-app/node_modules/@supabase/supabase-js/src/index.ts:65:10)
    at loadV17CompanyBrut (/Users/yann/spx-app/src/lib/company-core/load-company.ts:1843:18)
    at async loadV17Company (/Users/yann/spx-app/src/lib/company-core/load-company.ts:493:14)
    at async auditTicker (/Users/yann/spx-app/scripts/audit-pages-full.ts:51:19)
    at async main (/Users/yann/spx-app/scripts/audit-pages-full.ts:153:17)
image_findings merge failed for MSI: Error: supabaseUrl is required.
    at validateSupabaseUrl (/Users/yann/spx-app/node_modules/@supabase/supabase-js/src/lib/helpers.ts:86:11)
    at new SupabaseClient (/Users/yann/spx-app/node_modules/@supabase/supabase-js/src/SupabaseClient.ts:284:21)
    at createClient (/Users/yann/spx-app/node_modules/@supabase/supabase-js/src/index.ts:65:10)
    at admin (/Users/yann/spx-app/src/lib/desk/image-findings.ts:118:10)
    at listApprovedForTicker (/Users/yann/spx-app/src/lib/desk/image-findings.ts:222:16)
    at loadV17CompanyBrut (/Users/yann/spx-app/src/lib/company-core/load-company.ts:1906:30)
    at async loadV17Company (/Users/yann/spx-app/src/lib/company-core/load-company.ts:493:14)
    at async auditTicker (/Users/yann/spx-app/scripts/audit-pages-full.ts:51:19)
    at async main (/Users/yann/spx-app/scripts/audit-pages-full.ts:153:17)
[hero-kpi-overrides] refetch failed, using stale cache Error: SUPABASE_SERVICE_ROLE_KEY manquante — vérifier .env.local
    at createSupabaseAdminClient (/Users/yann/spx-app/src/lib/supabase/admin.ts:16:11)
    at fetchAll (/Users/yann/spx-app/src/lib/company-core/hero-kpi-overrides.ts:31:20)
    at getHeroKpiOverride (/Users/yann/spx-app/src/lib/company-core/hero-kpi-overrides.ts:58:21)
    at loadV17CompanyBrut (/Users/yann/spx-app/src/lib/company-core/load-company.ts:3083:28)
    at async loadV17Company (/Users/yann/spx-app/src/lib/company-core/load-company.ts:493:14)
    at async auditTicker (/Users/yann/spx-app/scripts/audit-pages-full.ts:51:19)
    at async main (/Users/yann/spx-app/scripts/audit-pages-full.ts:153:17)
special_kpis merge failed for MSTR: Error: supabaseUrl is required.
    at validateSupabaseUrl (/Users/yann/spx-app/node_modules/@supabase/supabase-js/src/lib/helpers.ts:86:11)
    at new SupabaseClient (/Users/yann/spx-app/node_modules/@supabase/supabase-js/src/SupabaseClient.ts:284:21)
    at createClient (/Users/yann/spx-app/node_modules/@supabase/supabase-js/src/index.ts:65:10)
    at admin (/Users/yann/spx-app/src/lib/desk/special-kpis.ts:152:10)
    at listPublishedForTicker (/Users/yann/spx-app/src/lib/desk/special-kpis.ts:175:16)
    at loadV17CompanyBrut (/Users/yann/spx-app/src/lib/company-core/load-company.ts:1779:30)
    at async loadV17Company (/Users/yann/spx-app/src/lib/company-core/load-company.ts:493:14)
    at async auditTicker (/Users/yann/spx-app/scripts/audit-pages-full.ts:51:19)
    at async main (/Users/yann/spx-app/scripts/audit-pages-full.ts:153:17)
kpi_requests merge failed for MSTR: Error: supabaseUrl is required.
    at validateSupabaseUrl (/Users/yann/spx-app/node_modules/@supabase/supabase-js/src/lib/helpers.ts:86:11)
    at new SupabaseClient (/Users/yann/spx-app/node_modules/@supabase/supabase-js/src/SupabaseClient.ts:284:21)
    at createClient (/Users/yann/spx-app/node_modules/@supabase/supabase-js/src/index.ts:65:10)
    at loadV17CompanyBrut (/Users/yann/spx-app/src/lib/company-core/load-company.ts:1843:18)
    at async loadV17Company (/Users/yann/spx-app/src/lib/company-core/load-company.ts:493:14)
    at async auditTicker (/Users/yann/spx-app/scripts/audit-pages-full.ts:51:19)
    at async main (/Users/yann/spx-app/scripts/audit-pages-full.ts:153:17)
image_findings merge failed for MSTR: Error: supabaseUrl is required.
    at validateSupabaseUrl (/Users/yann/spx-app/node_modules/@supabase/supabase-js/src/lib/helpers.ts:86:11)
    at new SupabaseClient (/Users/yann/spx-app/node_modules/@supabase/supabase-js/src/SupabaseClient.ts:284:21)
    at createClient (/Users/yann/spx-app/node_modules/@supabase/supabase-js/src/index.ts:65:10)
    at admin (/Users/yann/spx-app/src/lib/desk/image-findings.ts:118:10)
    at listApprovedForTicker (/Users/yann/spx-app/src/lib/desk/image-findings.ts:222:16)
    at loadV17CompanyBrut (/Users/yann/spx-app/src/lib/company-core/load-company.ts:1906:30)
    at async loadV17Company (/Users/yann/spx-app/src/lib/company-core/load-company.ts:493:14)
    at async auditTicker (/Users/yann/spx-app/scripts/audit-pages-full.ts:51:19)
    at async main (/Users/yann/spx-app/scripts/audit-pages-full.ts:153:17)
[hero-kpi-overrides] refetch failed, using stale cache Error: SUPABASE_SERVICE_ROLE_KEY manquante — vérifier .env.local
    at createSupabaseAdminClient (/Users/yann/spx-app/src/lib/supabase/admin.ts:16:11)
    at fetchAll (/Users/yann/spx-app/src/lib/company-core/hero-kpi-overrides.ts:31:20)
    at getHeroKpiOverride (/Users/yann/spx-app/src/lib/company-core/hero-kpi-overrides.ts:58:21)
    at loadV17CompanyBrut (/Users/yann/spx-app/src/lib/company-core/load-company.ts:3083:28)
    at async loadV17Company (/Users/yann/spx-app/src/lib/company-core/load-company.ts:493:14)
    at async auditTicker (/Users/yann/spx-app/scripts/audit-pages-full.ts:51:19)
    at async main (/Users/yann/spx-app/scripts/audit-pages-full.ts:153:17)
special_kpis merge failed for NKE: Error: supabaseUrl is required.
    at validateSupabaseUrl (/Users/yann/spx-app/node_modules/@supabase/supabase-js/src/lib/helpers.ts:86:11)
    at new SupabaseClient (/Users/yann/spx-app/node_modules/@supabase/supabase-js/src/SupabaseClient.ts:284:21)
    at createClient (/Users/yann/spx-app/node_modules/@supabase/supabase-js/src/index.ts:65:10)
    at admin (/Users/yann/spx-app/src/lib/desk/special-kpis.ts:152:10)
    at listPublishedForTicker (/Users/yann/spx-app/src/lib/desk/special-kpis.ts:175:16)
    at loadV17CompanyBrut (/Users/yann/spx-app/src/lib/company-core/load-company.ts:1779:30)
    at async loadV17Company (/Users/yann/spx-app/src/lib/company-core/load-company.ts:493:14)
    at async auditTicker (/Users/yann/spx-app/scripts/audit-pages-full.ts:51:19)
    at async main (/Users/yann/spx-app/scripts/audit-pages-full.ts:153:17)
kpi_requests merge failed for NKE: Error: supabaseUrl is required.
    at validateSupabaseUrl (/Users/yann/spx-app/node_modules/@supabase/supabase-js/src/lib/helpers.ts:86:11)
    at new SupabaseClient (/Users/yann/spx-app/node_modules/@supabase/supabase-js/src/SupabaseClient.ts:284:21)
    at createClient (/Users/yann/spx-app/node_modules/@supabase/supabase-js/src/index.ts:65:10)
    at loadV17CompanyBrut (/Users/yann/spx-app/src/lib/company-core/load-company.ts:1843:18)
    at async loadV17Company (/Users/yann/spx-app/src/lib/company-core/load-company.ts:493:14)
    at async auditTicker (/Users/yann/spx-app/scripts/audit-pages-full.ts:51:19)
    at async main (/Users/yann/spx-app/scripts/audit-pages-full.ts:153:17)
image_findings merge failed for NKE: Error: supabaseUrl is required.
    at validateSupabaseUrl (/Users/yann/spx-app/node_modules/@supabase/supabase-js/src/lib/helpers.ts:86:11)
    at new SupabaseClient (/Users/yann/spx-app/node_modules/@supabase/supabase-js/src/SupabaseClient.ts:284:21)
    at createClient (/Users/yann/spx-app/node_modules/@supabase/supabase-js/src/index.ts:65:10)
    at admin (/Users/yann/spx-app/src/lib/desk/image-findings.ts:118:10)
    at listApprovedForTicker (/Users/yann/spx-app/src/lib/desk/image-findings.ts:222:16)
    at loadV17CompanyBrut (/Users/yann/spx-app/src/lib/company-core/load-company.ts:1906:30)
    at async loadV17Company (/Users/yann/spx-app/src/lib/company-core/load-company.ts:493:14)
    at async auditTicker (/Users/yann/spx-app/scripts/audit-pages-full.ts:51:19)
    at async main (/Users/yann/spx-app/scripts/audit-pages-full.ts:153:17)
[hero-kpi-overrides] refetch failed, using stale cache Error: SUPABASE_SERVICE_ROLE_KEY manquante — vérifier .env.local
    at createSupabaseAdminClient (/Users/yann/spx-app/src/lib/supabase/admin.ts:16:11)
    at fetchAll (/Users/yann/spx-app/src/lib/company-core/hero-kpi-overrides.ts:31:20)
    at getHeroKpiOverride (/Users/yann/spx-app/src/lib/company-core/hero-kpi-overrides.ts:58:21)
    at loadV17CompanyBrut (/Users/yann/spx-app/src/lib/company-core/load-company.ts:3083:28)
    at async loadV17Company (/Users/yann/spx-app/src/lib/company-core/load-company.ts:493:14)
    at async auditTicker (/Users/yann/spx-app/scripts/audit-pages-full.ts:51:19)
    at async main (/Users/yann/spx-app/scripts/audit-pages-full.ts:153:17)
special_kpis merge failed for NTAP: Error: supabaseUrl is required.
    at validateSupabaseUrl (/Users/yann/spx-app/node_modules/@supabase/supabase-js/src/lib/helpers.ts:86:11)
    at new SupabaseClient (/Users/yann/spx-app/node_modules/@supabase/supabase-js/src/SupabaseClient.ts:284:21)
    at createClient (/Users/yann/spx-app/node_modules/@supabase/supabase-js/src/index.ts:65:10)
    at admin (/Users/yann/spx-app/src/lib/desk/special-kpis.ts:152:10)
    at listPublishedForTicker (/Users/yann/spx-app/src/lib/desk/special-kpis.ts:175:16)
    at loadV17CompanyBrut (/Users/yann/spx-app/src/lib/company-core/load-company.ts:1779:30)
    at async loadV17Company (/Users/yann/spx-app/src/lib/company-core/load-company.ts:493:14)
    at async auditTicker (/Users/yann/spx-app/scripts/audit-pages-full.ts:51:19)
    at async main (/Users/yann/spx-app/scripts/audit-pages-full.ts:153:17)
kpi_requests merge failed for NTAP: Error: supabaseUrl is required.
    at validateSupabaseUrl (/Users/yann/spx-app/node_modules/@supabase/supabase-js/src/lib/helpers.ts:86:11)
    at new SupabaseClient (/Users/yann/spx-app/node_modules/@supabase/supabase-js/src/SupabaseClient.ts:284:21)
    at createClient (/Users/yann/spx-app/node_modules/@supabase/supabase-js/src/index.ts:65:10)
    at loadV17CompanyBrut (/Users/yann/spx-app/src/lib/company-core/load-company.ts:1843:18)
    at async loadV17Company (/Users/yann/spx-app/src/lib/company-core/load-company.ts:493:14)
    at async auditTicker (/Users/yann/spx-app/scripts/audit-pages-full.ts:51:19)
    at async main (/Users/yann/spx-app/scripts/audit-pages-full.ts:153:17)
image_findings merge failed for NTAP: Error: supabaseUrl is required.
    at validateSupabaseUrl (/Users/yann/spx-app/node_modules/@supabase/supabase-js/src/lib/helpers.ts:86:11)
    at new SupabaseClient (/Users/yann/spx-app/node_modules/@supabase/supabase-js/src/SupabaseClient.ts:284:21)
    at createClient (/Users/yann/spx-app/node_modules/@supabase/supabase-js/src/index.ts:65:10)
    at admin (/Users/yann/spx-app/src/lib/desk/image-findings.ts:118:10)
    at listApprovedForTicker (/Users/yann/spx-app/src/lib/desk/image-findings.ts:222:16)
    at loadV17CompanyBrut (/Users/yann/spx-app/src/lib/company-core/load-company.ts:1906:30)
    at async loadV17Company (/Users/yann/spx-app/src/lib/company-core/load-company.ts:493:14)
    at async auditTicker (/Users/yann/spx-app/scripts/audit-pages-full.ts:51:19)
    at async main (/Users/yann/spx-app/scripts/audit-pages-full.ts:153:17)
[hero-kpi-overrides] refetch failed, using stale cache Error: SUPABASE_SERVICE_ROLE_KEY manquante — vérifier .env.local
    at createSupabaseAdminClient (/Users/yann/spx-app/src/lib/supabase/admin.ts:16:11)
    at fetchAll (/Users/yann/spx-app/src/lib/company-core/hero-kpi-overrides.ts:31:20)
    at getHeroKpiOverride (/Users/yann/spx-app/src/lib/company-core/hero-kpi-overrides.ts:58:21)
    at loadV17CompanyBrut (/Users/yann/spx-app/src/lib/company-core/load-company.ts:3083:28)
    at async loadV17Company (/Users/yann/spx-app/src/lib/company-core/load-company.ts:493:14)
    at async auditTicker (/Users/yann/spx-app/scripts/audit-pages-full.ts:51:19)
    at async main (/Users/yann/spx-app/scripts/audit-pages-full.ts:153:17)
special_kpis merge failed for NVDA: Error: supabaseUrl is required.
    at validateSupabaseUrl (/Users/yann/spx-app/node_modules/@supabase/supabase-js/src/lib/helpers.ts:86:11)
    at new SupabaseClient (/Users/yann/spx-app/node_modules/@supabase/supabase-js/src/SupabaseClient.ts:284:21)
    at createClient (/Users/yann/spx-app/node_modules/@supabase/supabase-js/src/index.ts:65:10)
    at admin (/Users/yann/spx-app/src/lib/desk/special-kpis.ts:152:10)
    at listPublishedForTicker (/Users/yann/spx-app/src/lib/desk/special-kpis.ts:175:16)
    at loadV17CompanyBrut (/Users/yann/spx-app/src/lib/company-core/load-company.ts:1779:30)
    at async loadV17Company (/Users/yann/spx-app/src/lib/company-core/load-company.ts:493:14)
    at async auditTicker (/Users/yann/spx-app/scripts/audit-pages-full.ts:51:19)
    at async main (/Users/yann/spx-app/scripts/audit-pages-full.ts:153:17)
kpi_requests merge failed for NVDA: Error: supabaseUrl is required.
    at validateSupabaseUrl (/Users/yann/spx-app/node_modules/@supabase/supabase-js/src/lib/helpers.ts:86:11)
    at new SupabaseClient (/Users/yann/spx-app/node_modules/@supabase/supabase-js/src/SupabaseClient.ts:284:21)
    at createClient (/Users/yann/spx-app/node_modules/@supabase/supabase-js/src/index.ts:65:10)
    at loadV17CompanyBrut (/Users/yann/spx-app/src/lib/company-core/load-company.ts:1843:18)
    at async loadV17Company (/Users/yann/spx-app/src/lib/company-core/load-company.ts:493:14)
    at async auditTicker (/Users/yann/spx-app/scripts/audit-pages-full.ts:51:19)
    at async main (/Users/yann/spx-app/scripts/audit-pages-full.ts:153:17)
image_findings merge failed for NVDA: Error: supabaseUrl is required.
    at validateSupabaseUrl (/Users/yann/spx-app/node_modules/@supabase/supabase-js/src/lib/helpers.ts:86:11)
    at new SupabaseClient (/Users/yann/spx-app/node_modules/@supabase/supabase-js/src/SupabaseClient.ts:284:21)
    at createClient (/Users/yann/spx-app/node_modules/@supabase/supabase-js/src/index.ts:65:10)
    at admin (/Users/yann/spx-app/src/lib/desk/image-findings.ts:118:10)
    at listApprovedForTicker (/Users/yann/spx-app/src/lib/desk/image-findings.ts:222:16)
    at loadV17CompanyBrut (/Users/yann/spx-app/src/lib/company-core/load-company.ts:1906:30)
    at async loadV17Company (/Users/yann/spx-app/src/lib/company-core/load-company.ts:493:14)
    at async auditTicker (/Users/yann/spx-app/scripts/audit-pages-full.ts:51:19)
    at async main (/Users/yann/spx-app/scripts/audit-pages-full.ts:153:17)
DEBUG2 kpisHaut FINAL injected count= 46 data.kpis shorts= [
  'DC_REV',
  'DC_COMPUTE',
  'NETWORKING',
  'GAMING_REV',
  'AUTO_REV',
  'PROVIS_REV',
  'CHINA_PCT',
  'GROSS_MARGIN',
  'HYPERSCALE_REV',
  'ACIE_REV',
  'EDGE_REV',
  'CA_TOTAL',
  'NET_INC',
  'OP_INC',
  'OP_MARGIN',
  'NET_MARGIN',
  'EPS_DIL',
  'RD_EXP',
  'SBC',
  'OCF',
  'CAPEX',
  'FCF',
  'BUYBACK',
  'DIV_PAID',
  'INVENTORIES',
  'CASH_INVEST',
  'LT_DEBT',
  'DIL_SHARES',
  'SEG_CN_REV',
  'SEG_CN_OP',
  'SEG_CN_MARGIN',
  'SEG_GFX_REV',
  'SEG_GFX_OP',
  'SEG_GFX_MARGIN',
  'US_REV',
  'TAIWAN_REV',
  'SUPPLY_COMMIT',
  'EMPLOYEES',
  'CLOUD_COMMIT',
  'WEB_NVIDIA_CLASSEME_TOP500',
  'WEB_PUCES_GRACE_CPU',
  'WEB_CAPACITE_CUMULEE_DEPLOYEE',
  'WEB_DEVELOPP_COMMUNAU_CUDA',
  'WEB_APPLICAT_OPTIMISE_CUDA',
  'WEB_MEMBRES_OPEN_SECURE',
  'INVENTORY_DAYS',
  'Data Center Networking revenue',
  'Hyperscale share of Data Center revenue',
  'Sovereign AI revenue growth',
  'Partner data centers over 10MW',
  'H100 rental price increase',
  'Physical AI revenue (trailing 12 months)',
  'Vera CPU total addressable market',
  'Quarterly free cash flow',
  'New share repurchase authorization',
  'Groq license agreement',
  'H20 excess inventory charge',
  'Fiscal year 2026 annual revenue',
  'Anthropic investment',
  'Intel investment',
  'Future data center lease commitments'
]
[hero-kpi-overrides] refetch failed, using stale cache Error: SUPABASE_SERVICE_ROLE_KEY manquante — vérifier .env.local
    at createSupabaseAdminClient (/Users/yann/spx-app/src/lib/supabase/admin.ts:16:11)
    at fetchAll (/Users/yann/spx-app/src/lib/company-core/hero-kpi-overrides.ts:31:20)
    at getHeroKpiOverride (/Users/yann/spx-app/src/lib/company-core/hero-kpi-overrides.ts:58:21)
    at loadV17CompanyBrut (/Users/yann/spx-app/src/lib/company-core/load-company.ts:3083:28)
    at async loadV17Company (/Users/yann/spx-app/src/lib/company-core/load-company.ts:493:14)
    at async auditTicker (/Users/yann/spx-app/scripts/audit-pages-full.ts:51:19)
    at async main (/Users/yann/spx-app/scripts/audit-pages-full.ts:153:17)
special_kpis merge failed for NWS: Error: supabaseUrl is required.
    at validateSupabaseUrl (/Users/yann/spx-app/node_modules/@supabase/supabase-js/src/lib/helpers.ts:86:11)
    at new SupabaseClient (/Users/yann/spx-app/node_modules/@supabase/supabase-js/src/SupabaseClient.ts:284:21)
    at createClient (/Users/yann/spx-app/node_modules/@supabase/supabase-js/src/index.ts:65:10)
    at admin (/Users/yann/spx-app/src/lib/desk/special-kpis.ts:152:10)
    at listPublishedForTicker (/Users/yann/spx-app/src/lib/desk/special-kpis.ts:175:16)
    at loadV17CompanyBrut (/Users/yann/spx-app/src/lib/company-core/load-company.ts:1779:30)
    at async loadV17Company (/Users/yann/spx-app/src/lib/company-core/load-company.ts:493:14)
    at async auditTicker (/Users/yann/spx-app/scripts/audit-pages-full.ts:51:19)
    at async main (/Users/yann/spx-app/scripts/audit-pages-full.ts:153:17)
kpi_requests merge failed for NWS: Error: supabaseUrl is required.
    at validateSupabaseUrl (/Users/yann/spx-app/node_modules/@supabase/supabase-js/src/lib/helpers.ts:86:11)
    at new SupabaseClient (/Users/yann/spx-app/node_modules/@supabase/supabase-js/src/SupabaseClient.ts:284:21)
    at createClient (/Users/yann/spx-app/node_modules/@supabase/supabase-js/src/index.ts:65:10)
    at loadV17CompanyBrut (/Users/yann/spx-app/src/lib/company-core/load-company.ts:1843:18)
    at async loadV17Company (/Users/yann/spx-app/src/lib/company-core/load-company.ts:493:14)
    at async auditTicker (/Users/yann/spx-app/scripts/audit-pages-full.ts:51:19)
    at async main (/Users/yann/spx-app/scripts/audit-pages-full.ts:153:17)
image_findings merge failed for NWS: Error: supabaseUrl is required.
    at validateSupabaseUrl (/Users/yann/spx-app/node_modules/@supabase/supabase-js/src/lib/helpers.ts:86:11)
    at new SupabaseClient (/Users/yann/spx-app/node_modules/@supabase/supabase-js/src/SupabaseClient.ts:284:21)
    at createClient (/Users/yann/spx-app/node_modules/@supabase/supabase-js/src/index.ts:65:10)
    at admin (/Users/yann/spx-app/src/lib/desk/image-findings.ts:118:10)
    at listApprovedForTicker (/Users/yann/spx-app/src/lib/desk/image-findings.ts:222:16)
    at loadV17CompanyBrut (/Users/yann/spx-app/src/lib/company-core/load-company.ts:1906:30)
    at async loadV17Company (/Users/yann/spx-app/src/lib/company-core/load-company.ts:493:14)
    at async auditTicker (/Users/yann/spx-app/scripts/audit-pages-full.ts:51:19)
    at async main (/Users/yann/spx-app/scripts/audit-pages-full.ts:153:17)
[hero-kpi-overrides] refetch failed, using stale cache Error: SUPABASE_SERVICE_ROLE_KEY manquante — vérifier .env.local
    at createSupabaseAdminClient (/Users/yann/spx-app/src/lib/supabase/admin.ts:16:11)
    at fetchAll (/Users/yann/spx-app/src/lib/company-core/hero-kpi-overrides.ts:31:20)
    at getHeroKpiOverride (/Users/yann/spx-app/src/lib/company-core/hero-kpi-overrides.ts:58:21)
    at loadV17CompanyBrut (/Users/yann/spx-app/src/lib/company-core/load-company.ts:3083:28)
    at async loadV17Company (/Users/yann/spx-app/src/lib/company-core/load-company.ts:493:14)
    at async auditTicker (/Users/yann/spx-app/scripts/audit-pages-full.ts:51:19)
    at async main (/Users/yann/spx-app/scripts/audit-pages-full.ts:153:17)
special_kpis merge failed for NWSA: Error: supabaseUrl is required.
    at validateSupabaseUrl (/Users/yann/spx-app/node_modules/@supabase/supabase-js/src/lib/helpers.ts:86:11)
    at new SupabaseClient (/Users/yann/spx-app/node_modules/@supabase/supabase-js/src/SupabaseClient.ts:284:21)
    at createClient (/Users/yann/spx-app/node_modules/@supabase/supabase-js/src/index.ts:65:10)
    at admin (/Users/yann/spx-app/src/lib/desk/special-kpis.ts:152:10)
    at listPublishedForTicker (/Users/yann/spx-app/src/lib/desk/special-kpis.ts:175:16)
    at loadV17CompanyBrut (/Users/yann/spx-app/src/lib/company-core/load-company.ts:1779:30)
    at async loadV17Company (/Users/yann/spx-app/src/lib/company-core/load-company.ts:493:14)
    at async auditTicker (/Users/yann/spx-app/scripts/audit-pages-full.ts:51:19)
    at async main (/Users/yann/spx-app/scripts/audit-pages-full.ts:153:17)
kpi_requests merge failed for NWSA: Error: supabaseUrl is required.
    at validateSupabaseUrl (/Users/yann/spx-app/node_modules/@supabase/supabase-js/src/lib/helpers.ts:86:11)
    at new SupabaseClient (/Users/yann/spx-app/node_modules/@supabase/supabase-js/src/SupabaseClient.ts:284:21)
    at createClient (/Users/yann/spx-app/node_modules/@supabase/supabase-js/src/index.ts:65:10)
    at loadV17CompanyBrut (/Users/yann/spx-app/src/lib/company-core/load-company.ts:1843:18)
    at async loadV17Company (/Users/yann/spx-app/src/lib/company-core/load-company.ts:493:14)
    at async auditTicker (/Users/yann/spx-app/scripts/audit-pages-full.ts:51:19)
    at async main (/Users/yann/spx-app/scripts/audit-pages-full.ts:153:17)
image_findings merge failed for NWSA: Error: supabaseUrl is required.
    at validateSupabaseUrl (/Users/yann/spx-app/node_modules/@supabase/supabase-js/src/lib/helpers.ts:86:11)
    at new SupabaseClient (/Users/yann/spx-app/node_modules/@supabase/supabase-js/src/SupabaseClient.ts:284:21)
    at createClient (/Users/yann/spx-app/node_modules/@supabase/supabase-js/src/index.ts:65:10)
    at admin (/Users/yann/spx-app/src/lib/desk/image-findings.ts:118:10)
    at listApprovedForTicker (/Users/yann/spx-app/src/lib/desk/image-findings.ts:222:16)
    at loadV17CompanyBrut (/Users/yann/spx-app/src/lib/company-core/load-company.ts:1906:30)
    at async loadV17Company (/Users/yann/spx-app/src/lib/company-core/load-company.ts:493:14)
    at async auditTicker (/Users/yann/spx-app/scripts/audit-pages-full.ts:51:19)
    at async main (/Users/yann/spx-app/scripts/audit-pages-full.ts:153:17)
[hero-kpi-overrides] refetch failed, using stale cache Error: SUPABASE_SERVICE_ROLE_KEY manquante — vérifier .env.local
    at createSupabaseAdminClient (/Users/yann/spx-app/src/lib/supabase/admin.ts:16:11)
    at fetchAll (/Users/yann/spx-app/src/lib/company-core/hero-kpi-overrides.ts:31:20)
    at getHeroKpiOverride (/Users/yann/spx-app/src/lib/company-core/hero-kpi-overrides.ts:58:21)
    at loadV17CompanyBrut (/Users/yann/spx-app/src/lib/company-core/load-company.ts:3083:28)
    at async loadV17Company (/Users/yann/spx-app/src/lib/company-core/load-company.ts:493:14)
    at async auditTicker (/Users/yann/spx-app/scripts/audit-pages-full.ts:51:19)
    at async main (/Users/yann/spx-app/scripts/audit-pages-full.ts:153:17)
special_kpis merge failed for NXPI: Error: supabaseUrl is required.
    at validateSupabaseUrl (/Users/yann/spx-app/node_modules/@supabase/supabase-js/src/lib/helpers.ts:86:11)
    at new SupabaseClient (/Users/yann/spx-app/node_modules/@supabase/supabase-js/src/SupabaseClient.ts:284:21)
    at createClient (/Users/yann/spx-app/node_modules/@supabase/supabase-js/src/index.ts:65:10)
    at admin (/Users/yann/spx-app/src/lib/desk/special-kpis.ts:152:10)
    at listPublishedForTicker (/Users/yann/spx-app/src/lib/desk/special-kpis.ts:175:16)
    at loadV17CompanyBrut (/Users/yann/spx-app/src/lib/company-core/load-company.ts:1779:30)
    at async loadV17Company (/Users/yann/spx-app/src/lib/company-core/load-company.ts:493:14)
    at async auditTicker (/Users/yann/spx-app/scripts/audit-pages-full.ts:51:19)
    at async main (/Users/yann/spx-app/scripts/audit-pages-full.ts:153:17)
kpi_requests merge failed for NXPI: Error: supabaseUrl is required.
    at validateSupabaseUrl (/Users/yann/spx-app/node_modules/@supabase/supabase-js/src/lib/helpers.ts:86:11)
    at new SupabaseClient (/Users/yann/spx-app/node_modules/@supabase/supabase-js/src/SupabaseClient.ts:284:21)
    at createClient (/Users/yann/spx-app/node_modules/@supabase/supabase-js/src/index.ts:65:10)
    at loadV17CompanyBrut (/Users/yann/spx-app/src/lib/company-core/load-company.ts:1843:18)
    at async loadV17Company (/Users/yann/spx-app/src/lib/company-core/load-company.ts:493:14)
    at async auditTicker (/Users/yann/spx-app/scripts/audit-pages-full.ts:51:19)
    at async main (/Users/yann/spx-app/scripts/audit-pages-full.ts:153:17)
image_findings merge failed for NXPI: Error: supabaseUrl is required.
    at validateSupabaseUrl (/Users/yann/spx-app/node_modules/@supabase/supabase-js/src/lib/helpers.ts:86:11)
    at new SupabaseClient (/Users/yann/spx-app/node_modules/@supabase/supabase-js/src/SupabaseClient.ts:284:21)
    at createClient (/Users/yann/spx-app/node_modules/@supabase/supabase-js/src/index.ts:65:10)
    at admin (/Users/yann/spx-app/src/lib/desk/image-findings.ts:118:10)
    at listApprovedForTicker (/Users/yann/spx-app/src/lib/desk/image-findings.ts:222:16)
    at loadV17CompanyBrut (/Users/yann/spx-app/src/lib/company-core/load-company.ts:1906:30)
    at async loadV17Company (/Users/yann/spx-app/src/lib/company-core/load-company.ts:493:14)
    at async auditTicker (/Users/yann/spx-app/scripts/audit-pages-full.ts:51:19)
    at async main (/Users/yann/spx-app/scripts/audit-pages-full.ts:153:17)
[hero-kpi-overrides] refetch failed, using stale cache Error: SUPABASE_SERVICE_ROLE_KEY manquante — vérifier .env.local
    at createSupabaseAdminClient (/Users/yann/spx-app/src/lib/supabase/admin.ts:16:11)
    at fetchAll (/Users/yann/spx-app/src/lib/company-core/hero-kpi-overrides.ts:31:20)
    at getHeroKpiOverride (/Users/yann/spx-app/src/lib/company-core/hero-kpi-overrides.ts:58:21)
    at loadV17CompanyBrut (/Users/yann/spx-app/src/lib/company-core/load-company.ts:3083:28)
    at async loadV17Company (/Users/yann/spx-app/src/lib/company-core/load-company.ts:493:14)
    at async auditTicker (/Users/yann/spx-app/scripts/audit-pages-full.ts:51:19)
    at async main (/Users/yann/spx-app/scripts/audit-pages-full.ts:153:17)
special_kpis merge failed for ODFL: Error: supabaseUrl is required.
    at validateSupabaseUrl (/Users/yann/spx-app/node_modules/@supabase/supabase-js/src/lib/helpers.ts:86:11)
    at new SupabaseClient (/Users/yann/spx-app/node_modules/@supabase/supabase-js/src/SupabaseClient.ts:284:21)
    at createClient (/Users/yann/spx-app/node_modules/@supabase/supabase-js/src/index.ts:65:10)
    at admin (/Users/yann/spx-app/src/lib/desk/special-kpis.ts:152:10)
    at listPublishedForTicker (/Users/yann/spx-app/src/lib/desk/special-kpis.ts:175:16)
    at loadV17CompanyBrut (/Users/yann/spx-app/src/lib/company-core/load-company.ts:1779:30)
    at async loadV17Company (/Users/yann/spx-app/src/lib/company-core/load-company.ts:493:14)
    at async auditTicker (/Users/yann/spx-app/scripts/audit-pages-full.ts:51:19)
    at async main (/Users/yann/spx-app/scripts/audit-pages-full.ts:153:17)
kpi_requests merge failed for ODFL: Error: supabaseUrl is required.
    at validateSupabaseUrl (/Users/yann/spx-app/node_modules/@supabase/supabase-js/src/lib/helpers.ts:86:11)
    at new SupabaseClient (/Users/yann/spx-app/node_modules/@supabase/supabase-js/src/SupabaseClient.ts:284:21)
    at createClient (/Users/yann/spx-app/node_modules/@supabase/supabase-js/src/index.ts:65:10)
    at loadV17CompanyBrut (/Users/yann/spx-app/src/lib/company-core/load-company.ts:1843:18)
    at async loadV17Company (/Users/yann/spx-app/src/lib/company-core/load-company.ts:493:14)
    at async auditTicker (/Users/yann/spx-app/scripts/audit-pages-full.ts:51:19)
    at async main (/Users/yann/spx-app/scripts/audit-pages-full.ts:153:17)
image_findings merge failed for ODFL: Error: supabaseUrl is required.
    at validateSupabaseUrl (/Users/yann/spx-app/node_modules/@supabase/supabase-js/src/lib/helpers.ts:86:11)
    at new SupabaseClient (/Users/yann/spx-app/node_modules/@supabase/supabase-js/src/SupabaseClient.ts:284:21)
    at createClient (/Users/yann/spx-app/node_modules/@supabase/supabase-js/src/index.ts:65:10)
    at admin (/Users/yann/spx-app/src/lib/desk/image-findings.ts:118:10)
    at listApprovedForTicker (/Users/yann/spx-app/src/lib/desk/image-findings.ts:222:16)
    at loadV17CompanyBrut (/Users/yann/spx-app/src/lib/company-core/load-company.ts:1906:30)
    at async loadV17Company (/Users/yann/spx-app/src/lib/company-core/load-company.ts:493:14)
    at async auditTicker (/Users/yann/spx-app/scripts/audit-pages-full.ts:51:19)
    at async main (/Users/yann/spx-app/scripts/audit-pages-full.ts:153:17)
[hero-kpi-overrides] refetch failed, using stale cache Error: SUPABASE_SERVICE_ROLE_KEY manquante — vérifier .env.local
    at createSupabaseAdminClient (/Users/yann/spx-app/src/lib/supabase/admin.ts:16:11)
    at fetchAll (/Users/yann/spx-app/src/lib/company-core/hero-kpi-overrides.ts:31:20)
    at getHeroKpiOverride (/Users/yann/spx-app/src/lib/company-core/hero-kpi-overrides.ts:58:21)
    at loadV17CompanyBrut (/Users/yann/spx-app/src/lib/company-core/load-company.ts:3083:28)
    at async loadV17Company (/Users/yann/spx-app/src/lib/company-core/load-company.ts:493:14)
    at async auditTicker (/Users/yann/spx-app/scripts/audit-pages-full.ts:51:19)
    at async main (/Users/yann/spx-app/scripts/audit-pages-full.ts:153:17)
special_kpis merge failed for ORCL: Error: supabaseUrl is required.
    at validateSupabaseUrl (/Users/yann/spx-app/node_modules/@supabase/supabase-js/src/lib/helpers.ts:86:11)
    at new SupabaseClient (/Users/yann/spx-app/node_modules/@supabase/supabase-js/src/SupabaseClient.ts:284:21)
    at createClient (/Users/yann/spx-app/node_modules/@supabase/supabase-js/src/index.ts:65:10)
    at admin (/Users/yann/spx-app/src/lib/desk/special-kpis.ts:152:10)
    at listPublishedForTicker (/Users/yann/spx-app/src/lib/desk/special-kpis.ts:175:16)
    at loadV17CompanyBrut (/Users/yann/spx-app/src/lib/company-core/load-company.ts:1779:30)
    at async loadV17Company (/Users/yann/spx-app/src/lib/company-core/load-company.ts:493:14)
    at async auditTicker (/Users/yann/spx-app/scripts/audit-pages-full.ts:51:19)
    at async main (/Users/yann/spx-app/scripts/audit-pages-full.ts:153:17)
kpi_requests merge failed for ORCL: Error: supabaseUrl is required.
    at validateSupabaseUrl (/Users/yann/spx-app/node_modules/@supabase/supabase-js/src/lib/helpers.ts:86:11)
    at new SupabaseClient (/Users/yann/spx-app/node_modules/@supabase/supabase-js/src/SupabaseClient.ts:284:21)
    at createClient (/Users/yann/spx-app/node_modules/@supabase/supabase-js/src/index.ts:65:10)
    at loadV17CompanyBrut (/Users/yann/spx-app/src/lib/company-core/load-company.ts:1843:18)
    at async loadV17Company (/Users/yann/spx-app/src/lib/company-core/load-company.ts:493:14)
    at async auditTicker (/Users/yann/spx-app/scripts/audit-pages-full.ts:51:19)
    at async main (/Users/yann/spx-app/scripts/audit-pages-full.ts:153:17)
image_findings merge failed for ORCL: Error: supabaseUrl is required.
    at validateSupabaseUrl (/Users/yann/spx-app/node_modules/@supabase/supabase-js/src/lib/helpers.ts:86:11)
    at new SupabaseClient (/Users/yann/spx-app/node_modules/@supabase/supabase-js/src/SupabaseClient.ts:284:21)
    at createClient (/Users/yann/spx-app/node_modules/@supabase/supabase-js/src/index.ts:65:10)
    at admin (/Users/yann/spx-app/src/lib/desk/image-findings.ts:118:10)
    at listApprovedForTicker (/Users/yann/spx-app/src/lib/desk/image-findings.ts:222:16)
    at loadV17CompanyBrut (/Users/yann/spx-app/src/lib/company-core/load-company.ts:1906:30)
    at async loadV17Company (/Users/yann/spx-app/src/lib/company-core/load-company.ts:493:14)
    at async auditTicker (/Users/yann/spx-app/scripts/audit-pages-full.ts:51:19)
    at async main (/Users/yann/spx-app/scripts/audit-pages-full.ts:153:17)
[hero-kpi-overrides] refetch failed, using stale cache Error: SUPABASE_SERVICE_ROLE_KEY manquante — vérifier .env.local
    at createSupabaseAdminClient (/Users/yann/spx-app/src/lib/supabase/admin.ts:16:11)
    at fetchAll (/Users/yann/spx-app/src/lib/company-core/hero-kpi-overrides.ts:31:20)
    at getHeroKpiOverride (/Users/yann/spx-app/src/lib/company-core/hero-kpi-overrides.ts:58:21)
    at loadV17CompanyBrut (/Users/yann/spx-app/src/lib/company-core/load-company.ts:3083:28)
    at async loadV17Company (/Users/yann/spx-app/src/lib/company-core/load-company.ts:493:14)
    at async auditTicker (/Users/yann/spx-app/scripts/audit-pages-full.ts:51:19)
    at async main (/Users/yann/spx-app/scripts/audit-pages-full.ts:153:17)
special_kpis merge failed for PANW: Error: supabaseUrl is required.
    at validateSupabaseUrl (/Users/yann/spx-app/node_modules/@supabase/supabase-js/src/lib/helpers.ts:86:11)
    at new SupabaseClient (/Users/yann/spx-app/node_modules/@supabase/supabase-js/src/SupabaseClient.ts:284:21)
    at createClient (/Users/yann/spx-app/node_modules/@supabase/supabase-js/src/index.ts:65:10)
    at admin (/Users/yann/spx-app/src/lib/desk/special-kpis.ts:152:10)
    at listPublishedForTicker (/Users/yann/spx-app/src/lib/desk/special-kpis.ts:175:16)
    at loadV17CompanyBrut (/Users/yann/spx-app/src/lib/company-core/load-company.ts:1779:30)
    at async loadV17Company (/Users/yann/spx-app/src/lib/company-core/load-company.ts:493:14)
    at async auditTicker (/Users/yann/spx-app/scripts/audit-pages-full.ts:51:19)
    at async main (/Users/yann/spx-app/scripts/audit-pages-full.ts:153:17)
kpi_requests merge failed for PANW: Error: supabaseUrl is required.
    at validateSupabaseUrl (/Users/yann/spx-app/node_modules/@supabase/supabase-js/src/lib/helpers.ts:86:11)
    at new SupabaseClient (/Users/yann/spx-app/node_modules/@supabase/supabase-js/src/SupabaseClient.ts:284:21)
    at createClient (/Users/yann/spx-app/node_modules/@supabase/supabase-js/src/index.ts:65:10)
    at loadV17CompanyBrut (/Users/yann/spx-app/src/lib/company-core/load-company.ts:1843:18)
    at async loadV17Company (/Users/yann/spx-app/src/lib/company-core/load-company.ts:493:14)
    at async auditTicker (/Users/yann/spx-app/scripts/audit-pages-full.ts:51:19)
    at async main (/Users/yann/spx-app/scripts/audit-pages-full.ts:153:17)
image_findings merge failed for PANW: Error: supabaseUrl is required.
    at validateSupabaseUrl (/Users/yann/spx-app/node_modules/@supabase/supabase-js/src/lib/helpers.ts:86:11)
    at new SupabaseClient (/Users/yann/spx-app/node_modules/@supabase/supabase-js/src/SupabaseClient.ts:284:21)
    at createClient (/Users/yann/spx-app/node_modules/@supabase/supabase-js/src/index.ts:65:10)
    at admin (/Users/yann/spx-app/src/lib/desk/image-findings.ts:118:10)
    at listApprovedForTicker (/Users/yann/spx-app/src/lib/desk/image-findings.ts:222:16)
    at loadV17CompanyBrut (/Users/yann/spx-app/src/lib/company-core/load-company.ts:1906:30)
    at async loadV17Company (/Users/yann/spx-app/src/lib/company-core/load-company.ts:493:14)
    at async auditTicker (/Users/yann/spx-app/scripts/audit-pages-full.ts:51:19)
    at async main (/Users/yann/spx-app/scripts/audit-pages-full.ts:153:17)
[hero-kpi-overrides] refetch failed, using stale cache Error: SUPABASE_SERVICE_ROLE_KEY manquante — vérifier .env.local
    at createSupabaseAdminClient (/Users/yann/spx-app/src/lib/supabase/admin.ts:16:11)
    at fetchAll (/Users/yann/spx-app/src/lib/company-core/hero-kpi-overrides.ts:31:20)
    at getHeroKpiOverride (/Users/yann/spx-app/src/lib/company-core/hero-kpi-overrides.ts:58:21)
    at loadV17CompanyBrut (/Users/yann/spx-app/src/lib/company-core/load-company.ts:3083:28)
    at async loadV17Company (/Users/yann/spx-app/src/lib/company-core/load-company.ts:493:14)
    at async auditTicker (/Users/yann/spx-app/scripts/audit-pages-full.ts:51:19)
    at async main (/Users/yann/spx-app/scripts/audit-pages-full.ts:153:17)
special_kpis merge failed for PAYX: Error: supabaseUrl is required.
    at validateSupabaseUrl (/Users/yann/spx-app/node_modules/@supabase/supabase-js/src/lib/helpers.ts:86:11)
    at new SupabaseClient (/Users/yann/spx-app/node_modules/@supabase/supabase-js/src/SupabaseClient.ts:284:21)
    at createClient (/Users/yann/spx-app/node_modules/@supabase/supabase-js/src/index.ts:65:10)
    at admin (/Users/yann/spx-app/src/lib/desk/special-kpis.ts:152:10)
    at listPublishedForTicker (/Users/yann/spx-app/src/lib/desk/special-kpis.ts:175:16)
    at loadV17CompanyBrut (/Users/yann/spx-app/src/lib/company-core/load-company.ts:1779:30)
    at async loadV17Company (/Users/yann/spx-app/src/lib/company-core/load-company.ts:493:14)
    at async auditTicker (/Users/yann/spx-app/scripts/audit-pages-full.ts:51:19)
    at async main (/Users/yann/spx-app/scripts/audit-pages-full.ts:153:17)
kpi_requests merge failed for PAYX: Error: supabaseUrl is required.
    at validateSupabaseUrl (/Users/yann/spx-app/node_modules/@supabase/supabase-js/src/lib/helpers.ts:86:11)
    at new SupabaseClient (/Users/yann/spx-app/node_modules/@supabase/supabase-js/src/SupabaseClient.ts:284:21)
    at createClient (/Users/yann/spx-app/node_modules/@supabase/supabase-js/src/index.ts:65:10)
    at loadV17CompanyBrut (/Users/yann/spx-app/src/lib/company-core/load-company.ts:1843:18)
    at async loadV17Company (/Users/yann/spx-app/src/lib/company-core/load-company.ts:493:14)
    at async auditTicker (/Users/yann/spx-app/scripts/audit-pages-full.ts:51:19)
    at async main (/Users/yann/spx-app/scripts/audit-pages-full.ts:153:17)
image_findings merge failed for PAYX: Error: supabaseUrl is required.
    at validateSupabaseUrl (/Users/yann/spx-app/node_modules/@supabase/supabase-js/src/lib/helpers.ts:86:11)
    at new SupabaseClient (/Users/yann/spx-app/node_modules/@supabase/supabase-js/src/SupabaseClient.ts:284:21)
    at createClient (/Users/yann/spx-app/node_modules/@supabase/supabase-js/src/index.ts:65:10)
    at admin (/Users/yann/spx-app/src/lib/desk/image-findings.ts:118:10)
    at listApprovedForTicker (/Users/yann/spx-app/src/lib/desk/image-findings.ts:222:16)
    at loadV17CompanyBrut (/Users/yann/spx-app/src/lib/company-core/load-company.ts:1906:30)
    at async loadV17Company (/Users/yann/spx-app/src/lib/company-core/load-company.ts:493:14)
    at async auditTicker (/Users/yann/spx-app/scripts/audit-pages-full.ts:51:19)
    at async main (/Users/yann/spx-app/scripts/audit-pages-full.ts:153:17)
[hero-kpi-overrides] refetch failed, using stale cache Error: SUPABASE_SERVICE_ROLE_KEY manquante — vérifier .env.local
    at createSupabaseAdminClient (/Users/yann/spx-app/src/lib/supabase/admin.ts:16:11)
    at fetchAll (/Users/yann/spx-app/src/lib/company-core/hero-kpi-overrides.ts:31:20)
    at getHeroKpiOverride (/Users/yann/spx-app/src/lib/company-core/hero-kpi-overrides.ts:58:21)
    at loadV17CompanyBrut (/Users/yann/spx-app/src/lib/company-core/load-company.ts:3083:28)
    at async loadV17Company (/Users/yann/spx-app/src/lib/company-core/load-company.ts:493:14)
    at async auditTicker (/Users/yann/spx-app/scripts/audit-pages-full.ts:51:19)
    at async main (/Users/yann/spx-app/scripts/audit-pages-full.ts:153:17)
special_kpis merge failed for PFG: Error: supabaseUrl is required.
    at validateSupabaseUrl (/Users/yann/spx-app/node_modules/@supabase/supabase-js/src/lib/helpers.ts:86:11)
    at new SupabaseClient (/Users/yann/spx-app/node_modules/@supabase/supabase-js/src/SupabaseClient.ts:284:21)
    at createClient (/Users/yann/spx-app/node_modules/@supabase/supabase-js/src/index.ts:65:10)
    at admin (/Users/yann/spx-app/src/lib/desk/special-kpis.ts:152:10)
    at listPublishedForTicker (/Users/yann/spx-app/src/lib/desk/special-kpis.ts:175:16)
    at loadV17CompanyBrut (/Users/yann/spx-app/src/lib/company-core/load-company.ts:1779:30)
    at async loadV17Company (/Users/yann/spx-app/src/lib/company-core/load-company.ts:493:14)
    at async auditTicker (/Users/yann/spx-app/scripts/audit-pages-full.ts:51:19)
    at async main (/Users/yann/spx-app/scripts/audit-pages-full.ts:153:17)
kpi_requests merge failed for PFG: Error: supabaseUrl is required.
    at validateSupabaseUrl (/Users/yann/spx-app/node_modules/@supabase/supabase-js/src/lib/helpers.ts:86:11)
    at new SupabaseClient (/Users/yann/spx-app/node_modules/@supabase/supabase-js/src/SupabaseClient.ts:284:21)
    at createClient (/Users/yann/spx-app/node_modules/@supabase/supabase-js/src/index.ts:65:10)
    at loadV17CompanyBrut (/Users/yann/spx-app/src/lib/company-core/load-company.ts:1843:18)
    at async loadV17Company (/Users/yann/spx-app/src/lib/company-core/load-company.ts:493:14)
    at async auditTicker (/Users/yann/spx-app/scripts/audit-pages-full.ts:51:19)
    at async main (/Users/yann/spx-app/scripts/audit-pages-full.ts:153:17)
image_findings merge failed for PFG: Error: supabaseUrl is required.
    at validateSupabaseUrl (/Users/yann/spx-app/node_modules/@supabase/supabase-js/src/lib/helpers.ts:86:11)
    at new SupabaseClient (/Users/yann/spx-app/node_modules/@supabase/supabase-js/src/SupabaseClient.ts:284:21)
    at createClient (/Users/yann/spx-app/node_modules/@supabase/supabase-js/src/index.ts:65:10)
    at admin (/Users/yann/spx-app/src/lib/desk/image-findings.ts:118:10)
    at listApprovedForTicker (/Users/yann/spx-app/src/lib/desk/image-findings.ts:222:16)
    at loadV17CompanyBrut (/Users/yann/spx-app/src/lib/company-core/load-company.ts:1906:30)
    at async loadV17Company (/Users/yann/spx-app/src/lib/company-core/load-company.ts:493:14)
    at async auditTicker (/Users/yann/spx-app/scripts/audit-pages-full.ts:51:19)
    at async main (/Users/yann/spx-app/scripts/audit-pages-full.ts:153:17)
[hero-kpi-overrides] refetch failed, using stale cache Error: SUPABASE_SERVICE_ROLE_KEY manquante — vérifier .env.local
    at createSupabaseAdminClient (/Users/yann/spx-app/src/lib/supabase/admin.ts:16:11)
    at fetchAll (/Users/yann/spx-app/src/lib/company-core/hero-kpi-overrides.ts:31:20)
    at getHeroKpiOverride (/Users/yann/spx-app/src/lib/company-core/hero-kpi-overrides.ts:58:21)
    at loadV17CompanyBrut (/Users/yann/spx-app/src/lib/company-core/load-company.ts:3083:28)
    at async loadV17Company (/Users/yann/spx-app/src/lib/company-core/load-company.ts:493:14)
    at async auditTicker (/Users/yann/spx-app/scripts/audit-pages-full.ts:51:19)
    at async main (/Users/yann/spx-app/scripts/audit-pages-full.ts:153:17)
special_kpis merge failed for PH: Error: supabaseUrl is required.
    at validateSupabaseUrl (/Users/yann/spx-app/node_modules/@supabase/supabase-js/src/lib/helpers.ts:86:11)
    at new SupabaseClient (/Users/yann/spx-app/node_modules/@supabase/supabase-js/src/SupabaseClient.ts:284:21)
    at createClient (/Users/yann/spx-app/node_modules/@supabase/supabase-js/src/index.ts:65:10)
    at admin (/Users/yann/spx-app/src/lib/desk/special-kpis.ts:152:10)
    at listPublishedForTicker (/Users/yann/spx-app/src/lib/desk/special-kpis.ts:175:16)
    at loadV17CompanyBrut (/Users/yann/spx-app/src/lib/company-core/load-company.ts:1779:30)
    at async loadV17Company (/Users/yann/spx-app/src/lib/company-core/load-company.ts:493:14)
    at async auditTicker (/Users/yann/spx-app/scripts/audit-pages-full.ts:51:19)
    at async main (/Users/yann/spx-app/scripts/audit-pages-full.ts:153:17)
kpi_requests merge failed for PH: Error: supabaseUrl is required.
    at validateSupabaseUrl (/Users/yann/spx-app/node_modules/@supabase/supabase-js/src/lib/helpers.ts:86:11)
    at new SupabaseClient (/Users/yann/spx-app/node_modules/@supabase/supabase-js/src/SupabaseClient.ts:284:21)
    at createClient (/Users/yann/spx-app/node_modules/@supabase/supabase-js/src/index.ts:65:10)
    at loadV17CompanyBrut (/Users/yann/spx-app/src/lib/company-core/load-company.ts:1843:18)
    at async loadV17Company (/Users/yann/spx-app/src/lib/company-core/load-company.ts:493:14)
    at async auditTicker (/Users/yann/spx-app/scripts/audit-pages-full.ts:51:19)
    at async main (/Users/yann/spx-app/scripts/audit-pages-full.ts:153:17)
image_findings merge failed for PH: Error: supabaseUrl is required.
    at validateSupabaseUrl (/Users/yann/spx-app/node_modules/@supabase/supabase-js/src/lib/helpers.ts:86:11)
    at new SupabaseClient (/Users/yann/spx-app/node_modules/@supabase/supabase-js/src/SupabaseClient.ts:284:21)
    at createClient (/Users/yann/spx-app/node_modules/@supabase/supabase-js/src/index.ts:65:10)
    at admin (/Users/yann/spx-app/src/lib/desk/image-findings.ts:118:10)
    at listApprovedForTicker (/Users/yann/spx-app/src/lib/desk/image-findings.ts:222:16)
    at loadV17CompanyBrut (/Users/yann/spx-app/src/lib/company-core/load-company.ts:1906:30)
    at async loadV17Company (/Users/yann/spx-app/src/lib/company-core/load-company.ts:493:14)
    at async auditTicker (/Users/yann/spx-app/scripts/audit-pages-full.ts:51:19)
    at async main (/Users/yann/spx-app/scripts/audit-pages-full.ts:153:17)
[hero-kpi-overrides] refetch failed, using stale cache Error: SUPABASE_SERVICE_ROLE_KEY manquante — vérifier .env.local
    at createSupabaseAdminClient (/Users/yann/spx-app/src/lib/supabase/admin.ts:16:11)
    at fetchAll (/Users/yann/spx-app/src/lib/company-core/hero-kpi-overrides.ts:31:20)
    at getHeroKpiOverride (/Users/yann/spx-app/src/lib/company-core/hero-kpi-overrides.ts:58:21)
    at loadV17CompanyBrut (/Users/yann/spx-app/src/lib/company-core/load-company.ts:3083:28)
    at async loadV17Company (/Users/yann/spx-app/src/lib/company-core/load-company.ts:493:14)
    at async auditTicker (/Users/yann/spx-app/scripts/audit-pages-full.ts:51:19)
    at async main (/Users/yann/spx-app/scripts/audit-pages-full.ts:153:17)
special_kpis merge failed for PM: Error: supabaseUrl is required.
    at validateSupabaseUrl (/Users/yann/spx-app/node_modules/@supabase/supabase-js/src/lib/helpers.ts:86:11)
    at new SupabaseClient (/Users/yann/spx-app/node_modules/@supabase/supabase-js/src/SupabaseClient.ts:284:21)
    at createClient (/Users/yann/spx-app/node_modules/@supabase/supabase-js/src/index.ts:65:10)
    at admin (/Users/yann/spx-app/src/lib/desk/special-kpis.ts:152:10)
    at listPublishedForTicker (/Users/yann/spx-app/src/lib/desk/special-kpis.ts:175:16)
    at loadV17CompanyBrut (/Users/yann/spx-app/src/lib/company-core/load-company.ts:1779:30)
    at async loadV17Company (/Users/yann/spx-app/src/lib/company-core/load-company.ts:493:14)
    at async auditTicker (/Users/yann/spx-app/scripts/audit-pages-full.ts:51:19)
    at async main (/Users/yann/spx-app/scripts/audit-pages-full.ts:153:17)
kpi_requests merge failed for PM: Error: supabaseUrl is required.
    at validateSupabaseUrl (/Users/yann/spx-app/node_modules/@supabase/supabase-js/src/lib/helpers.ts:86:11)
    at new SupabaseClient (/Users/yann/spx-app/node_modules/@supabase/supabase-js/src/SupabaseClient.ts:284:21)
    at createClient (/Users/yann/spx-app/node_modules/@supabase/supabase-js/src/index.ts:65:10)
    at loadV17CompanyBrut (/Users/yann/spx-app/src/lib/company-core/load-company.ts:1843:18)
    at async loadV17Company (/Users/yann/spx-app/src/lib/company-core/load-company.ts:493:14)
    at async auditTicker (/Users/yann/spx-app/scripts/audit-pages-full.ts:51:19)
    at async main (/Users/yann/spx-app/scripts/audit-pages-full.ts:153:17)
image_findings merge failed for PM: Error: supabaseUrl is required.
    at validateSupabaseUrl (/Users/yann/spx-app/node_modules/@supabase/supabase-js/src/lib/helpers.ts:86:11)
    at new SupabaseClient (/Users/yann/spx-app/node_modules/@supabase/supabase-js/src/SupabaseClient.ts:284:21)
    at createClient (/Users/yann/spx-app/node_modules/@supabase/supabase-js/src/index.ts:65:10)
    at admin (/Users/yann/spx-app/src/lib/desk/image-findings.ts:118:10)
    at listApprovedForTicker (/Users/yann/spx-app/src/lib/desk/image-findings.ts:222:16)
    at loadV17CompanyBrut (/Users/yann/spx-app/src/lib/company-core/load-company.ts:1906:30)
    at async loadV17Company (/Users/yann/spx-app/src/lib/company-core/load-company.ts:493:14)
    at async auditTicker (/Users/yann/spx-app/scripts/audit-pages-full.ts:51:19)
    at async main (/Users/yann/spx-app/scripts/audit-pages-full.ts:153:17)
[hero-kpi-overrides] refetch failed, using stale cache Error: SUPABASE_SERVICE_ROLE_KEY manquante — vérifier .env.local
    at createSupabaseAdminClient (/Users/yann/spx-app/src/lib/supabase/admin.ts:16:11)
    at fetchAll (/Users/yann/spx-app/src/lib/company-core/hero-kpi-overrides.ts:31:20)
    at getHeroKpiOverride (/Users/yann/spx-app/src/lib/company-core/hero-kpi-overrides.ts:58:21)
    at loadV17CompanyBrut (/Users/yann/spx-app/src/lib/company-core/load-company.ts:3083:28)
    at async loadV17Company (/Users/yann/spx-app/src/lib/company-core/load-company.ts:493:14)
    at async auditTicker (/Users/yann/spx-app/scripts/audit-pages-full.ts:51:19)
    at async main (/Users/yann/spx-app/scripts/audit-pages-full.ts:153:17)
special_kpis merge failed for PNW: Error: supabaseUrl is required.
    at validateSupabaseUrl (/Users/yann/spx-app/node_modules/@supabase/supabase-js/src/lib/helpers.ts:86:11)
    at new SupabaseClient (/Users/yann/spx-app/node_modules/@supabase/supabase-js/src/SupabaseClient.ts:284:21)
    at createClient (/Users/yann/spx-app/node_modules/@supabase/supabase-js/src/index.ts:65:10)
    at admin (/Users/yann/spx-app/src/lib/desk/special-kpis.ts:152:10)
    at listPublishedForTicker (/Users/yann/spx-app/src/lib/desk/special-kpis.ts:175:16)
    at loadV17CompanyBrut (/Users/yann/spx-app/src/lib/company-core/load-company.ts:1779:30)
    at async loadV17Company (/Users/yann/spx-app/src/lib/company-core/load-company.ts:493:14)
    at async auditTicker (/Users/yann/spx-app/scripts/audit-pages-full.ts:51:19)
    at async main (/Users/yann/spx-app/scripts/audit-pages-full.ts:153:17)
kpi_requests merge failed for PNW: Error: supabaseUrl is required.
    at validateSupabaseUrl (/Users/yann/spx-app/node_modules/@supabase/supabase-js/src/lib/helpers.ts:86:11)
    at new SupabaseClient (/Users/yann/spx-app/node_modules/@supabase/supabase-js/src/SupabaseClient.ts:284:21)
    at createClient (/Users/yann/spx-app/node_modules/@supabase/supabase-js/src/index.ts:65:10)
    at loadV17CompanyBrut (/Users/yann/spx-app/src/lib/company-core/load-company.ts:1843:18)
    at async loadV17Company (/Users/yann/spx-app/src/lib/company-core/load-company.ts:493:14)
    at async auditTicker (/Users/yann/spx-app/scripts/audit-pages-full.ts:51:19)
    at async main (/Users/yann/spx-app/scripts/audit-pages-full.ts:153:17)
image_findings merge failed for PNW: Error: supabaseUrl is required.
    at validateSupabaseUrl (/Users/yann/spx-app/node_modules/@supabase/supabase-js/src/lib/helpers.ts:86:11)
    at new SupabaseClient (/Users/yann/spx-app/node_modules/@supabase/supabase-js/src/SupabaseClient.ts:284:21)
    at createClient (/Users/yann/spx-app/node_modules/@supabase/supabase-js/src/index.ts:65:10)
    at admin (/Users/yann/spx-app/src/lib/desk/image-findings.ts:118:10)
    at listApprovedForTicker (/Users/yann/spx-app/src/lib/desk/image-findings.ts:222:16)
    at loadV17CompanyBrut (/Users/yann/spx-app/src/lib/company-core/load-company.ts:1906:30)
    at async loadV17Company (/Users/yann/spx-app/src/lib/company-core/load-company.ts:493:14)
    at async auditTicker (/Users/yann/spx-app/scripts/audit-pages-full.ts:51:19)
    at async main (/Users/yann/spx-app/scripts/audit-pages-full.ts:153:17)
[hero-kpi-overrides] refetch failed, using stale cache Error: SUPABASE_SERVICE_ROLE_KEY manquante — vérifier .env.local
    at createSupabaseAdminClient (/Users/yann/spx-app/src/lib/supabase/admin.ts:16:11)
    at fetchAll (/Users/yann/spx-app/src/lib/company-core/hero-kpi-overrides.ts:31:20)
    at getHeroKpiOverride (/Users/yann/spx-app/src/lib/company-core/hero-kpi-overrides.ts:58:21)
    at loadV17CompanyBrut (/Users/yann/spx-app/src/lib/company-core/load-company.ts:3083:28)
    at async loadV17Company (/Users/yann/spx-app/src/lib/company-core/load-company.ts:493:14)
    at async auditTicker (/Users/yann/spx-app/scripts/audit-pages-full.ts:51:19)
    at async main (/Users/yann/spx-app/scripts/audit-pages-full.ts:153:17)
special_kpis merge failed for PODD: Error: supabaseUrl is required.
    at validateSupabaseUrl (/Users/yann/spx-app/node_modules/@supabase/supabase-js/src/lib/helpers.ts:86:11)
    at new SupabaseClient (/Users/yann/spx-app/node_modules/@supabase/supabase-js/src/SupabaseClient.ts:284:21)
    at createClient (/Users/yann/spx-app/node_modules/@supabase/supabase-js/src/index.ts:65:10)
    at admin (/Users/yann/spx-app/src/lib/desk/special-kpis.ts:152:10)
    at listPublishedForTicker (/Users/yann/spx-app/src/lib/desk/special-kpis.ts:175:16)
    at loadV17CompanyBrut (/Users/yann/spx-app/src/lib/company-core/load-company.ts:1779:30)
    at async loadV17Company (/Users/yann/spx-app/src/lib/company-core/load-company.ts:493:14)
    at async auditTicker (/Users/yann/spx-app/scripts/audit-pages-full.ts:51:19)
    at async main (/Users/yann/spx-app/scripts/audit-pages-full.ts:153:17)
kpi_requests merge failed for PODD: Error: supabaseUrl is required.
    at validateSupabaseUrl (/Users/yann/spx-app/node_modules/@supabase/supabase-js/src/lib/helpers.ts:86:11)
    at new SupabaseClient (/Users/yann/spx-app/node_modules/@supabase/supabase-js/src/SupabaseClient.ts:284:21)
    at createClient (/Users/yann/spx-app/node_modules/@supabase/supabase-js/src/index.ts:65:10)
    at loadV17CompanyBrut (/Users/yann/spx-app/src/lib/company-core/load-company.ts:1843:18)
    at async loadV17Company (/Users/yann/spx-app/src/lib/company-core/load-company.ts:493:14)
    at async auditTicker (/Users/yann/spx-app/scripts/audit-pages-full.ts:51:19)
    at async main (/Users/yann/spx-app/scripts/audit-pages-full.ts:153:17)
image_findings merge failed for PODD: Error: supabaseUrl is required.
    at validateSupabaseUrl (/Users/yann/spx-app/node_modules/@supabase/supabase-js/src/lib/helpers.ts:86:11)
    at new SupabaseClient (/Users/yann/spx-app/node_modules/@supabase/supabase-js/src/SupabaseClient.ts:284:21)
    at createClient (/Users/yann/spx-app/node_modules/@supabase/supabase-js/src/index.ts:65:10)
    at admin (/Users/yann/spx-app/src/lib/desk/image-findings.ts:118:10)
    at listApprovedForTicker (/Users/yann/spx-app/src/lib/desk/image-findings.ts:222:16)
    at loadV17CompanyBrut (/Users/yann/spx-app/src/lib/company-core/load-company.ts:1906:30)
    at async loadV17Company (/Users/yann/spx-app/src/lib/company-core/load-company.ts:493:14)
    at async auditTicker (/Users/yann/spx-app/scripts/audit-pages-full.ts:51:19)
    at async main (/Users/yann/spx-app/scripts/audit-pages-full.ts:153:17)
[hero-kpi-overrides] refetch failed, using stale cache Error: SUPABASE_SERVICE_ROLE_KEY manquante — vérifier .env.local
    at createSupabaseAdminClient (/Users/yann/spx-app/src/lib/supabase/admin.ts:16:11)
    at fetchAll (/Users/yann/spx-app/src/lib/company-core/hero-kpi-overrides.ts:31:20)
    at getHeroKpiOverride (/Users/yann/spx-app/src/lib/company-core/hero-kpi-overrides.ts:58:21)
    at loadV17CompanyBrut (/Users/yann/spx-app/src/lib/company-core/load-company.ts:3083:28)
    at async loadV17Company (/Users/yann/spx-app/src/lib/company-core/load-company.ts:493:14)
    at async auditTicker (/Users/yann/spx-app/scripts/audit-pages-full.ts:51:19)
    at async main (/Users/yann/spx-app/scripts/audit-pages-full.ts:153:17)
special_kpis merge failed for PSA: Error: supabaseUrl is required.
    at validateSupabaseUrl (/Users/yann/spx-app/node_modules/@supabase/supabase-js/src/lib/helpers.ts:86:11)
    at new SupabaseClient (/Users/yann/spx-app/node_modules/@supabase/supabase-js/src/SupabaseClient.ts:284:21)
    at createClient (/Users/yann/spx-app/node_modules/@supabase/supabase-js/src/index.ts:65:10)
    at admin (/Users/yann/spx-app/src/lib/desk/special-kpis.ts:152:10)
    at listPublishedForTicker (/Users/yann/spx-app/src/lib/desk/special-kpis.ts:175:16)
    at loadV17CompanyBrut (/Users/yann/spx-app/src/lib/company-core/load-company.ts:1779:30)
    at async loadV17Company (/Users/yann/spx-app/src/lib/company-core/load-company.ts:493:14)
    at async auditTicker (/Users/yann/spx-app/scripts/audit-pages-full.ts:51:19)
    at async main (/Users/yann/spx-app/scripts/audit-pages-full.ts:153:17)
kpi_requests merge failed for PSA: Error: supabaseUrl is required.
    at validateSupabaseUrl (/Users/yann/spx-app/node_modules/@supabase/supabase-js/src/lib/helpers.ts:86:11)
    at new SupabaseClient (/Users/yann/spx-app/node_modules/@supabase/supabase-js/src/SupabaseClient.ts:284:21)
    at createClient (/Users/yann/spx-app/node_modules/@supabase/supabase-js/src/index.ts:65:10)
    at loadV17CompanyBrut (/Users/yann/spx-app/src/lib/company-core/load-company.ts:1843:18)
    at async loadV17Company (/Users/yann/spx-app/src/lib/company-core/load-company.ts:493:14)
    at async auditTicker (/Users/yann/spx-app/scripts/audit-pages-full.ts:51:19)
    at async main (/Users/yann/spx-app/scripts/audit-pages-full.ts:153:17)
image_findings merge failed for PSA: Error: supabaseUrl is required.
    at validateSupabaseUrl (/Users/yann/spx-app/node_modules/@supabase/supabase-js/src/lib/helpers.ts:86:11)
    at new SupabaseClient (/Users/yann/spx-app/node_modules/@supabase/supabase-js/src/SupabaseClient.ts:284:21)
    at createClient (/Users/yann/spx-app/node_modules/@supabase/supabase-js/src/index.ts:65:10)
    at admin (/Users/yann/spx-app/src/lib/desk/image-findings.ts:118:10)
    at listApprovedForTicker (/Users/yann/spx-app/src/lib/desk/image-findings.ts:222:16)
    at loadV17CompanyBrut (/Users/yann/spx-app/src/lib/company-core/load-company.ts:1906:30)
    at async loadV17Company (/Users/yann/spx-app/src/lib/company-core/load-company.ts:493:14)
    at async auditTicker (/Users/yann/spx-app/scripts/audit-pages-full.ts:51:19)
    at async main (/Users/yann/spx-app/scripts/audit-pages-full.ts:153:17)
[hero-kpi-overrides] refetch failed, using stale cache Error: SUPABASE_SERVICE_ROLE_KEY manquante — vérifier .env.local
    at createSupabaseAdminClient (/Users/yann/spx-app/src/lib/supabase/admin.ts:16:11)
    at fetchAll (/Users/yann/spx-app/src/lib/company-core/hero-kpi-overrides.ts:31:20)
    at getHeroKpiOverride (/Users/yann/spx-app/src/lib/company-core/hero-kpi-overrides.ts:58:21)
    at loadV17CompanyBrut (/Users/yann/spx-app/src/lib/company-core/load-company.ts:3083:28)
    at async loadV17Company (/Users/yann/spx-app/src/lib/company-core/load-company.ts:493:14)
    at async auditTicker (/Users/yann/spx-app/scripts/audit-pages-full.ts:51:19)
    at async main (/Users/yann/spx-app/scripts/audit-pages-full.ts:153:17)
special_kpis merge failed for Q: Error: supabaseUrl is required.
    at validateSupabaseUrl (/Users/yann/spx-app/node_modules/@supabase/supabase-js/src/lib/helpers.ts:86:11)
    at new SupabaseClient (/Users/yann/spx-app/node_modules/@supabase/supabase-js/src/SupabaseClient.ts:284:21)
    at createClient (/Users/yann/spx-app/node_modules/@supabase/supabase-js/src/index.ts:65:10)
    at admin (/Users/yann/spx-app/src/lib/desk/special-kpis.ts:152:10)
    at listPublishedForTicker (/Users/yann/spx-app/src/lib/desk/special-kpis.ts:175:16)
    at loadV17CompanyBrut (/Users/yann/spx-app/src/lib/company-core/load-company.ts:1779:30)
    at async loadV17Company (/Users/yann/spx-app/src/lib/company-core/load-company.ts:493:14)
    at async auditTicker (/Users/yann/spx-app/scripts/audit-pages-full.ts:51:19)
    at async main (/Users/yann/spx-app/scripts/audit-pages-full.ts:153:17)
kpi_requests merge failed for Q: Error: supabaseUrl is required.
    at validateSupabaseUrl (/Users/yann/spx-app/node_modules/@supabase/supabase-js/src/lib/helpers.ts:86:11)
    at new SupabaseClient (/Users/yann/spx-app/node_modules/@supabase/supabase-js/src/SupabaseClient.ts:284:21)
    at createClient (/Users/yann/spx-app/node_modules/@supabase/supabase-js/src/index.ts:65:10)
    at loadV17CompanyBrut (/Users/yann/spx-app/src/lib/company-core/load-company.ts:1843:18)
    at async loadV17Company (/Users/yann/spx-app/src/lib/company-core/load-company.ts:493:14)
    at async auditTicker (/Users/yann/spx-app/scripts/audit-pages-full.ts:51:19)
    at async main (/Users/yann/spx-app/scripts/audit-pages-full.ts:153:17)
image_findings merge failed for Q: Error: supabaseUrl is required.
    at validateSupabaseUrl (/Users/yann/spx-app/node_modules/@supabase/supabase-js/src/lib/helpers.ts:86:11)
    at new SupabaseClient (/Users/yann/spx-app/node_modules/@supabase/supabase-js/src/SupabaseClient.ts:284:21)
    at createClient (/Users/yann/spx-app/node_modules/@supabase/supabase-js/src/index.ts:65:10)
    at admin (/Users/yann/spx-app/src/lib/desk/image-findings.ts:118:10)
    at listApprovedForTicker (/Users/yann/spx-app/src/lib/desk/image-findings.ts:222:16)
    at loadV17CompanyBrut (/Users/yann/spx-app/src/lib/company-core/load-company.ts:1906:30)
    at async loadV17Company (/Users/yann/spx-app/src/lib/company-core/load-company.ts:493:14)
    at async auditTicker (/Users/yann/spx-app/scripts/audit-pages-full.ts:51:19)
    at async main (/Users/yann/spx-app/scripts/audit-pages-full.ts:153:17)
[hero-kpi-overrides] refetch failed, using stale cache Error: SUPABASE_SERVICE_ROLE_KEY manquante — vérifier .env.local
    at createSupabaseAdminClient (/Users/yann/spx-app/src/lib/supabase/admin.ts:16:11)
    at fetchAll (/Users/yann/spx-app/src/lib/company-core/hero-kpi-overrides.ts:31:20)
    at getHeroKpiOverride (/Users/yann/spx-app/src/lib/company-core/hero-kpi-overrides.ts:58:21)
    at loadV17CompanyBrut (/Users/yann/spx-app/src/lib/company-core/load-company.ts:3083:28)
    at async loadV17Company (/Users/yann/spx-app/src/lib/company-core/load-company.ts:493:14)
    at async auditTicker (/Users/yann/spx-app/scripts/audit-pages-full.ts:51:19)
    at async main (/Users/yann/spx-app/scripts/audit-pages-full.ts:153:17)
special_kpis merge failed for REG: Error: supabaseUrl is required.
    at validateSupabaseUrl (/Users/yann/spx-app/node_modules/@supabase/supabase-js/src/lib/helpers.ts:86:11)
    at new SupabaseClient (/Users/yann/spx-app/node_modules/@supabase/supabase-js/src/SupabaseClient.ts:284:21)
    at createClient (/Users/yann/spx-app/node_modules/@supabase/supabase-js/src/index.ts:65:10)
    at admin (/Users/yann/spx-app/src/lib/desk/special-kpis.ts:152:10)
    at listPublishedForTicker (/Users/yann/spx-app/src/lib/desk/special-kpis.ts:175:16)
    at loadV17CompanyBrut (/Users/yann/spx-app/src/lib/company-core/load-company.ts:1779:30)
    at async loadV17Company (/Users/yann/spx-app/src/lib/company-core/load-company.ts:493:14)
    at async auditTicker (/Users/yann/spx-app/scripts/audit-pages-full.ts:51:19)
    at async main (/Users/yann/spx-app/scripts/audit-pages-full.ts:153:17)
kpi_requests merge failed for REG: Error: supabaseUrl is required.
    at validateSupabaseUrl (/Users/yann/spx-app/node_modules/@supabase/supabase-js/src/lib/helpers.ts:86:11)
    at new SupabaseClient (/Users/yann/spx-app/node_modules/@supabase/supabase-js/src/SupabaseClient.ts:284:21)
    at createClient (/Users/yann/spx-app/node_modules/@supabase/supabase-js/src/index.ts:65:10)
    at loadV17CompanyBrut (/Users/yann/spx-app/src/lib/company-core/load-company.ts:1843:18)
    at async loadV17Company (/Users/yann/spx-app/src/lib/company-core/load-company.ts:493:14)
    at async auditTicker (/Users/yann/spx-app/scripts/audit-pages-full.ts:51:19)
    at async main (/Users/yann/spx-app/scripts/audit-pages-full.ts:153:17)
image_findings merge failed for REG: Error: supabaseUrl is required.
    at validateSupabaseUrl (/Users/yann/spx-app/node_modules/@supabase/supabase-js/src/lib/helpers.ts:86:11)
    at new SupabaseClient (/Users/yann/spx-app/node_modules/@supabase/supabase-js/src/SupabaseClient.ts:284:21)
    at createClient (/Users/yann/spx-app/node_modules/@supabase/supabase-js/src/index.ts:65:10)
    at admin (/Users/yann/spx-app/src/lib/desk/image-findings.ts:118:10)
    at listApprovedForTicker (/Users/yann/spx-app/src/lib/desk/image-findings.ts:222:16)
    at loadV17CompanyBrut (/Users/yann/spx-app/src/lib/company-core/load-company.ts:1906:30)
    at async loadV17Company (/Users/yann/spx-app/src/lib/company-core/load-company.ts:493:14)
    at async auditTicker (/Users/yann/spx-app/scripts/audit-pages-full.ts:51:19)
    at async main (/Users/yann/spx-app/scripts/audit-pages-full.ts:153:17)
[hero-kpi-overrides] refetch failed, using stale cache Error: SUPABASE_SERVICE_ROLE_KEY manquante — vérifier .env.local
    at createSupabaseAdminClient (/Users/yann/spx-app/src/lib/supabase/admin.ts:16:11)
    at fetchAll (/Users/yann/spx-app/src/lib/company-core/hero-kpi-overrides.ts:31:20)
    at getHeroKpiOverride (/Users/yann/spx-app/src/lib/company-core/hero-kpi-overrides.ts:58:21)
    at loadV17CompanyBrut (/Users/yann/spx-app/src/lib/company-core/load-company.ts:3083:28)
    at async loadV17Company (/Users/yann/spx-app/src/lib/company-core/load-company.ts:493:14)
    at async auditTicker (/Users/yann/spx-app/scripts/audit-pages-full.ts:51:19)
    at async main (/Users/yann/spx-app/scripts/audit-pages-full.ts:153:17)
special_kpis merge failed for RJF: Error: supabaseUrl is required.
    at validateSupabaseUrl (/Users/yann/spx-app/node_modules/@supabase/supabase-js/src/lib/helpers.ts:86:11)
    at new SupabaseClient (/Users/yann/spx-app/node_modules/@supabase/supabase-js/src/SupabaseClient.ts:284:21)
    at createClient (/Users/yann/spx-app/node_modules/@supabase/supabase-js/src/index.ts:65:10)
    at admin (/Users/yann/spx-app/src/lib/desk/special-kpis.ts:152:10)
    at listPublishedForTicker (/Users/yann/spx-app/src/lib/desk/special-kpis.ts:175:16)
    at loadV17CompanyBrut (/Users/yann/spx-app/src/lib/company-core/load-company.ts:1779:30)
    at async loadV17Company (/Users/yann/spx-app/src/lib/company-core/load-company.ts:493:14)
    at async auditTicker (/Users/yann/spx-app/scripts/audit-pages-full.ts:51:19)
    at async main (/Users/yann/spx-app/scripts/audit-pages-full.ts:153:17)
kpi_requests merge failed for RJF: Error: supabaseUrl is required.
    at validateSupabaseUrl (/Users/yann/spx-app/node_modules/@supabase/supabase-js/src/lib/helpers.ts:86:11)
    at new SupabaseClient (/Users/yann/spx-app/node_modules/@supabase/supabase-js/src/SupabaseClient.ts:284:21)
    at createClient (/Users/yann/spx-app/node_modules/@supabase/supabase-js/src/index.ts:65:10)
    at loadV17CompanyBrut (/Users/yann/spx-app/src/lib/company-core/load-company.ts:1843:18)
    at async loadV17Company (/Users/yann/spx-app/src/lib/company-core/load-company.ts:493:14)
    at async auditTicker (/Users/yann/spx-app/scripts/audit-pages-full.ts:51:19)
    at async main (/Users/yann/spx-app/scripts/audit-pages-full.ts:153:17)
image_findings merge failed for RJF: Error: supabaseUrl is required.
    at validateSupabaseUrl (/Users/yann/spx-app/node_modules/@supabase/supabase-js/src/lib/helpers.ts:86:11)
    at new SupabaseClient (/Users/yann/spx-app/node_modules/@supabase/supabase-js/src/SupabaseClient.ts:284:21)
    at createClient (/Users/yann/spx-app/node_modules/@supabase/supabase-js/src/index.ts:65:10)
    at admin (/Users/yann/spx-app/src/lib/desk/image-findings.ts:118:10)
    at listApprovedForTicker (/Users/yann/spx-app/src/lib/desk/image-findings.ts:222:16)
    at loadV17CompanyBrut (/Users/yann/spx-app/src/lib/company-core/load-company.ts:1906:30)
    at async loadV17Company (/Users/yann/spx-app/src/lib/company-core/load-company.ts:493:14)
    at async auditTicker (/Users/yann/spx-app/scripts/audit-pages-full.ts:51:19)
    at async main (/Users/yann/spx-app/scripts/audit-pages-full.ts:153:17)
[hero-kpi-overrides] refetch failed, using stale cache Error: SUPABASE_SERVICE_ROLE_KEY manquante — vérifier .env.local
    at createSupabaseAdminClient (/Users/yann/spx-app/src/lib/supabase/admin.ts:16:11)
    at fetchAll (/Users/yann/spx-app/src/lib/company-core/hero-kpi-overrides.ts:31:20)
    at getHeroKpiOverride (/Users/yann/spx-app/src/lib/company-core/hero-kpi-overrides.ts:58:21)
    at loadV17CompanyBrut (/Users/yann/spx-app/src/lib/company-core/load-company.ts:3083:28)
    at async loadV17Company (/Users/yann/spx-app/src/lib/company-core/load-company.ts:493:14)
    at async auditTicker (/Users/yann/spx-app/scripts/audit-pages-full.ts:51:19)
    at async main (/Users/yann/spx-app/scripts/audit-pages-full.ts:153:17)
special_kpis merge failed for RL: Error: supabaseUrl is required.
    at validateSupabaseUrl (/Users/yann/spx-app/node_modules/@supabase/supabase-js/src/lib/helpers.ts:86:11)
    at new SupabaseClient (/Users/yann/spx-app/node_modules/@supabase/supabase-js/src/SupabaseClient.ts:284:21)
    at createClient (/Users/yann/spx-app/node_modules/@supabase/supabase-js/src/index.ts:65:10)
    at admin (/Users/yann/spx-app/src/lib/desk/special-kpis.ts:152:10)
    at listPublishedForTicker (/Users/yann/spx-app/src/lib/desk/special-kpis.ts:175:16)
    at loadV17CompanyBrut (/Users/yann/spx-app/src/lib/company-core/load-company.ts:1779:30)
    at async loadV17Company (/Users/yann/spx-app/src/lib/company-core/load-company.ts:493:14)
    at async auditTicker (/Users/yann/spx-app/scripts/audit-pages-full.ts:51:19)
    at async main (/Users/yann/spx-app/scripts/audit-pages-full.ts:153:17)
kpi_requests merge failed for RL: Error: supabaseUrl is required.
    at validateSupabaseUrl (/Users/yann/spx-app/node_modules/@supabase/supabase-js/src/lib/helpers.ts:86:11)
    at new SupabaseClient (/Users/yann/spx-app/node_modules/@supabase/supabase-js/src/SupabaseClient.ts:284:21)
    at createClient (/Users/yann/spx-app/node_modules/@supabase/supabase-js/src/index.ts:65:10)
    at loadV17CompanyBrut (/Users/yann/spx-app/src/lib/company-core/load-company.ts:1843:18)
    at async loadV17Company (/Users/yann/spx-app/src/lib/company-core/load-company.ts:493:14)
    at async auditTicker (/Users/yann/spx-app/scripts/audit-pages-full.ts:51:19)
    at async main (/Users/yann/spx-app/scripts/audit-pages-full.ts:153:17)
image_findings merge failed for RL: Error: supabaseUrl is required.
    at validateSupabaseUrl (/Users/yann/spx-app/node_modules/@supabase/supabase-js/src/lib/helpers.ts:86:11)
    at new SupabaseClient (/Users/yann/spx-app/node_modules/@supabase/supabase-js/src/SupabaseClient.ts:284:21)
    at createClient (/Users/yann/spx-app/node_modules/@supabase/supabase-js/src/index.ts:65:10)
    at admin (/Users/yann/spx-app/src/lib/desk/image-findings.ts:118:10)
    at listApprovedForTicker (/Users/yann/spx-app/src/lib/desk/image-findings.ts:222:16)
    at loadV17CompanyBrut (/Users/yann/spx-app/src/lib/company-core/load-company.ts:1906:30)
    at async loadV17Company (/Users/yann/spx-app/src/lib/company-core/load-company.ts:493:14)
    at async auditTicker (/Users/yann/spx-app/scripts/audit-pages-full.ts:51:19)
    at async main (/Users/yann/spx-app/scripts/audit-pages-full.ts:153:17)
[hero-kpi-overrides] refetch failed, using stale cache Error: SUPABASE_SERVICE_ROLE_KEY manquante — vérifier .env.local
    at createSupabaseAdminClient (/Users/yann/spx-app/src/lib/supabase/admin.ts:16:11)
    at fetchAll (/Users/yann/spx-app/src/lib/company-core/hero-kpi-overrides.ts:31:20)
    at getHeroKpiOverride (/Users/yann/spx-app/src/lib/company-core/hero-kpi-overrides.ts:58:21)
    at loadV17CompanyBrut (/Users/yann/spx-app/src/lib/company-core/load-company.ts:3083:28)
    at async loadV17Company (/Users/yann/spx-app/src/lib/company-core/load-company.ts:493:14)
    at async auditTicker (/Users/yann/spx-app/scripts/audit-pages-full.ts:51:19)
    at async main (/Users/yann/spx-app/scripts/audit-pages-full.ts:153:17)
special_kpis merge failed for RMD: Error: supabaseUrl is required.
    at validateSupabaseUrl (/Users/yann/spx-app/node_modules/@supabase/supabase-js/src/lib/helpers.ts:86:11)
    at new SupabaseClient (/Users/yann/spx-app/node_modules/@supabase/supabase-js/src/SupabaseClient.ts:284:21)
    at createClient (/Users/yann/spx-app/node_modules/@supabase/supabase-js/src/index.ts:65:10)
    at admin (/Users/yann/spx-app/src/lib/desk/special-kpis.ts:152:10)
    at listPublishedForTicker (/Users/yann/spx-app/src/lib/desk/special-kpis.ts:175:16)
    at loadV17CompanyBrut (/Users/yann/spx-app/src/lib/company-core/load-company.ts:1779:30)
    at async loadV17Company (/Users/yann/spx-app/src/lib/company-core/load-company.ts:493:14)
    at async auditTicker (/Users/yann/spx-app/scripts/audit-pages-full.ts:51:19)
    at async main (/Users/yann/spx-app/scripts/audit-pages-full.ts:153:17)
kpi_requests merge failed for RMD: Error: supabaseUrl is required.
    at validateSupabaseUrl (/Users/yann/spx-app/node_modules/@supabase/supabase-js/src/lib/helpers.ts:86:11)
    at new SupabaseClient (/Users/yann/spx-app/node_modules/@supabase/supabase-js/src/SupabaseClient.ts:284:21)
    at createClient (/Users/yann/spx-app/node_modules/@supabase/supabase-js/src/index.ts:65:10)
    at loadV17CompanyBrut (/Users/yann/spx-app/src/lib/company-core/load-company.ts:1843:18)
    at async loadV17Company (/Users/yann/spx-app/src/lib/company-core/load-company.ts:493:14)
    at async auditTicker (/Users/yann/spx-app/scripts/audit-pages-full.ts:51:19)
    at async main (/Users/yann/spx-app/scripts/audit-pages-full.ts:153:17)
image_findings merge failed for RMD: Error: supabaseUrl is required.
    at validateSupabaseUrl (/Users/yann/spx-app/node_modules/@supabase/supabase-js/src/lib/helpers.ts:86:11)
    at new SupabaseClient (/Users/yann/spx-app/node_modules/@supabase/supabase-js/src/SupabaseClient.ts:284:21)
    at createClient (/Users/yann/spx-app/node_modules/@supabase/supabase-js/src/index.ts:65:10)
    at admin (/Users/yann/spx-app/src/lib/desk/image-findings.ts:118:10)
    at listApprovedForTicker (/Users/yann/spx-app/src/lib/desk/image-findings.ts:222:16)
    at loadV17CompanyBrut (/Users/yann/spx-app/src/lib/company-core/load-company.ts:1906:30)
    at async loadV17Company (/Users/yann/spx-app/src/lib/company-core/load-company.ts:493:14)
    at async auditTicker (/Users/yann/spx-app/scripts/audit-pages-full.ts:51:19)
    at async main (/Users/yann/spx-app/scripts/audit-pages-full.ts:153:17)
[hero-kpi-overrides] refetch failed, using stale cache Error: SUPABASE_SERVICE_ROLE_KEY manquante — vérifier .env.local
    at createSupabaseAdminClient (/Users/yann/spx-app/src/lib/supabase/admin.ts:16:11)
    at fetchAll (/Users/yann/spx-app/src/lib/company-core/hero-kpi-overrides.ts:31:20)
    at getHeroKpiOverride (/Users/yann/spx-app/src/lib/company-core/hero-kpi-overrides.ts:58:21)
    at loadV17CompanyBrut (/Users/yann/spx-app/src/lib/company-core/load-company.ts:3083:28)
    at async loadV17Company (/Users/yann/spx-app/src/lib/company-core/load-company.ts:493:14)
    at async auditTicker (/Users/yann/spx-app/scripts/audit-pages-full.ts:51:19)
    at async main (/Users/yann/spx-app/scripts/audit-pages-full.ts:153:17)
...100/125
special_kpis merge failed for ROST: Error: supabaseUrl is required.
    at validateSupabaseUrl (/Users/yann/spx-app/node_modules/@supabase/supabase-js/src/lib/helpers.ts:86:11)
    at new SupabaseClient (/Users/yann/spx-app/node_modules/@supabase/supabase-js/src/SupabaseClient.ts:284:21)
    at createClient (/Users/yann/spx-app/node_modules/@supabase/supabase-js/src/index.ts:65:10)
    at admin (/Users/yann/spx-app/src/lib/desk/special-kpis.ts:152:10)
    at listPublishedForTicker (/Users/yann/spx-app/src/lib/desk/special-kpis.ts:175:16)
    at loadV17CompanyBrut (/Users/yann/spx-app/src/lib/company-core/load-company.ts:1779:30)
    at async loadV17Company (/Users/yann/spx-app/src/lib/company-core/load-company.ts:493:14)
    at async auditTicker (/Users/yann/spx-app/scripts/audit-pages-full.ts:51:19)
    at async main (/Users/yann/spx-app/scripts/audit-pages-full.ts:153:17)
kpi_requests merge failed for ROST: Error: supabaseUrl is required.
    at validateSupabaseUrl (/Users/yann/spx-app/node_modules/@supabase/supabase-js/src/lib/helpers.ts:86:11)
    at new SupabaseClient (/Users/yann/spx-app/node_modules/@supabase/supabase-js/src/SupabaseClient.ts:284:21)
    at createClient (/Users/yann/spx-app/node_modules/@supabase/supabase-js/src/index.ts:65:10)
    at loadV17CompanyBrut (/Users/yann/spx-app/src/lib/company-core/load-company.ts:1843:18)
    at async loadV17Company (/Users/yann/spx-app/src/lib/company-core/load-company.ts:493:14)
    at async auditTicker (/Users/yann/spx-app/scripts/audit-pages-full.ts:51:19)
    at async main (/Users/yann/spx-app/scripts/audit-pages-full.ts:153:17)
image_findings merge failed for ROST: Error: supabaseUrl is required.
    at validateSupabaseUrl (/Users/yann/spx-app/node_modules/@supabase/supabase-js/src/lib/helpers.ts:86:11)
    at new SupabaseClient (/Users/yann/spx-app/node_modules/@supabase/supabase-js/src/SupabaseClient.ts:284:21)
    at createClient (/Users/yann/spx-app/node_modules/@supabase/supabase-js/src/index.ts:65:10)
    at admin (/Users/yann/spx-app/src/lib/desk/image-findings.ts:118:10)
    at listApprovedForTicker (/Users/yann/spx-app/src/lib/desk/image-findings.ts:222:16)
    at loadV17CompanyBrut (/Users/yann/spx-app/src/lib/company-core/load-company.ts:1906:30)
    at async loadV17Company (/Users/yann/spx-app/src/lib/company-core/load-company.ts:493:14)
    at async auditTicker (/Users/yann/spx-app/scripts/audit-pages-full.ts:51:19)
    at async main (/Users/yann/spx-app/scripts/audit-pages-full.ts:153:17)
[hero-kpi-overrides] refetch failed, using stale cache Error: SUPABASE_SERVICE_ROLE_KEY manquante — vérifier .env.local
    at createSupabaseAdminClient (/Users/yann/spx-app/src/lib/supabase/admin.ts:16:11)
    at fetchAll (/Users/yann/spx-app/src/lib/company-core/hero-kpi-overrides.ts:31:20)
    at getHeroKpiOverride (/Users/yann/spx-app/src/lib/company-core/hero-kpi-overrides.ts:58:21)
    at loadV17CompanyBrut (/Users/yann/spx-app/src/lib/company-core/load-company.ts:3083:28)
    at async loadV17Company (/Users/yann/spx-app/src/lib/company-core/load-company.ts:493:14)
    at async auditTicker (/Users/yann/spx-app/scripts/audit-pages-full.ts:51:19)
    at async main (/Users/yann/spx-app/scripts/audit-pages-full.ts:153:17)
special_kpis merge failed for SNDK: Error: supabaseUrl is required.
    at validateSupabaseUrl (/Users/yann/spx-app/node_modules/@supabase/supabase-js/src/lib/helpers.ts:86:11)
    at new SupabaseClient (/Users/yann/spx-app/node_modules/@supabase/supabase-js/src/SupabaseClient.ts:284:21)
    at createClient (/Users/yann/spx-app/node_modules/@supabase/supabase-js/src/index.ts:65:10)
    at admin (/Users/yann/spx-app/src/lib/desk/special-kpis.ts:152:10)
    at listPublishedForTicker (/Users/yann/spx-app/src/lib/desk/special-kpis.ts:175:16)
    at loadV17CompanyBrut (/Users/yann/spx-app/src/lib/company-core/load-company.ts:1779:30)
    at async loadV17Company (/Users/yann/spx-app/src/lib/company-core/load-company.ts:493:14)
    at async auditTicker (/Users/yann/spx-app/scripts/audit-pages-full.ts:51:19)
    at async main (/Users/yann/spx-app/scripts/audit-pages-full.ts:153:17)
kpi_requests merge failed for SNDK: Error: supabaseUrl is required.
    at validateSupabaseUrl (/Users/yann/spx-app/node_modules/@supabase/supabase-js/src/lib/helpers.ts:86:11)
    at new SupabaseClient (/Users/yann/spx-app/node_modules/@supabase/supabase-js/src/SupabaseClient.ts:284:21)
    at createClient (/Users/yann/spx-app/node_modules/@supabase/supabase-js/src/index.ts:65:10)
    at loadV17CompanyBrut (/Users/yann/spx-app/src/lib/company-core/load-company.ts:1843:18)
    at async loadV17Company (/Users/yann/spx-app/src/lib/company-core/load-company.ts:493:14)
    at async auditTicker (/Users/yann/spx-app/scripts/audit-pages-full.ts:51:19)
    at async main (/Users/yann/spx-app/scripts/audit-pages-full.ts:153:17)
image_findings merge failed for SNDK: Error: supabaseUrl is required.
    at validateSupabaseUrl (/Users/yann/spx-app/node_modules/@supabase/supabase-js/src/lib/helpers.ts:86:11)
    at new SupabaseClient (/Users/yann/spx-app/node_modules/@supabase/supabase-js/src/SupabaseClient.ts:284:21)
    at createClient (/Users/yann/spx-app/node_modules/@supabase/supabase-js/src/index.ts:65:10)
    at admin (/Users/yann/spx-app/src/lib/desk/image-findings.ts:118:10)
    at listApprovedForTicker (/Users/yann/spx-app/src/lib/desk/image-findings.ts:222:16)
    at loadV17CompanyBrut (/Users/yann/spx-app/src/lib/company-core/load-company.ts:1906:30)
    at async loadV17Company (/Users/yann/spx-app/src/lib/company-core/load-company.ts:493:14)
    at async auditTicker (/Users/yann/spx-app/scripts/audit-pages-full.ts:51:19)
    at async main (/Users/yann/spx-app/scripts/audit-pages-full.ts:153:17)
[hero-kpi-overrides] refetch failed, using stale cache Error: SUPABASE_SERVICE_ROLE_KEY manquante — vérifier .env.local
    at createSupabaseAdminClient (/Users/yann/spx-app/src/lib/supabase/admin.ts:16:11)
    at fetchAll (/Users/yann/spx-app/src/lib/company-core/hero-kpi-overrides.ts:31:20)
    at getHeroKpiOverride (/Users/yann/spx-app/src/lib/company-core/hero-kpi-overrides.ts:58:21)
    at loadV17CompanyBrut (/Users/yann/spx-app/src/lib/company-core/load-company.ts:3083:28)
    at async loadV17Company (/Users/yann/spx-app/src/lib/company-core/load-company.ts:493:14)
    at async auditTicker (/Users/yann/spx-app/scripts/audit-pages-full.ts:51:19)
    at async main (/Users/yann/spx-app/scripts/audit-pages-full.ts:153:17)
special_kpis merge failed for STX: Error: supabaseUrl is required.
    at validateSupabaseUrl (/Users/yann/spx-app/node_modules/@supabase/supabase-js/src/lib/helpers.ts:86:11)
    at new SupabaseClient (/Users/yann/spx-app/node_modules/@supabase/supabase-js/src/SupabaseClient.ts:284:21)
    at createClient (/Users/yann/spx-app/node_modules/@supabase/supabase-js/src/index.ts:65:10)
    at admin (/Users/yann/spx-app/src/lib/desk/special-kpis.ts:152:10)
    at listPublishedForTicker (/Users/yann/spx-app/src/lib/desk/special-kpis.ts:175:16)
    at loadV17CompanyBrut (/Users/yann/spx-app/src/lib/company-core/load-company.ts:1779:30)
    at async loadV17Company (/Users/yann/spx-app/src/lib/company-core/load-company.ts:493:14)
    at async auditTicker (/Users/yann/spx-app/scripts/audit-pages-full.ts:51:19)
    at async main (/Users/yann/spx-app/scripts/audit-pages-full.ts:153:17)
kpi_requests merge failed for STX: Error: supabaseUrl is required.
    at validateSupabaseUrl (/Users/yann/spx-app/node_modules/@supabase/supabase-js/src/lib/helpers.ts:86:11)
    at new SupabaseClient (/Users/yann/spx-app/node_modules/@supabase/supabase-js/src/SupabaseClient.ts:284:21)
    at createClient (/Users/yann/spx-app/node_modules/@supabase/supabase-js/src/index.ts:65:10)
    at loadV17CompanyBrut (/Users/yann/spx-app/src/lib/company-core/load-company.ts:1843:18)
    at async loadV17Company (/Users/yann/spx-app/src/lib/company-core/load-company.ts:493:14)
    at async auditTicker (/Users/yann/spx-app/scripts/audit-pages-full.ts:51:19)
    at async main (/Users/yann/spx-app/scripts/audit-pages-full.ts:153:17)
image_findings merge failed for STX: Error: supabaseUrl is required.
    at validateSupabaseUrl (/Users/yann/spx-app/node_modules/@supabase/supabase-js/src/lib/helpers.ts:86:11)
    at new SupabaseClient (/Users/yann/spx-app/node_modules/@supabase/supabase-js/src/SupabaseClient.ts:284:21)
    at createClient (/Users/yann/spx-app/node_modules/@supabase/supabase-js/src/index.ts:65:10)
    at admin (/Users/yann/spx-app/src/lib/desk/image-findings.ts:118:10)
    at listApprovedForTicker (/Users/yann/spx-app/src/lib/desk/image-findings.ts:222:16)
    at loadV17CompanyBrut (/Users/yann/spx-app/src/lib/company-core/load-company.ts:1906:30)
    at async loadV17Company (/Users/yann/spx-app/src/lib/company-core/load-company.ts:493:14)
    at async auditTicker (/Users/yann/spx-app/scripts/audit-pages-full.ts:51:19)
    at async main (/Users/yann/spx-app/scripts/audit-pages-full.ts:153:17)
[hero-kpi-overrides] refetch failed, using stale cache Error: SUPABASE_SERVICE_ROLE_KEY manquante — vérifier .env.local
    at createSupabaseAdminClient (/Users/yann/spx-app/src/lib/supabase/admin.ts:16:11)
    at fetchAll (/Users/yann/spx-app/src/lib/company-core/hero-kpi-overrides.ts:31:20)
    at getHeroKpiOverride (/Users/yann/spx-app/src/lib/company-core/hero-kpi-overrides.ts:58:21)
    at loadV17CompanyBrut (/Users/yann/spx-app/src/lib/company-core/load-company.ts:3083:28)
    at async loadV17Company (/Users/yann/spx-app/src/lib/company-core/load-company.ts:493:14)
    at async auditTicker (/Users/yann/spx-app/scripts/audit-pages-full.ts:51:19)
    at async main (/Users/yann/spx-app/scripts/audit-pages-full.ts:153:17)
special_kpis merge failed for STZ: Error: supabaseUrl is required.
    at validateSupabaseUrl (/Users/yann/spx-app/node_modules/@supabase/supabase-js/src/lib/helpers.ts:86:11)
    at new SupabaseClient (/Users/yann/spx-app/node_modules/@supabase/supabase-js/src/SupabaseClient.ts:284:21)
    at createClient (/Users/yann/spx-app/node_modules/@supabase/supabase-js/src/index.ts:65:10)
    at admin (/Users/yann/spx-app/src/lib/desk/special-kpis.ts:152:10)
    at listPublishedForTicker (/Users/yann/spx-app/src/lib/desk/special-kpis.ts:175:16)
    at loadV17CompanyBrut (/Users/yann/spx-app/src/lib/company-core/load-company.ts:1779:30)
    at async loadV17Company (/Users/yann/spx-app/src/lib/company-core/load-company.ts:493:14)
    at async auditTicker (/Users/yann/spx-app/scripts/audit-pages-full.ts:51:19)
    at async main (/Users/yann/spx-app/scripts/audit-pages-full.ts:153:17)
kpi_requests merge failed for STZ: Error: supabaseUrl is required.
    at validateSupabaseUrl (/Users/yann/spx-app/node_modules/@supabase/supabase-js/src/lib/helpers.ts:86:11)
    at new SupabaseClient (/Users/yann/spx-app/node_modules/@supabase/supabase-js/src/SupabaseClient.ts:284:21)
    at createClient (/Users/yann/spx-app/node_modules/@supabase/supabase-js/src/index.ts:65:10)
    at loadV17CompanyBrut (/Users/yann/spx-app/src/lib/company-core/load-company.ts:1843:18)
    at async loadV17Company (/Users/yann/spx-app/src/lib/company-core/load-company.ts:493:14)
    at async auditTicker (/Users/yann/spx-app/scripts/audit-pages-full.ts:51:19)
    at async main (/Users/yann/spx-app/scripts/audit-pages-full.ts:153:17)
image_findings merge failed for STZ: Error: supabaseUrl is required.
    at validateSupabaseUrl (/Users/yann/spx-app/node_modules/@supabase/supabase-js/src/lib/helpers.ts:86:11)
    at new SupabaseClient (/Users/yann/spx-app/node_modules/@supabase/supabase-js/src/SupabaseClient.ts:284:21)
    at createClient (/Users/yann/spx-app/node_modules/@supabase/supabase-js/src/index.ts:65:10)
    at admin (/Users/yann/spx-app/src/lib/desk/image-findings.ts:118:10)
    at listApprovedForTicker (/Users/yann/spx-app/src/lib/desk/image-findings.ts:222:16)
    at loadV17CompanyBrut (/Users/yann/spx-app/src/lib/company-core/load-company.ts:1906:30)
    at async loadV17Company (/Users/yann/spx-app/src/lib/company-core/load-company.ts:493:14)
    at async auditTicker (/Users/yann/spx-app/scripts/audit-pages-full.ts:51:19)
    at async main (/Users/yann/spx-app/scripts/audit-pages-full.ts:153:17)
[hero-kpi-overrides] refetch failed, using stale cache Error: SUPABASE_SERVICE_ROLE_KEY manquante — vérifier .env.local
    at createSupabaseAdminClient (/Users/yann/spx-app/src/lib/supabase/admin.ts:16:11)
    at fetchAll (/Users/yann/spx-app/src/lib/company-core/hero-kpi-overrides.ts:31:20)
    at getHeroKpiOverride (/Users/yann/spx-app/src/lib/company-core/hero-kpi-overrides.ts:58:21)
    at loadV17CompanyBrut (/Users/yann/spx-app/src/lib/company-core/load-company.ts:3083:28)
    at async loadV17Company (/Users/yann/spx-app/src/lib/company-core/load-company.ts:493:14)
    at async auditTicker (/Users/yann/spx-app/scripts/audit-pages-full.ts:51:19)
    at async main (/Users/yann/spx-app/scripts/audit-pages-full.ts:153:17)
special_kpis merge failed for SWK: Error: supabaseUrl is required.
    at validateSupabaseUrl (/Users/yann/spx-app/node_modules/@supabase/supabase-js/src/lib/helpers.ts:86:11)
    at new SupabaseClient (/Users/yann/spx-app/node_modules/@supabase/supabase-js/src/SupabaseClient.ts:284:21)
    at createClient (/Users/yann/spx-app/node_modules/@supabase/supabase-js/src/index.ts:65:10)
    at admin (/Users/yann/spx-app/src/lib/desk/special-kpis.ts:152:10)
    at listPublishedForTicker (/Users/yann/spx-app/src/lib/desk/special-kpis.ts:175:16)
    at loadV17CompanyBrut (/Users/yann/spx-app/src/lib/company-core/load-company.ts:1779:30)
    at async loadV17Company (/Users/yann/spx-app/src/lib/company-core/load-company.ts:493:14)
    at async auditTicker (/Users/yann/spx-app/scripts/audit-pages-full.ts:51:19)
    at async main (/Users/yann/spx-app/scripts/audit-pages-full.ts:153:17)
kpi_requests merge failed for SWK: Error: supabaseUrl is required.
    at validateSupabaseUrl (/Users/yann/spx-app/node_modules/@supabase/supabase-js/src/lib/helpers.ts:86:11)
    at new SupabaseClient (/Users/yann/spx-app/node_modules/@supabase/supabase-js/src/SupabaseClient.ts:284:21)
    at createClient (/Users/yann/spx-app/node_modules/@supabase/supabase-js/src/index.ts:65:10)
    at loadV17CompanyBrut (/Users/yann/spx-app/src/lib/company-core/load-company.ts:1843:18)
    at async loadV17Company (/Users/yann/spx-app/src/lib/company-core/load-company.ts:493:14)
    at async auditTicker (/Users/yann/spx-app/scripts/audit-pages-full.ts:51:19)
    at async main (/Users/yann/spx-app/scripts/audit-pages-full.ts:153:17)
image_findings merge failed for SWK: Error: supabaseUrl is required.
    at validateSupabaseUrl (/Users/yann/spx-app/node_modules/@supabase/supabase-js/src/lib/helpers.ts:86:11)
    at new SupabaseClient (/Users/yann/spx-app/node_modules/@supabase/supabase-js/src/SupabaseClient.ts:284:21)
    at createClient (/Users/yann/spx-app/node_modules/@supabase/supabase-js/src/index.ts:65:10)
    at admin (/Users/yann/spx-app/src/lib/desk/image-findings.ts:118:10)
    at listApprovedForTicker (/Users/yann/spx-app/src/lib/desk/image-findings.ts:222:16)
    at loadV17CompanyBrut (/Users/yann/spx-app/src/lib/company-core/load-company.ts:1906:30)
    at async loadV17Company (/Users/yann/spx-app/src/lib/company-core/load-company.ts:493:14)
    at async auditTicker (/Users/yann/spx-app/scripts/audit-pages-full.ts:51:19)
    at async main (/Users/yann/spx-app/scripts/audit-pages-full.ts:153:17)
[hero-kpi-overrides] refetch failed, using stale cache Error: SUPABASE_SERVICE_ROLE_KEY manquante — vérifier .env.local
    at createSupabaseAdminClient (/Users/yann/spx-app/src/lib/supabase/admin.ts:16:11)
    at fetchAll (/Users/yann/spx-app/src/lib/company-core/hero-kpi-overrides.ts:31:20)
    at getHeroKpiOverride (/Users/yann/spx-app/src/lib/company-core/hero-kpi-overrides.ts:58:21)
    at loadV17CompanyBrut (/Users/yann/spx-app/src/lib/company-core/load-company.ts:3083:28)
    at async loadV17Company (/Users/yann/spx-app/src/lib/company-core/load-company.ts:493:14)
    at async auditTicker (/Users/yann/spx-app/scripts/audit-pages-full.ts:51:19)
    at async main (/Users/yann/spx-app/scripts/audit-pages-full.ts:153:17)
special_kpis merge failed for SWKS: Error: supabaseUrl is required.
    at validateSupabaseUrl (/Users/yann/spx-app/node_modules/@supabase/supabase-js/src/lib/helpers.ts:86:11)
    at new SupabaseClient (/Users/yann/spx-app/node_modules/@supabase/supabase-js/src/SupabaseClient.ts:284:21)
    at createClient (/Users/yann/spx-app/node_modules/@supabase/supabase-js/src/index.ts:65:10)
    at admin (/Users/yann/spx-app/src/lib/desk/special-kpis.ts:152:10)
    at listPublishedForTicker (/Users/yann/spx-app/src/lib/desk/special-kpis.ts:175:16)
    at loadV17CompanyBrut (/Users/yann/spx-app/src/lib/company-core/load-company.ts:1779:30)
    at async loadV17Company (/Users/yann/spx-app/src/lib/company-core/load-company.ts:493:14)
    at async auditTicker (/Users/yann/spx-app/scripts/audit-pages-full.ts:51:19)
    at async main (/Users/yann/spx-app/scripts/audit-pages-full.ts:153:17)
kpi_requests merge failed for SWKS: Error: supabaseUrl is required.
    at validateSupabaseUrl (/Users/yann/spx-app/node_modules/@supabase/supabase-js/src/lib/helpers.ts:86:11)
    at new SupabaseClient (/Users/yann/spx-app/node_modules/@supabase/supabase-js/src/SupabaseClient.ts:284:21)
    at createClient (/Users/yann/spx-app/node_modules/@supabase/supabase-js/src/index.ts:65:10)
    at loadV17CompanyBrut (/Users/yann/spx-app/src/lib/company-core/load-company.ts:1843:18)
    at async loadV17Company (/Users/yann/spx-app/src/lib/company-core/load-company.ts:493:14)
    at async auditTicker (/Users/yann/spx-app/scripts/audit-pages-full.ts:51:19)
    at async main (/Users/yann/spx-app/scripts/audit-pages-full.ts:153:17)
image_findings merge failed for SWKS: Error: supabaseUrl is required.
    at validateSupabaseUrl (/Users/yann/spx-app/node_modules/@supabase/supabase-js/src/lib/helpers.ts:86:11)
    at new SupabaseClient (/Users/yann/spx-app/node_modules/@supabase/supabase-js/src/SupabaseClient.ts:284:21)
    at createClient (/Users/yann/spx-app/node_modules/@supabase/supabase-js/src/index.ts:65:10)
    at admin (/Users/yann/spx-app/src/lib/desk/image-findings.ts:118:10)
    at listApprovedForTicker (/Users/yann/spx-app/src/lib/desk/image-findings.ts:222:16)
    at loadV17CompanyBrut (/Users/yann/spx-app/src/lib/company-core/load-company.ts:1906:30)
    at async loadV17Company (/Users/yann/spx-app/src/lib/company-core/load-company.ts:493:14)
    at async auditTicker (/Users/yann/spx-app/scripts/audit-pages-full.ts:51:19)
    at async main (/Users/yann/spx-app/scripts/audit-pages-full.ts:153:17)
[hero-kpi-overrides] refetch failed, using stale cache Error: SUPABASE_SERVICE_ROLE_KEY manquante — vérifier .env.local
    at createSupabaseAdminClient (/Users/yann/spx-app/src/lib/supabase/admin.ts:16:11)
    at fetchAll (/Users/yann/spx-app/src/lib/company-core/hero-kpi-overrides.ts:31:20)
    at getHeroKpiOverride (/Users/yann/spx-app/src/lib/company-core/hero-kpi-overrides.ts:58:21)
    at loadV17CompanyBrut (/Users/yann/spx-app/src/lib/company-core/load-company.ts:3083:28)
    at async loadV17Company (/Users/yann/spx-app/src/lib/company-core/load-company.ts:493:14)
    at async auditTicker (/Users/yann/spx-app/scripts/audit-pages-full.ts:51:19)
    at async main (/Users/yann/spx-app/scripts/audit-pages-full.ts:153:17)
special_kpis merge failed for SYY: Error: supabaseUrl is required.
    at validateSupabaseUrl (/Users/yann/spx-app/node_modules/@supabase/supabase-js/src/lib/helpers.ts:86:11)
    at new SupabaseClient (/Users/yann/spx-app/node_modules/@supabase/supabase-js/src/SupabaseClient.ts:284:21)
    at createClient (/Users/yann/spx-app/node_modules/@supabase/supabase-js/src/index.ts:65:10)
    at admin (/Users/yann/spx-app/src/lib/desk/special-kpis.ts:152:10)
    at listPublishedForTicker (/Users/yann/spx-app/src/lib/desk/special-kpis.ts:175:16)
    at loadV17CompanyBrut (/Users/yann/spx-app/src/lib/company-core/load-company.ts:1779:30)
    at async loadV17Company (/Users/yann/spx-app/src/lib/company-core/load-company.ts:493:14)
    at async auditTicker (/Users/yann/spx-app/scripts/audit-pages-full.ts:51:19)
    at async main (/Users/yann/spx-app/scripts/audit-pages-full.ts:153:17)
kpi_requests merge failed for SYY: Error: supabaseUrl is required.
    at validateSupabaseUrl (/Users/yann/spx-app/node_modules/@supabase/supabase-js/src/lib/helpers.ts:86:11)
    at new SupabaseClient (/Users/yann/spx-app/node_modules/@supabase/supabase-js/src/SupabaseClient.ts:284:21)
    at createClient (/Users/yann/spx-app/node_modules/@supabase/supabase-js/src/index.ts:65:10)
    at loadV17CompanyBrut (/Users/yann/spx-app/src/lib/company-core/load-company.ts:1843:18)
    at async loadV17Company (/Users/yann/spx-app/src/lib/company-core/load-company.ts:493:14)
    at async auditTicker (/Users/yann/spx-app/scripts/audit-pages-full.ts:51:19)
    at async main (/Users/yann/spx-app/scripts/audit-pages-full.ts:153:17)
image_findings merge failed for SYY: Error: supabaseUrl is required.
    at validateSupabaseUrl (/Users/yann/spx-app/node_modules/@supabase/supabase-js/src/lib/helpers.ts:86:11)
    at new SupabaseClient (/Users/yann/spx-app/node_modules/@supabase/supabase-js/src/SupabaseClient.ts:284:21)
    at createClient (/Users/yann/spx-app/node_modules/@supabase/supabase-js/src/index.ts:65:10)
    at admin (/Users/yann/spx-app/src/lib/desk/image-findings.ts:118:10)
    at listApprovedForTicker (/Users/yann/spx-app/src/lib/desk/image-findings.ts:222:16)
    at loadV17CompanyBrut (/Users/yann/spx-app/src/lib/company-core/load-company.ts:1906:30)
    at async loadV17Company (/Users/yann/spx-app/src/lib/company-core/load-company.ts:493:14)
    at async auditTicker (/Users/yann/spx-app/scripts/audit-pages-full.ts:51:19)
    at async main (/Users/yann/spx-app/scripts/audit-pages-full.ts:153:17)
[hero-kpi-overrides] refetch failed, using stale cache Error: SUPABASE_SERVICE_ROLE_KEY manquante — vérifier .env.local
    at createSupabaseAdminClient (/Users/yann/spx-app/src/lib/supabase/admin.ts:16:11)
    at fetchAll (/Users/yann/spx-app/src/lib/company-core/hero-kpi-overrides.ts:31:20)
    at getHeroKpiOverride (/Users/yann/spx-app/src/lib/company-core/hero-kpi-overrides.ts:58:21)
    at loadV17CompanyBrut (/Users/yann/spx-app/src/lib/company-core/load-company.ts:3083:28)
    at async loadV17Company (/Users/yann/spx-app/src/lib/company-core/load-company.ts:493:14)
    at async auditTicker (/Users/yann/spx-app/scripts/audit-pages-full.ts:51:19)
    at async main (/Users/yann/spx-app/scripts/audit-pages-full.ts:153:17)
special_kpis merge failed for T: Error: supabaseUrl is required.
    at validateSupabaseUrl (/Users/yann/spx-app/node_modules/@supabase/supabase-js/src/lib/helpers.ts:86:11)
    at new SupabaseClient (/Users/yann/spx-app/node_modules/@supabase/supabase-js/src/SupabaseClient.ts:284:21)
    at createClient (/Users/yann/spx-app/node_modules/@supabase/supabase-js/src/index.ts:65:10)
    at admin (/Users/yann/spx-app/src/lib/desk/special-kpis.ts:152:10)
    at listPublishedForTicker (/Users/yann/spx-app/src/lib/desk/special-kpis.ts:175:16)
    at loadV17CompanyBrut (/Users/yann/spx-app/src/lib/company-core/load-company.ts:1779:30)
    at async loadV17Company (/Users/yann/spx-app/src/lib/company-core/load-company.ts:493:14)
    at async auditTicker (/Users/yann/spx-app/scripts/audit-pages-full.ts:51:19)
    at async main (/Users/yann/spx-app/scripts/audit-pages-full.ts:153:17)
kpi_requests merge failed for T: Error: supabaseUrl is required.
    at validateSupabaseUrl (/Users/yann/spx-app/node_modules/@supabase/supabase-js/src/lib/helpers.ts:86:11)
    at new SupabaseClient (/Users/yann/spx-app/node_modules/@supabase/supabase-js/src/SupabaseClient.ts:284:21)
    at createClient (/Users/yann/spx-app/node_modules/@supabase/supabase-js/src/index.ts:65:10)
    at loadV17CompanyBrut (/Users/yann/spx-app/src/lib/company-core/load-company.ts:1843:18)
    at async loadV17Company (/Users/yann/spx-app/src/lib/company-core/load-company.ts:493:14)
    at async auditTicker (/Users/yann/spx-app/scripts/audit-pages-full.ts:51:19)
    at async main (/Users/yann/spx-app/scripts/audit-pages-full.ts:153:17)
image_findings merge failed for T: Error: supabaseUrl is required.
    at validateSupabaseUrl (/Users/yann/spx-app/node_modules/@supabase/supabase-js/src/lib/helpers.ts:86:11)
    at new SupabaseClient (/Users/yann/spx-app/node_modules/@supabase/supabase-js/src/SupabaseClient.ts:284:21)
    at createClient (/Users/yann/spx-app/node_modules/@supabase/supabase-js/src/index.ts:65:10)
    at admin (/Users/yann/spx-app/src/lib/desk/image-findings.ts:118:10)
    at listApprovedForTicker (/Users/yann/spx-app/src/lib/desk/image-findings.ts:222:16)
    at loadV17CompanyBrut (/Users/yann/spx-app/src/lib/company-core/load-company.ts:1906:30)
    at async loadV17Company (/Users/yann/spx-app/src/lib/company-core/load-company.ts:493:14)
    at async auditTicker (/Users/yann/spx-app/scripts/audit-pages-full.ts:51:19)
    at async main (/Users/yann/spx-app/scripts/audit-pages-full.ts:153:17)
[hero-kpi-overrides] refetch failed, using stale cache Error: SUPABASE_SERVICE_ROLE_KEY manquante — vérifier .env.local
    at createSupabaseAdminClient (/Users/yann/spx-app/src/lib/supabase/admin.ts:16:11)
    at fetchAll (/Users/yann/spx-app/src/lib/company-core/hero-kpi-overrides.ts:31:20)
    at getHeroKpiOverride (/Users/yann/spx-app/src/lib/company-core/hero-kpi-overrides.ts:58:21)
    at loadV17CompanyBrut (/Users/yann/spx-app/src/lib/company-core/load-company.ts:3083:28)
    at async loadV17Company (/Users/yann/spx-app/src/lib/company-core/load-company.ts:493:14)
    at async auditTicker (/Users/yann/spx-app/scripts/audit-pages-full.ts:51:19)
    at async main (/Users/yann/spx-app/scripts/audit-pages-full.ts:153:17)
special_kpis merge failed for TMUS: Error: supabaseUrl is required.
    at validateSupabaseUrl (/Users/yann/spx-app/node_modules/@supabase/supabase-js/src/lib/helpers.ts:86:11)
    at new SupabaseClient (/Users/yann/spx-app/node_modules/@supabase/supabase-js/src/SupabaseClient.ts:284:21)
    at createClient (/Users/yann/spx-app/node_modules/@supabase/supabase-js/src/index.ts:65:10)
    at admin (/Users/yann/spx-app/src/lib/desk/special-kpis.ts:152:10)
    at listPublishedForTicker (/Users/yann/spx-app/src/lib/desk/special-kpis.ts:175:16)
    at loadV17CompanyBrut (/Users/yann/spx-app/src/lib/company-core/load-company.ts:1779:30)
    at async loadV17Company (/Users/yann/spx-app/src/lib/company-core/load-company.ts:493:14)
    at async auditTicker (/Users/yann/spx-app/scripts/audit-pages-full.ts:51:19)
    at async main (/Users/yann/spx-app/scripts/audit-pages-full.ts:153:17)
kpi_requests merge failed for TMUS: Error: supabaseUrl is required.
    at validateSupabaseUrl (/Users/yann/spx-app/node_modules/@supabase/supabase-js/src/lib/helpers.ts:86:11)
    at new SupabaseClient (/Users/yann/spx-app/node_modules/@supabase/supabase-js/src/SupabaseClient.ts:284:21)
    at createClient (/Users/yann/spx-app/node_modules/@supabase/supabase-js/src/index.ts:65:10)
    at loadV17CompanyBrut (/Users/yann/spx-app/src/lib/company-core/load-company.ts:1843:18)
    at async loadV17Company (/Users/yann/spx-app/src/lib/company-core/load-company.ts:493:14)
    at async auditTicker (/Users/yann/spx-app/scripts/audit-pages-full.ts:51:19)
    at async main (/Users/yann/spx-app/scripts/audit-pages-full.ts:153:17)
image_findings merge failed for TMUS: Error: supabaseUrl is required.
    at validateSupabaseUrl (/Users/yann/spx-app/node_modules/@supabase/supabase-js/src/lib/helpers.ts:86:11)
    at new SupabaseClient (/Users/yann/spx-app/node_modules/@supabase/supabase-js/src/SupabaseClient.ts:284:21)
    at createClient (/Users/yann/spx-app/node_modules/@supabase/supabase-js/src/index.ts:65:10)
    at admin (/Users/yann/spx-app/src/lib/desk/image-findings.ts:118:10)
    at listApprovedForTicker (/Users/yann/spx-app/src/lib/desk/image-findings.ts:222:16)
    at loadV17CompanyBrut (/Users/yann/spx-app/src/lib/company-core/load-company.ts:1906:30)
    at async loadV17Company (/Users/yann/spx-app/src/lib/company-core/load-company.ts:493:14)
    at async auditTicker (/Users/yann/spx-app/scripts/audit-pages-full.ts:51:19)
    at async main (/Users/yann/spx-app/scripts/audit-pages-full.ts:153:17)
[hero-kpi-overrides] refetch failed, using stale cache Error: SUPABASE_SERVICE_ROLE_KEY manquante — vérifier .env.local
    at createSupabaseAdminClient (/Users/yann/spx-app/src/lib/supabase/admin.ts:16:11)
    at fetchAll (/Users/yann/spx-app/src/lib/company-core/hero-kpi-overrides.ts:31:20)
    at getHeroKpiOverride (/Users/yann/spx-app/src/lib/company-core/hero-kpi-overrides.ts:58:21)
    at loadV17CompanyBrut (/Users/yann/spx-app/src/lib/company-core/load-company.ts:3083:28)
    at async loadV17Company (/Users/yann/spx-app/src/lib/company-core/load-company.ts:493:14)
    at async auditTicker (/Users/yann/spx-app/scripts/audit-pages-full.ts:51:19)
    at async main (/Users/yann/spx-app/scripts/audit-pages-full.ts:153:17)
special_kpis merge failed for TSN: Error: supabaseUrl is required.
    at validateSupabaseUrl (/Users/yann/spx-app/node_modules/@supabase/supabase-js/src/lib/helpers.ts:86:11)
    at new SupabaseClient (/Users/yann/spx-app/node_modules/@supabase/supabase-js/src/SupabaseClient.ts:284:21)
    at createClient (/Users/yann/spx-app/node_modules/@supabase/supabase-js/src/index.ts:65:10)
    at admin (/Users/yann/spx-app/src/lib/desk/special-kpis.ts:152:10)
    at listPublishedForTicker (/Users/yann/spx-app/src/lib/desk/special-kpis.ts:175:16)
    at loadV17CompanyBrut (/Users/yann/spx-app/src/lib/company-core/load-company.ts:1779:30)
    at async loadV17Company (/Users/yann/spx-app/src/lib/company-core/load-company.ts:493:14)
    at async auditTicker (/Users/yann/spx-app/scripts/audit-pages-full.ts:51:19)
    at async main (/Users/yann/spx-app/scripts/audit-pages-full.ts:153:17)
kpi_requests merge failed for TSN: Error: supabaseUrl is required.
    at validateSupabaseUrl (/Users/yann/spx-app/node_modules/@supabase/supabase-js/src/lib/helpers.ts:86:11)
    at new SupabaseClient (/Users/yann/spx-app/node_modules/@supabase/supabase-js/src/SupabaseClient.ts:284:21)
    at createClient (/Users/yann/spx-app/node_modules/@supabase/supabase-js/src/index.ts:65:10)
    at loadV17CompanyBrut (/Users/yann/spx-app/src/lib/company-core/load-company.ts:1843:18)
    at async loadV17Company (/Users/yann/spx-app/src/lib/company-core/load-company.ts:493:14)
    at async auditTicker (/Users/yann/spx-app/scripts/audit-pages-full.ts:51:19)
    at async main (/Users/yann/spx-app/scripts/audit-pages-full.ts:153:17)
image_findings merge failed for TSN: Error: supabaseUrl is required.
    at validateSupabaseUrl (/Users/yann/spx-app/node_modules/@supabase/supabase-js/src/lib/helpers.ts:86:11)
    at new SupabaseClient (/Users/yann/spx-app/node_modules/@supabase/supabase-js/src/SupabaseClient.ts:284:21)
    at createClient (/Users/yann/spx-app/node_modules/@supabase/supabase-js/src/index.ts:65:10)
    at admin (/Users/yann/spx-app/src/lib/desk/image-findings.ts:118:10)
    at listApprovedForTicker (/Users/yann/spx-app/src/lib/desk/image-findings.ts:222:16)
    at loadV17CompanyBrut (/Users/yann/spx-app/src/lib/company-core/load-company.ts:1906:30)
    at async loadV17Company (/Users/yann/spx-app/src/lib/company-core/load-company.ts:493:14)
    at async auditTicker (/Users/yann/spx-app/scripts/audit-pages-full.ts:51:19)
    at async main (/Users/yann/spx-app/scripts/audit-pages-full.ts:153:17)
[hero-kpi-overrides] refetch failed, using stale cache Error: SUPABASE_SERVICE_ROLE_KEY manquante — vérifier .env.local
    at createSupabaseAdminClient (/Users/yann/spx-app/src/lib/supabase/admin.ts:16:11)
    at fetchAll (/Users/yann/spx-app/src/lib/company-core/hero-kpi-overrides.ts:31:20)
    at getHeroKpiOverride (/Users/yann/spx-app/src/lib/company-core/hero-kpi-overrides.ts:58:21)
    at loadV17CompanyBrut (/Users/yann/spx-app/src/lib/company-core/load-company.ts:3083:28)
    at async loadV17Company (/Users/yann/spx-app/src/lib/company-core/load-company.ts:493:14)
    at async auditTicker (/Users/yann/spx-app/scripts/audit-pages-full.ts:51:19)
    at async main (/Users/yann/spx-app/scripts/audit-pages-full.ts:153:17)
special_kpis merge failed for TTD: Error: supabaseUrl is required.
    at validateSupabaseUrl (/Users/yann/spx-app/node_modules/@supabase/supabase-js/src/lib/helpers.ts:86:11)
    at new SupabaseClient (/Users/yann/spx-app/node_modules/@supabase/supabase-js/src/SupabaseClient.ts:284:21)
    at createClient (/Users/yann/spx-app/node_modules/@supabase/supabase-js/src/index.ts:65:10)
    at admin (/Users/yann/spx-app/src/lib/desk/special-kpis.ts:152:10)
    at listPublishedForTicker (/Users/yann/spx-app/src/lib/desk/special-kpis.ts:175:16)
    at loadV17CompanyBrut (/Users/yann/spx-app/src/lib/company-core/load-company.ts:1779:30)
    at async loadV17Company (/Users/yann/spx-app/src/lib/company-core/load-company.ts:493:14)
    at async auditTicker (/Users/yann/spx-app/scripts/audit-pages-full.ts:51:19)
    at async main (/Users/yann/spx-app/scripts/audit-pages-full.ts:153:17)
kpi_requests merge failed for TTD: Error: supabaseUrl is required.
    at validateSupabaseUrl (/Users/yann/spx-app/node_modules/@supabase/supabase-js/src/lib/helpers.ts:86:11)
    at new SupabaseClient (/Users/yann/spx-app/node_modules/@supabase/supabase-js/src/SupabaseClient.ts:284:21)
    at createClient (/Users/yann/spx-app/node_modules/@supabase/supabase-js/src/index.ts:65:10)
    at loadV17CompanyBrut (/Users/yann/spx-app/src/lib/company-core/load-company.ts:1843:18)
    at async loadV17Company (/Users/yann/spx-app/src/lib/company-core/load-company.ts:493:14)
    at async auditTicker (/Users/yann/spx-app/scripts/audit-pages-full.ts:51:19)
    at async main (/Users/yann/spx-app/scripts/audit-pages-full.ts:153:17)
image_findings merge failed for TTD: Error: supabaseUrl is required.
    at validateSupabaseUrl (/Users/yann/spx-app/node_modules/@supabase/supabase-js/src/lib/helpers.ts:86:11)
    at new SupabaseClient (/Users/yann/spx-app/node_modules/@supabase/supabase-js/src/SupabaseClient.ts:284:21)
    at createClient (/Users/yann/spx-app/node_modules/@supabase/supabase-js/src/index.ts:65:10)
    at admin (/Users/yann/spx-app/src/lib/desk/image-findings.ts:118:10)
    at listApprovedForTicker (/Users/yann/spx-app/src/lib/desk/image-findings.ts:222:16)
    at loadV17CompanyBrut (/Users/yann/spx-app/src/lib/company-core/load-company.ts:1906:30)
    at async loadV17Company (/Users/yann/spx-app/src/lib/company-core/load-company.ts:493:14)
    at async auditTicker (/Users/yann/spx-app/scripts/audit-pages-full.ts:51:19)
    at async main (/Users/yann/spx-app/scripts/audit-pages-full.ts:153:17)
[hero-kpi-overrides] refetch failed, using stale cache Error: SUPABASE_SERVICE_ROLE_KEY manquante — vérifier .env.local
    at createSupabaseAdminClient (/Users/yann/spx-app/src/lib/supabase/admin.ts:16:11)
    at fetchAll (/Users/yann/spx-app/src/lib/company-core/hero-kpi-overrides.ts:31:20)
    at getHeroKpiOverride (/Users/yann/spx-app/src/lib/company-core/hero-kpi-overrides.ts:58:21)
    at loadV17CompanyBrut (/Users/yann/spx-app/src/lib/company-core/load-company.ts:3083:28)
    at async loadV17Company (/Users/yann/spx-app/src/lib/company-core/load-company.ts:493:14)
    at async auditTicker (/Users/yann/spx-app/scripts/audit-pages-full.ts:51:19)
    at async main (/Users/yann/spx-app/scripts/audit-pages-full.ts:153:17)
special_kpis merge failed for UDR: Error: supabaseUrl is required.
    at validateSupabaseUrl (/Users/yann/spx-app/node_modules/@supabase/supabase-js/src/lib/helpers.ts:86:11)
    at new SupabaseClient (/Users/yann/spx-app/node_modules/@supabase/supabase-js/src/SupabaseClient.ts:284:21)
    at createClient (/Users/yann/spx-app/node_modules/@supabase/supabase-js/src/index.ts:65:10)
    at admin (/Users/yann/spx-app/src/lib/desk/special-kpis.ts:152:10)
    at listPublishedForTicker (/Users/yann/spx-app/src/lib/desk/special-kpis.ts:175:16)
    at loadV17CompanyBrut (/Users/yann/spx-app/src/lib/company-core/load-company.ts:1779:30)
    at async loadV17Company (/Users/yann/spx-app/src/lib/company-core/load-company.ts:493:14)
    at async auditTicker (/Users/yann/spx-app/scripts/audit-pages-full.ts:51:19)
    at async main (/Users/yann/spx-app/scripts/audit-pages-full.ts:153:17)
kpi_requests merge failed for UDR: Error: supabaseUrl is required.
    at validateSupabaseUrl (/Users/yann/spx-app/node_modules/@supabase/supabase-js/src/lib/helpers.ts:86:11)
    at new SupabaseClient (/Users/yann/spx-app/node_modules/@supabase/supabase-js/src/SupabaseClient.ts:284:21)
    at createClient (/Users/yann/spx-app/node_modules/@supabase/supabase-js/src/index.ts:65:10)
    at loadV17CompanyBrut (/Users/yann/spx-app/src/lib/company-core/load-company.ts:1843:18)
    at async loadV17Company (/Users/yann/spx-app/src/lib/company-core/load-company.ts:493:14)
    at async auditTicker (/Users/yann/spx-app/scripts/audit-pages-full.ts:51:19)
    at async main (/Users/yann/spx-app/scripts/audit-pages-full.ts:153:17)
image_findings merge failed for UDR: Error: supabaseUrl is required.
    at validateSupabaseUrl (/Users/yann/spx-app/node_modules/@supabase/supabase-js/src/lib/helpers.ts:86:11)
    at new SupabaseClient (/Users/yann/spx-app/node_modules/@supabase/supabase-js/src/SupabaseClient.ts:284:21)
    at createClient (/Users/yann/spx-app/node_modules/@supabase/supabase-js/src/index.ts:65:10)
    at admin (/Users/yann/spx-app/src/lib/desk/image-findings.ts:118:10)
    at listApprovedForTicker (/Users/yann/spx-app/src/lib/desk/image-findings.ts:222:16)
    at loadV17CompanyBrut (/Users/yann/spx-app/src/lib/company-core/load-company.ts:1906:30)
    at async loadV17Company (/Users/yann/spx-app/src/lib/company-core/load-company.ts:493:14)
    at async auditTicker (/Users/yann/spx-app/scripts/audit-pages-full.ts:51:19)
    at async main (/Users/yann/spx-app/scripts/audit-pages-full.ts:153:17)
[hero-kpi-overrides] refetch failed, using stale cache Error: SUPABASE_SERVICE_ROLE_KEY manquante — vérifier .env.local
    at createSupabaseAdminClient (/Users/yann/spx-app/src/lib/supabase/admin.ts:16:11)
    at fetchAll (/Users/yann/spx-app/src/lib/company-core/hero-kpi-overrides.ts:31:20)
    at getHeroKpiOverride (/Users/yann/spx-app/src/lib/company-core/hero-kpi-overrides.ts:58:21)
    at loadV17CompanyBrut (/Users/yann/spx-app/src/lib/company-core/load-company.ts:3083:28)
    at async loadV17Company (/Users/yann/spx-app/src/lib/company-core/load-company.ts:493:14)
    at async auditTicker (/Users/yann/spx-app/scripts/audit-pages-full.ts:51:19)
    at async main (/Users/yann/spx-app/scripts/audit-pages-full.ts:153:17)
special_kpis merge failed for UNH: Error: supabaseUrl is required.
    at validateSupabaseUrl (/Users/yann/spx-app/node_modules/@supabase/supabase-js/src/lib/helpers.ts:86:11)
    at new SupabaseClient (/Users/yann/spx-app/node_modules/@supabase/supabase-js/src/SupabaseClient.ts:284:21)
    at createClient (/Users/yann/spx-app/node_modules/@supabase/supabase-js/src/index.ts:65:10)
    at admin (/Users/yann/spx-app/src/lib/desk/special-kpis.ts:152:10)
    at listPublishedForTicker (/Users/yann/spx-app/src/lib/desk/special-kpis.ts:175:16)
    at loadV17CompanyBrut (/Users/yann/spx-app/src/lib/company-core/load-company.ts:1779:30)
    at async loadV17Company (/Users/yann/spx-app/src/lib/company-core/load-company.ts:493:14)
    at async auditTicker (/Users/yann/spx-app/scripts/audit-pages-full.ts:51:19)
    at async main (/Users/yann/spx-app/scripts/audit-pages-full.ts:153:17)
kpi_requests merge failed for UNH: Error: supabaseUrl is required.
    at validateSupabaseUrl (/Users/yann/spx-app/node_modules/@supabase/supabase-js/src/lib/helpers.ts:86:11)
    at new SupabaseClient (/Users/yann/spx-app/node_modules/@supabase/supabase-js/src/SupabaseClient.ts:284:21)
    at createClient (/Users/yann/spx-app/node_modules/@supabase/supabase-js/src/index.ts:65:10)
    at loadV17CompanyBrut (/Users/yann/spx-app/src/lib/company-core/load-company.ts:1843:18)
    at async loadV17Company (/Users/yann/spx-app/src/lib/company-core/load-company.ts:493:14)
    at async auditTicker (/Users/yann/spx-app/scripts/audit-pages-full.ts:51:19)
    at async main (/Users/yann/spx-app/scripts/audit-pages-full.ts:153:17)
image_findings merge failed for UNH: Error: supabaseUrl is required.
    at validateSupabaseUrl (/Users/yann/spx-app/node_modules/@supabase/supabase-js/src/lib/helpers.ts:86:11)
    at new SupabaseClient (/Users/yann/spx-app/node_modules/@supabase/supabase-js/src/SupabaseClient.ts:284:21)
    at createClient (/Users/yann/spx-app/node_modules/@supabase/supabase-js/src/index.ts:65:10)
    at admin (/Users/yann/spx-app/src/lib/desk/image-findings.ts:118:10)
    at listApprovedForTicker (/Users/yann/spx-app/src/lib/desk/image-findings.ts:222:16)
    at loadV17CompanyBrut (/Users/yann/spx-app/src/lib/company-core/load-company.ts:1906:30)
    at async loadV17Company (/Users/yann/spx-app/src/lib/company-core/load-company.ts:493:14)
    at async auditTicker (/Users/yann/spx-app/scripts/audit-pages-full.ts:51:19)
    at async main (/Users/yann/spx-app/scripts/audit-pages-full.ts:153:17)
[hero-kpi-overrides] refetch failed, using stale cache Error: SUPABASE_SERVICE_ROLE_KEY manquante — vérifier .env.local
    at createSupabaseAdminClient (/Users/yann/spx-app/src/lib/supabase/admin.ts:16:11)
    at fetchAll (/Users/yann/spx-app/src/lib/company-core/hero-kpi-overrides.ts:31:20)
    at getHeroKpiOverride (/Users/yann/spx-app/src/lib/company-core/hero-kpi-overrides.ts:58:21)
    at loadV17CompanyBrut (/Users/yann/spx-app/src/lib/company-core/load-company.ts:3083:28)
    at async loadV17Company (/Users/yann/spx-app/src/lib/company-core/load-company.ts:493:14)
    at async auditTicker (/Users/yann/spx-app/scripts/audit-pages-full.ts:51:19)
    at async main (/Users/yann/spx-app/scripts/audit-pages-full.ts:153:17)
special_kpis merge failed for URI: Error: supabaseUrl is required.
    at validateSupabaseUrl (/Users/yann/spx-app/node_modules/@supabase/supabase-js/src/lib/helpers.ts:86:11)
    at new SupabaseClient (/Users/yann/spx-app/node_modules/@supabase/supabase-js/src/SupabaseClient.ts:284:21)
    at createClient (/Users/yann/spx-app/node_modules/@supabase/supabase-js/src/index.ts:65:10)
    at admin (/Users/yann/spx-app/src/lib/desk/special-kpis.ts:152:10)
    at listPublishedForTicker (/Users/yann/spx-app/src/lib/desk/special-kpis.ts:175:16)
    at loadV17CompanyBrut (/Users/yann/spx-app/src/lib/company-core/load-company.ts:1779:30)
    at async loadV17Company (/Users/yann/spx-app/src/lib/company-core/load-company.ts:493:14)
    at async auditTicker (/Users/yann/spx-app/scripts/audit-pages-full.ts:51:19)
    at async main (/Users/yann/spx-app/scripts/audit-pages-full.ts:153:17)
kpi_requests merge failed for URI: Error: supabaseUrl is required.
    at validateSupabaseUrl (/Users/yann/spx-app/node_modules/@supabase/supabase-js/src/lib/helpers.ts:86:11)
    at new SupabaseClient (/Users/yann/spx-app/node_modules/@supabase/supabase-js/src/SupabaseClient.ts:284:21)
    at createClient (/Users/yann/spx-app/node_modules/@supabase/supabase-js/src/index.ts:65:10)
    at loadV17CompanyBrut (/Users/yann/spx-app/src/lib/company-core/load-company.ts:1843:18)
    at async loadV17Company (/Users/yann/spx-app/src/lib/company-core/load-company.ts:493:14)
    at async auditTicker (/Users/yann/spx-app/scripts/audit-pages-full.ts:51:19)
    at async main (/Users/yann/spx-app/scripts/audit-pages-full.ts:153:17)
image_findings merge failed for URI: Error: supabaseUrl is required.
    at validateSupabaseUrl (/Users/yann/spx-app/node_modules/@supabase/supabase-js/src/lib/helpers.ts:86:11)
    at new SupabaseClient (/Users/yann/spx-app/node_modules/@supabase/supabase-js/src/SupabaseClient.ts:284:21)
    at createClient (/Users/yann/spx-app/node_modules/@supabase/supabase-js/src/index.ts:65:10)
    at admin (/Users/yann/spx-app/src/lib/desk/image-findings.ts:118:10)
    at listApprovedForTicker (/Users/yann/spx-app/src/lib/desk/image-findings.ts:222:16)
    at loadV17CompanyBrut (/Users/yann/spx-app/src/lib/company-core/load-company.ts:1906:30)
    at async loadV17Company (/Users/yann/spx-app/src/lib/company-core/load-company.ts:493:14)
    at async auditTicker (/Users/yann/spx-app/scripts/audit-pages-full.ts:51:19)
    at async main (/Users/yann/spx-app/scripts/audit-pages-full.ts:153:17)
[hero-kpi-overrides] refetch failed, using stale cache Error: SUPABASE_SERVICE_ROLE_KEY manquante — vérifier .env.local
    at createSupabaseAdminClient (/Users/yann/spx-app/src/lib/supabase/admin.ts:16:11)
    at fetchAll (/Users/yann/spx-app/src/lib/company-core/hero-kpi-overrides.ts:31:20)
    at getHeroKpiOverride (/Users/yann/spx-app/src/lib/company-core/hero-kpi-overrides.ts:58:21)
    at loadV17CompanyBrut (/Users/yann/spx-app/src/lib/company-core/load-company.ts:3083:28)
    at async loadV17Company (/Users/yann/spx-app/src/lib/company-core/load-company.ts:493:14)
    at async auditTicker (/Users/yann/spx-app/scripts/audit-pages-full.ts:51:19)
    at async main (/Users/yann/spx-app/scripts/audit-pages-full.ts:153:17)
special_kpis merge failed for VICI: Error: supabaseUrl is required.
    at validateSupabaseUrl (/Users/yann/spx-app/node_modules/@supabase/supabase-js/src/lib/helpers.ts:86:11)
    at new SupabaseClient (/Users/yann/spx-app/node_modules/@supabase/supabase-js/src/SupabaseClient.ts:284:21)
    at createClient (/Users/yann/spx-app/node_modules/@supabase/supabase-js/src/index.ts:65:10)
    at admin (/Users/yann/spx-app/src/lib/desk/special-kpis.ts:152:10)
    at listPublishedForTicker (/Users/yann/spx-app/src/lib/desk/special-kpis.ts:175:16)
    at loadV17CompanyBrut (/Users/yann/spx-app/src/lib/company-core/load-company.ts:1779:30)
    at async loadV17Company (/Users/yann/spx-app/src/lib/company-core/load-company.ts:493:14)
    at async auditTicker (/Users/yann/spx-app/scripts/audit-pages-full.ts:51:19)
    at async main (/Users/yann/spx-app/scripts/audit-pages-full.ts:153:17)
kpi_requests merge failed for VICI: Error: supabaseUrl is required.
    at validateSupabaseUrl (/Users/yann/spx-app/node_modules/@supabase/supabase-js/src/lib/helpers.ts:86:11)
    at new SupabaseClient (/Users/yann/spx-app/node_modules/@supabase/supabase-js/src/SupabaseClient.ts:284:21)
    at createClient (/Users/yann/spx-app/node_modules/@supabase/supabase-js/src/index.ts:65:10)
    at loadV17CompanyBrut (/Users/yann/spx-app/src/lib/company-core/load-company.ts:1843:18)
    at async loadV17Company (/Users/yann/spx-app/src/lib/company-core/load-company.ts:493:14)
    at async auditTicker (/Users/yann/spx-app/scripts/audit-pages-full.ts:51:19)
    at async main (/Users/yann/spx-app/scripts/audit-pages-full.ts:153:17)
image_findings merge failed for VICI: Error: supabaseUrl is required.
    at validateSupabaseUrl (/Users/yann/spx-app/node_modules/@supabase/supabase-js/src/lib/helpers.ts:86:11)
    at new SupabaseClient (/Users/yann/spx-app/node_modules/@supabase/supabase-js/src/SupabaseClient.ts:284:21)
    at createClient (/Users/yann/spx-app/node_modules/@supabase/supabase-js/src/index.ts:65:10)
    at admin (/Users/yann/spx-app/src/lib/desk/image-findings.ts:118:10)
    at listApprovedForTicker (/Users/yann/spx-app/src/lib/desk/image-findings.ts:222:16)
    at loadV17CompanyBrut (/Users/yann/spx-app/src/lib/company-core/load-company.ts:1906:30)
    at async loadV17Company (/Users/yann/spx-app/src/lib/company-core/load-company.ts:493:14)
    at async auditTicker (/Users/yann/spx-app/scripts/audit-pages-full.ts:51:19)
    at async main (/Users/yann/spx-app/scripts/audit-pages-full.ts:153:17)
[hero-kpi-overrides] refetch failed, using stale cache Error: SUPABASE_SERVICE_ROLE_KEY manquante — vérifier .env.local
    at createSupabaseAdminClient (/Users/yann/spx-app/src/lib/supabase/admin.ts:16:11)
    at fetchAll (/Users/yann/spx-app/src/lib/company-core/hero-kpi-overrides.ts:31:20)
    at getHeroKpiOverride (/Users/yann/spx-app/src/lib/company-core/hero-kpi-overrides.ts:58:21)
    at loadV17CompanyBrut (/Users/yann/spx-app/src/lib/company-core/load-company.ts:3083:28)
    at async loadV17Company (/Users/yann/spx-app/src/lib/company-core/load-company.ts:493:14)
    at async auditTicker (/Users/yann/spx-app/scripts/audit-pages-full.ts:51:19)
    at async main (/Users/yann/spx-app/scripts/audit-pages-full.ts:153:17)
special_kpis merge failed for VRSK: Error: supabaseUrl is required.
    at validateSupabaseUrl (/Users/yann/spx-app/node_modules/@supabase/supabase-js/src/lib/helpers.ts:86:11)
    at new SupabaseClient (/Users/yann/spx-app/node_modules/@supabase/supabase-js/src/SupabaseClient.ts:284:21)
    at createClient (/Users/yann/spx-app/node_modules/@supabase/supabase-js/src/index.ts:65:10)
    at admin (/Users/yann/spx-app/src/lib/desk/special-kpis.ts:152:10)
    at listPublishedForTicker (/Users/yann/spx-app/src/lib/desk/special-kpis.ts:175:16)
    at loadV17CompanyBrut (/Users/yann/spx-app/src/lib/company-core/load-company.ts:1779:30)
    at async loadV17Company (/Users/yann/spx-app/src/lib/company-core/load-company.ts:493:14)
    at async auditTicker (/Users/yann/spx-app/scripts/audit-pages-full.ts:51:19)
    at async main (/Users/yann/spx-app/scripts/audit-pages-full.ts:153:17)
kpi_requests merge failed for VRSK: Error: supabaseUrl is required.
    at validateSupabaseUrl (/Users/yann/spx-app/node_modules/@supabase/supabase-js/src/lib/helpers.ts:86:11)
    at new SupabaseClient (/Users/yann/spx-app/node_modules/@supabase/supabase-js/src/SupabaseClient.ts:284:21)
    at createClient (/Users/yann/spx-app/node_modules/@supabase/supabase-js/src/index.ts:65:10)
    at loadV17CompanyBrut (/Users/yann/spx-app/src/lib/company-core/load-company.ts:1843:18)
    at async loadV17Company (/Users/yann/spx-app/src/lib/company-core/load-company.ts:493:14)
    at async auditTicker (/Users/yann/spx-app/scripts/audit-pages-full.ts:51:19)
    at async main (/Users/yann/spx-app/scripts/audit-pages-full.ts:153:17)
image_findings merge failed for VRSK: Error: supabaseUrl is required.
    at validateSupabaseUrl (/Users/yann/spx-app/node_modules/@supabase/supabase-js/src/lib/helpers.ts:86:11)
    at new SupabaseClient (/Users/yann/spx-app/node_modules/@supabase/supabase-js/src/SupabaseClient.ts:284:21)
    at createClient (/Users/yann/spx-app/node_modules/@supabase/supabase-js/src/index.ts:65:10)
    at admin (/Users/yann/spx-app/src/lib/desk/image-findings.ts:118:10)
    at listApprovedForTicker (/Users/yann/spx-app/src/lib/desk/image-findings.ts:222:16)
    at loadV17CompanyBrut (/Users/yann/spx-app/src/lib/company-core/load-company.ts:1906:30)
    at async loadV17Company (/Users/yann/spx-app/src/lib/company-core/load-company.ts:493:14)
    at async auditTicker (/Users/yann/spx-app/scripts/audit-pages-full.ts:51:19)
    at async main (/Users/yann/spx-app/scripts/audit-pages-full.ts:153:17)
[hero-kpi-overrides] refetch failed, using stale cache Error: SUPABASE_SERVICE_ROLE_KEY manquante — vérifier .env.local
    at createSupabaseAdminClient (/Users/yann/spx-app/src/lib/supabase/admin.ts:16:11)
    at fetchAll (/Users/yann/spx-app/src/lib/company-core/hero-kpi-overrides.ts:31:20)
    at getHeroKpiOverride (/Users/yann/spx-app/src/lib/company-core/hero-kpi-overrides.ts:58:21)
    at loadV17CompanyBrut (/Users/yann/spx-app/src/lib/company-core/load-company.ts:3083:28)
    at async loadV17Company (/Users/yann/spx-app/src/lib/company-core/load-company.ts:493:14)
    at async auditTicker (/Users/yann/spx-app/scripts/audit-pages-full.ts:51:19)
    at async main (/Users/yann/spx-app/scripts/audit-pages-full.ts:153:17)
special_kpis merge failed for VRT: Error: supabaseUrl is required.
    at validateSupabaseUrl (/Users/yann/spx-app/node_modules/@supabase/supabase-js/src/lib/helpers.ts:86:11)
    at new SupabaseClient (/Users/yann/spx-app/node_modules/@supabase/supabase-js/src/SupabaseClient.ts:284:21)
    at createClient (/Users/yann/spx-app/node_modules/@supabase/supabase-js/src/index.ts:65:10)
    at admin (/Users/yann/spx-app/src/lib/desk/special-kpis.ts:152:10)
    at listPublishedForTicker (/Users/yann/spx-app/src/lib/desk/special-kpis.ts:175:16)
    at loadV17CompanyBrut (/Users/yann/spx-app/src/lib/company-core/load-company.ts:1779:30)
    at async loadV17Company (/Users/yann/spx-app/src/lib/company-core/load-company.ts:493:14)
    at async auditTicker (/Users/yann/spx-app/scripts/audit-pages-full.ts:51:19)
    at async main (/Users/yann/spx-app/scripts/audit-pages-full.ts:153:17)
kpi_requests merge failed for VRT: Error: supabaseUrl is required.
    at validateSupabaseUrl (/Users/yann/spx-app/node_modules/@supabase/supabase-js/src/lib/helpers.ts:86:11)
    at new SupabaseClient (/Users/yann/spx-app/node_modules/@supabase/supabase-js/src/SupabaseClient.ts:284:21)
    at createClient (/Users/yann/spx-app/node_modules/@supabase/supabase-js/src/index.ts:65:10)
    at loadV17CompanyBrut (/Users/yann/spx-app/src/lib/company-core/load-company.ts:1843:18)
    at async loadV17Company (/Users/yann/spx-app/src/lib/company-core/load-company.ts:493:14)
    at async auditTicker (/Users/yann/spx-app/scripts/audit-pages-full.ts:51:19)
    at async main (/Users/yann/spx-app/scripts/audit-pages-full.ts:153:17)
image_findings merge failed for VRT: Error: supabaseUrl is required.
    at validateSupabaseUrl (/Users/yann/spx-app/node_modules/@supabase/supabase-js/src/lib/helpers.ts:86:11)
    at new SupabaseClient (/Users/yann/spx-app/node_modules/@supabase/supabase-js/src/SupabaseClient.ts:284:21)
    at createClient (/Users/yann/spx-app/node_modules/@supabase/supabase-js/src/index.ts:65:10)
    at admin (/Users/yann/spx-app/src/lib/desk/image-findings.ts:118:10)
    at listApprovedForTicker (/Users/yann/spx-app/src/lib/desk/image-findings.ts:222:16)
    at loadV17CompanyBrut (/Users/yann/spx-app/src/lib/company-core/load-company.ts:1906:30)
    at async loadV17Company (/Users/yann/spx-app/src/lib/company-core/load-company.ts:493:14)
    at async auditTicker (/Users/yann/spx-app/scripts/audit-pages-full.ts:51:19)
    at async main (/Users/yann/spx-app/scripts/audit-pages-full.ts:153:17)
[hero-kpi-overrides] refetch failed, using stale cache Error: SUPABASE_SERVICE_ROLE_KEY manquante — vérifier .env.local
    at createSupabaseAdminClient (/Users/yann/spx-app/src/lib/supabase/admin.ts:16:11)
    at fetchAll (/Users/yann/spx-app/src/lib/company-core/hero-kpi-overrides.ts:31:20)
    at getHeroKpiOverride (/Users/yann/spx-app/src/lib/company-core/hero-kpi-overrides.ts:58:21)
    at loadV17CompanyBrut (/Users/yann/spx-app/src/lib/company-core/load-company.ts:3083:28)
    at async loadV17Company (/Users/yann/spx-app/src/lib/company-core/load-company.ts:493:14)
    at async auditTicker (/Users/yann/spx-app/scripts/audit-pages-full.ts:51:19)
    at async main (/Users/yann/spx-app/scripts/audit-pages-full.ts:153:17)
special_kpis merge failed for VRTX: Error: supabaseUrl is required.
    at validateSupabaseUrl (/Users/yann/spx-app/node_modules/@supabase/supabase-js/src/lib/helpers.ts:86:11)
    at new SupabaseClient (/Users/yann/spx-app/node_modules/@supabase/supabase-js/src/SupabaseClient.ts:284:21)
    at createClient (/Users/yann/spx-app/node_modules/@supabase/supabase-js/src/index.ts:65:10)
    at admin (/Users/yann/spx-app/src/lib/desk/special-kpis.ts:152:10)
    at listPublishedForTicker (/Users/yann/spx-app/src/lib/desk/special-kpis.ts:175:16)
    at loadV17CompanyBrut (/Users/yann/spx-app/src/lib/company-core/load-company.ts:1779:30)
    at async loadV17Company (/Users/yann/spx-app/src/lib/company-core/load-company.ts:493:14)
    at async auditTicker (/Users/yann/spx-app/scripts/audit-pages-full.ts:51:19)
    at async main (/Users/yann/spx-app/scripts/audit-pages-full.ts:153:17)
kpi_requests merge failed for VRTX: Error: supabaseUrl is required.
    at validateSupabaseUrl (/Users/yann/spx-app/node_modules/@supabase/supabase-js/src/lib/helpers.ts:86:11)
    at new SupabaseClient (/Users/yann/spx-app/node_modules/@supabase/supabase-js/src/SupabaseClient.ts:284:21)
    at createClient (/Users/yann/spx-app/node_modules/@supabase/supabase-js/src/index.ts:65:10)
    at loadV17CompanyBrut (/Users/yann/spx-app/src/lib/company-core/load-company.ts:1843:18)
    at async loadV17Company (/Users/yann/spx-app/src/lib/company-core/load-company.ts:493:14)
    at async auditTicker (/Users/yann/spx-app/scripts/audit-pages-full.ts:51:19)
    at async main (/Users/yann/spx-app/scripts/audit-pages-full.ts:153:17)
image_findings merge failed for VRTX: Error: supabaseUrl is required.
    at validateSupabaseUrl (/Users/yann/spx-app/node_modules/@supabase/supabase-js/src/lib/helpers.ts:86:11)
    at new SupabaseClient (/Users/yann/spx-app/node_modules/@supabase/supabase-js/src/SupabaseClient.ts:284:21)
    at createClient (/Users/yann/spx-app/node_modules/@supabase/supabase-js/src/index.ts:65:10)
    at admin (/Users/yann/spx-app/src/lib/desk/image-findings.ts:118:10)
    at listApprovedForTicker (/Users/yann/spx-app/src/lib/desk/image-findings.ts:222:16)
    at loadV17CompanyBrut (/Users/yann/spx-app/src/lib/company-core/load-company.ts:1906:30)
    at async loadV17Company (/Users/yann/spx-app/src/lib/company-core/load-company.ts:493:14)
    at async auditTicker (/Users/yann/spx-app/scripts/audit-pages-full.ts:51:19)
    at async main (/Users/yann/spx-app/scripts/audit-pages-full.ts:153:17)
[hero-kpi-overrides] refetch failed, using stale cache Error: SUPABASE_SERVICE_ROLE_KEY manquante — vérifier .env.local
    at createSupabaseAdminClient (/Users/yann/spx-app/src/lib/supabase/admin.ts:16:11)
    at fetchAll (/Users/yann/spx-app/src/lib/company-core/hero-kpi-overrides.ts:31:20)
    at getHeroKpiOverride (/Users/yann/spx-app/src/lib/company-core/hero-kpi-overrides.ts:58:21)
    at loadV17CompanyBrut (/Users/yann/spx-app/src/lib/company-core/load-company.ts:3083:28)
    at async loadV17Company (/Users/yann/spx-app/src/lib/company-core/load-company.ts:493:14)
    at async auditTicker (/Users/yann/spx-app/scripts/audit-pages-full.ts:51:19)
    at async main (/Users/yann/spx-app/scripts/audit-pages-full.ts:153:17)
special_kpis merge failed for VST: Error: supabaseUrl is required.
    at validateSupabaseUrl (/Users/yann/spx-app/node_modules/@supabase/supabase-js/src/lib/helpers.ts:86:11)
    at new SupabaseClient (/Users/yann/spx-app/node_modules/@supabase/supabase-js/src/SupabaseClient.ts:284:21)
    at createClient (/Users/yann/spx-app/node_modules/@supabase/supabase-js/src/index.ts:65:10)
    at admin (/Users/yann/spx-app/src/lib/desk/special-kpis.ts:152:10)
    at listPublishedForTicker (/Users/yann/spx-app/src/lib/desk/special-kpis.ts:175:16)
    at loadV17CompanyBrut (/Users/yann/spx-app/src/lib/company-core/load-company.ts:1779:30)
    at async loadV17Company (/Users/yann/spx-app/src/lib/company-core/load-company.ts:493:14)
    at async auditTicker (/Users/yann/spx-app/scripts/audit-pages-full.ts:51:19)
    at async main (/Users/yann/spx-app/scripts/audit-pages-full.ts:153:17)
kpi_requests merge failed for VST: Error: supabaseUrl is required.
    at validateSupabaseUrl (/Users/yann/spx-app/node_modules/@supabase/supabase-js/src/lib/helpers.ts:86:11)
    at new SupabaseClient (/Users/yann/spx-app/node_modules/@supabase/supabase-js/src/SupabaseClient.ts:284:21)
    at createClient (/Users/yann/spx-app/node_modules/@supabase/supabase-js/src/index.ts:65:10)
    at loadV17CompanyBrut (/Users/yann/spx-app/src/lib/company-core/load-company.ts:1843:18)
    at async loadV17Company (/Users/yann/spx-app/src/lib/company-core/load-company.ts:493:14)
    at async auditTicker (/Users/yann/spx-app/scripts/audit-pages-full.ts:51:19)
    at async main (/Users/yann/spx-app/scripts/audit-pages-full.ts:153:17)
image_findings merge failed for VST: Error: supabaseUrl is required.
    at validateSupabaseUrl (/Users/yann/spx-app/node_modules/@supabase/supabase-js/src/lib/helpers.ts:86:11)
    at new SupabaseClient (/Users/yann/spx-app/node_modules/@supabase/supabase-js/src/SupabaseClient.ts:284:21)
    at createClient (/Users/yann/spx-app/node_modules/@supabase/supabase-js/src/index.ts:65:10)
    at admin (/Users/yann/spx-app/src/lib/desk/image-findings.ts:118:10)
    at listApprovedForTicker (/Users/yann/spx-app/src/lib/desk/image-findings.ts:222:16)
    at loadV17CompanyBrut (/Users/yann/spx-app/src/lib/company-core/load-company.ts:1906:30)
    at async loadV17Company (/Users/yann/spx-app/src/lib/company-core/load-company.ts:493:14)
    at async auditTicker (/Users/yann/spx-app/scripts/audit-pages-full.ts:51:19)
    at async main (/Users/yann/spx-app/scripts/audit-pages-full.ts:153:17)
[hero-kpi-overrides] refetch failed, using stale cache Error: SUPABASE_SERVICE_ROLE_KEY manquante — vérifier .env.local
    at createSupabaseAdminClient (/Users/yann/spx-app/src/lib/supabase/admin.ts:16:11)
    at fetchAll (/Users/yann/spx-app/src/lib/company-core/hero-kpi-overrides.ts:31:20)
    at getHeroKpiOverride (/Users/yann/spx-app/src/lib/company-core/hero-kpi-overrides.ts:58:21)
    at loadV17CompanyBrut (/Users/yann/spx-app/src/lib/company-core/load-company.ts:3083:28)
    at async loadV17Company (/Users/yann/spx-app/src/lib/company-core/load-company.ts:493:14)
    at async auditTicker (/Users/yann/spx-app/scripts/audit-pages-full.ts:51:19)
    at async main (/Users/yann/spx-app/scripts/audit-pages-full.ts:153:17)
special_kpis merge failed for WEC: Error: supabaseUrl is required.
    at validateSupabaseUrl (/Users/yann/spx-app/node_modules/@supabase/supabase-js/src/lib/helpers.ts:86:11)
    at new SupabaseClient (/Users/yann/spx-app/node_modules/@supabase/supabase-js/src/SupabaseClient.ts:284:21)
    at createClient (/Users/yann/spx-app/node_modules/@supabase/supabase-js/src/index.ts:65:10)
    at admin (/Users/yann/spx-app/src/lib/desk/special-kpis.ts:152:10)
    at listPublishedForTicker (/Users/yann/spx-app/src/lib/desk/special-kpis.ts:175:16)
    at loadV17CompanyBrut (/Users/yann/spx-app/src/lib/company-core/load-company.ts:1779:30)
    at async loadV17Company (/Users/yann/spx-app/src/lib/company-core/load-company.ts:493:14)
    at async auditTicker (/Users/yann/spx-app/scripts/audit-pages-full.ts:51:19)
    at async main (/Users/yann/spx-app/scripts/audit-pages-full.ts:153:17)
kpi_requests merge failed for WEC: Error: supabaseUrl is required.
    at validateSupabaseUrl (/Users/yann/spx-app/node_modules/@supabase/supabase-js/src/lib/helpers.ts:86:11)
    at new SupabaseClient (/Users/yann/spx-app/node_modules/@supabase/supabase-js/src/SupabaseClient.ts:284:21)
    at createClient (/Users/yann/spx-app/node_modules/@supabase/supabase-js/src/index.ts:65:10)
    at loadV17CompanyBrut (/Users/yann/spx-app/src/lib/company-core/load-company.ts:1843:18)
    at async loadV17Company (/Users/yann/spx-app/src/lib/company-core/load-company.ts:493:14)
    at async auditTicker (/Users/yann/spx-app/scripts/audit-pages-full.ts:51:19)
    at async main (/Users/yann/spx-app/scripts/audit-pages-full.ts:153:17)
image_findings merge failed for WEC: Error: supabaseUrl is required.
    at validateSupabaseUrl (/Users/yann/spx-app/node_modules/@supabase/supabase-js/src/lib/helpers.ts:86:11)
    at new SupabaseClient (/Users/yann/spx-app/node_modules/@supabase/supabase-js/src/SupabaseClient.ts:284:21)
    at createClient (/Users/yann/spx-app/node_modules/@supabase/supabase-js/src/index.ts:65:10)
    at admin (/Users/yann/spx-app/src/lib/desk/image-findings.ts:118:10)
    at listApprovedForTicker (/Users/yann/spx-app/src/lib/desk/image-findings.ts:222:16)
    at loadV17CompanyBrut (/Users/yann/spx-app/src/lib/company-core/load-company.ts:1906:30)
    at async loadV17Company (/Users/yann/spx-app/src/lib/company-core/load-company.ts:493:14)
    at async auditTicker (/Users/yann/spx-app/scripts/audit-pages-full.ts:51:19)
    at async main (/Users/yann/spx-app/scripts/audit-pages-full.ts:153:17)
[hero-kpi-overrides] refetch failed, using stale cache Error: SUPABASE_SERVICE_ROLE_KEY manquante — vérifier .env.local
    at createSupabaseAdminClient (/Users/yann/spx-app/src/lib/supabase/admin.ts:16:11)
    at fetchAll (/Users/yann/spx-app/src/lib/company-core/hero-kpi-overrides.ts:31:20)
    at getHeroKpiOverride (/Users/yann/spx-app/src/lib/company-core/hero-kpi-overrides.ts:58:21)
    at loadV17CompanyBrut (/Users/yann/spx-app/src/lib/company-core/load-company.ts:3083:28)
    at async loadV17Company (/Users/yann/spx-app/src/lib/company-core/load-company.ts:493:14)
    at async auditTicker (/Users/yann/spx-app/scripts/audit-pages-full.ts:51:19)
    at async main (/Users/yann/spx-app/scripts/audit-pages-full.ts:153:17)
special_kpis merge failed for WMB: Error: supabaseUrl is required.
    at validateSupabaseUrl (/Users/yann/spx-app/node_modules/@supabase/supabase-js/src/lib/helpers.ts:86:11)
    at new SupabaseClient (/Users/yann/spx-app/node_modules/@supabase/supabase-js/src/SupabaseClient.ts:284:21)
    at createClient (/Users/yann/spx-app/node_modules/@supabase/supabase-js/src/index.ts:65:10)
    at admin (/Users/yann/spx-app/src/lib/desk/special-kpis.ts:152:10)
    at listPublishedForTicker (/Users/yann/spx-app/src/lib/desk/special-kpis.ts:175:16)
    at loadV17CompanyBrut (/Users/yann/spx-app/src/lib/company-core/load-company.ts:1779:30)
    at async loadV17Company (/Users/yann/spx-app/src/lib/company-core/load-company.ts:493:14)
    at async auditTicker (/Users/yann/spx-app/scripts/audit-pages-full.ts:51:19)
    at async main (/Users/yann/spx-app/scripts/audit-pages-full.ts:153:17)
kpi_requests merge failed for WMB: Error: supabaseUrl is required.
    at validateSupabaseUrl (/Users/yann/spx-app/node_modules/@supabase/supabase-js/src/lib/helpers.ts:86:11)
    at new SupabaseClient (/Users/yann/spx-app/node_modules/@supabase/supabase-js/src/SupabaseClient.ts:284:21)
    at createClient (/Users/yann/spx-app/node_modules/@supabase/supabase-js/src/index.ts:65:10)
    at loadV17CompanyBrut (/Users/yann/spx-app/src/lib/company-core/load-company.ts:1843:18)
    at async loadV17Company (/Users/yann/spx-app/src/lib/company-core/load-company.ts:493:14)
    at async auditTicker (/Users/yann/spx-app/scripts/audit-pages-full.ts:51:19)
    at async main (/Users/yann/spx-app/scripts/audit-pages-full.ts:153:17)
image_findings merge failed for WMB: Error: supabaseUrl is required.
    at validateSupabaseUrl (/Users/yann/spx-app/node_modules/@supabase/supabase-js/src/lib/helpers.ts:86:11)
    at new SupabaseClient (/Users/yann/spx-app/node_modules/@supabase/supabase-js/src/SupabaseClient.ts:284:21)
    at createClient (/Users/yann/spx-app/node_modules/@supabase/supabase-js/src/index.ts:65:10)
    at admin (/Users/yann/spx-app/src/lib/desk/image-findings.ts:118:10)
    at listApprovedForTicker (/Users/yann/spx-app/src/lib/desk/image-findings.ts:222:16)
    at loadV17CompanyBrut (/Users/yann/spx-app/src/lib/company-core/load-company.ts:1906:30)
    at async loadV17Company (/Users/yann/spx-app/src/lib/company-core/load-company.ts:493:14)
    at async auditTicker (/Users/yann/spx-app/scripts/audit-pages-full.ts:51:19)
    at async main (/Users/yann/spx-app/scripts/audit-pages-full.ts:153:17)
[hero-kpi-overrides] refetch failed, using stale cache Error: SUPABASE_SERVICE_ROLE_KEY manquante — vérifier .env.local
    at createSupabaseAdminClient (/Users/yann/spx-app/src/lib/supabase/admin.ts:16:11)
    at fetchAll (/Users/yann/spx-app/src/lib/company-core/hero-kpi-overrides.ts:31:20)
    at getHeroKpiOverride (/Users/yann/spx-app/src/lib/company-core/hero-kpi-overrides.ts:58:21)
    at loadV17CompanyBrut (/Users/yann/spx-app/src/lib/company-core/load-company.ts:3083:28)
    at async loadV17Company (/Users/yann/spx-app/src/lib/company-core/load-company.ts:493:14)
    at async auditTicker (/Users/yann/spx-app/scripts/audit-pages-full.ts:51:19)
    at async main (/Users/yann/spx-app/scripts/audit-pages-full.ts:153:17)
special_kpis merge failed for WYNN: Error: supabaseUrl is required.
    at validateSupabaseUrl (/Users/yann/spx-app/node_modules/@supabase/supabase-js/src/lib/helpers.ts:86:11)
    at new SupabaseClient (/Users/yann/spx-app/node_modules/@supabase/supabase-js/src/SupabaseClient.ts:284:21)
    at createClient (/Users/yann/spx-app/node_modules/@supabase/supabase-js/src/index.ts:65:10)
    at admin (/Users/yann/spx-app/src/lib/desk/special-kpis.ts:152:10)
    at listPublishedForTicker (/Users/yann/spx-app/src/lib/desk/special-kpis.ts:175:16)
    at loadV17CompanyBrut (/Users/yann/spx-app/src/lib/company-core/load-company.ts:1779:30)
    at async loadV17Company (/Users/yann/spx-app/src/lib/company-core/load-company.ts:493:14)
    at async auditTicker (/Users/yann/spx-app/scripts/audit-pages-full.ts:51:19)
    at async main (/Users/yann/spx-app/scripts/audit-pages-full.ts:153:17)
kpi_requests merge failed for WYNN: Error: supabaseUrl is required.
    at validateSupabaseUrl (/Users/yann/spx-app/node_modules/@supabase/supabase-js/src/lib/helpers.ts:86:11)
    at new SupabaseClient (/Users/yann/spx-app/node_modules/@supabase/supabase-js/src/SupabaseClient.ts:284:21)
    at createClient (/Users/yann/spx-app/node_modules/@supabase/supabase-js/src/index.ts:65:10)
    at loadV17CompanyBrut (/Users/yann/spx-app/src/lib/company-core/load-company.ts:1843:18)
    at async loadV17Company (/Users/yann/spx-app/src/lib/company-core/load-company.ts:493:14)
    at async auditTicker (/Users/yann/spx-app/scripts/audit-pages-full.ts:51:19)
    at async main (/Users/yann/spx-app/scripts/audit-pages-full.ts:153:17)
image_findings merge failed for WYNN: Error: supabaseUrl is required.
    at validateSupabaseUrl (/Users/yann/spx-app/node_modules/@supabase/supabase-js/src/lib/helpers.ts:86:11)
    at new SupabaseClient (/Users/yann/spx-app/node_modules/@supabase/supabase-js/src/SupabaseClient.ts:284:21)
    at createClient (/Users/yann/spx-app/node_modules/@supabase/supabase-js/src/index.ts:65:10)
    at admin (/Users/yann/spx-app/src/lib/desk/image-findings.ts:118:10)
    at listApprovedForTicker (/Users/yann/spx-app/src/lib/desk/image-findings.ts:222:16)
    at loadV17CompanyBrut (/Users/yann/spx-app/src/lib/company-core/load-company.ts:1906:30)
    at async loadV17Company (/Users/yann/spx-app/src/lib/company-core/load-company.ts:493:14)
    at async auditTicker (/Users/yann/spx-app/scripts/audit-pages-full.ts:51:19)
    at async main (/Users/yann/spx-app/scripts/audit-pages-full.ts:153:17)
[hero-kpi-overrides] refetch failed, using stale cache Error: SUPABASE_SERVICE_ROLE_KEY manquante — vérifier .env.local
    at createSupabaseAdminClient (/Users/yann/spx-app/src/lib/supabase/admin.ts:16:11)
    at fetchAll (/Users/yann/spx-app/src/lib/company-core/hero-kpi-overrides.ts:31:20)
    at getHeroKpiOverride (/Users/yann/spx-app/src/lib/company-core/hero-kpi-overrides.ts:58:21)
    at loadV17CompanyBrut (/Users/yann/spx-app/src/lib/company-core/load-company.ts:3083:28)
    at async loadV17Company (/Users/yann/spx-app/src/lib/company-core/load-company.ts:493:14)
    at async auditTicker (/Users/yann/spx-app/scripts/audit-pages-full.ts:51:19)
    at async main (/Users/yann/spx-app/scripts/audit-pages-full.ts:153:17)
special_kpis merge failed for XYL: Error: supabaseUrl is required.
    at validateSupabaseUrl (/Users/yann/spx-app/node_modules/@supabase/supabase-js/src/lib/helpers.ts:86:11)
    at new SupabaseClient (/Users/yann/spx-app/node_modules/@supabase/supabase-js/src/SupabaseClient.ts:284:21)
    at createClient (/Users/yann/spx-app/node_modules/@supabase/supabase-js/src/index.ts:65:10)
    at admin (/Users/yann/spx-app/src/lib/desk/special-kpis.ts:152:10)
    at listPublishedForTicker (/Users/yann/spx-app/src/lib/desk/special-kpis.ts:175:16)
    at loadV17CompanyBrut (/Users/yann/spx-app/src/lib/company-core/load-company.ts:1779:30)
    at async loadV17Company (/Users/yann/spx-app/src/lib/company-core/load-company.ts:493:14)
    at async auditTicker (/Users/yann/spx-app/scripts/audit-pages-full.ts:51:19)
    at async main (/Users/yann/spx-app/scripts/audit-pages-full.ts:153:17)
kpi_requests merge failed for XYL: Error: supabaseUrl is required.
    at validateSupabaseUrl (/Users/yann/spx-app/node_modules/@supabase/supabase-js/src/lib/helpers.ts:86:11)
    at new SupabaseClient (/Users/yann/spx-app/node_modules/@supabase/supabase-js/src/SupabaseClient.ts:284:21)
    at createClient (/Users/yann/spx-app/node_modules/@supabase/supabase-js/src/index.ts:65:10)
    at loadV17CompanyBrut (/Users/yann/spx-app/src/lib/company-core/load-company.ts:1843:18)
    at async loadV17Company (/Users/yann/spx-app/src/lib/company-core/load-company.ts:493:14)
    at async auditTicker (/Users/yann/spx-app/scripts/audit-pages-full.ts:51:19)
    at async main (/Users/yann/spx-app/scripts/audit-pages-full.ts:153:17)
image_findings merge failed for XYL: Error: supabaseUrl is required.
    at validateSupabaseUrl (/Users/yann/spx-app/node_modules/@supabase/supabase-js/src/lib/helpers.ts:86:11)
    at new SupabaseClient (/Users/yann/spx-app/node_modules/@supabase/supabase-js/src/SupabaseClient.ts:284:21)
    at createClient (/Users/yann/spx-app/node_modules/@supabase/supabase-js/src/index.ts:65:10)
    at admin (/Users/yann/spx-app/src/lib/desk/image-findings.ts:118:10)
    at listApprovedForTicker (/Users/yann/spx-app/src/lib/desk/image-findings.ts:222:16)
    at loadV17CompanyBrut (/Users/yann/spx-app/src/lib/company-core/load-company.ts:1906:30)
    at async loadV17Company (/Users/yann/spx-app/src/lib/company-core/load-company.ts:493:14)
    at async auditTicker (/Users/yann/spx-app/scripts/audit-pages-full.ts:51:19)
    at async main (/Users/yann/spx-app/scripts/audit-pages-full.ts:153:17)
[hero-kpi-overrides] refetch failed, using stale cache Error: SUPABASE_SERVICE_ROLE_KEY manquante — vérifier .env.local
    at createSupabaseAdminClient (/Users/yann/spx-app/src/lib/supabase/admin.ts:16:11)
    at fetchAll (/Users/yann/spx-app/src/lib/company-core/hero-kpi-overrides.ts:31:20)
    at getHeroKpiOverride (/Users/yann/spx-app/src/lib/company-core/hero-kpi-overrides.ts:58:21)
    at loadV17CompanyBrut (/Users/yann/spx-app/src/lib/company-core/load-company.ts:3083:28)
    at async loadV17Company (/Users/yann/spx-app/src/lib/company-core/load-company.ts:493:14)
    at async auditTicker (/Users/yann/spx-app/scripts/audit-pages-full.ts:51:19)
    at async main (/Users/yann/spx-app/scripts/audit-pages-full.ts:153:17)
special_kpis merge failed for YUM: Error: supabaseUrl is required.
    at validateSupabaseUrl (/Users/yann/spx-app/node_modules/@supabase/supabase-js/src/lib/helpers.ts:86:11)
    at new SupabaseClient (/Users/yann/spx-app/node_modules/@supabase/supabase-js/src/SupabaseClient.ts:284:21)
    at createClient (/Users/yann/spx-app/node_modules/@supabase/supabase-js/src/index.ts:65:10)
    at admin (/Users/yann/spx-app/src/lib/desk/special-kpis.ts:152:10)
    at listPublishedForTicker (/Users/yann/spx-app/src/lib/desk/special-kpis.ts:175:16)
    at loadV17CompanyBrut (/Users/yann/spx-app/src/lib/company-core/load-company.ts:1779:30)
    at async loadV17Company (/Users/yann/spx-app/src/lib/company-core/load-company.ts:493:14)
    at async auditTicker (/Users/yann/spx-app/scripts/audit-pages-full.ts:51:19)
    at async main (/Users/yann/spx-app/scripts/audit-pages-full.ts:153:17)
kpi_requests merge failed for YUM: Error: supabaseUrl is required.
    at validateSupabaseUrl (/Users/yann/spx-app/node_modules/@supabase/supabase-js/src/lib/helpers.ts:86:11)
    at new SupabaseClient (/Users/yann/spx-app/node_modules/@supabase/supabase-js/src/SupabaseClient.ts:284:21)
    at createClient (/Users/yann/spx-app/node_modules/@supabase/supabase-js/src/index.ts:65:10)
    at loadV17CompanyBrut (/Users/yann/spx-app/src/lib/company-core/load-company.ts:1843:18)
    at async loadV17Company (/Users/yann/spx-app/src/lib/company-core/load-company.ts:493:14)
    at async auditTicker (/Users/yann/spx-app/scripts/audit-pages-full.ts:51:19)
    at async main (/Users/yann/spx-app/scripts/audit-pages-full.ts:153:17)
image_findings merge failed for YUM: Error: supabaseUrl is required.
    at validateSupabaseUrl (/Users/yann/spx-app/node_modules/@supabase/supabase-js/src/lib/helpers.ts:86:11)
    at new SupabaseClient (/Users/yann/spx-app/node_modules/@supabase/supabase-js/src/SupabaseClient.ts:284:21)
    at createClient (/Users/yann/spx-app/node_modules/@supabase/supabase-js/src/index.ts:65:10)
    at admin (/Users/yann/spx-app/src/lib/desk/image-findings.ts:118:10)
    at listApprovedForTicker (/Users/yann/spx-app/src/lib/desk/image-findings.ts:222:16)
    at loadV17CompanyBrut (/Users/yann/spx-app/src/lib/company-core/load-company.ts:1906:30)
    at async loadV17Company (/Users/yann/spx-app/src/lib/company-core/load-company.ts:493:14)
    at async auditTicker (/Users/yann/spx-app/scripts/audit-pages-full.ts:51:19)
    at async main (/Users/yann/spx-app/scripts/audit-pages-full.ts:153:17)
[hero-kpi-overrides] refetch failed, using stale cache Error: SUPABASE_SERVICE_ROLE_KEY manquante — vérifier .env.local
    at createSupabaseAdminClient (/Users/yann/spx-app/src/lib/supabase/admin.ts:16:11)
    at fetchAll (/Users/yann/spx-app/src/lib/company-core/hero-kpi-overrides.ts:31:20)
    at getHeroKpiOverride (/Users/yann/spx-app/src/lib/company-core/hero-kpi-overrides.ts:58:21)
    at loadV17CompanyBrut (/Users/yann/spx-app/src/lib/company-core/load-company.ts:3083:28)
    at async loadV17Company (/Users/yann/spx-app/src/lib/company-core/load-company.ts:493:14)
    at async auditTicker (/Users/yann/spx-app/scripts/audit-pages-full.ts:51:19)
    at async main (/Users/yann/spx-app/scripts/audit-pages-full.ts:153:17)
special_kpis merge failed for ZBH: Error: supabaseUrl is required.
    at validateSupabaseUrl (/Users/yann/spx-app/node_modules/@supabase/supabase-js/src/lib/helpers.ts:86:11)
    at new SupabaseClient (/Users/yann/spx-app/node_modules/@supabase/supabase-js/src/SupabaseClient.ts:284:21)
    at createClient (/Users/yann/spx-app/node_modules/@supabase/supabase-js/src/index.ts:65:10)
    at admin (/Users/yann/spx-app/src/lib/desk/special-kpis.ts:152:10)
    at listPublishedForTicker (/Users/yann/spx-app/src/lib/desk/special-kpis.ts:175:16)
    at loadV17CompanyBrut (/Users/yann/spx-app/src/lib/company-core/load-company.ts:1779:30)
    at async loadV17Company (/Users/yann/spx-app/src/lib/company-core/load-company.ts:493:14)
    at async auditTicker (/Users/yann/spx-app/scripts/audit-pages-full.ts:51:19)
    at async main (/Users/yann/spx-app/scripts/audit-pages-full.ts:153:17)
kpi_requests merge failed for ZBH: Error: supabaseUrl is required.
    at validateSupabaseUrl (/Users/yann/spx-app/node_modules/@supabase/supabase-js/src/lib/helpers.ts:86:11)
    at new SupabaseClient (/Users/yann/spx-app/node_modules/@supabase/supabase-js/src/SupabaseClient.ts:284:21)
    at createClient (/Users/yann/spx-app/node_modules/@supabase/supabase-js/src/index.ts:65:10)
    at loadV17CompanyBrut (/Users/yann/spx-app/src/lib/company-core/load-company.ts:1843:18)
    at async loadV17Company (/Users/yann/spx-app/src/lib/company-core/load-company.ts:493:14)
    at async auditTicker (/Users/yann/spx-app/scripts/audit-pages-full.ts:51:19)
    at async main (/Users/yann/spx-app/scripts/audit-pages-full.ts:153:17)
image_findings merge failed for ZBH: Error: supabaseUrl is required.
    at validateSupabaseUrl (/Users/yann/spx-app/node_modules/@supabase/supabase-js/src/lib/helpers.ts:86:11)
    at new SupabaseClient (/Users/yann/spx-app/node_modules/@supabase/supabase-js/src/SupabaseClient.ts:284:21)
    at createClient (/Users/yann/spx-app/node_modules/@supabase/supabase-js/src/index.ts:65:10)
    at admin (/Users/yann/spx-app/src/lib/desk/image-findings.ts:118:10)
    at listApprovedForTicker (/Users/yann/spx-app/src/lib/desk/image-findings.ts:222:16)
    at loadV17CompanyBrut (/Users/yann/spx-app/src/lib/company-core/load-company.ts:1906:30)
    at async loadV17Company (/Users/yann/spx-app/src/lib/company-core/load-company.ts:493:14)
    at async auditTicker (/Users/yann/spx-app/scripts/audit-pages-full.ts:51:19)
    at async main (/Users/yann/spx-app/scripts/audit-pages-full.ts:153:17)
[hero-kpi-overrides] refetch failed, using stale cache Error: SUPABASE_SERVICE_ROLE_KEY manquante — vérifier .env.local
    at createSupabaseAdminClient (/Users/yann/spx-app/src/lib/supabase/admin.ts:16:11)
    at fetchAll (/Users/yann/spx-app/src/lib/company-core/hero-kpi-overrides.ts:31:20)
    at getHeroKpiOverride (/Users/yann/spx-app/src/lib/company-core/hero-kpi-overrides.ts:58:21)
    at loadV17CompanyBrut (/Users/yann/spx-app/src/lib/company-core/load-company.ts:3083:28)
    at async loadV17Company (/Users/yann/spx-app/src/lib/company-core/load-company.ts:493:14)
    at async auditTicker (/Users/yann/spx-app/scripts/audit-pages-full.ts:51:19)
    at async main (/Users/yann/spx-app/scripts/audit-pages-full.ts:153:17)
{
 "audited": 125,
 "stes_with_issues": 22,
 "stats": {
  "K2": 7,
  "H1": 5,
  "R2": 1,
  "K4": 45,
  "H2": 9,
  "GEO": 1,
  "S2": 1
 }
}
[quarterly-refresh] rapport ecrit: /Users/yann/spx-app/.conv-state/quarterly-refresh-report.json (125 stes)
[lock4] run archivé: 125 sté(s), 0 publiable(s), 125 bloquée(s) → /Users/yann/spx-app/src/data/_quarterly-refresh-history.json
[quarterly-refresh] lock4 rc=0
[publish] 0 sté publiable (125 bloquée(s)), rien à publier
[quarterly-refresh] publish rc=0
[quarterly-refresh] done 20260914-074408
