[quarterly-refresh] start 20260915-073006
[quarterly-refresh-detect] 2026-09-15T05:30:51.592340+00:00 progress 50/671
[quarterly-refresh-detect] 2026-09-15T05:30:52.955148+00:00 NEW AMT: 1 filing(s) → ['8-K 2026-09-14']
[quarterly-refresh-detect] 2026-09-15T05:30:54.186592+00:00 NEW AMZN: 1 filing(s) → ['8-K 2026-09-14']
[quarterly-refresh-detect] 2026-09-15T05:31:16.436669+00:00 NEW AWK: 1 filing(s) → ['424B5 2026-09-14']
[quarterly-refresh-detect] 2026-09-15T05:31:40.593176+00:00 progress 100/671
[quarterly-refresh-detect] 2026-09-15T05:32:01.133595+00:00 NEW CCI: 1 filing(s) → ['8-K 2026-09-14']
[quarterly-refresh-detect] 2026-09-15T05:32:04.533957+00:00 NEW CDW: 1 filing(s) → ['424B5 2026-09-14']
[quarterly-refresh-detect] 2026-09-15T05:32:20.189398+00:00 NEW CMG: 1 filing(s) → ['8-K 2026-09-14']
[quarterly-refresh-detect] 2026-09-15T05:32:24.489594+00:00 NEW CNP: 1 filing(s) → ['8-K 2026-09-14']
[quarterly-refresh-detect] 2026-09-15T05:32:30.906574+00:00 progress 150/671
[quarterly-refresh-detect] 2026-09-15T05:32:52.656943+00:00 NEW D: 1 filing(s) → ['8-K 2026-09-14']
[quarterly-refresh-detect] 2026-09-15T05:33:18.774295+00:00 NEW DXCM: 1 filing(s) → ['8-K 2026-09-14']
[quarterly-refresh-detect] 2026-09-15T05:33:55.416695+00:00 NEW FDX: 1 filing(s) → ['8-K 2026-09-14']
[quarterly-refresh-detect] 2026-09-15T05:33:56.302335+00:00 progress 250/671
[quarterly-refresh-detect] 2026-09-15T05:34:04.526465+00:00 NEW FITB: 1 filing(s) → ['8-K 2026-09-14']
[quarterly-refresh-detect] 2026-09-15T05:35:22.837453+00:00 progress 350/671
[quarterly-refresh-detect] 2026-09-15T05:35:28.285055+00:00 NEW KEY: 1 filing(s) → ['8-K 2026-09-14']
[quarterly-refresh-detect] 2026-09-15T05:35:55.630344+00:00 NEW LULU: 1 filing(s) → ['8-K 2026-09-14']
[quarterly-refresh-detect] 2026-09-15T05:36:09.890868+00:00 progress 400/671
[quarterly-refresh-detect] 2026-09-15T05:36:11.800954+00:00 NEW MELI: 1 filing(s) → ['8-K 2026-09-14']
[quarterly-refresh-detect] 2026-09-15T05:36:35.600036+00:00 NEW MSTR: 1 filing(s) → ['8-K 2026-09-14']
[quarterly-refresh-detect] 2026-09-15T05:36:36.750154+00:00 NEW MTB: 1 filing(s) → ['8-K 2026-09-14']
[quarterly-refresh-detect] 2026-09-15T05:36:44.305580+00:00 NEW NEE: 1 filing(s) → ['8-K 2026-09-14']
[quarterly-refresh-detect] 2026-09-15T05:36:57.191304+00:00 progress 450/671
[quarterly-refresh-detect] 2026-09-15T05:36:59.559820+00:00 NEW NWS: 1 filing(s) → ['8-K 2026-09-14']
[quarterly-refresh-detect] 2026-09-15T05:37:00.541102+00:00 NEW NWSA: 1 filing(s) → ['8-K 2026-09-14']
[quarterly-refresh-detect] 2026-09-15T05:37:08.983832+00:00 NEW ORCL: 1 filing(s) → ['8-K 2026-09-14']
[quarterly-refresh-detect] 2026-09-15T05:37:26.047615+00:00 NEW PH: 1 filing(s) → ['8-K 2026-09-14']
[quarterly-refresh-detect] 2026-09-15T05:37:42.162025+00:00 NEW PSA: 1 filing(s) → ['8-K 2026-09-14']
[quarterly-refresh-detect] 2026-09-15T05:38:17.039159+00:00 progress 550/671
[quarterly-refresh-detect] 2026-09-15T05:38:32.054549+00:00 NEW STT: 1 filing(s) → ['8-K 2026-09-14']
[quarterly-refresh-detect] 2026-09-15T05:38:38.597754+00:00 NEW SYF: 1 filing(s) → ['8-K 2026-09-14']
[quarterly-refresh-detect] 2026-09-15T05:38:40.824218+00:00 NEW SYY: 2 filing(s) → ['424B5 2026-09-14', '8-K 2026-09-14']
[quarterly-refresh-detect] 2026-09-15T05:38:44.325666+00:00 NEW TDG: 3 filing(s) → ['8-K 2026-09-14', '8-K 2026-09-14', '8-K 2026-09-14']
[quarterly-refresh-detect] 2026-09-15T05:38:46.391314+00:00 NEW TECH: 1 filing(s) → ['8-K 2026-09-14']
[quarterly-refresh-detect] 2026-09-15T05:39:04.219109+00:00 progress 600/671
[quarterly-refresh-detect] 2026-09-15T05:39:49.410275+00:00 NEW WDC: 1 filing(s) → ['8-K 2026-09-14']
[quarterly-refresh-detect] 2026-09-15T05:39:51.669639+00:00 progress 650/671
[quarterly-refresh-detect] 2026-09-15T05:40:12.376510+00:00 Ecrit /Users/yann/spx-app/.conv-state/quarterly-refresh-detected.json : 28 ste(s) a rafraichir, 139 erreur(s)
[quarterly-refresh] detect rc=0, 28 ste(s) a rafraichir
[quarterly-refresh-run] 2026-09-15T05:40:12.571516+00:00 === AMT (docs, 1 filing(s)) ===
[quarterly-refresh-run] 2026-09-15T05:40:13.881438+00:00   down AMT 8-K 2026-09-14 -> data-lake/AMT/8K/AMT_2026-09-14_0001193125-26-390605.htm.gz
[quarterly-refresh-run] 2026-09-15T05:40:17.105390+00:00   AMT: facts=144 kpi_updated=0 kpi_added=0 errors=0
[quarterly-refresh-run] 2026-09-15T05:40:17.105490+00:00 === AMZN (docs, 1 filing(s)) ===
[quarterly-refresh-run] 2026-09-15T05:40:18.087286+00:00   down AMZN 8-K 2026-09-14 -> data-lake/AMZN/8K/AMZN_2026-09-14_0001104659-26-107526.htm.gz
[quarterly-refresh-run] 2026-09-15T05:40:20.330285+00:00   AMZN: facts=188 kpi_updated=0 kpi_added=0 errors=0
[quarterly-refresh-run] 2026-09-15T05:40:20.330299+00:00 === AWK (docs, 1 filing(s)) ===
[quarterly-refresh-run] 2026-09-15T05:40:21.661227+00:00   down AWK 424B5 2026-09-14 -> data-lake/AWK/424B/AWK_2026-09-14_0001193125-26-389922.htm.gz
[quarterly-refresh-run] 2026-09-15T05:40:23.743503+00:00   AWK: facts=162 kpi_updated=0 kpi_added=0 errors=0
[quarterly-refresh-run] 2026-09-15T05:40:23.743554+00:00 === CCI (docs, 1 filing(s)) ===
[quarterly-refresh-run] 2026-09-15T05:40:24.827397+00:00   down CCI 8-K 2026-09-14 -> data-lake/CCI/8K/CCI_2026-09-14_0001051470-26-000081.htm.gz
[quarterly-refresh-run] 2026-09-15T05:40:26.577348+00:00   CCI: facts=138 kpi_updated=0 kpi_added=0 errors=0
[quarterly-refresh-run] 2026-09-15T05:40:26.577363+00:00 === CDW (docs, 1 filing(s)) ===
[quarterly-refresh-run] 2026-09-15T05:40:28.119162+00:00   down CDW 424B5 2026-09-14 -> data-lake/CDW/424B/CDW_2026-09-14_0001193125-26-389920.htm.gz
[quarterly-refresh-run] 2026-09-15T05:40:30.793592+00:00   CDW: facts=176 kpi_updated=0 kpi_added=0 errors=0
[quarterly-refresh-run] 2026-09-15T05:40:30.793606+00:00 === CMG (docs, 1 filing(s)) ===
[quarterly-refresh-run] 2026-09-15T05:40:31.614828+00:00   down CMG 8-K 2026-09-14 -> data-lake/CMG/8K/CMG_2026-09-14_0001058090-26-000088.htm.gz
[quarterly-refresh-run] 2026-09-15T05:40:36.724507+00:00   CMG: facts=154 kpi_updated=0 kpi_added=0 errors=0
[quarterly-refresh-run] 2026-09-15T05:40:36.745732+00:00 === CNP (docs, 1 filing(s)) ===
[quarterly-refresh-run] 2026-09-15T05:40:37.621637+00:00   down CNP 8-K 2026-09-14 -> data-lake/CNP/8K/CNP_2026-09-14_0001104659-26-107560.htm.gz
[quarterly-refresh-run] 2026-09-15T05:40:41.381819+00:00   CNP: facts=143 kpi_updated=0 kpi_added=0 errors=0
[quarterly-refresh-run] 2026-09-15T05:40:41.402813+00:00 === D (docs, 1 filing(s)) ===
[quarterly-refresh-run] 2026-09-15T05:40:42.287160+00:00   down D 8-K 2026-09-14 -> data-lake/D/8K/D_2026-09-14_0001193125-26-390654.htm.gz
[quarterly-refresh-run] 2026-09-15T05:40:44.792439+00:00   D: facts=153 kpi_updated=0 kpi_added=0 errors=0
[quarterly-refresh-run] 2026-09-15T05:40:44.792502+00:00 === DXCM (docs, 1 filing(s)) ===
[quarterly-refresh-run] 2026-09-15T05:40:45.678078+00:00   down DXCM 8-K 2026-09-14 -> data-lake/DXCM/8K/DXCM_2026-09-14_0001093557-26-000175.htm.gz
[quarterly-refresh-run] 2026-09-15T05:40:48.575749+00:00   DXCM: facts=198 kpi_updated=0 kpi_added=0 errors=0
[quarterly-refresh-run] 2026-09-15T05:40:48.575780+00:00 === FDX (docs, 1 filing(s)) ===
[quarterly-refresh-run] 2026-09-15T05:40:49.437987+00:00   down FDX 8-K 2026-09-14 -> data-lake/FDX/8K/FDX_2026-09-14_0001104659-26-107511.htm.gz
[quarterly-refresh-run] 2026-09-15T05:40:51.871827+00:00   FDX: facts=143 kpi_updated=0 kpi_added=0 errors=0
[quarterly-refresh-run] 2026-09-15T05:40:51.871918+00:00 === FITB (docs, 1 filing(s)) ===
[quarterly-refresh-run] 2026-09-15T05:40:52.995959+00:00   down FITB 8-K 2026-09-14 -> data-lake/FITB/8K/FITB_2026-09-14_0000035527-26-000219.htm.gz
[quarterly-refresh-run] 2026-09-15T05:40:56.360971+00:00   FITB: facts=88 kpi_updated=0 kpi_added=0 errors=0
[quarterly-refresh-run] 2026-09-15T05:40:56.360984+00:00 === KEY (docs, 1 filing(s)) ===
[quarterly-refresh-run] 2026-09-15T05:40:57.295405+00:00   down KEY 8-K 2026-09-14 -> data-lake/KEY/8K/KEY_2026-09-14_0001628280-26-061680.htm.gz
[quarterly-refresh-run] 2026-09-15T05:41:00.079330+00:00   KEY: facts=98 kpi_updated=0 kpi_added=0 errors=0
[quarterly-refresh-run] 2026-09-15T05:41:00.079349+00:00 === LULU (docs, 1 filing(s)) ===
[quarterly-refresh-run] 2026-09-15T05:41:01.154812+00:00   down LULU 8-K 2026-09-14 -> data-lake/LULU/8K/LULU_2026-09-14_0001397187-26-000129.htm.gz
[quarterly-refresh-run] 2026-09-15T05:41:03.550897+00:00   LULU: facts=167 kpi_updated=0 kpi_added=0 errors=0
[quarterly-refresh-run] 2026-09-15T05:41:03.550918+00:00 === MELI (docs, 1 filing(s)) ===
[quarterly-refresh-run] 2026-09-15T05:41:04.639663+00:00   down MELI 8-K 2026-09-14 -> data-lake/MELI/8K/MELI_2026-09-14_0001140361-26-036495.htm.gz
[quarterly-refresh-run] 2026-09-15T05:41:07.100400+00:00   MELI: facts=208 kpi_updated=0 kpi_added=10 errors=0
[quarterly-refresh-run] 2026-09-15T05:41:07.100653+00:00 === MSTR (docs, 1 filing(s)) ===
[quarterly-refresh-run] 2026-09-15T05:41:08.039144+00:00   down MSTR 8-K 2026-09-14 -> data-lake/MSTR/8K/MSTR_2026-09-14_0001193125-26-389858.htm.gz
[quarterly-refresh-run] 2026-09-15T05:41:10.855653+00:00   MSTR: facts=202 kpi_updated=0 kpi_added=0 errors=0
[quarterly-refresh-run] 2026-09-15T05:41:10.855748+00:00 === MTB (docs, 1 filing(s)) ===
[quarterly-refresh-run] 2026-09-15T05:41:11.678670+00:00   down MTB 8-K 2026-09-14 -> data-lake/MTB/8K/MTB_2026-09-14_0000036270-26-000052.htm.gz
[quarterly-refresh-run] 2026-09-15T05:41:14.183933+00:00   MTB: facts=93 kpi_updated=0 kpi_added=0 errors=0
[quarterly-refresh-run] 2026-09-15T05:41:14.183952+00:00 === NEE (docs, 1 filing(s)) ===
[quarterly-refresh-run] 2026-09-15T05:41:15.017065+00:00   down NEE 8-K 2026-09-14 -> data-lake/NEE/8K/NEE_2026-09-14_0001104659-26-107537.htm.gz
[quarterly-refresh-run] 2026-09-15T05:41:19.953055+00:00   NEE: facts=116 kpi_updated=0 kpi_added=0 errors=0
[quarterly-refresh-run] 2026-09-15T05:41:19.974965+00:00 === NWS (docs, 1 filing(s)) ===
[quarterly-refresh-run] 2026-09-15T05:41:20.822176+00:00   down NWS 8-K 2026-09-14 -> data-lake/NWS/8K/NWS_2026-09-14_0001564708-26-000200.htm.gz
[quarterly-refresh-run] 2026-09-15T05:41:23.691752+00:00   NWS: facts=135 kpi_updated=0 kpi_added=0 errors=0
[quarterly-refresh-run] 2026-09-15T05:41:23.700101+00:00 === NWSA (docs, 1 filing(s)) ===
[quarterly-refresh-run] 2026-09-15T05:41:24.602023+00:00   down NWSA 8-K 2026-09-14 -> data-lake/NWSA/8K/NWSA_2026-09-14_0001564708-26-000200.htm.gz
[quarterly-refresh-run] 2026-09-15T05:41:27.766026+00:00   NWSA: facts=135 kpi_updated=0 kpi_added=0 errors=0
[quarterly-refresh-run] 2026-09-15T05:41:27.786502+00:00 === ORCL (docs, 1 filing(s)) ===
[quarterly-refresh-run] 2026-09-15T05:41:28.609946+00:00   down ORCL 8-K 2026-09-14 -> data-lake/ORCL/8K/ORCL_2026-09-14_0001193125-26-389753.htm.gz
[quarterly-refresh-run] 2026-09-15T05:41:30.902122+00:00   ORCL: facts=187 kpi_updated=0 kpi_added=0 errors=0
[quarterly-refresh-run] 2026-09-15T05:41:30.902200+00:00 === PH (docs, 1 filing(s)) ===
[quarterly-refresh-run] 2026-09-15T05:41:31.901475+00:00   down PH 8-K 2026-09-14 -> data-lake/PH/8K/PH_2026-09-14_0001193125-26-390561.htm.gz
[quarterly-refresh-run] 2026-09-15T05:41:35.526299+00:00   PH: facts=143 kpi_updated=0 kpi_added=0 errors=0
[quarterly-refresh-run] 2026-09-15T05:41:35.526315+00:00 === PSA (docs, 1 filing(s)) ===
[quarterly-refresh-run] 2026-09-15T05:41:36.429074+00:00   down PSA 8-K 2026-09-14 -> data-lake/PSA/8K/PSA_2026-09-14_0001628280-26-061900.htm.gz
[quarterly-refresh-run] 2026-09-15T05:41:39.987409+00:00   PSA: facts=125 kpi_updated=0 kpi_added=0 errors=0
[quarterly-refresh-run] 2026-09-15T05:41:40.009860+00:00 === STT (docs, 1 filing(s)) ===
[quarterly-refresh-run] 2026-09-15T05:41:40.961470+00:00   down STT 8-K 2026-09-14 -> data-lake/STT/8K/STT_2026-09-14_0000093751-26-000580.htm.gz
[quarterly-refresh-run] 2026-09-15T05:41:43.346307+00:00   STT: facts=110 kpi_updated=0 kpi_added=0 errors=0
[quarterly-refresh-run] 2026-09-15T05:41:43.346321+00:00 === SYF (docs, 1 filing(s)) ===
[quarterly-refresh-run] 2026-09-15T05:41:44.144455+00:00   down SYF 8-K 2026-09-14 -> data-lake/SYF/8K/SYF_2026-09-14_0001601712-26-000037.htm.gz
[quarterly-refresh-run] 2026-09-15T05:41:45.822093+00:00   SYF: facts=99 kpi_updated=0 kpi_added=0 errors=0
[quarterly-refresh-run] 2026-09-15T05:41:45.822110+00:00 === SYY (docs, 2 filing(s)) ===
[quarterly-refresh-run] 2026-09-15T05:41:47.163168+00:00   down SYY 424B5 2026-09-14 -> data-lake/SYY/424B/SYY_2026-09-14_0001104659-26-107561.htm.gz
[quarterly-refresh-run] 2026-09-15T05:41:48.067931+00:00   down SYY 8-K 2026-09-14 -> data-lake/SYY/8K/SYY_2026-09-14_0001104659-26-107510.htm.gz
[quarterly-refresh-run] 2026-09-15T05:41:50.014496+00:00   SYY: facts=179 kpi_updated=0 kpi_added=0 errors=0
[quarterly-refresh-run] 2026-09-15T05:41:50.014507+00:00 === TDG (docs, 3 filing(s)) ===
[quarterly-refresh-run] 2026-09-15T05:41:50.975873+00:00   down TDG 8-K 2026-09-14 -> data-lake/TDG/8K/TDG_2026-09-14_0001260221-26-000059.htm.gz
[quarterly-refresh-run] 2026-09-15T05:41:51.935242+00:00   down TDG 8-K 2026-09-14 -> data-lake/TDG/8K/TDG_2026-09-14_0001260221-26-000057.htm.gz
[quarterly-refresh-run] 2026-09-15T05:41:52.701296+00:00   down TDG 8-K 2026-09-14 -> data-lake/TDG/8K/TDG_2026-09-14_0001260221-26-000056.htm.gz
[quarterly-refresh-run] 2026-09-15T05:41:56.187969+00:00   TDG: facts=184 kpi_updated=0 kpi_added=0 errors=0
[quarterly-refresh-run] 2026-09-15T05:41:56.188010+00:00 === TECH (docs, 1 filing(s)) ===
[quarterly-refresh-run] 2026-09-15T05:41:57.092938+00:00   down TECH 8-K 2026-09-14 -> data-lake/TECH/8K/TECH_2026-09-14_0001140361-26-036499.htm.gz
[quarterly-refresh-run] 2026-09-15T05:41:59.557802+00:00   TECH: facts=197 kpi_updated=0 kpi_added=0 errors=0
[quarterly-refresh-run] 2026-09-15T05:41:59.578213+00:00 === WDC (docs, 1 filing(s)) ===
[quarterly-refresh-run] 2026-09-15T05:42:00.508874+00:00   down WDC 8-K 2026-09-14 -> data-lake/WDC/8K/WDC_2026-09-14_0001193125-26-389859.htm.gz
[quarterly-refresh-run] 2026-09-15T05:42:04.449449+00:00   WDC: facts=214 kpi_updated=0 kpi_added=0 errors=0
[quarterly-refresh-run] 2026-09-15T05:42:04.481845+00:00 Ecrit /Users/yann/spx-app/.conv-state/quarterly-refresh-run-result.json (28 ste(s))
[quarterly-refresh] run rc=0
[lock1] AMT: OK (3/6 points concordants, 0 écarts, 3 invérifiables)
[lock1] AMZN: OK (5/5 points concordants, 0 écarts, 0 invérifiables)
[lock1] AWK: OK (4/6 points concordants, 0 écarts, 2 invérifiables)
[lock1] CCI: OK (4/5 points concordants, 0 écarts, 1 invérifiables)
[lock1] CDW: OK (4/6 points concordants, 0 écarts, 2 invérifiables)
[lock1] CMG: OK (4/6 points concordants, 0 écarts, 2 invérifiables)
[lock1] CNP: OK (4/6 points concordants, 0 écarts, 2 invérifiables)
[lock1] D: OK (4/5 points concordants, 0 écarts, 1 invérifiables)
[lock1] DXCM: OK (4/7 points concordants, 0 écarts, 3 invérifiables)
[lock1] FDX: OK (5/5 points concordants, 0 écarts, 0 invérifiables)
[lock1] FITB: OK (3/5 points concordants, 0 écarts, 2 invérifiables)
[lock1] KEY: OK (4/5 points concordants, 0 écarts, 1 invérifiables)
[lock1] LULU: OK (4/6 points concordants, 0 écarts, 2 invérifiables)
[lock1] MELI: OK (4/7 points concordants, 0 écarts, 3 invérifiables)
[lock1] MSTR: OK (4/7 points concordants, 0 écarts, 3 invérifiables)
[lock1] MTB: OK (4/5 points concordants, 0 écarts, 1 invérifiables)
[lock1] NEE: OK (3/4 points concordants, 0 écarts, 1 invérifiables)
[lock1] NWS: OK (5/6 points concordants, 0 écarts, 1 invérifiables)
[lock1] NWSA: OK (5/6 points concordants, 0 écarts, 1 invérifiables)
[lock1] ORCL: OK (7/7 points concordants, 0 écarts, 0 invérifiables)
[lock1] PH: OK (6/6 points concordants, 0 écarts, 0 invérifiables)
[lock1] PSA: OK (4/5 points concordants, 0 écarts, 1 invérifiables)
[lock1] STT: OK (4/6 points concordants, 0 écarts, 2 invérifiables)
[lock1] SYF: OK (3/4 points concordants, 0 écarts, 1 invérifiables)
[lock1] SYY: OK (5/5 points concordants, 0 écarts, 0 invérifiables)
[lock1] TDG: MISMATCH (3/7 points concordants, 1 écarts, 3 invérifiables)
[lock1] TECH: OK (7/7 points concordants, 0 écarts, 0 invérifiables)
[lock1] WDC: OK (7/7 points concordants, 0 écarts, 0 invérifiables)
[lock1] résultat écrit: /Users/yann/spx-app/.conv-state/qr-lock1-result.json
[quarterly-refresh] lock1 rc=0
[lock2] AMT: INCOMPLETE (2/10 KPI à jour, 8 manquants, todo=['ec_synthesis', 'stories_rotation', 'risks', 'segments_geo', 'events', 'profit_warning', 'governance', 'governance_top_holders', 'dilution', 'description', 'headcount', 'ai_positioning'], lock1=OK)
[lock2] AMZN: INCOMPLETE (2/15 KPI à jour, 13 manquants, todo=['ec_synthesis', 'stories_rotation', 'risks', 'segments_geo', 'events', 'profit_warning', 'governance', 'governance_top_holders', 'dilution', 'description', 'headcount', 'ai_positioning'], lock1=OK)
[lock2] AWK: INCOMPLETE (3/9 KPI à jour, 6 manquants, todo=['ec_synthesis', 'stories_rotation', 'risks', 'segments_geo', 'events', 'profit_warning', 'governance', 'governance_top_holders', 'dilution', 'description', 'headcount', 'ai_positioning'], lock1=OK)
[lock2] CCI: INCOMPLETE (3/7 KPI à jour, 4 manquants, todo=['ec_synthesis', 'stories_rotation', 'risks', 'segments_geo', 'events', 'profit_warning', 'governance', 'governance_top_holders', 'dilution', 'description', 'headcount', 'ai_positioning'], lock1=OK)
[lock2] CDW: INCOMPLETE (3/6 KPI à jour, 3 manquants, todo=['ec_synthesis', 'stories_rotation', 'risks', 'segments_geo', 'events', 'profit_warning', 'governance', 'governance_top_holders', 'dilution', 'description', 'headcount', 'ai_positioning'], lock1=OK)
[lock2] CMG: INCOMPLETE (7/17 KPI à jour, 10 manquants, todo=['ec_synthesis', 'stories_rotation', 'risks', 'segments_geo', 'events', 'profit_warning', 'governance', 'governance_top_holders', 'dilution', 'description', 'headcount', 'ai_positioning'], lock1=OK)
[lock2] CNP: INCOMPLETE (0/7 KPI à jour, 7 manquants, todo=['ec_synthesis', 'stories_rotation', 'risks', 'segments_geo', 'events', 'profit_warning', 'governance', 'governance_top_holders', 'dilution', 'description', 'headcount', 'ai_positioning'], lock1=OK)
[lock2] D: INCOMPLETE (0/4 KPI à jour, 4 manquants, todo=['ec_synthesis', 'stories_rotation', 'risks', 'segments_geo', 'events', 'profit_warning', 'governance', 'governance_top_holders', 'dilution', 'description', 'headcount', 'ai_positioning'], lock1=OK)
[lock2] DXCM: INCOMPLETE (3/16 KPI à jour, 13 manquants, todo=['ec_synthesis', 'stories_rotation', 'risks', 'segments_geo', 'events', 'profit_warning', 'governance', 'governance_top_holders', 'dilution', 'description', 'headcount', 'ai_positioning'], lock1=OK)
[lock2] FDX: INCOMPLETE (0/7 KPI à jour, 7 manquants, todo=['ec_synthesis', 'stories_rotation', 'risks', 'segments_geo', 'events', 'profit_warning', 'governance', 'governance_top_holders', 'dilution', 'description', 'headcount', 'ai_positioning'], lock1=OK)
[lock2] FITB: INCOMPLETE (2/11 KPI à jour, 9 manquants, todo=['ec_synthesis', 'stories_rotation', 'risks', 'segments_geo', 'events', 'profit_warning', 'governance', 'governance_top_holders', 'dilution', 'description', 'headcount', 'ai_positioning'], lock1=OK)
[lock2] KEY: INCOMPLETE (5/22 KPI à jour, 17 manquants, todo=['ec_synthesis', 'stories_rotation', 'risks', 'segments_geo', 'events', 'profit_warning', 'governance', 'governance_top_holders', 'dilution', 'description', 'headcount', 'ai_positioning'], lock1=OK)
[lock2] LULU: INCOMPLETE (3/6 KPI à jour, 3 manquants, todo=['ec_synthesis', 'stories_rotation', 'risks', 'segments_geo', 'events', 'profit_warning', 'governance', 'governance_top_holders', 'dilution', 'description', 'headcount', 'ai_positioning'], lock1=OK)
[lock2] MELI: INCOMPLETE (4/4 KPI à jour, 0 manquants, todo=['ec_synthesis', 'stories_rotation', 'risks', 'segments_geo', 'events', 'profit_warning', 'governance', 'governance_top_holders', 'dilution', 'description', 'headcount', 'ai_positioning'], lock1=OK)
[lock2] MSTR: INCOMPLETE (3/8 KPI à jour, 5 manquants, todo=['ec_synthesis', 'stories_rotation', 'risks', 'segments_geo', 'events', 'profit_warning', 'governance', 'governance_top_holders', 'dilution', 'description', 'headcount', 'ai_positioning'], lock1=OK)
[lock2] MTB: INCOMPLETE (3/15 KPI à jour, 12 manquants, todo=['ec_synthesis', 'stories_rotation', 'risks', 'segments_geo', 'events', 'profit_warning', 'governance', 'governance_top_holders', 'dilution', 'description', 'headcount', 'ai_positioning'], lock1=OK)
[lock2] NEE: INCOMPLETE (0/8 KPI à jour, 8 manquants, todo=['ec_synthesis', 'stories_rotation', 'risks', 'segments_geo', 'events', 'profit_warning', 'governance', 'governance_top_holders', 'dilution', 'description', 'headcount', 'ai_positioning'], lock1=OK)
[lock2] NWS: INCOMPLETE (0/8 KPI à jour, 8 manquants, todo=['ec_synthesis', 'stories_rotation', 'risks', 'segments_geo', 'events', 'profit_warning', 'governance', 'governance_top_holders', 'dilution', 'description', 'headcount', 'ai_positioning'], lock1=OK)
[lock2] NWSA: INCOMPLETE (0/11 KPI à jour, 11 manquants, todo=['ec_synthesis', 'stories_rotation', 'risks', 'segments_geo', 'events', 'profit_warning', 'governance', 'governance_top_holders', 'dilution', 'description', 'headcount', 'ai_positioning'], lock1=OK)
[lock2] ORCL: INCOMPLETE (3/22 KPI à jour, 19 manquants, todo=['ec_synthesis', 'stories_rotation', 'risks', 'segments_geo', 'events', 'profit_warning', 'governance', 'governance_top_holders', 'dilution', 'description', 'headcount', 'ai_positioning'], lock1=OK)
[lock2] PH: INCOMPLETE (1/7 KPI à jour, 6 manquants, todo=['ec_synthesis', 'stories_rotation', 'risks', 'segments_geo', 'events', 'profit_warning', 'governance', 'governance_top_holders', 'dilution', 'description', 'headcount', 'ai_positioning'], lock1=OK)
[lock2] PSA: INCOMPLETE (6/14 KPI à jour, 8 manquants, todo=['ec_synthesis', 'stories_rotation', 'risks', 'segments_geo', 'events', 'profit_warning', 'governance', 'governance_top_holders', 'dilution', 'description', 'headcount', 'ai_positioning'], lock1=OK)
[lock2] STT: INCOMPLETE (3/16 KPI à jour, 13 manquants, todo=['ec_synthesis', 'stories_rotation', 'risks', 'segments_geo', 'events', 'profit_warning', 'governance', 'governance_top_holders', 'dilution', 'description', 'headcount', 'ai_positioning'], lock1=OK)
[lock2] SYF: INCOMPLETE (2/11 KPI à jour, 9 manquants, todo=['ec_synthesis', 'stories_rotation', 'risks', 'segments_geo', 'events', 'profit_warning', 'governance', 'governance_top_holders', 'dilution', 'description', 'headcount', 'ai_positioning'], lock1=OK)
[lock2] SYY: INCOMPLETE (0/11 KPI à jour, 11 manquants, todo=['ec_synthesis', 'stories_rotation', 'risks', 'segments_geo', 'events', 'profit_warning', 'governance', 'governance_top_holders', 'dilution', 'description', 'headcount', 'ai_positioning'], lock1=OK)
[lock2] TDG: INCOMPLETE (3/11 KPI à jour, 8 manquants, todo=['ec_synthesis', 'stories_rotation', 'risks', 'segments_geo', 'events', 'profit_warning', 'governance', 'governance_top_holders', 'dilution', 'description', 'headcount', 'ai_positioning'], lock1=MISMATCH)
[lock2] TECH: INCOMPLETE (0/10 KPI à jour, 10 manquants, todo=['ec_synthesis', 'stories_rotation', 'risks', 'segments_geo', 'events', 'profit_warning', 'governance', 'governance_top_holders', 'dilution', 'description', 'headcount', 'ai_positioning'], lock1=OK)
[lock2] WDC: INCOMPLETE (1/12 KPI à jour, 11 manquants, todo=['ec_synthesis', 'stories_rotation', 'risks', 'segments_geo', 'events', 'profit_warning', 'governance', 'governance_top_holders', 'dilution', 'description', 'headcount', 'ai_positioning'], lock1=OK)
[lock2] résultat écrit: /Users/yann/spx-app/.conv-state/qr-lock2-result.json
[quarterly-refresh] lock2 rc=0
[quarterly-refresh] audit pages: AMT AMZN AWK CCI CDW CMG CNP D DXCM FDX FITB KEY LULU MELI MSTR MTB NEE NWS NWSA ORCL PH PSA STT SYF SYY TDG TECH WDC
special_kpis merge failed for AMT: Error: supabaseUrl is required.
    at validateSupabaseUrl (/Users/yann/spx-app/node_modules/@supabase/supabase-js/src/lib/helpers.ts:86:11)
    at new SupabaseClient (/Users/yann/spx-app/node_modules/@supabase/supabase-js/src/SupabaseClient.ts:284:21)
    at createClient (/Users/yann/spx-app/node_modules/@supabase/supabase-js/src/index.ts:65:10)
    at admin (/Users/yann/spx-app/src/lib/desk/special-kpis.ts:152:10)
    at listPublishedForTicker (/Users/yann/spx-app/src/lib/desk/special-kpis.ts:175:16)
    at loadV17CompanyBrut (/Users/yann/spx-app/src/lib/company-core/load-company.ts:1779:30)
    at async loadV17Company (/Users/yann/spx-app/src/lib/company-core/load-company.ts:493:14)
    at async auditTicker (/Users/yann/spx-app/scripts/audit-pages-full.ts:51:19)
    at async main (/Users/yann/spx-app/scripts/audit-pages-full.ts:153:17)
kpi_requests merge failed for AMT: Error: supabaseUrl is required.
    at validateSupabaseUrl (/Users/yann/spx-app/node_modules/@supabase/supabase-js/src/lib/helpers.ts:86:11)
    at new SupabaseClient (/Users/yann/spx-app/node_modules/@supabase/supabase-js/src/SupabaseClient.ts:284:21)
    at createClient (/Users/yann/spx-app/node_modules/@supabase/supabase-js/src/index.ts:65:10)
    at loadV17CompanyBrut (/Users/yann/spx-app/src/lib/company-core/load-company.ts:1843:18)
    at async loadV17Company (/Users/yann/spx-app/src/lib/company-core/load-company.ts:493:14)
    at async auditTicker (/Users/yann/spx-app/scripts/audit-pages-full.ts:51:19)
    at async main (/Users/yann/spx-app/scripts/audit-pages-full.ts:153:17)
image_findings merge failed for AMT: Error: supabaseUrl is required.
    at validateSupabaseUrl (/Users/yann/spx-app/node_modules/@supabase/supabase-js/src/lib/helpers.ts:86:11)
    at new SupabaseClient (/Users/yann/spx-app/node_modules/@supabase/supabase-js/src/SupabaseClient.ts:284:21)
    at createClient (/Users/yann/spx-app/node_modules/@supabase/supabase-js/src/index.ts:65:10)
    at admin (/Users/yann/spx-app/src/lib/desk/image-findings.ts:118:10)
    at listApprovedForTicker (/Users/yann/spx-app/src/lib/desk/image-findings.ts:222:16)
    at loadV17CompanyBrut (/Users/yann/spx-app/src/lib/company-core/load-company.ts:1906:30)
    at async loadV17Company (/Users/yann/spx-app/src/lib/company-core/load-company.ts:493:14)
    at async auditTicker (/Users/yann/spx-app/scripts/audit-pages-full.ts:51:19)
    at async main (/Users/yann/spx-app/scripts/audit-pages-full.ts:153:17)
[hero-kpi-overrides] refetch failed, using stale cache Error: SUPABASE_SERVICE_ROLE_KEY manquante — vérifier .env.local
    at createSupabaseAdminClient (/Users/yann/spx-app/src/lib/supabase/admin.ts:16:11)
    at fetchAll (/Users/yann/spx-app/src/lib/company-core/hero-kpi-overrides.ts:31:20)
    at getHeroKpiOverride (/Users/yann/spx-app/src/lib/company-core/hero-kpi-overrides.ts:58:21)
    at loadV17CompanyBrut (/Users/yann/spx-app/src/lib/company-core/load-company.ts:3087:28)
    at async loadV17Company (/Users/yann/spx-app/src/lib/company-core/load-company.ts:493:14)
    at async auditTicker (/Users/yann/spx-app/scripts/audit-pages-full.ts:51:19)
    at async main (/Users/yann/spx-app/scripts/audit-pages-full.ts:153:17)
special_kpis merge failed for AMZN: Error: supabaseUrl is required.
    at validateSupabaseUrl (/Users/yann/spx-app/node_modules/@supabase/supabase-js/src/lib/helpers.ts:86:11)
    at new SupabaseClient (/Users/yann/spx-app/node_modules/@supabase/supabase-js/src/SupabaseClient.ts:284:21)
    at createClient (/Users/yann/spx-app/node_modules/@supabase/supabase-js/src/index.ts:65:10)
    at admin (/Users/yann/spx-app/src/lib/desk/special-kpis.ts:152:10)
    at listPublishedForTicker (/Users/yann/spx-app/src/lib/desk/special-kpis.ts:175:16)
    at loadV17CompanyBrut (/Users/yann/spx-app/src/lib/company-core/load-company.ts:1779:30)
    at async loadV17Company (/Users/yann/spx-app/src/lib/company-core/load-company.ts:493:14)
    at async auditTicker (/Users/yann/spx-app/scripts/audit-pages-full.ts:51:19)
    at async main (/Users/yann/spx-app/scripts/audit-pages-full.ts:153:17)
kpi_requests merge failed for AMZN: Error: supabaseUrl is required.
    at validateSupabaseUrl (/Users/yann/spx-app/node_modules/@supabase/supabase-js/src/lib/helpers.ts:86:11)
    at new SupabaseClient (/Users/yann/spx-app/node_modules/@supabase/supabase-js/src/SupabaseClient.ts:284:21)
    at createClient (/Users/yann/spx-app/node_modules/@supabase/supabase-js/src/index.ts:65:10)
    at loadV17CompanyBrut (/Users/yann/spx-app/src/lib/company-core/load-company.ts:1843:18)
    at async loadV17Company (/Users/yann/spx-app/src/lib/company-core/load-company.ts:493:14)
    at async auditTicker (/Users/yann/spx-app/scripts/audit-pages-full.ts:51:19)
    at async main (/Users/yann/spx-app/scripts/audit-pages-full.ts:153:17)
image_findings merge failed for AMZN: Error: supabaseUrl is required.
    at validateSupabaseUrl (/Users/yann/spx-app/node_modules/@supabase/supabase-js/src/lib/helpers.ts:86:11)
    at new SupabaseClient (/Users/yann/spx-app/node_modules/@supabase/supabase-js/src/SupabaseClient.ts:284:21)
    at createClient (/Users/yann/spx-app/node_modules/@supabase/supabase-js/src/index.ts:65:10)
    at admin (/Users/yann/spx-app/src/lib/desk/image-findings.ts:118:10)
    at listApprovedForTicker (/Users/yann/spx-app/src/lib/desk/image-findings.ts:222:16)
    at loadV17CompanyBrut (/Users/yann/spx-app/src/lib/company-core/load-company.ts:1906:30)
    at async loadV17Company (/Users/yann/spx-app/src/lib/company-core/load-company.ts:493:14)
    at async auditTicker (/Users/yann/spx-app/scripts/audit-pages-full.ts:51:19)
    at async main (/Users/yann/spx-app/scripts/audit-pages-full.ts:153:17)
[hero-kpi-overrides] refetch failed, using stale cache Error: SUPABASE_SERVICE_ROLE_KEY manquante — vérifier .env.local
    at createSupabaseAdminClient (/Users/yann/spx-app/src/lib/supabase/admin.ts:16:11)
    at fetchAll (/Users/yann/spx-app/src/lib/company-core/hero-kpi-overrides.ts:31:20)
    at getHeroKpiOverride (/Users/yann/spx-app/src/lib/company-core/hero-kpi-overrides.ts:58:21)
    at loadV17CompanyBrut (/Users/yann/spx-app/src/lib/company-core/load-company.ts:3087:28)
    at async loadV17Company (/Users/yann/spx-app/src/lib/company-core/load-company.ts:493:14)
    at async auditTicker (/Users/yann/spx-app/scripts/audit-pages-full.ts:51:19)
    at async main (/Users/yann/spx-app/scripts/audit-pages-full.ts:153:17)
special_kpis merge failed for AWK: Error: supabaseUrl is required.
    at validateSupabaseUrl (/Users/yann/spx-app/node_modules/@supabase/supabase-js/src/lib/helpers.ts:86:11)
    at new SupabaseClient (/Users/yann/spx-app/node_modules/@supabase/supabase-js/src/SupabaseClient.ts:284:21)
    at createClient (/Users/yann/spx-app/node_modules/@supabase/supabase-js/src/index.ts:65:10)
    at admin (/Users/yann/spx-app/src/lib/desk/special-kpis.ts:152:10)
    at listPublishedForTicker (/Users/yann/spx-app/src/lib/desk/special-kpis.ts:175:16)
    at loadV17CompanyBrut (/Users/yann/spx-app/src/lib/company-core/load-company.ts:1779:30)
    at async loadV17Company (/Users/yann/spx-app/src/lib/company-core/load-company.ts:493:14)
    at async auditTicker (/Users/yann/spx-app/scripts/audit-pages-full.ts:51:19)
    at async main (/Users/yann/spx-app/scripts/audit-pages-full.ts:153:17)
kpi_requests merge failed for AWK: Error: supabaseUrl is required.
    at validateSupabaseUrl (/Users/yann/spx-app/node_modules/@supabase/supabase-js/src/lib/helpers.ts:86:11)
    at new SupabaseClient (/Users/yann/spx-app/node_modules/@supabase/supabase-js/src/SupabaseClient.ts:284:21)
    at createClient (/Users/yann/spx-app/node_modules/@supabase/supabase-js/src/index.ts:65:10)
    at loadV17CompanyBrut (/Users/yann/spx-app/src/lib/company-core/load-company.ts:1843:18)
    at async loadV17Company (/Users/yann/spx-app/src/lib/company-core/load-company.ts:493:14)
    at async auditTicker (/Users/yann/spx-app/scripts/audit-pages-full.ts:51:19)
    at async main (/Users/yann/spx-app/scripts/audit-pages-full.ts:153:17)
image_findings merge failed for AWK: Error: supabaseUrl is required.
    at validateSupabaseUrl (/Users/yann/spx-app/node_modules/@supabase/supabase-js/src/lib/helpers.ts:86:11)
    at new SupabaseClient (/Users/yann/spx-app/node_modules/@supabase/supabase-js/src/SupabaseClient.ts:284:21)
    at createClient (/Users/yann/spx-app/node_modules/@supabase/supabase-js/src/index.ts:65:10)
    at admin (/Users/yann/spx-app/src/lib/desk/image-findings.ts:118:10)
    at listApprovedForTicker (/Users/yann/spx-app/src/lib/desk/image-findings.ts:222:16)
    at loadV17CompanyBrut (/Users/yann/spx-app/src/lib/company-core/load-company.ts:1906:30)
    at async loadV17Company (/Users/yann/spx-app/src/lib/company-core/load-company.ts:493:14)
    at async auditTicker (/Users/yann/spx-app/scripts/audit-pages-full.ts:51:19)
    at async main (/Users/yann/spx-app/scripts/audit-pages-full.ts:153:17)
[hero-kpi-overrides] refetch failed, using stale cache Error: SUPABASE_SERVICE_ROLE_KEY manquante — vérifier .env.local
    at createSupabaseAdminClient (/Users/yann/spx-app/src/lib/supabase/admin.ts:16:11)
    at fetchAll (/Users/yann/spx-app/src/lib/company-core/hero-kpi-overrides.ts:31:20)
    at getHeroKpiOverride (/Users/yann/spx-app/src/lib/company-core/hero-kpi-overrides.ts:58:21)
    at loadV17CompanyBrut (/Users/yann/spx-app/src/lib/company-core/load-company.ts:3087:28)
    at async loadV17Company (/Users/yann/spx-app/src/lib/company-core/load-company.ts:493:14)
    at async auditTicker (/Users/yann/spx-app/scripts/audit-pages-full.ts:51:19)
    at async main (/Users/yann/spx-app/scripts/audit-pages-full.ts:153:17)
special_kpis merge failed for CCI: Error: supabaseUrl is required.
    at validateSupabaseUrl (/Users/yann/spx-app/node_modules/@supabase/supabase-js/src/lib/helpers.ts:86:11)
    at new SupabaseClient (/Users/yann/spx-app/node_modules/@supabase/supabase-js/src/SupabaseClient.ts:284:21)
    at createClient (/Users/yann/spx-app/node_modules/@supabase/supabase-js/src/index.ts:65:10)
    at admin (/Users/yann/spx-app/src/lib/desk/special-kpis.ts:152:10)
    at listPublishedForTicker (/Users/yann/spx-app/src/lib/desk/special-kpis.ts:175:16)
    at loadV17CompanyBrut (/Users/yann/spx-app/src/lib/company-core/load-company.ts:1779:30)
    at async loadV17Company (/Users/yann/spx-app/src/lib/company-core/load-company.ts:493:14)
    at async auditTicker (/Users/yann/spx-app/scripts/audit-pages-full.ts:51:19)
    at async main (/Users/yann/spx-app/scripts/audit-pages-full.ts:153:17)
kpi_requests merge failed for CCI: Error: supabaseUrl is required.
    at validateSupabaseUrl (/Users/yann/spx-app/node_modules/@supabase/supabase-js/src/lib/helpers.ts:86:11)
    at new SupabaseClient (/Users/yann/spx-app/node_modules/@supabase/supabase-js/src/SupabaseClient.ts:284:21)
    at createClient (/Users/yann/spx-app/node_modules/@supabase/supabase-js/src/index.ts:65:10)
    at loadV17CompanyBrut (/Users/yann/spx-app/src/lib/company-core/load-company.ts:1843:18)
    at async loadV17Company (/Users/yann/spx-app/src/lib/company-core/load-company.ts:493:14)
    at async auditTicker (/Users/yann/spx-app/scripts/audit-pages-full.ts:51:19)
    at async main (/Users/yann/spx-app/scripts/audit-pages-full.ts:153:17)
image_findings merge failed for CCI: Error: supabaseUrl is required.
    at validateSupabaseUrl (/Users/yann/spx-app/node_modules/@supabase/supabase-js/src/lib/helpers.ts:86:11)
    at new SupabaseClient (/Users/yann/spx-app/node_modules/@supabase/supabase-js/src/SupabaseClient.ts:284:21)
    at createClient (/Users/yann/spx-app/node_modules/@supabase/supabase-js/src/index.ts:65:10)
    at admin (/Users/yann/spx-app/src/lib/desk/image-findings.ts:118:10)
    at listApprovedForTicker (/Users/yann/spx-app/src/lib/desk/image-findings.ts:222:16)
    at loadV17CompanyBrut (/Users/yann/spx-app/src/lib/company-core/load-company.ts:1906:30)
    at async loadV17Company (/Users/yann/spx-app/src/lib/company-core/load-company.ts:493:14)
    at async auditTicker (/Users/yann/spx-app/scripts/audit-pages-full.ts:51:19)
    at async main (/Users/yann/spx-app/scripts/audit-pages-full.ts:153:17)
[hero-kpi-overrides] refetch failed, using stale cache Error: SUPABASE_SERVICE_ROLE_KEY manquante — vérifier .env.local
    at createSupabaseAdminClient (/Users/yann/spx-app/src/lib/supabase/admin.ts:16:11)
    at fetchAll (/Users/yann/spx-app/src/lib/company-core/hero-kpi-overrides.ts:31:20)
    at getHeroKpiOverride (/Users/yann/spx-app/src/lib/company-core/hero-kpi-overrides.ts:58:21)
    at loadV17CompanyBrut (/Users/yann/spx-app/src/lib/company-core/load-company.ts:3087:28)
    at async loadV17Company (/Users/yann/spx-app/src/lib/company-core/load-company.ts:493:14)
    at async auditTicker (/Users/yann/spx-app/scripts/audit-pages-full.ts:51:19)
    at async main (/Users/yann/spx-app/scripts/audit-pages-full.ts:153:17)
special_kpis merge failed for CDW: Error: supabaseUrl is required.
    at validateSupabaseUrl (/Users/yann/spx-app/node_modules/@supabase/supabase-js/src/lib/helpers.ts:86:11)
    at new SupabaseClient (/Users/yann/spx-app/node_modules/@supabase/supabase-js/src/SupabaseClient.ts:284:21)
    at createClient (/Users/yann/spx-app/node_modules/@supabase/supabase-js/src/index.ts:65:10)
    at admin (/Users/yann/spx-app/src/lib/desk/special-kpis.ts:152:10)
    at listPublishedForTicker (/Users/yann/spx-app/src/lib/desk/special-kpis.ts:175:16)
    at loadV17CompanyBrut (/Users/yann/spx-app/src/lib/company-core/load-company.ts:1779:30)
    at async loadV17Company (/Users/yann/spx-app/src/lib/company-core/load-company.ts:493:14)
    at async auditTicker (/Users/yann/spx-app/scripts/audit-pages-full.ts:51:19)
    at async main (/Users/yann/spx-app/scripts/audit-pages-full.ts:153:17)
kpi_requests merge failed for CDW: Error: supabaseUrl is required.
    at validateSupabaseUrl (/Users/yann/spx-app/node_modules/@supabase/supabase-js/src/lib/helpers.ts:86:11)
    at new SupabaseClient (/Users/yann/spx-app/node_modules/@supabase/supabase-js/src/SupabaseClient.ts:284:21)
    at createClient (/Users/yann/spx-app/node_modules/@supabase/supabase-js/src/index.ts:65:10)
    at loadV17CompanyBrut (/Users/yann/spx-app/src/lib/company-core/load-company.ts:1843:18)
    at async loadV17Company (/Users/yann/spx-app/src/lib/company-core/load-company.ts:493:14)
    at async auditTicker (/Users/yann/spx-app/scripts/audit-pages-full.ts:51:19)
    at async main (/Users/yann/spx-app/scripts/audit-pages-full.ts:153:17)
image_findings merge failed for CDW: Error: supabaseUrl is required.
    at validateSupabaseUrl (/Users/yann/spx-app/node_modules/@supabase/supabase-js/src/lib/helpers.ts:86:11)
    at new SupabaseClient (/Users/yann/spx-app/node_modules/@supabase/supabase-js/src/SupabaseClient.ts:284:21)
    at createClient (/Users/yann/spx-app/node_modules/@supabase/supabase-js/src/index.ts:65:10)
    at admin (/Users/yann/spx-app/src/lib/desk/image-findings.ts:118:10)
    at listApprovedForTicker (/Users/yann/spx-app/src/lib/desk/image-findings.ts:222:16)
    at loadV17CompanyBrut (/Users/yann/spx-app/src/lib/company-core/load-company.ts:1906:30)
    at async loadV17Company (/Users/yann/spx-app/src/lib/company-core/load-company.ts:493:14)
    at async auditTicker (/Users/yann/spx-app/scripts/audit-pages-full.ts:51:19)
    at async main (/Users/yann/spx-app/scripts/audit-pages-full.ts:153:17)
[hero-kpi-overrides] refetch failed, using stale cache Error: SUPABASE_SERVICE_ROLE_KEY manquante — vérifier .env.local
    at createSupabaseAdminClient (/Users/yann/spx-app/src/lib/supabase/admin.ts:16:11)
    at fetchAll (/Users/yann/spx-app/src/lib/company-core/hero-kpi-overrides.ts:31:20)
    at getHeroKpiOverride (/Users/yann/spx-app/src/lib/company-core/hero-kpi-overrides.ts:58:21)
    at loadV17CompanyBrut (/Users/yann/spx-app/src/lib/company-core/load-company.ts:3087:28)
    at async loadV17Company (/Users/yann/spx-app/src/lib/company-core/load-company.ts:493:14)
    at async auditTicker (/Users/yann/spx-app/scripts/audit-pages-full.ts:51:19)
    at async main (/Users/yann/spx-app/scripts/audit-pages-full.ts:153:17)
special_kpis merge failed for CMG: Error: supabaseUrl is required.
    at validateSupabaseUrl (/Users/yann/spx-app/node_modules/@supabase/supabase-js/src/lib/helpers.ts:86:11)
    at new SupabaseClient (/Users/yann/spx-app/node_modules/@supabase/supabase-js/src/SupabaseClient.ts:284:21)
    at createClient (/Users/yann/spx-app/node_modules/@supabase/supabase-js/src/index.ts:65:10)
    at admin (/Users/yann/spx-app/src/lib/desk/special-kpis.ts:152:10)
    at listPublishedForTicker (/Users/yann/spx-app/src/lib/desk/special-kpis.ts:175:16)
    at loadV17CompanyBrut (/Users/yann/spx-app/src/lib/company-core/load-company.ts:1779:30)
    at async loadV17Company (/Users/yann/spx-app/src/lib/company-core/load-company.ts:493:14)
    at async auditTicker (/Users/yann/spx-app/scripts/audit-pages-full.ts:51:19)
    at async main (/Users/yann/spx-app/scripts/audit-pages-full.ts:153:17)
kpi_requests merge failed for CMG: Error: supabaseUrl is required.
    at validateSupabaseUrl (/Users/yann/spx-app/node_modules/@supabase/supabase-js/src/lib/helpers.ts:86:11)
    at new SupabaseClient (/Users/yann/spx-app/node_modules/@supabase/supabase-js/src/SupabaseClient.ts:284:21)
    at createClient (/Users/yann/spx-app/node_modules/@supabase/supabase-js/src/index.ts:65:10)
    at loadV17CompanyBrut (/Users/yann/spx-app/src/lib/company-core/load-company.ts:1843:18)
    at async loadV17Company (/Users/yann/spx-app/src/lib/company-core/load-company.ts:493:14)
    at async auditTicker (/Users/yann/spx-app/scripts/audit-pages-full.ts:51:19)
    at async main (/Users/yann/spx-app/scripts/audit-pages-full.ts:153:17)
image_findings merge failed for CMG: Error: supabaseUrl is required.
    at validateSupabaseUrl (/Users/yann/spx-app/node_modules/@supabase/supabase-js/src/lib/helpers.ts:86:11)
    at new SupabaseClient (/Users/yann/spx-app/node_modules/@supabase/supabase-js/src/SupabaseClient.ts:284:21)
    at createClient (/Users/yann/spx-app/node_modules/@supabase/supabase-js/src/index.ts:65:10)
    at admin (/Users/yann/spx-app/src/lib/desk/image-findings.ts:118:10)
    at listApprovedForTicker (/Users/yann/spx-app/src/lib/desk/image-findings.ts:222:16)
    at loadV17CompanyBrut (/Users/yann/spx-app/src/lib/company-core/load-company.ts:1906:30)
    at async loadV17Company (/Users/yann/spx-app/src/lib/company-core/load-company.ts:493:14)
    at async auditTicker (/Users/yann/spx-app/scripts/audit-pages-full.ts:51:19)
    at async main (/Users/yann/spx-app/scripts/audit-pages-full.ts:153:17)
[hero-kpi-overrides] refetch failed, using stale cache Error: SUPABASE_SERVICE_ROLE_KEY manquante — vérifier .env.local
    at createSupabaseAdminClient (/Users/yann/spx-app/src/lib/supabase/admin.ts:16:11)
    at fetchAll (/Users/yann/spx-app/src/lib/company-core/hero-kpi-overrides.ts:31:20)
    at getHeroKpiOverride (/Users/yann/spx-app/src/lib/company-core/hero-kpi-overrides.ts:58:21)
    at loadV17CompanyBrut (/Users/yann/spx-app/src/lib/company-core/load-company.ts:3087:28)
    at async loadV17Company (/Users/yann/spx-app/src/lib/company-core/load-company.ts:493:14)
    at async auditTicker (/Users/yann/spx-app/scripts/audit-pages-full.ts:51:19)
    at async main (/Users/yann/spx-app/scripts/audit-pages-full.ts:153:17)
special_kpis merge failed for CNP: Error: supabaseUrl is required.
    at validateSupabaseUrl (/Users/yann/spx-app/node_modules/@supabase/supabase-js/src/lib/helpers.ts:86:11)
    at new SupabaseClient (/Users/yann/spx-app/node_modules/@supabase/supabase-js/src/SupabaseClient.ts:284:21)
    at createClient (/Users/yann/spx-app/node_modules/@supabase/supabase-js/src/index.ts:65:10)
    at admin (/Users/yann/spx-app/src/lib/desk/special-kpis.ts:152:10)
    at listPublishedForTicker (/Users/yann/spx-app/src/lib/desk/special-kpis.ts:175:16)
    at loadV17CompanyBrut (/Users/yann/spx-app/src/lib/company-core/load-company.ts:1779:30)
    at async loadV17Company (/Users/yann/spx-app/src/lib/company-core/load-company.ts:493:14)
    at async auditTicker (/Users/yann/spx-app/scripts/audit-pages-full.ts:51:19)
    at async main (/Users/yann/spx-app/scripts/audit-pages-full.ts:153:17)
kpi_requests merge failed for CNP: Error: supabaseUrl is required.
    at validateSupabaseUrl (/Users/yann/spx-app/node_modules/@supabase/supabase-js/src/lib/helpers.ts:86:11)
    at new SupabaseClient (/Users/yann/spx-app/node_modules/@supabase/supabase-js/src/SupabaseClient.ts:284:21)
    at createClient (/Users/yann/spx-app/node_modules/@supabase/supabase-js/src/index.ts:65:10)
    at loadV17CompanyBrut (/Users/yann/spx-app/src/lib/company-core/load-company.ts:1843:18)
    at async loadV17Company (/Users/yann/spx-app/src/lib/company-core/load-company.ts:493:14)
    at async auditTicker (/Users/yann/spx-app/scripts/audit-pages-full.ts:51:19)
    at async main (/Users/yann/spx-app/scripts/audit-pages-full.ts:153:17)
image_findings merge failed for CNP: Error: supabaseUrl is required.
    at validateSupabaseUrl (/Users/yann/spx-app/node_modules/@supabase/supabase-js/src/lib/helpers.ts:86:11)
    at new SupabaseClient (/Users/yann/spx-app/node_modules/@supabase/supabase-js/src/SupabaseClient.ts:284:21)
    at createClient (/Users/yann/spx-app/node_modules/@supabase/supabase-js/src/index.ts:65:10)
    at admin (/Users/yann/spx-app/src/lib/desk/image-findings.ts:118:10)
    at listApprovedForTicker (/Users/yann/spx-app/src/lib/desk/image-findings.ts:222:16)
    at loadV17CompanyBrut (/Users/yann/spx-app/src/lib/company-core/load-company.ts:1906:30)
    at async loadV17Company (/Users/yann/spx-app/src/lib/company-core/load-company.ts:493:14)
    at async auditTicker (/Users/yann/spx-app/scripts/audit-pages-full.ts:51:19)
    at async main (/Users/yann/spx-app/scripts/audit-pages-full.ts:153:17)
[hero-kpi-overrides] refetch failed, using stale cache Error: SUPABASE_SERVICE_ROLE_KEY manquante — vérifier .env.local
    at createSupabaseAdminClient (/Users/yann/spx-app/src/lib/supabase/admin.ts:16:11)
    at fetchAll (/Users/yann/spx-app/src/lib/company-core/hero-kpi-overrides.ts:31:20)
    at getHeroKpiOverride (/Users/yann/spx-app/src/lib/company-core/hero-kpi-overrides.ts:58:21)
    at loadV17CompanyBrut (/Users/yann/spx-app/src/lib/company-core/load-company.ts:3087:28)
    at async loadV17Company (/Users/yann/spx-app/src/lib/company-core/load-company.ts:493:14)
    at async auditTicker (/Users/yann/spx-app/scripts/audit-pages-full.ts:51:19)
    at async main (/Users/yann/spx-app/scripts/audit-pages-full.ts:153:17)
special_kpis merge failed for D: Error: supabaseUrl is required.
    at validateSupabaseUrl (/Users/yann/spx-app/node_modules/@supabase/supabase-js/src/lib/helpers.ts:86:11)
    at new SupabaseClient (/Users/yann/spx-app/node_modules/@supabase/supabase-js/src/SupabaseClient.ts:284:21)
    at createClient (/Users/yann/spx-app/node_modules/@supabase/supabase-js/src/index.ts:65:10)
    at admin (/Users/yann/spx-app/src/lib/desk/special-kpis.ts:152:10)
    at listPublishedForTicker (/Users/yann/spx-app/src/lib/desk/special-kpis.ts:175:16)
    at loadV17CompanyBrut (/Users/yann/spx-app/src/lib/company-core/load-company.ts:1779:30)
    at async loadV17Company (/Users/yann/spx-app/src/lib/company-core/load-company.ts:493:14)
    at async auditTicker (/Users/yann/spx-app/scripts/audit-pages-full.ts:51:19)
    at async main (/Users/yann/spx-app/scripts/audit-pages-full.ts:153:17)
kpi_requests merge failed for D: Error: supabaseUrl is required.
    at validateSupabaseUrl (/Users/yann/spx-app/node_modules/@supabase/supabase-js/src/lib/helpers.ts:86:11)
    at new SupabaseClient (/Users/yann/spx-app/node_modules/@supabase/supabase-js/src/SupabaseClient.ts:284:21)
    at createClient (/Users/yann/spx-app/node_modules/@supabase/supabase-js/src/index.ts:65:10)
    at loadV17CompanyBrut (/Users/yann/spx-app/src/lib/company-core/load-company.ts:1843:18)
    at async loadV17Company (/Users/yann/spx-app/src/lib/company-core/load-company.ts:493:14)
    at async auditTicker (/Users/yann/spx-app/scripts/audit-pages-full.ts:51:19)
    at async main (/Users/yann/spx-app/scripts/audit-pages-full.ts:153:17)
image_findings merge failed for D: Error: supabaseUrl is required.
    at validateSupabaseUrl (/Users/yann/spx-app/node_modules/@supabase/supabase-js/src/lib/helpers.ts:86:11)
    at new SupabaseClient (/Users/yann/spx-app/node_modules/@supabase/supabase-js/src/SupabaseClient.ts:284:21)
    at createClient (/Users/yann/spx-app/node_modules/@supabase/supabase-js/src/index.ts:65:10)
    at admin (/Users/yann/spx-app/src/lib/desk/image-findings.ts:118:10)
    at listApprovedForTicker (/Users/yann/spx-app/src/lib/desk/image-findings.ts:222:16)
    at loadV17CompanyBrut (/Users/yann/spx-app/src/lib/company-core/load-company.ts:1906:30)
    at async loadV17Company (/Users/yann/spx-app/src/lib/company-core/load-company.ts:493:14)
    at async auditTicker (/Users/yann/spx-app/scripts/audit-pages-full.ts:51:19)
    at async main (/Users/yann/spx-app/scripts/audit-pages-full.ts:153:17)
[hero-kpi-overrides] refetch failed, using stale cache Error: SUPABASE_SERVICE_ROLE_KEY manquante — vérifier .env.local
    at createSupabaseAdminClient (/Users/yann/spx-app/src/lib/supabase/admin.ts:16:11)
    at fetchAll (/Users/yann/spx-app/src/lib/company-core/hero-kpi-overrides.ts:31:20)
    at getHeroKpiOverride (/Users/yann/spx-app/src/lib/company-core/hero-kpi-overrides.ts:58:21)
    at loadV17CompanyBrut (/Users/yann/spx-app/src/lib/company-core/load-company.ts:3087:28)
    at async loadV17Company (/Users/yann/spx-app/src/lib/company-core/load-company.ts:493:14)
    at async auditTicker (/Users/yann/spx-app/scripts/audit-pages-full.ts:51:19)
    at async main (/Users/yann/spx-app/scripts/audit-pages-full.ts:153:17)
special_kpis merge failed for DXCM: Error: supabaseUrl is required.
    at validateSupabaseUrl (/Users/yann/spx-app/node_modules/@supabase/supabase-js/src/lib/helpers.ts:86:11)
    at new SupabaseClient (/Users/yann/spx-app/node_modules/@supabase/supabase-js/src/SupabaseClient.ts:284:21)
    at createClient (/Users/yann/spx-app/node_modules/@supabase/supabase-js/src/index.ts:65:10)
    at admin (/Users/yann/spx-app/src/lib/desk/special-kpis.ts:152:10)
    at listPublishedForTicker (/Users/yann/spx-app/src/lib/desk/special-kpis.ts:175:16)
    at loadV17CompanyBrut (/Users/yann/spx-app/src/lib/company-core/load-company.ts:1779:30)
    at async loadV17Company (/Users/yann/spx-app/src/lib/company-core/load-company.ts:493:14)
    at async auditTicker (/Users/yann/spx-app/scripts/audit-pages-full.ts:51:19)
    at async main (/Users/yann/spx-app/scripts/audit-pages-full.ts:153:17)
kpi_requests merge failed for DXCM: Error: supabaseUrl is required.
    at validateSupabaseUrl (/Users/yann/spx-app/node_modules/@supabase/supabase-js/src/lib/helpers.ts:86:11)
    at new SupabaseClient (/Users/yann/spx-app/node_modules/@supabase/supabase-js/src/SupabaseClient.ts:284:21)
    at createClient (/Users/yann/spx-app/node_modules/@supabase/supabase-js/src/index.ts:65:10)
    at loadV17CompanyBrut (/Users/yann/spx-app/src/lib/company-core/load-company.ts:1843:18)
    at async loadV17Company (/Users/yann/spx-app/src/lib/company-core/load-company.ts:493:14)
    at async auditTicker (/Users/yann/spx-app/scripts/audit-pages-full.ts:51:19)
    at async main (/Users/yann/spx-app/scripts/audit-pages-full.ts:153:17)
image_findings merge failed for DXCM: Error: supabaseUrl is required.
    at validateSupabaseUrl (/Users/yann/spx-app/node_modules/@supabase/supabase-js/src/lib/helpers.ts:86:11)
    at new SupabaseClient (/Users/yann/spx-app/node_modules/@supabase/supabase-js/src/SupabaseClient.ts:284:21)
    at createClient (/Users/yann/spx-app/node_modules/@supabase/supabase-js/src/index.ts:65:10)
    at admin (/Users/yann/spx-app/src/lib/desk/image-findings.ts:118:10)
    at listApprovedForTicker (/Users/yann/spx-app/src/lib/desk/image-findings.ts:222:16)
    at loadV17CompanyBrut (/Users/yann/spx-app/src/lib/company-core/load-company.ts:1906:30)
    at async loadV17Company (/Users/yann/spx-app/src/lib/company-core/load-company.ts:493:14)
    at async auditTicker (/Users/yann/spx-app/scripts/audit-pages-full.ts:51:19)
    at async main (/Users/yann/spx-app/scripts/audit-pages-full.ts:153:17)
[hero-kpi-overrides] refetch failed, using stale cache Error: SUPABASE_SERVICE_ROLE_KEY manquante — vérifier .env.local
    at createSupabaseAdminClient (/Users/yann/spx-app/src/lib/supabase/admin.ts:16:11)
    at fetchAll (/Users/yann/spx-app/src/lib/company-core/hero-kpi-overrides.ts:31:20)
    at getHeroKpiOverride (/Users/yann/spx-app/src/lib/company-core/hero-kpi-overrides.ts:58:21)
    at loadV17CompanyBrut (/Users/yann/spx-app/src/lib/company-core/load-company.ts:3087:28)
    at async loadV17Company (/Users/yann/spx-app/src/lib/company-core/load-company.ts:493:14)
    at async auditTicker (/Users/yann/spx-app/scripts/audit-pages-full.ts:51:19)
    at async main (/Users/yann/spx-app/scripts/audit-pages-full.ts:153:17)
special_kpis merge failed for FDX: Error: supabaseUrl is required.
    at validateSupabaseUrl (/Users/yann/spx-app/node_modules/@supabase/supabase-js/src/lib/helpers.ts:86:11)
    at new SupabaseClient (/Users/yann/spx-app/node_modules/@supabase/supabase-js/src/SupabaseClient.ts:284:21)
    at createClient (/Users/yann/spx-app/node_modules/@supabase/supabase-js/src/index.ts:65:10)
    at admin (/Users/yann/spx-app/src/lib/desk/special-kpis.ts:152:10)
    at listPublishedForTicker (/Users/yann/spx-app/src/lib/desk/special-kpis.ts:175:16)
    at loadV17CompanyBrut (/Users/yann/spx-app/src/lib/company-core/load-company.ts:1779:30)
    at async loadV17Company (/Users/yann/spx-app/src/lib/company-core/load-company.ts:493:14)
    at async auditTicker (/Users/yann/spx-app/scripts/audit-pages-full.ts:51:19)
    at async main (/Users/yann/spx-app/scripts/audit-pages-full.ts:153:17)
kpi_requests merge failed for FDX: Error: supabaseUrl is required.
    at validateSupabaseUrl (/Users/yann/spx-app/node_modules/@supabase/supabase-js/src/lib/helpers.ts:86:11)
    at new SupabaseClient (/Users/yann/spx-app/node_modules/@supabase/supabase-js/src/SupabaseClient.ts:284:21)
    at createClient (/Users/yann/spx-app/node_modules/@supabase/supabase-js/src/index.ts:65:10)
    at loadV17CompanyBrut (/Users/yann/spx-app/src/lib/company-core/load-company.ts:1843:18)
    at async loadV17Company (/Users/yann/spx-app/src/lib/company-core/load-company.ts:493:14)
    at async auditTicker (/Users/yann/spx-app/scripts/audit-pages-full.ts:51:19)
    at async main (/Users/yann/spx-app/scripts/audit-pages-full.ts:153:17)
image_findings merge failed for FDX: Error: supabaseUrl is required.
    at validateSupabaseUrl (/Users/yann/spx-app/node_modules/@supabase/supabase-js/src/lib/helpers.ts:86:11)
    at new SupabaseClient (/Users/yann/spx-app/node_modules/@supabase/supabase-js/src/SupabaseClient.ts:284:21)
    at createClient (/Users/yann/spx-app/node_modules/@supabase/supabase-js/src/index.ts:65:10)
    at admin (/Users/yann/spx-app/src/lib/desk/image-findings.ts:118:10)
    at listApprovedForTicker (/Users/yann/spx-app/src/lib/desk/image-findings.ts:222:16)
    at loadV17CompanyBrut (/Users/yann/spx-app/src/lib/company-core/load-company.ts:1906:30)
    at async loadV17Company (/Users/yann/spx-app/src/lib/company-core/load-company.ts:493:14)
    at async auditTicker (/Users/yann/spx-app/scripts/audit-pages-full.ts:51:19)
    at async main (/Users/yann/spx-app/scripts/audit-pages-full.ts:153:17)
[hero-kpi-overrides] refetch failed, using stale cache Error: SUPABASE_SERVICE_ROLE_KEY manquante — vérifier .env.local
    at createSupabaseAdminClient (/Users/yann/spx-app/src/lib/supabase/admin.ts:16:11)
    at fetchAll (/Users/yann/spx-app/src/lib/company-core/hero-kpi-overrides.ts:31:20)
    at getHeroKpiOverride (/Users/yann/spx-app/src/lib/company-core/hero-kpi-overrides.ts:58:21)
    at loadV17CompanyBrut (/Users/yann/spx-app/src/lib/company-core/load-company.ts:3087:28)
    at async loadV17Company (/Users/yann/spx-app/src/lib/company-core/load-company.ts:493:14)
    at async auditTicker (/Users/yann/spx-app/scripts/audit-pages-full.ts:51:19)
    at async main (/Users/yann/spx-app/scripts/audit-pages-full.ts:153:17)
special_kpis merge failed for FITB: Error: supabaseUrl is required.
    at validateSupabaseUrl (/Users/yann/spx-app/node_modules/@supabase/supabase-js/src/lib/helpers.ts:86:11)
    at new SupabaseClient (/Users/yann/spx-app/node_modules/@supabase/supabase-js/src/SupabaseClient.ts:284:21)
    at createClient (/Users/yann/spx-app/node_modules/@supabase/supabase-js/src/index.ts:65:10)
    at admin (/Users/yann/spx-app/src/lib/desk/special-kpis.ts:152:10)
    at listPublishedForTicker (/Users/yann/spx-app/src/lib/desk/special-kpis.ts:175:16)
    at loadV17CompanyBrut (/Users/yann/spx-app/src/lib/company-core/load-company.ts:1779:30)
    at async loadV17Company (/Users/yann/spx-app/src/lib/company-core/load-company.ts:493:14)
    at async auditTicker (/Users/yann/spx-app/scripts/audit-pages-full.ts:51:19)
    at async main (/Users/yann/spx-app/scripts/audit-pages-full.ts:153:17)
kpi_requests merge failed for FITB: Error: supabaseUrl is required.
    at validateSupabaseUrl (/Users/yann/spx-app/node_modules/@supabase/supabase-js/src/lib/helpers.ts:86:11)
    at new SupabaseClient (/Users/yann/spx-app/node_modules/@supabase/supabase-js/src/SupabaseClient.ts:284:21)
    at createClient (/Users/yann/spx-app/node_modules/@supabase/supabase-js/src/index.ts:65:10)
    at loadV17CompanyBrut (/Users/yann/spx-app/src/lib/company-core/load-company.ts:1843:18)
    at async loadV17Company (/Users/yann/spx-app/src/lib/company-core/load-company.ts:493:14)
    at async auditTicker (/Users/yann/spx-app/scripts/audit-pages-full.ts:51:19)
    at async main (/Users/yann/spx-app/scripts/audit-pages-full.ts:153:17)
image_findings merge failed for FITB: Error: supabaseUrl is required.
    at validateSupabaseUrl (/Users/yann/spx-app/node_modules/@supabase/supabase-js/src/lib/helpers.ts:86:11)
    at new SupabaseClient (/Users/yann/spx-app/node_modules/@supabase/supabase-js/src/SupabaseClient.ts:284:21)
    at createClient (/Users/yann/spx-app/node_modules/@supabase/supabase-js/src/index.ts:65:10)
    at admin (/Users/yann/spx-app/src/lib/desk/image-findings.ts:118:10)
    at listApprovedForTicker (/Users/yann/spx-app/src/lib/desk/image-findings.ts:222:16)
    at loadV17CompanyBrut (/Users/yann/spx-app/src/lib/company-core/load-company.ts:1906:30)
    at async loadV17Company (/Users/yann/spx-app/src/lib/company-core/load-company.ts:493:14)
    at async auditTicker (/Users/yann/spx-app/scripts/audit-pages-full.ts:51:19)
    at async main (/Users/yann/spx-app/scripts/audit-pages-full.ts:153:17)
[hero-kpi-overrides] refetch failed, using stale cache Error: SUPABASE_SERVICE_ROLE_KEY manquante — vérifier .env.local
    at createSupabaseAdminClient (/Users/yann/spx-app/src/lib/supabase/admin.ts:16:11)
    at fetchAll (/Users/yann/spx-app/src/lib/company-core/hero-kpi-overrides.ts:31:20)
    at getHeroKpiOverride (/Users/yann/spx-app/src/lib/company-core/hero-kpi-overrides.ts:58:21)
    at loadV17CompanyBrut (/Users/yann/spx-app/src/lib/company-core/load-company.ts:3087:28)
    at async loadV17Company (/Users/yann/spx-app/src/lib/company-core/load-company.ts:493:14)
    at async auditTicker (/Users/yann/spx-app/scripts/audit-pages-full.ts:51:19)
    at async main (/Users/yann/spx-app/scripts/audit-pages-full.ts:153:17)
special_kpis merge failed for KEY: Error: supabaseUrl is required.
    at validateSupabaseUrl (/Users/yann/spx-app/node_modules/@supabase/supabase-js/src/lib/helpers.ts:86:11)
    at new SupabaseClient (/Users/yann/spx-app/node_modules/@supabase/supabase-js/src/SupabaseClient.ts:284:21)
    at createClient (/Users/yann/spx-app/node_modules/@supabase/supabase-js/src/index.ts:65:10)
    at admin (/Users/yann/spx-app/src/lib/desk/special-kpis.ts:152:10)
    at listPublishedForTicker (/Users/yann/spx-app/src/lib/desk/special-kpis.ts:175:16)
    at loadV17CompanyBrut (/Users/yann/spx-app/src/lib/company-core/load-company.ts:1779:30)
    at async loadV17Company (/Users/yann/spx-app/src/lib/company-core/load-company.ts:493:14)
    at async auditTicker (/Users/yann/spx-app/scripts/audit-pages-full.ts:51:19)
    at async main (/Users/yann/spx-app/scripts/audit-pages-full.ts:153:17)
kpi_requests merge failed for KEY: Error: supabaseUrl is required.
    at validateSupabaseUrl (/Users/yann/spx-app/node_modules/@supabase/supabase-js/src/lib/helpers.ts:86:11)
    at new SupabaseClient (/Users/yann/spx-app/node_modules/@supabase/supabase-js/src/SupabaseClient.ts:284:21)
    at createClient (/Users/yann/spx-app/node_modules/@supabase/supabase-js/src/index.ts:65:10)
    at loadV17CompanyBrut (/Users/yann/spx-app/src/lib/company-core/load-company.ts:1843:18)
    at async loadV17Company (/Users/yann/spx-app/src/lib/company-core/load-company.ts:493:14)
    at async auditTicker (/Users/yann/spx-app/scripts/audit-pages-full.ts:51:19)
    at async main (/Users/yann/spx-app/scripts/audit-pages-full.ts:153:17)
image_findings merge failed for KEY: Error: supabaseUrl is required.
    at validateSupabaseUrl (/Users/yann/spx-app/node_modules/@supabase/supabase-js/src/lib/helpers.ts:86:11)
    at new SupabaseClient (/Users/yann/spx-app/node_modules/@supabase/supabase-js/src/SupabaseClient.ts:284:21)
    at createClient (/Users/yann/spx-app/node_modules/@supabase/supabase-js/src/index.ts:65:10)
    at admin (/Users/yann/spx-app/src/lib/desk/image-findings.ts:118:10)
    at listApprovedForTicker (/Users/yann/spx-app/src/lib/desk/image-findings.ts:222:16)
    at loadV17CompanyBrut (/Users/yann/spx-app/src/lib/company-core/load-company.ts:1906:30)
    at async loadV17Company (/Users/yann/spx-app/src/lib/company-core/load-company.ts:493:14)
    at async auditTicker (/Users/yann/spx-app/scripts/audit-pages-full.ts:51:19)
    at async main (/Users/yann/spx-app/scripts/audit-pages-full.ts:153:17)
[hero-kpi-overrides] refetch failed, using stale cache Error: SUPABASE_SERVICE_ROLE_KEY manquante — vérifier .env.local
    at createSupabaseAdminClient (/Users/yann/spx-app/src/lib/supabase/admin.ts:16:11)
    at fetchAll (/Users/yann/spx-app/src/lib/company-core/hero-kpi-overrides.ts:31:20)
    at getHeroKpiOverride (/Users/yann/spx-app/src/lib/company-core/hero-kpi-overrides.ts:58:21)
    at loadV17CompanyBrut (/Users/yann/spx-app/src/lib/company-core/load-company.ts:3087:28)
    at async loadV17Company (/Users/yann/spx-app/src/lib/company-core/load-company.ts:493:14)
    at async auditTicker (/Users/yann/spx-app/scripts/audit-pages-full.ts:51:19)
    at async main (/Users/yann/spx-app/scripts/audit-pages-full.ts:153:17)
special_kpis merge failed for LULU: Error: supabaseUrl is required.
    at validateSupabaseUrl (/Users/yann/spx-app/node_modules/@supabase/supabase-js/src/lib/helpers.ts:86:11)
    at new SupabaseClient (/Users/yann/spx-app/node_modules/@supabase/supabase-js/src/SupabaseClient.ts:284:21)
    at createClient (/Users/yann/spx-app/node_modules/@supabase/supabase-js/src/index.ts:65:10)
    at admin (/Users/yann/spx-app/src/lib/desk/special-kpis.ts:152:10)
    at listPublishedForTicker (/Users/yann/spx-app/src/lib/desk/special-kpis.ts:175:16)
    at loadV17CompanyBrut (/Users/yann/spx-app/src/lib/company-core/load-company.ts:1779:30)
    at async loadV17Company (/Users/yann/spx-app/src/lib/company-core/load-company.ts:493:14)
    at async auditTicker (/Users/yann/spx-app/scripts/audit-pages-full.ts:51:19)
    at async main (/Users/yann/spx-app/scripts/audit-pages-full.ts:153:17)
kpi_requests merge failed for LULU: Error: supabaseUrl is required.
    at validateSupabaseUrl (/Users/yann/spx-app/node_modules/@supabase/supabase-js/src/lib/helpers.ts:86:11)
    at new SupabaseClient (/Users/yann/spx-app/node_modules/@supabase/supabase-js/src/SupabaseClient.ts:284:21)
    at createClient (/Users/yann/spx-app/node_modules/@supabase/supabase-js/src/index.ts:65:10)
    at loadV17CompanyBrut (/Users/yann/spx-app/src/lib/company-core/load-company.ts:1843:18)
    at async loadV17Company (/Users/yann/spx-app/src/lib/company-core/load-company.ts:493:14)
    at async auditTicker (/Users/yann/spx-app/scripts/audit-pages-full.ts:51:19)
    at async main (/Users/yann/spx-app/scripts/audit-pages-full.ts:153:17)
image_findings merge failed for LULU: Error: supabaseUrl is required.
    at validateSupabaseUrl (/Users/yann/spx-app/node_modules/@supabase/supabase-js/src/lib/helpers.ts:86:11)
    at new SupabaseClient (/Users/yann/spx-app/node_modules/@supabase/supabase-js/src/SupabaseClient.ts:284:21)
    at createClient (/Users/yann/spx-app/node_modules/@supabase/supabase-js/src/index.ts:65:10)
    at admin (/Users/yann/spx-app/src/lib/desk/image-findings.ts:118:10)
    at listApprovedForTicker (/Users/yann/spx-app/src/lib/desk/image-findings.ts:222:16)
    at loadV17CompanyBrut (/Users/yann/spx-app/src/lib/company-core/load-company.ts:1906:30)
    at async loadV17Company (/Users/yann/spx-app/src/lib/company-core/load-company.ts:493:14)
    at async auditTicker (/Users/yann/spx-app/scripts/audit-pages-full.ts:51:19)
    at async main (/Users/yann/spx-app/scripts/audit-pages-full.ts:153:17)
[hero-kpi-overrides] refetch failed, using stale cache Error: SUPABASE_SERVICE_ROLE_KEY manquante — vérifier .env.local
    at createSupabaseAdminClient (/Users/yann/spx-app/src/lib/supabase/admin.ts:16:11)
    at fetchAll (/Users/yann/spx-app/src/lib/company-core/hero-kpi-overrides.ts:31:20)
    at getHeroKpiOverride (/Users/yann/spx-app/src/lib/company-core/hero-kpi-overrides.ts:58:21)
    at loadV17CompanyBrut (/Users/yann/spx-app/src/lib/company-core/load-company.ts:3087:28)
    at async loadV17Company (/Users/yann/spx-app/src/lib/company-core/load-company.ts:493:14)
    at async auditTicker (/Users/yann/spx-app/scripts/audit-pages-full.ts:51:19)
    at async main (/Users/yann/spx-app/scripts/audit-pages-full.ts:153:17)
special_kpis merge failed for MELI: Error: supabaseUrl is required.
    at validateSupabaseUrl (/Users/yann/spx-app/node_modules/@supabase/supabase-js/src/lib/helpers.ts:86:11)
    at new SupabaseClient (/Users/yann/spx-app/node_modules/@supabase/supabase-js/src/SupabaseClient.ts:284:21)
    at createClient (/Users/yann/spx-app/node_modules/@supabase/supabase-js/src/index.ts:65:10)
    at admin (/Users/yann/spx-app/src/lib/desk/special-kpis.ts:152:10)
    at listPublishedForTicker (/Users/yann/spx-app/src/lib/desk/special-kpis.ts:175:16)
    at loadV17CompanyBrut (/Users/yann/spx-app/src/lib/company-core/load-company.ts:1779:30)
    at async loadV17Company (/Users/yann/spx-app/src/lib/company-core/load-company.ts:493:14)
    at async auditTicker (/Users/yann/spx-app/scripts/audit-pages-full.ts:51:19)
    at async main (/Users/yann/spx-app/scripts/audit-pages-full.ts:153:17)
kpi_requests merge failed for MELI: Error: supabaseUrl is required.
    at validateSupabaseUrl (/Users/yann/spx-app/node_modules/@supabase/supabase-js/src/lib/helpers.ts:86:11)
    at new SupabaseClient (/Users/yann/spx-app/node_modules/@supabase/supabase-js/src/SupabaseClient.ts:284:21)
    at createClient (/Users/yann/spx-app/node_modules/@supabase/supabase-js/src/index.ts:65:10)
    at loadV17CompanyBrut (/Users/yann/spx-app/src/lib/company-core/load-company.ts:1843:18)
    at async loadV17Company (/Users/yann/spx-app/src/lib/company-core/load-company.ts:493:14)
    at async auditTicker (/Users/yann/spx-app/scripts/audit-pages-full.ts:51:19)
    at async main (/Users/yann/spx-app/scripts/audit-pages-full.ts:153:17)
image_findings merge failed for MELI: Error: supabaseUrl is required.
    at validateSupabaseUrl (/Users/yann/spx-app/node_modules/@supabase/supabase-js/src/lib/helpers.ts:86:11)
    at new SupabaseClient (/Users/yann/spx-app/node_modules/@supabase/supabase-js/src/SupabaseClient.ts:284:21)
    at createClient (/Users/yann/spx-app/node_modules/@supabase/supabase-js/src/index.ts:65:10)
    at admin (/Users/yann/spx-app/src/lib/desk/image-findings.ts:118:10)
    at listApprovedForTicker (/Users/yann/spx-app/src/lib/desk/image-findings.ts:222:16)
    at loadV17CompanyBrut (/Users/yann/spx-app/src/lib/company-core/load-company.ts:1906:30)
    at async loadV17Company (/Users/yann/spx-app/src/lib/company-core/load-company.ts:493:14)
    at async auditTicker (/Users/yann/spx-app/scripts/audit-pages-full.ts:51:19)
    at async main (/Users/yann/spx-app/scripts/audit-pages-full.ts:153:17)
[hero-kpi-overrides] refetch failed, using stale cache Error: SUPABASE_SERVICE_ROLE_KEY manquante — vérifier .env.local
    at createSupabaseAdminClient (/Users/yann/spx-app/src/lib/supabase/admin.ts:16:11)
    at fetchAll (/Users/yann/spx-app/src/lib/company-core/hero-kpi-overrides.ts:31:20)
    at getHeroKpiOverride (/Users/yann/spx-app/src/lib/company-core/hero-kpi-overrides.ts:58:21)
    at loadV17CompanyBrut (/Users/yann/spx-app/src/lib/company-core/load-company.ts:3087:28)
    at async loadV17Company (/Users/yann/spx-app/src/lib/company-core/load-company.ts:493:14)
    at async auditTicker (/Users/yann/spx-app/scripts/audit-pages-full.ts:51:19)
    at async main (/Users/yann/spx-app/scripts/audit-pages-full.ts:153:17)
special_kpis merge failed for MSTR: Error: supabaseUrl is required.
    at validateSupabaseUrl (/Users/yann/spx-app/node_modules/@supabase/supabase-js/src/lib/helpers.ts:86:11)
    at new SupabaseClient (/Users/yann/spx-app/node_modules/@supabase/supabase-js/src/SupabaseClient.ts:284:21)
    at createClient (/Users/yann/spx-app/node_modules/@supabase/supabase-js/src/index.ts:65:10)
    at admin (/Users/yann/spx-app/src/lib/desk/special-kpis.ts:152:10)
    at listPublishedForTicker (/Users/yann/spx-app/src/lib/desk/special-kpis.ts:175:16)
    at loadV17CompanyBrut (/Users/yann/spx-app/src/lib/company-core/load-company.ts:1779:30)
    at async loadV17Company (/Users/yann/spx-app/src/lib/company-core/load-company.ts:493:14)
    at async auditTicker (/Users/yann/spx-app/scripts/audit-pages-full.ts:51:19)
    at async main (/Users/yann/spx-app/scripts/audit-pages-full.ts:153:17)
kpi_requests merge failed for MSTR: Error: supabaseUrl is required.
    at validateSupabaseUrl (/Users/yann/spx-app/node_modules/@supabase/supabase-js/src/lib/helpers.ts:86:11)
    at new SupabaseClient (/Users/yann/spx-app/node_modules/@supabase/supabase-js/src/SupabaseClient.ts:284:21)
    at createClient (/Users/yann/spx-app/node_modules/@supabase/supabase-js/src/index.ts:65:10)
    at loadV17CompanyBrut (/Users/yann/spx-app/src/lib/company-core/load-company.ts:1843:18)
    at async loadV17Company (/Users/yann/spx-app/src/lib/company-core/load-company.ts:493:14)
    at async auditTicker (/Users/yann/spx-app/scripts/audit-pages-full.ts:51:19)
    at async main (/Users/yann/spx-app/scripts/audit-pages-full.ts:153:17)
image_findings merge failed for MSTR: Error: supabaseUrl is required.
    at validateSupabaseUrl (/Users/yann/spx-app/node_modules/@supabase/supabase-js/src/lib/helpers.ts:86:11)
    at new SupabaseClient (/Users/yann/spx-app/node_modules/@supabase/supabase-js/src/SupabaseClient.ts:284:21)
    at createClient (/Users/yann/spx-app/node_modules/@supabase/supabase-js/src/index.ts:65:10)
    at admin (/Users/yann/spx-app/src/lib/desk/image-findings.ts:118:10)
    at listApprovedForTicker (/Users/yann/spx-app/src/lib/desk/image-findings.ts:222:16)
    at loadV17CompanyBrut (/Users/yann/spx-app/src/lib/company-core/load-company.ts:1906:30)
    at async loadV17Company (/Users/yann/spx-app/src/lib/company-core/load-company.ts:493:14)
    at async auditTicker (/Users/yann/spx-app/scripts/audit-pages-full.ts:51:19)
    at async main (/Users/yann/spx-app/scripts/audit-pages-full.ts:153:17)
[hero-kpi-overrides] refetch failed, using stale cache Error: SUPABASE_SERVICE_ROLE_KEY manquante — vérifier .env.local
    at createSupabaseAdminClient (/Users/yann/spx-app/src/lib/supabase/admin.ts:16:11)
    at fetchAll (/Users/yann/spx-app/src/lib/company-core/hero-kpi-overrides.ts:31:20)
    at getHeroKpiOverride (/Users/yann/spx-app/src/lib/company-core/hero-kpi-overrides.ts:58:21)
    at loadV17CompanyBrut (/Users/yann/spx-app/src/lib/company-core/load-company.ts:3087:28)
    at async loadV17Company (/Users/yann/spx-app/src/lib/company-core/load-company.ts:493:14)
    at async auditTicker (/Users/yann/spx-app/scripts/audit-pages-full.ts:51:19)
    at async main (/Users/yann/spx-app/scripts/audit-pages-full.ts:153:17)
special_kpis merge failed for MTB: Error: supabaseUrl is required.
    at validateSupabaseUrl (/Users/yann/spx-app/node_modules/@supabase/supabase-js/src/lib/helpers.ts:86:11)
    at new SupabaseClient (/Users/yann/spx-app/node_modules/@supabase/supabase-js/src/SupabaseClient.ts:284:21)
    at createClient (/Users/yann/spx-app/node_modules/@supabase/supabase-js/src/index.ts:65:10)
    at admin (/Users/yann/spx-app/src/lib/desk/special-kpis.ts:152:10)
    at listPublishedForTicker (/Users/yann/spx-app/src/lib/desk/special-kpis.ts:175:16)
    at loadV17CompanyBrut (/Users/yann/spx-app/src/lib/company-core/load-company.ts:1779:30)
    at async loadV17Company (/Users/yann/spx-app/src/lib/company-core/load-company.ts:493:14)
    at async auditTicker (/Users/yann/spx-app/scripts/audit-pages-full.ts:51:19)
    at async main (/Users/yann/spx-app/scripts/audit-pages-full.ts:153:17)
kpi_requests merge failed for MTB: Error: supabaseUrl is required.
    at validateSupabaseUrl (/Users/yann/spx-app/node_modules/@supabase/supabase-js/src/lib/helpers.ts:86:11)
    at new SupabaseClient (/Users/yann/spx-app/node_modules/@supabase/supabase-js/src/SupabaseClient.ts:284:21)
    at createClient (/Users/yann/spx-app/node_modules/@supabase/supabase-js/src/index.ts:65:10)
    at loadV17CompanyBrut (/Users/yann/spx-app/src/lib/company-core/load-company.ts:1843:18)
    at async loadV17Company (/Users/yann/spx-app/src/lib/company-core/load-company.ts:493:14)
    at async auditTicker (/Users/yann/spx-app/scripts/audit-pages-full.ts:51:19)
    at async main (/Users/yann/spx-app/scripts/audit-pages-full.ts:153:17)
image_findings merge failed for MTB: Error: supabaseUrl is required.
    at validateSupabaseUrl (/Users/yann/spx-app/node_modules/@supabase/supabase-js/src/lib/helpers.ts:86:11)
    at new SupabaseClient (/Users/yann/spx-app/node_modules/@supabase/supabase-js/src/SupabaseClient.ts:284:21)
    at createClient (/Users/yann/spx-app/node_modules/@supabase/supabase-js/src/index.ts:65:10)
    at admin (/Users/yann/spx-app/src/lib/desk/image-findings.ts:118:10)
    at listApprovedForTicker (/Users/yann/spx-app/src/lib/desk/image-findings.ts:222:16)
    at loadV17CompanyBrut (/Users/yann/spx-app/src/lib/company-core/load-company.ts:1906:30)
    at async loadV17Company (/Users/yann/spx-app/src/lib/company-core/load-company.ts:493:14)
    at async auditTicker (/Users/yann/spx-app/scripts/audit-pages-full.ts:51:19)
    at async main (/Users/yann/spx-app/scripts/audit-pages-full.ts:153:17)
[hero-kpi-overrides] refetch failed, using stale cache Error: SUPABASE_SERVICE_ROLE_KEY manquante — vérifier .env.local
    at createSupabaseAdminClient (/Users/yann/spx-app/src/lib/supabase/admin.ts:16:11)
    at fetchAll (/Users/yann/spx-app/src/lib/company-core/hero-kpi-overrides.ts:31:20)
    at getHeroKpiOverride (/Users/yann/spx-app/src/lib/company-core/hero-kpi-overrides.ts:58:21)
    at loadV17CompanyBrut (/Users/yann/spx-app/src/lib/company-core/load-company.ts:3087:28)
    at async loadV17Company (/Users/yann/spx-app/src/lib/company-core/load-company.ts:493:14)
    at async auditTicker (/Users/yann/spx-app/scripts/audit-pages-full.ts:51:19)
    at async main (/Users/yann/spx-app/scripts/audit-pages-full.ts:153:17)
special_kpis merge failed for NEE: Error: supabaseUrl is required.
    at validateSupabaseUrl (/Users/yann/spx-app/node_modules/@supabase/supabase-js/src/lib/helpers.ts:86:11)
    at new SupabaseClient (/Users/yann/spx-app/node_modules/@supabase/supabase-js/src/SupabaseClient.ts:284:21)
    at createClient (/Users/yann/spx-app/node_modules/@supabase/supabase-js/src/index.ts:65:10)
    at admin (/Users/yann/spx-app/src/lib/desk/special-kpis.ts:152:10)
    at listPublishedForTicker (/Users/yann/spx-app/src/lib/desk/special-kpis.ts:175:16)
    at loadV17CompanyBrut (/Users/yann/spx-app/src/lib/company-core/load-company.ts:1779:30)
    at async loadV17Company (/Users/yann/spx-app/src/lib/company-core/load-company.ts:493:14)
    at async auditTicker (/Users/yann/spx-app/scripts/audit-pages-full.ts:51:19)
    at async main (/Users/yann/spx-app/scripts/audit-pages-full.ts:153:17)
kpi_requests merge failed for NEE: Error: supabaseUrl is required.
    at validateSupabaseUrl (/Users/yann/spx-app/node_modules/@supabase/supabase-js/src/lib/helpers.ts:86:11)
    at new SupabaseClient (/Users/yann/spx-app/node_modules/@supabase/supabase-js/src/SupabaseClient.ts:284:21)
    at createClient (/Users/yann/spx-app/node_modules/@supabase/supabase-js/src/index.ts:65:10)
    at loadV17CompanyBrut (/Users/yann/spx-app/src/lib/company-core/load-company.ts:1843:18)
    at async loadV17Company (/Users/yann/spx-app/src/lib/company-core/load-company.ts:493:14)
    at async auditTicker (/Users/yann/spx-app/scripts/audit-pages-full.ts:51:19)
    at async main (/Users/yann/spx-app/scripts/audit-pages-full.ts:153:17)
image_findings merge failed for NEE: Error: supabaseUrl is required.
    at validateSupabaseUrl (/Users/yann/spx-app/node_modules/@supabase/supabase-js/src/lib/helpers.ts:86:11)
    at new SupabaseClient (/Users/yann/spx-app/node_modules/@supabase/supabase-js/src/SupabaseClient.ts:284:21)
    at createClient (/Users/yann/spx-app/node_modules/@supabase/supabase-js/src/index.ts:65:10)
    at admin (/Users/yann/spx-app/src/lib/desk/image-findings.ts:118:10)
    at listApprovedForTicker (/Users/yann/spx-app/src/lib/desk/image-findings.ts:222:16)
    at loadV17CompanyBrut (/Users/yann/spx-app/src/lib/company-core/load-company.ts:1906:30)
    at async loadV17Company (/Users/yann/spx-app/src/lib/company-core/load-company.ts:493:14)
    at async auditTicker (/Users/yann/spx-app/scripts/audit-pages-full.ts:51:19)
    at async main (/Users/yann/spx-app/scripts/audit-pages-full.ts:153:17)
[hero-kpi-overrides] refetch failed, using stale cache Error: SUPABASE_SERVICE_ROLE_KEY manquante — vérifier .env.local
    at createSupabaseAdminClient (/Users/yann/spx-app/src/lib/supabase/admin.ts:16:11)
    at fetchAll (/Users/yann/spx-app/src/lib/company-core/hero-kpi-overrides.ts:31:20)
    at getHeroKpiOverride (/Users/yann/spx-app/src/lib/company-core/hero-kpi-overrides.ts:58:21)
    at loadV17CompanyBrut (/Users/yann/spx-app/src/lib/company-core/load-company.ts:3087:28)
    at async loadV17Company (/Users/yann/spx-app/src/lib/company-core/load-company.ts:493:14)
    at async auditTicker (/Users/yann/spx-app/scripts/audit-pages-full.ts:51:19)
    at async main (/Users/yann/spx-app/scripts/audit-pages-full.ts:153:17)
special_kpis merge failed for NWS: Error: supabaseUrl is required.
    at validateSupabaseUrl (/Users/yann/spx-app/node_modules/@supabase/supabase-js/src/lib/helpers.ts:86:11)
    at new SupabaseClient (/Users/yann/spx-app/node_modules/@supabase/supabase-js/src/SupabaseClient.ts:284:21)
    at createClient (/Users/yann/spx-app/node_modules/@supabase/supabase-js/src/index.ts:65:10)
    at admin (/Users/yann/spx-app/src/lib/desk/special-kpis.ts:152:10)
    at listPublishedForTicker (/Users/yann/spx-app/src/lib/desk/special-kpis.ts:175:16)
    at loadV17CompanyBrut (/Users/yann/spx-app/src/lib/company-core/load-company.ts:1779:30)
    at async loadV17Company (/Users/yann/spx-app/src/lib/company-core/load-company.ts:493:14)
    at async auditTicker (/Users/yann/spx-app/scripts/audit-pages-full.ts:51:19)
    at async main (/Users/yann/spx-app/scripts/audit-pages-full.ts:153:17)
kpi_requests merge failed for NWS: Error: supabaseUrl is required.
    at validateSupabaseUrl (/Users/yann/spx-app/node_modules/@supabase/supabase-js/src/lib/helpers.ts:86:11)
    at new SupabaseClient (/Users/yann/spx-app/node_modules/@supabase/supabase-js/src/SupabaseClient.ts:284:21)
    at createClient (/Users/yann/spx-app/node_modules/@supabase/supabase-js/src/index.ts:65:10)
    at loadV17CompanyBrut (/Users/yann/spx-app/src/lib/company-core/load-company.ts:1843:18)
    at async loadV17Company (/Users/yann/spx-app/src/lib/company-core/load-company.ts:493:14)
    at async auditTicker (/Users/yann/spx-app/scripts/audit-pages-full.ts:51:19)
    at async main (/Users/yann/spx-app/scripts/audit-pages-full.ts:153:17)
image_findings merge failed for NWS: Error: supabaseUrl is required.
    at validateSupabaseUrl (/Users/yann/spx-app/node_modules/@supabase/supabase-js/src/lib/helpers.ts:86:11)
    at new SupabaseClient (/Users/yann/spx-app/node_modules/@supabase/supabase-js/src/SupabaseClient.ts:284:21)
    at createClient (/Users/yann/spx-app/node_modules/@supabase/supabase-js/src/index.ts:65:10)
    at admin (/Users/yann/spx-app/src/lib/desk/image-findings.ts:118:10)
    at listApprovedForTicker (/Users/yann/spx-app/src/lib/desk/image-findings.ts:222:16)
    at loadV17CompanyBrut (/Users/yann/spx-app/src/lib/company-core/load-company.ts:1906:30)
    at async loadV17Company (/Users/yann/spx-app/src/lib/company-core/load-company.ts:493:14)
    at async auditTicker (/Users/yann/spx-app/scripts/audit-pages-full.ts:51:19)
    at async main (/Users/yann/spx-app/scripts/audit-pages-full.ts:153:17)
[hero-kpi-overrides] refetch failed, using stale cache Error: SUPABASE_SERVICE_ROLE_KEY manquante — vérifier .env.local
    at createSupabaseAdminClient (/Users/yann/spx-app/src/lib/supabase/admin.ts:16:11)
    at fetchAll (/Users/yann/spx-app/src/lib/company-core/hero-kpi-overrides.ts:31:20)
    at getHeroKpiOverride (/Users/yann/spx-app/src/lib/company-core/hero-kpi-overrides.ts:58:21)
    at loadV17CompanyBrut (/Users/yann/spx-app/src/lib/company-core/load-company.ts:3087:28)
    at async loadV17Company (/Users/yann/spx-app/src/lib/company-core/load-company.ts:493:14)
    at async auditTicker (/Users/yann/spx-app/scripts/audit-pages-full.ts:51:19)
    at async main (/Users/yann/spx-app/scripts/audit-pages-full.ts:153:17)
special_kpis merge failed for NWSA: Error: supabaseUrl is required.
    at validateSupabaseUrl (/Users/yann/spx-app/node_modules/@supabase/supabase-js/src/lib/helpers.ts:86:11)
    at new SupabaseClient (/Users/yann/spx-app/node_modules/@supabase/supabase-js/src/SupabaseClient.ts:284:21)
    at createClient (/Users/yann/spx-app/node_modules/@supabase/supabase-js/src/index.ts:65:10)
    at admin (/Users/yann/spx-app/src/lib/desk/special-kpis.ts:152:10)
    at listPublishedForTicker (/Users/yann/spx-app/src/lib/desk/special-kpis.ts:175:16)
    at loadV17CompanyBrut (/Users/yann/spx-app/src/lib/company-core/load-company.ts:1779:30)
    at async loadV17Company (/Users/yann/spx-app/src/lib/company-core/load-company.ts:493:14)
    at async auditTicker (/Users/yann/spx-app/scripts/audit-pages-full.ts:51:19)
    at async main (/Users/yann/spx-app/scripts/audit-pages-full.ts:153:17)
kpi_requests merge failed for NWSA: Error: supabaseUrl is required.
    at validateSupabaseUrl (/Users/yann/spx-app/node_modules/@supabase/supabase-js/src/lib/helpers.ts:86:11)
    at new SupabaseClient (/Users/yann/spx-app/node_modules/@supabase/supabase-js/src/SupabaseClient.ts:284:21)
    at createClient (/Users/yann/spx-app/node_modules/@supabase/supabase-js/src/index.ts:65:10)
    at loadV17CompanyBrut (/Users/yann/spx-app/src/lib/company-core/load-company.ts:1843:18)
    at async loadV17Company (/Users/yann/spx-app/src/lib/company-core/load-company.ts:493:14)
    at async auditTicker (/Users/yann/spx-app/scripts/audit-pages-full.ts:51:19)
    at async main (/Users/yann/spx-app/scripts/audit-pages-full.ts:153:17)
image_findings merge failed for NWSA: Error: supabaseUrl is required.
    at validateSupabaseUrl (/Users/yann/spx-app/node_modules/@supabase/supabase-js/src/lib/helpers.ts:86:11)
    at new SupabaseClient (/Users/yann/spx-app/node_modules/@supabase/supabase-js/src/SupabaseClient.ts:284:21)
    at createClient (/Users/yann/spx-app/node_modules/@supabase/supabase-js/src/index.ts:65:10)
    at admin (/Users/yann/spx-app/src/lib/desk/image-findings.ts:118:10)
    at listApprovedForTicker (/Users/yann/spx-app/src/lib/desk/image-findings.ts:222:16)
    at loadV17CompanyBrut (/Users/yann/spx-app/src/lib/company-core/load-company.ts:1906:30)
    at async loadV17Company (/Users/yann/spx-app/src/lib/company-core/load-company.ts:493:14)
    at async auditTicker (/Users/yann/spx-app/scripts/audit-pages-full.ts:51:19)
    at async main (/Users/yann/spx-app/scripts/audit-pages-full.ts:153:17)
[hero-kpi-overrides] refetch failed, using stale cache Error: SUPABASE_SERVICE_ROLE_KEY manquante — vérifier .env.local
    at createSupabaseAdminClient (/Users/yann/spx-app/src/lib/supabase/admin.ts:16:11)
    at fetchAll (/Users/yann/spx-app/src/lib/company-core/hero-kpi-overrides.ts:31:20)
    at getHeroKpiOverride (/Users/yann/spx-app/src/lib/company-core/hero-kpi-overrides.ts:58:21)
    at loadV17CompanyBrut (/Users/yann/spx-app/src/lib/company-core/load-company.ts:3087:28)
    at async loadV17Company (/Users/yann/spx-app/src/lib/company-core/load-company.ts:493:14)
    at async auditTicker (/Users/yann/spx-app/scripts/audit-pages-full.ts:51:19)
    at async main (/Users/yann/spx-app/scripts/audit-pages-full.ts:153:17)
special_kpis merge failed for ORCL: Error: supabaseUrl is required.
    at validateSupabaseUrl (/Users/yann/spx-app/node_modules/@supabase/supabase-js/src/lib/helpers.ts:86:11)
    at new SupabaseClient (/Users/yann/spx-app/node_modules/@supabase/supabase-js/src/SupabaseClient.ts:284:21)
    at createClient (/Users/yann/spx-app/node_modules/@supabase/supabase-js/src/index.ts:65:10)
    at admin (/Users/yann/spx-app/src/lib/desk/special-kpis.ts:152:10)
    at listPublishedForTicker (/Users/yann/spx-app/src/lib/desk/special-kpis.ts:175:16)
    at loadV17CompanyBrut (/Users/yann/spx-app/src/lib/company-core/load-company.ts:1779:30)
    at async loadV17Company (/Users/yann/spx-app/src/lib/company-core/load-company.ts:493:14)
    at async auditTicker (/Users/yann/spx-app/scripts/audit-pages-full.ts:51:19)
    at async main (/Users/yann/spx-app/scripts/audit-pages-full.ts:153:17)
kpi_requests merge failed for ORCL: Error: supabaseUrl is required.
    at validateSupabaseUrl (/Users/yann/spx-app/node_modules/@supabase/supabase-js/src/lib/helpers.ts:86:11)
    at new SupabaseClient (/Users/yann/spx-app/node_modules/@supabase/supabase-js/src/SupabaseClient.ts:284:21)
    at createClient (/Users/yann/spx-app/node_modules/@supabase/supabase-js/src/index.ts:65:10)
    at loadV17CompanyBrut (/Users/yann/spx-app/src/lib/company-core/load-company.ts:1843:18)
    at async loadV17Company (/Users/yann/spx-app/src/lib/company-core/load-company.ts:493:14)
    at async auditTicker (/Users/yann/spx-app/scripts/audit-pages-full.ts:51:19)
    at async main (/Users/yann/spx-app/scripts/audit-pages-full.ts:153:17)
image_findings merge failed for ORCL: Error: supabaseUrl is required.
    at validateSupabaseUrl (/Users/yann/spx-app/node_modules/@supabase/supabase-js/src/lib/helpers.ts:86:11)
    at new SupabaseClient (/Users/yann/spx-app/node_modules/@supabase/supabase-js/src/SupabaseClient.ts:284:21)
    at createClient (/Users/yann/spx-app/node_modules/@supabase/supabase-js/src/index.ts:65:10)
    at admin (/Users/yann/spx-app/src/lib/desk/image-findings.ts:118:10)
    at listApprovedForTicker (/Users/yann/spx-app/src/lib/desk/image-findings.ts:222:16)
    at loadV17CompanyBrut (/Users/yann/spx-app/src/lib/company-core/load-company.ts:1906:30)
    at async loadV17Company (/Users/yann/spx-app/src/lib/company-core/load-company.ts:493:14)
    at async auditTicker (/Users/yann/spx-app/scripts/audit-pages-full.ts:51:19)
    at async main (/Users/yann/spx-app/scripts/audit-pages-full.ts:153:17)
[hero-kpi-overrides] refetch failed, using stale cache Error: SUPABASE_SERVICE_ROLE_KEY manquante — vérifier .env.local
    at createSupabaseAdminClient (/Users/yann/spx-app/src/lib/supabase/admin.ts:16:11)
    at fetchAll (/Users/yann/spx-app/src/lib/company-core/hero-kpi-overrides.ts:31:20)
    at getHeroKpiOverride (/Users/yann/spx-app/src/lib/company-core/hero-kpi-overrides.ts:58:21)
    at loadV17CompanyBrut (/Users/yann/spx-app/src/lib/company-core/load-company.ts:3087:28)
    at async loadV17Company (/Users/yann/spx-app/src/lib/company-core/load-company.ts:493:14)
    at async auditTicker (/Users/yann/spx-app/scripts/audit-pages-full.ts:51:19)
    at async main (/Users/yann/spx-app/scripts/audit-pages-full.ts:153:17)
special_kpis merge failed for PH: Error: supabaseUrl is required.
    at validateSupabaseUrl (/Users/yann/spx-app/node_modules/@supabase/supabase-js/src/lib/helpers.ts:86:11)
    at new SupabaseClient (/Users/yann/spx-app/node_modules/@supabase/supabase-js/src/SupabaseClient.ts:284:21)
    at createClient (/Users/yann/spx-app/node_modules/@supabase/supabase-js/src/index.ts:65:10)
    at admin (/Users/yann/spx-app/src/lib/desk/special-kpis.ts:152:10)
    at listPublishedForTicker (/Users/yann/spx-app/src/lib/desk/special-kpis.ts:175:16)
    at loadV17CompanyBrut (/Users/yann/spx-app/src/lib/company-core/load-company.ts:1779:30)
    at async loadV17Company (/Users/yann/spx-app/src/lib/company-core/load-company.ts:493:14)
    at async auditTicker (/Users/yann/spx-app/scripts/audit-pages-full.ts:51:19)
    at async main (/Users/yann/spx-app/scripts/audit-pages-full.ts:153:17)
kpi_requests merge failed for PH: Error: supabaseUrl is required.
    at validateSupabaseUrl (/Users/yann/spx-app/node_modules/@supabase/supabase-js/src/lib/helpers.ts:86:11)
    at new SupabaseClient (/Users/yann/spx-app/node_modules/@supabase/supabase-js/src/SupabaseClient.ts:284:21)
    at createClient (/Users/yann/spx-app/node_modules/@supabase/supabase-js/src/index.ts:65:10)
    at loadV17CompanyBrut (/Users/yann/spx-app/src/lib/company-core/load-company.ts:1843:18)
    at async loadV17Company (/Users/yann/spx-app/src/lib/company-core/load-company.ts:493:14)
    at async auditTicker (/Users/yann/spx-app/scripts/audit-pages-full.ts:51:19)
    at async main (/Users/yann/spx-app/scripts/audit-pages-full.ts:153:17)
image_findings merge failed for PH: Error: supabaseUrl is required.
    at validateSupabaseUrl (/Users/yann/spx-app/node_modules/@supabase/supabase-js/src/lib/helpers.ts:86:11)
    at new SupabaseClient (/Users/yann/spx-app/node_modules/@supabase/supabase-js/src/SupabaseClient.ts:284:21)
    at createClient (/Users/yann/spx-app/node_modules/@supabase/supabase-js/src/index.ts:65:10)
    at admin (/Users/yann/spx-app/src/lib/desk/image-findings.ts:118:10)
    at listApprovedForTicker (/Users/yann/spx-app/src/lib/desk/image-findings.ts:222:16)
    at loadV17CompanyBrut (/Users/yann/spx-app/src/lib/company-core/load-company.ts:1906:30)
    at async loadV17Company (/Users/yann/spx-app/src/lib/company-core/load-company.ts:493:14)
    at async auditTicker (/Users/yann/spx-app/scripts/audit-pages-full.ts:51:19)
    at async main (/Users/yann/spx-app/scripts/audit-pages-full.ts:153:17)
[hero-kpi-overrides] refetch failed, using stale cache Error: SUPABASE_SERVICE_ROLE_KEY manquante — vérifier .env.local
    at createSupabaseAdminClient (/Users/yann/spx-app/src/lib/supabase/admin.ts:16:11)
    at fetchAll (/Users/yann/spx-app/src/lib/company-core/hero-kpi-overrides.ts:31:20)
    at getHeroKpiOverride (/Users/yann/spx-app/src/lib/company-core/hero-kpi-overrides.ts:58:21)
    at loadV17CompanyBrut (/Users/yann/spx-app/src/lib/company-core/load-company.ts:3087:28)
    at async loadV17Company (/Users/yann/spx-app/src/lib/company-core/load-company.ts:493:14)
    at async auditTicker (/Users/yann/spx-app/scripts/audit-pages-full.ts:51:19)
    at async main (/Users/yann/spx-app/scripts/audit-pages-full.ts:153:17)
special_kpis merge failed for PSA: Error: supabaseUrl is required.
    at validateSupabaseUrl (/Users/yann/spx-app/node_modules/@supabase/supabase-js/src/lib/helpers.ts:86:11)
    at new SupabaseClient (/Users/yann/spx-app/node_modules/@supabase/supabase-js/src/SupabaseClient.ts:284:21)
    at createClient (/Users/yann/spx-app/node_modules/@supabase/supabase-js/src/index.ts:65:10)
    at admin (/Users/yann/spx-app/src/lib/desk/special-kpis.ts:152:10)
    at listPublishedForTicker (/Users/yann/spx-app/src/lib/desk/special-kpis.ts:175:16)
    at loadV17CompanyBrut (/Users/yann/spx-app/src/lib/company-core/load-company.ts:1779:30)
    at async loadV17Company (/Users/yann/spx-app/src/lib/company-core/load-company.ts:493:14)
    at async auditTicker (/Users/yann/spx-app/scripts/audit-pages-full.ts:51:19)
    at async main (/Users/yann/spx-app/scripts/audit-pages-full.ts:153:17)
kpi_requests merge failed for PSA: Error: supabaseUrl is required.
    at validateSupabaseUrl (/Users/yann/spx-app/node_modules/@supabase/supabase-js/src/lib/helpers.ts:86:11)
    at new SupabaseClient (/Users/yann/spx-app/node_modules/@supabase/supabase-js/src/SupabaseClient.ts:284:21)
    at createClient (/Users/yann/spx-app/node_modules/@supabase/supabase-js/src/index.ts:65:10)
    at loadV17CompanyBrut (/Users/yann/spx-app/src/lib/company-core/load-company.ts:1843:18)
    at async loadV17Company (/Users/yann/spx-app/src/lib/company-core/load-company.ts:493:14)
    at async auditTicker (/Users/yann/spx-app/scripts/audit-pages-full.ts:51:19)
    at async main (/Users/yann/spx-app/scripts/audit-pages-full.ts:153:17)
image_findings merge failed for PSA: Error: supabaseUrl is required.
    at validateSupabaseUrl (/Users/yann/spx-app/node_modules/@supabase/supabase-js/src/lib/helpers.ts:86:11)
    at new SupabaseClient (/Users/yann/spx-app/node_modules/@supabase/supabase-js/src/SupabaseClient.ts:284:21)
    at createClient (/Users/yann/spx-app/node_modules/@supabase/supabase-js/src/index.ts:65:10)
    at admin (/Users/yann/spx-app/src/lib/desk/image-findings.ts:118:10)
    at listApprovedForTicker (/Users/yann/spx-app/src/lib/desk/image-findings.ts:222:16)
    at loadV17CompanyBrut (/Users/yann/spx-app/src/lib/company-core/load-company.ts:1906:30)
    at async loadV17Company (/Users/yann/spx-app/src/lib/company-core/load-company.ts:493:14)
    at async auditTicker (/Users/yann/spx-app/scripts/audit-pages-full.ts:51:19)
    at async main (/Users/yann/spx-app/scripts/audit-pages-full.ts:153:17)
[hero-kpi-overrides] refetch failed, using stale cache Error: SUPABASE_SERVICE_ROLE_KEY manquante — vérifier .env.local
    at createSupabaseAdminClient (/Users/yann/spx-app/src/lib/supabase/admin.ts:16:11)
    at fetchAll (/Users/yann/spx-app/src/lib/company-core/hero-kpi-overrides.ts:31:20)
    at getHeroKpiOverride (/Users/yann/spx-app/src/lib/company-core/hero-kpi-overrides.ts:58:21)
    at loadV17CompanyBrut (/Users/yann/spx-app/src/lib/company-core/load-company.ts:3087:28)
    at async loadV17Company (/Users/yann/spx-app/src/lib/company-core/load-company.ts:493:14)
    at async auditTicker (/Users/yann/spx-app/scripts/audit-pages-full.ts:51:19)
    at async main (/Users/yann/spx-app/scripts/audit-pages-full.ts:153:17)
special_kpis merge failed for STT: Error: supabaseUrl is required.
    at validateSupabaseUrl (/Users/yann/spx-app/node_modules/@supabase/supabase-js/src/lib/helpers.ts:86:11)
    at new SupabaseClient (/Users/yann/spx-app/node_modules/@supabase/supabase-js/src/SupabaseClient.ts:284:21)
    at createClient (/Users/yann/spx-app/node_modules/@supabase/supabase-js/src/index.ts:65:10)
    at admin (/Users/yann/spx-app/src/lib/desk/special-kpis.ts:152:10)
    at listPublishedForTicker (/Users/yann/spx-app/src/lib/desk/special-kpis.ts:175:16)
    at loadV17CompanyBrut (/Users/yann/spx-app/src/lib/company-core/load-company.ts:1779:30)
    at async loadV17Company (/Users/yann/spx-app/src/lib/company-core/load-company.ts:493:14)
    at async auditTicker (/Users/yann/spx-app/scripts/audit-pages-full.ts:51:19)
    at async main (/Users/yann/spx-app/scripts/audit-pages-full.ts:153:17)
kpi_requests merge failed for STT: Error: supabaseUrl is required.
    at validateSupabaseUrl (/Users/yann/spx-app/node_modules/@supabase/supabase-js/src/lib/helpers.ts:86:11)
    at new SupabaseClient (/Users/yann/spx-app/node_modules/@supabase/supabase-js/src/SupabaseClient.ts:284:21)
    at createClient (/Users/yann/spx-app/node_modules/@supabase/supabase-js/src/index.ts:65:10)
    at loadV17CompanyBrut (/Users/yann/spx-app/src/lib/company-core/load-company.ts:1843:18)
    at async loadV17Company (/Users/yann/spx-app/src/lib/company-core/load-company.ts:493:14)
    at async auditTicker (/Users/yann/spx-app/scripts/audit-pages-full.ts:51:19)
    at async main (/Users/yann/spx-app/scripts/audit-pages-full.ts:153:17)
image_findings merge failed for STT: Error: supabaseUrl is required.
    at validateSupabaseUrl (/Users/yann/spx-app/node_modules/@supabase/supabase-js/src/lib/helpers.ts:86:11)
    at new SupabaseClient (/Users/yann/spx-app/node_modules/@supabase/supabase-js/src/SupabaseClient.ts:284:21)
    at createClient (/Users/yann/spx-app/node_modules/@supabase/supabase-js/src/index.ts:65:10)
    at admin (/Users/yann/spx-app/src/lib/desk/image-findings.ts:118:10)
    at listApprovedForTicker (/Users/yann/spx-app/src/lib/desk/image-findings.ts:222:16)
    at loadV17CompanyBrut (/Users/yann/spx-app/src/lib/company-core/load-company.ts:1906:30)
    at async loadV17Company (/Users/yann/spx-app/src/lib/company-core/load-company.ts:493:14)
    at async auditTicker (/Users/yann/spx-app/scripts/audit-pages-full.ts:51:19)
    at async main (/Users/yann/spx-app/scripts/audit-pages-full.ts:153:17)
[hero-kpi-overrides] refetch failed, using stale cache Error: SUPABASE_SERVICE_ROLE_KEY manquante — vérifier .env.local
    at createSupabaseAdminClient (/Users/yann/spx-app/src/lib/supabase/admin.ts:16:11)
    at fetchAll (/Users/yann/spx-app/src/lib/company-core/hero-kpi-overrides.ts:31:20)
    at getHeroKpiOverride (/Users/yann/spx-app/src/lib/company-core/hero-kpi-overrides.ts:58:21)
    at loadV17CompanyBrut (/Users/yann/spx-app/src/lib/company-core/load-company.ts:3087:28)
    at async loadV17Company (/Users/yann/spx-app/src/lib/company-core/load-company.ts:493:14)
    at async auditTicker (/Users/yann/spx-app/scripts/audit-pages-full.ts:51:19)
    at async main (/Users/yann/spx-app/scripts/audit-pages-full.ts:153:17)
special_kpis merge failed for SYF: Error: supabaseUrl is required.
    at validateSupabaseUrl (/Users/yann/spx-app/node_modules/@supabase/supabase-js/src/lib/helpers.ts:86:11)
    at new SupabaseClient (/Users/yann/spx-app/node_modules/@supabase/supabase-js/src/SupabaseClient.ts:284:21)
    at createClient (/Users/yann/spx-app/node_modules/@supabase/supabase-js/src/index.ts:65:10)
    at admin (/Users/yann/spx-app/src/lib/desk/special-kpis.ts:152:10)
    at listPublishedForTicker (/Users/yann/spx-app/src/lib/desk/special-kpis.ts:175:16)
    at loadV17CompanyBrut (/Users/yann/spx-app/src/lib/company-core/load-company.ts:1779:30)
    at async loadV17Company (/Users/yann/spx-app/src/lib/company-core/load-company.ts:493:14)
    at async auditTicker (/Users/yann/spx-app/scripts/audit-pages-full.ts:51:19)
    at async main (/Users/yann/spx-app/scripts/audit-pages-full.ts:153:17)
kpi_requests merge failed for SYF: Error: supabaseUrl is required.
    at validateSupabaseUrl (/Users/yann/spx-app/node_modules/@supabase/supabase-js/src/lib/helpers.ts:86:11)
    at new SupabaseClient (/Users/yann/spx-app/node_modules/@supabase/supabase-js/src/SupabaseClient.ts:284:21)
    at createClient (/Users/yann/spx-app/node_modules/@supabase/supabase-js/src/index.ts:65:10)
    at loadV17CompanyBrut (/Users/yann/spx-app/src/lib/company-core/load-company.ts:1843:18)
    at async loadV17Company (/Users/yann/spx-app/src/lib/company-core/load-company.ts:493:14)
    at async auditTicker (/Users/yann/spx-app/scripts/audit-pages-full.ts:51:19)
    at async main (/Users/yann/spx-app/scripts/audit-pages-full.ts:153:17)
image_findings merge failed for SYF: Error: supabaseUrl is required.
    at validateSupabaseUrl (/Users/yann/spx-app/node_modules/@supabase/supabase-js/src/lib/helpers.ts:86:11)
    at new SupabaseClient (/Users/yann/spx-app/node_modules/@supabase/supabase-js/src/SupabaseClient.ts:284:21)
    at createClient (/Users/yann/spx-app/node_modules/@supabase/supabase-js/src/index.ts:65:10)
    at admin (/Users/yann/spx-app/src/lib/desk/image-findings.ts:118:10)
    at listApprovedForTicker (/Users/yann/spx-app/src/lib/desk/image-findings.ts:222:16)
    at loadV17CompanyBrut (/Users/yann/spx-app/src/lib/company-core/load-company.ts:1906:30)
    at async loadV17Company (/Users/yann/spx-app/src/lib/company-core/load-company.ts:493:14)
    at async auditTicker (/Users/yann/spx-app/scripts/audit-pages-full.ts:51:19)
    at async main (/Users/yann/spx-app/scripts/audit-pages-full.ts:153:17)
[hero-kpi-overrides] refetch failed, using stale cache Error: SUPABASE_SERVICE_ROLE_KEY manquante — vérifier .env.local
    at createSupabaseAdminClient (/Users/yann/spx-app/src/lib/supabase/admin.ts:16:11)
    at fetchAll (/Users/yann/spx-app/src/lib/company-core/hero-kpi-overrides.ts:31:20)
    at getHeroKpiOverride (/Users/yann/spx-app/src/lib/company-core/hero-kpi-overrides.ts:58:21)
    at loadV17CompanyBrut (/Users/yann/spx-app/src/lib/company-core/load-company.ts:3087:28)
    at async loadV17Company (/Users/yann/spx-app/src/lib/company-core/load-company.ts:493:14)
    at async auditTicker (/Users/yann/spx-app/scripts/audit-pages-full.ts:51:19)
    at async main (/Users/yann/spx-app/scripts/audit-pages-full.ts:153:17)
special_kpis merge failed for SYY: Error: supabaseUrl is required.
    at validateSupabaseUrl (/Users/yann/spx-app/node_modules/@supabase/supabase-js/src/lib/helpers.ts:86:11)
    at new SupabaseClient (/Users/yann/spx-app/node_modules/@supabase/supabase-js/src/SupabaseClient.ts:284:21)
    at createClient (/Users/yann/spx-app/node_modules/@supabase/supabase-js/src/index.ts:65:10)
    at admin (/Users/yann/spx-app/src/lib/desk/special-kpis.ts:152:10)
    at listPublishedForTicker (/Users/yann/spx-app/src/lib/desk/special-kpis.ts:175:16)
    at loadV17CompanyBrut (/Users/yann/spx-app/src/lib/company-core/load-company.ts:1779:30)
    at async loadV17Company (/Users/yann/spx-app/src/lib/company-core/load-company.ts:493:14)
    at async auditTicker (/Users/yann/spx-app/scripts/audit-pages-full.ts:51:19)
    at async main (/Users/yann/spx-app/scripts/audit-pages-full.ts:153:17)
kpi_requests merge failed for SYY: Error: supabaseUrl is required.
    at validateSupabaseUrl (/Users/yann/spx-app/node_modules/@supabase/supabase-js/src/lib/helpers.ts:86:11)
    at new SupabaseClient (/Users/yann/spx-app/node_modules/@supabase/supabase-js/src/SupabaseClient.ts:284:21)
    at createClient (/Users/yann/spx-app/node_modules/@supabase/supabase-js/src/index.ts:65:10)
    at loadV17CompanyBrut (/Users/yann/spx-app/src/lib/company-core/load-company.ts:1843:18)
    at async loadV17Company (/Users/yann/spx-app/src/lib/company-core/load-company.ts:493:14)
    at async auditTicker (/Users/yann/spx-app/scripts/audit-pages-full.ts:51:19)
    at async main (/Users/yann/spx-app/scripts/audit-pages-full.ts:153:17)
image_findings merge failed for SYY: Error: supabaseUrl is required.
    at validateSupabaseUrl (/Users/yann/spx-app/node_modules/@supabase/supabase-js/src/lib/helpers.ts:86:11)
    at new SupabaseClient (/Users/yann/spx-app/node_modules/@supabase/supabase-js/src/SupabaseClient.ts:284:21)
    at createClient (/Users/yann/spx-app/node_modules/@supabase/supabase-js/src/index.ts:65:10)
    at admin (/Users/yann/spx-app/src/lib/desk/image-findings.ts:118:10)
    at listApprovedForTicker (/Users/yann/spx-app/src/lib/desk/image-findings.ts:222:16)
    at loadV17CompanyBrut (/Users/yann/spx-app/src/lib/company-core/load-company.ts:1906:30)
    at async loadV17Company (/Users/yann/spx-app/src/lib/company-core/load-company.ts:493:14)
    at async auditTicker (/Users/yann/spx-app/scripts/audit-pages-full.ts:51:19)
    at async main (/Users/yann/spx-app/scripts/audit-pages-full.ts:153:17)
[hero-kpi-overrides] refetch failed, using stale cache Error: SUPABASE_SERVICE_ROLE_KEY manquante — vérifier .env.local
    at createSupabaseAdminClient (/Users/yann/spx-app/src/lib/supabase/admin.ts:16:11)
    at fetchAll (/Users/yann/spx-app/src/lib/company-core/hero-kpi-overrides.ts:31:20)
    at getHeroKpiOverride (/Users/yann/spx-app/src/lib/company-core/hero-kpi-overrides.ts:58:21)
    at loadV17CompanyBrut (/Users/yann/spx-app/src/lib/company-core/load-company.ts:3087:28)
    at async loadV17Company (/Users/yann/spx-app/src/lib/company-core/load-company.ts:493:14)
    at async auditTicker (/Users/yann/spx-app/scripts/audit-pages-full.ts:51:19)
    at async main (/Users/yann/spx-app/scripts/audit-pages-full.ts:153:17)
special_kpis merge failed for TDG: Error: supabaseUrl is required.
    at validateSupabaseUrl (/Users/yann/spx-app/node_modules/@supabase/supabase-js/src/lib/helpers.ts:86:11)
    at new SupabaseClient (/Users/yann/spx-app/node_modules/@supabase/supabase-js/src/SupabaseClient.ts:284:21)
    at createClient (/Users/yann/spx-app/node_modules/@supabase/supabase-js/src/index.ts:65:10)
    at admin (/Users/yann/spx-app/src/lib/desk/special-kpis.ts:152:10)
    at listPublishedForTicker (/Users/yann/spx-app/src/lib/desk/special-kpis.ts:175:16)
    at loadV17CompanyBrut (/Users/yann/spx-app/src/lib/company-core/load-company.ts:1779:30)
    at async loadV17Company (/Users/yann/spx-app/src/lib/company-core/load-company.ts:493:14)
    at async auditTicker (/Users/yann/spx-app/scripts/audit-pages-full.ts:51:19)
    at async main (/Users/yann/spx-app/scripts/audit-pages-full.ts:153:17)
kpi_requests merge failed for TDG: Error: supabaseUrl is required.
    at validateSupabaseUrl (/Users/yann/spx-app/node_modules/@supabase/supabase-js/src/lib/helpers.ts:86:11)
    at new SupabaseClient (/Users/yann/spx-app/node_modules/@supabase/supabase-js/src/SupabaseClient.ts:284:21)
    at createClient (/Users/yann/spx-app/node_modules/@supabase/supabase-js/src/index.ts:65:10)
    at loadV17CompanyBrut (/Users/yann/spx-app/src/lib/company-core/load-company.ts:1843:18)
    at async loadV17Company (/Users/yann/spx-app/src/lib/company-core/load-company.ts:493:14)
    at async auditTicker (/Users/yann/spx-app/scripts/audit-pages-full.ts:51:19)
    at async main (/Users/yann/spx-app/scripts/audit-pages-full.ts:153:17)
image_findings merge failed for TDG: Error: supabaseUrl is required.
    at validateSupabaseUrl (/Users/yann/spx-app/node_modules/@supabase/supabase-js/src/lib/helpers.ts:86:11)
    at new SupabaseClient (/Users/yann/spx-app/node_modules/@supabase/supabase-js/src/SupabaseClient.ts:284:21)
    at createClient (/Users/yann/spx-app/node_modules/@supabase/supabase-js/src/index.ts:65:10)
    at admin (/Users/yann/spx-app/src/lib/desk/image-findings.ts:118:10)
    at listApprovedForTicker (/Users/yann/spx-app/src/lib/desk/image-findings.ts:222:16)
    at loadV17CompanyBrut (/Users/yann/spx-app/src/lib/company-core/load-company.ts:1906:30)
    at async loadV17Company (/Users/yann/spx-app/src/lib/company-core/load-company.ts:493:14)
    at async auditTicker (/Users/yann/spx-app/scripts/audit-pages-full.ts:51:19)
    at async main (/Users/yann/spx-app/scripts/audit-pages-full.ts:153:17)
[hero-kpi-overrides] refetch failed, using stale cache Error: SUPABASE_SERVICE_ROLE_KEY manquante — vérifier .env.local
    at createSupabaseAdminClient (/Users/yann/spx-app/src/lib/supabase/admin.ts:16:11)
    at fetchAll (/Users/yann/spx-app/src/lib/company-core/hero-kpi-overrides.ts:31:20)
    at getHeroKpiOverride (/Users/yann/spx-app/src/lib/company-core/hero-kpi-overrides.ts:58:21)
    at loadV17CompanyBrut (/Users/yann/spx-app/src/lib/company-core/load-company.ts:3087:28)
    at async loadV17Company (/Users/yann/spx-app/src/lib/company-core/load-company.ts:493:14)
    at async auditTicker (/Users/yann/spx-app/scripts/audit-pages-full.ts:51:19)
    at async main (/Users/yann/spx-app/scripts/audit-pages-full.ts:153:17)
special_kpis merge failed for TECH: Error: supabaseUrl is required.
    at validateSupabaseUrl (/Users/yann/spx-app/node_modules/@supabase/supabase-js/src/lib/helpers.ts:86:11)
    at new SupabaseClient (/Users/yann/spx-app/node_modules/@supabase/supabase-js/src/SupabaseClient.ts:284:21)
    at createClient (/Users/yann/spx-app/node_modules/@supabase/supabase-js/src/index.ts:65:10)
    at admin (/Users/yann/spx-app/src/lib/desk/special-kpis.ts:152:10)
    at listPublishedForTicker (/Users/yann/spx-app/src/lib/desk/special-kpis.ts:175:16)
    at loadV17CompanyBrut (/Users/yann/spx-app/src/lib/company-core/load-company.ts:1779:30)
    at async loadV17Company (/Users/yann/spx-app/src/lib/company-core/load-company.ts:493:14)
    at async auditTicker (/Users/yann/spx-app/scripts/audit-pages-full.ts:51:19)
    at async main (/Users/yann/spx-app/scripts/audit-pages-full.ts:153:17)
kpi_requests merge failed for TECH: Error: supabaseUrl is required.
    at validateSupabaseUrl (/Users/yann/spx-app/node_modules/@supabase/supabase-js/src/lib/helpers.ts:86:11)
    at new SupabaseClient (/Users/yann/spx-app/node_modules/@supabase/supabase-js/src/SupabaseClient.ts:284:21)
    at createClient (/Users/yann/spx-app/node_modules/@supabase/supabase-js/src/index.ts:65:10)
    at loadV17CompanyBrut (/Users/yann/spx-app/src/lib/company-core/load-company.ts:1843:18)
    at async loadV17Company (/Users/yann/spx-app/src/lib/company-core/load-company.ts:493:14)
    at async auditTicker (/Users/yann/spx-app/scripts/audit-pages-full.ts:51:19)
    at async main (/Users/yann/spx-app/scripts/audit-pages-full.ts:153:17)
image_findings merge failed for TECH: Error: supabaseUrl is required.
    at validateSupabaseUrl (/Users/yann/spx-app/node_modules/@supabase/supabase-js/src/lib/helpers.ts:86:11)
    at new SupabaseClient (/Users/yann/spx-app/node_modules/@supabase/supabase-js/src/SupabaseClient.ts:284:21)
    at createClient (/Users/yann/spx-app/node_modules/@supabase/supabase-js/src/index.ts:65:10)
    at admin (/Users/yann/spx-app/src/lib/desk/image-findings.ts:118:10)
    at listApprovedForTicker (/Users/yann/spx-app/src/lib/desk/image-findings.ts:222:16)
    at loadV17CompanyBrut (/Users/yann/spx-app/src/lib/company-core/load-company.ts:1906:30)
    at async loadV17Company (/Users/yann/spx-app/src/lib/company-core/load-company.ts:493:14)
    at async auditTicker (/Users/yann/spx-app/scripts/audit-pages-full.ts:51:19)
    at async main (/Users/yann/spx-app/scripts/audit-pages-full.ts:153:17)
[hero-kpi-overrides] refetch failed, using stale cache Error: SUPABASE_SERVICE_ROLE_KEY manquante — vérifier .env.local
    at createSupabaseAdminClient (/Users/yann/spx-app/src/lib/supabase/admin.ts:16:11)
    at fetchAll (/Users/yann/spx-app/src/lib/company-core/hero-kpi-overrides.ts:31:20)
    at getHeroKpiOverride (/Users/yann/spx-app/src/lib/company-core/hero-kpi-overrides.ts:58:21)
    at loadV17CompanyBrut (/Users/yann/spx-app/src/lib/company-core/load-company.ts:3087:28)
    at async loadV17Company (/Users/yann/spx-app/src/lib/company-core/load-company.ts:493:14)
    at async auditTicker (/Users/yann/spx-app/scripts/audit-pages-full.ts:51:19)
    at async main (/Users/yann/spx-app/scripts/audit-pages-full.ts:153:17)
special_kpis merge failed for WDC: Error: supabaseUrl is required.
    at validateSupabaseUrl (/Users/yann/spx-app/node_modules/@supabase/supabase-js/src/lib/helpers.ts:86:11)
    at new SupabaseClient (/Users/yann/spx-app/node_modules/@supabase/supabase-js/src/SupabaseClient.ts:284:21)
    at createClient (/Users/yann/spx-app/node_modules/@supabase/supabase-js/src/index.ts:65:10)
    at admin (/Users/yann/spx-app/src/lib/desk/special-kpis.ts:152:10)
    at listPublishedForTicker (/Users/yann/spx-app/src/lib/desk/special-kpis.ts:175:16)
    at loadV17CompanyBrut (/Users/yann/spx-app/src/lib/company-core/load-company.ts:1779:30)
    at async loadV17Company (/Users/yann/spx-app/src/lib/company-core/load-company.ts:493:14)
    at async auditTicker (/Users/yann/spx-app/scripts/audit-pages-full.ts:51:19)
    at async main (/Users/yann/spx-app/scripts/audit-pages-full.ts:153:17)
kpi_requests merge failed for WDC: Error: supabaseUrl is required.
    at validateSupabaseUrl (/Users/yann/spx-app/node_modules/@supabase/supabase-js/src/lib/helpers.ts:86:11)
    at new SupabaseClient (/Users/yann/spx-app/node_modules/@supabase/supabase-js/src/SupabaseClient.ts:284:21)
    at createClient (/Users/yann/spx-app/node_modules/@supabase/supabase-js/src/index.ts:65:10)
    at loadV17CompanyBrut (/Users/yann/spx-app/src/lib/company-core/load-company.ts:1843:18)
    at async loadV17Company (/Users/yann/spx-app/src/lib/company-core/load-company.ts:493:14)
    at async auditTicker (/Users/yann/spx-app/scripts/audit-pages-full.ts:51:19)
    at async main (/Users/yann/spx-app/scripts/audit-pages-full.ts:153:17)
image_findings merge failed for WDC: Error: supabaseUrl is required.
    at validateSupabaseUrl (/Users/yann/spx-app/node_modules/@supabase/supabase-js/src/lib/helpers.ts:86:11)
    at new SupabaseClient (/Users/yann/spx-app/node_modules/@supabase/supabase-js/src/SupabaseClient.ts:284:21)
    at createClient (/Users/yann/spx-app/node_modules/@supabase/supabase-js/src/index.ts:65:10)
    at admin (/Users/yann/spx-app/src/lib/desk/image-findings.ts:118:10)
    at listApprovedForTicker (/Users/yann/spx-app/src/lib/desk/image-findings.ts:222:16)
    at loadV17CompanyBrut (/Users/yann/spx-app/src/lib/company-core/load-company.ts:1906:30)
    at async loadV17Company (/Users/yann/spx-app/src/lib/company-core/load-company.ts:493:14)
    at async auditTicker (/Users/yann/spx-app/scripts/audit-pages-full.ts:51:19)
    at async main (/Users/yann/spx-app/scripts/audit-pages-full.ts:153:17)
[hero-kpi-overrides] refetch failed, using stale cache Error: SUPABASE_SERVICE_ROLE_KEY manquante — vérifier .env.local
    at createSupabaseAdminClient (/Users/yann/spx-app/src/lib/supabase/admin.ts:16:11)
    at fetchAll (/Users/yann/spx-app/src/lib/company-core/hero-kpi-overrides.ts:31:20)
    at getHeroKpiOverride (/Users/yann/spx-app/src/lib/company-core/hero-kpi-overrides.ts:58:21)
    at loadV17CompanyBrut (/Users/yann/spx-app/src/lib/company-core/load-company.ts:3087:28)
    at async loadV17Company (/Users/yann/spx-app/src/lib/company-core/load-company.ts:493:14)
    at async auditTicker (/Users/yann/spx-app/scripts/audit-pages-full.ts:51:19)
    at async main (/Users/yann/spx-app/scripts/audit-pages-full.ts:153:17)
{
 "audited": 28,
 "stes_with_issues": 4,
 "stats": {
  "R2": 2,
  "H1": 2,
  "K4": 4
 }
}
[quarterly-refresh] rapport ecrit: /Users/yann/spx-app/.conv-state/quarterly-refresh-report.json (28 stes)
[lock4] run archivé: 28 sté(s), 0 publiable(s), 28 bloquée(s) → /Users/yann/spx-app/src/data/_quarterly-refresh-history.json
[quarterly-refresh] lock4 rc=0
[publish] 0 sté publiable (28 bloquée(s)), rien à publier
[quarterly-refresh] publish rc=0
[quarterly-refresh] done 20260915-074210
