[quarterly-refresh] start 20260731-073000
[quarterly-refresh-detect] 2026-07-31T05:30:04.373889+00:00 NEW AAPL: 1 filing(s) → ['8-K 2026-07-30']
[quarterly-refresh-detect] 2026-07-31T05:30:15.697417+00:00 NEW AEE: 1 filing(s) → ['8-K 2026-07-30']
[quarterly-refresh-detect] 2026-07-31T05:30:16.730103+00:00 NEW AEP: 2 filing(s) → ['10-Q 2026-07-30', '8-K 2026-07-30']
[quarterly-refresh-detect] 2026-07-31T05:30:21.576379+00:00 NEW AJG: 1 filing(s) → ['8-K 2026-07-30']
[quarterly-refresh-detect] 2026-07-31T05:30:34.540174+00:00 NEW AMZN: 1 filing(s) → ['8-K 2026-07-30']
[quarterly-refresh-detect] 2026-07-31T05:30:37.692902+00:00 NEW AOS: 2 filing(s) → ['10-Q 2026-07-30', '8-K 2026-07-30']
[quarterly-refresh-detect] 2026-07-31T05:30:40.236592+00:00 NEW APD: 2 filing(s) → ['10-Q 2026-07-30', '8-K 2026-07-30']
[quarterly-refresh-detect] 2026-07-31T05:30:48.216326+00:00 NEW AVB: 1 filing(s) → ['10-Q 2026-07-30']
[quarterly-refresh-detect] 2026-07-31T05:30:50.235106+00:00 NEW AVY: 1 filing(s) → ['8-K 2026-07-30']
[quarterly-refresh-detect] 2026-07-31T05:30:53.229261+00:00 progress 50/503
[quarterly-refresh-detect] 2026-07-31T05:30:58.705632+00:00 NEW BAX: 2 filing(s) → ['10-Q 2026-07-30', '8-K 2026-07-30']
[quarterly-refresh-detect] 2026-07-31T05:31:01.661418+00:00 NEW BEN: 1 filing(s) → ['8-K 2026-07-30']
[quarterly-refresh-detect] 2026-07-31T05:31:07.738210+00:00 NEW BLDR: 2 filing(s) → ['10-Q 2026-07-30', '8-K 2026-07-30']
[quarterly-refresh-detect] 2026-07-31T05:31:09.776063+00:00 NEW BMY: 2 filing(s) → ['10-Q 2026-07-30', '8-K 2026-07-30']
[quarterly-refresh-detect] 2026-07-31T05:31:36.828349+00:00 NEW CI: 2 filing(s) → ['10-Q 2026-07-30', '8-K 2026-07-30']
[quarterly-refresh-detect] 2026-07-31T05:31:41.989061+00:00 NEW CMCSA: 1 filing(s) → ['S-4 2026-07-30']
[quarterly-refresh-detect] 2026-07-31T05:31:44.217219+00:00 progress 100/503
[quarterly-refresh-detect] 2026-07-31T05:31:48.532489+00:00 NEW CNP: 1 filing(s) → ['424B5 2026-07-30']
[quarterly-refresh-detect] 2026-07-31T05:31:51.730563+00:00 NEW COIN: 2 filing(s) → ['10-Q 2026-07-30', '8-K 2026-07-30']
[quarterly-refresh-detect] 2026-07-31T05:31:59.757315+00:00 NEW CPT: 1 filing(s) → ['8-K 2026-07-30']
[quarterly-refresh-detect] 2026-07-31T05:32:00.836747+00:00 NEW CRH: 2 filing(s) → ['10-Q 2026-07-30', '8-K 2026-07-30']
[quarterly-refresh-detect] 2026-07-31T05:32:11.093788+00:00 NEW CTVA: 1 filing(s) → ['8-K 2026-07-30']
[quarterly-refresh-detect] 2026-07-31T05:32:22.004402+00:00 NEW DECK: 1 filing(s) → ['10-Q 2026-07-30']
[quarterly-refresh-detect] 2026-07-31T05:32:37.775642+00:00 progress 150/503
[quarterly-refresh-detect] 2026-07-31T05:32:40.877755+00:00 NEW DXCM: 2 filing(s) → ['10-Q 2026-07-30', '8-K 2026-07-30']
[quarterly-refresh-detect] 2026-07-31T05:32:41.974967+00:00 NEW EA: 1 filing(s) → ['8-K 2026-07-30']
[quarterly-refresh-detect] 2026-07-31T05:32:47.993258+00:00 NEW EIX: 2 filing(s) → ['10-Q 2026-07-30', '8-K 2026-07-30']
[quarterly-refresh-detect] 2026-07-31T05:32:51.120367+00:00 NEW EME: 2 filing(s) → ['8-K 2026-07-30', '10-Q 2026-07-30']
[quarterly-refresh-detect] 2026-07-31T05:32:55.415336+00:00 NEW EQIX: 1 filing(s) → ['424B5 2026-07-30']
[quarterly-refresh-detect] 2026-07-31T05:32:56.419692+00:00 NEW EQR: 1 filing(s) → ['10-Q 2026-07-30']
[quarterly-refresh-detect] 2026-07-31T05:32:58.575155+00:00 NEW ERIE: 2 filing(s) → ['10-Q 2026-07-30', '8-K 2026-07-30']
[quarterly-refresh-detect] 2026-07-31T05:32:59.985540+00:00 NEW ES: 1 filing(s) → ['8-K 2026-07-30']
[quarterly-refresh-detect] 2026-07-31T05:33:00.941823+00:00 NEW ESS: 1 filing(s) → ['10-Q 2026-07-30']
[quarterly-refresh-detect] 2026-07-31T05:33:06.107201+00:00 NEW EXC: 2 filing(s) → ['10-Q 2026-07-30', '8-K 2026-07-30']
[quarterly-refresh-detect] 2026-07-31T05:33:07.223691+00:00 NEW EXE: 1 filing(s) → ['8-K 2026-07-30']
[quarterly-refresh-detect] 2026-07-31T05:33:23.512335+00:00 NEW FITB: 1 filing(s) → ['8-K 2026-07-30']
[quarterly-refresh-detect] 2026-07-31T05:33:28.589693+00:00 NEW FSLR: 2 filing(s) → ['10-Q 2026-07-30', '8-K 2026-07-30']
[quarterly-refresh-detect] 2026-07-31T05:33:29.652961+00:00 NEW FTNT: 1 filing(s) → ['10-Q 2026-07-30']
[quarterly-refresh-detect] 2026-07-31T05:33:30.694913+00:00 progress 200/503
[quarterly-refresh-detect] 2026-07-31T05:33:32.911775+00:00 NEW GDDY: 1 filing(s) → ['8-K 2026-07-30']
[quarterly-refresh-detect] 2026-07-31T05:33:52.185490+00:00 NEW HAS: 1 filing(s) → ['10-Q 2026-07-30']
[quarterly-refresh-detect] 2026-07-31T05:33:57.475430+00:00 NEW HII: 2 filing(s) → ['10-Q 2026-07-30', '8-K 2026-07-30']
[quarterly-refresh-detect] 2026-07-31T05:34:00.601988+00:00 NEW HOOD: 1 filing(s) → ['10-Q 2026-07-30']
[quarterly-refresh-detect] 2026-07-31T05:34:04.956512+00:00 NEW HSIC: 1 filing(s) → ['8-K 2026-07-30']
[quarterly-refresh-detect] 2026-07-31T05:34:07.155845+00:00 NEW HSY: 2 filing(s) → ['10-Q 2026-07-30', '8-K 2026-07-30']
[quarterly-refresh-detect] 2026-07-31T05:34:13.308071+00:00 NEW ICE: 3 filing(s) → ['10-Q 2026-07-30', '8-K 2026-07-30', '8-K 2026-07-30']
[quarterly-refresh-detect] 2026-07-31T05:34:21.107232+00:00 NEW INVH: 1 filing(s) → ['10-Q 2026-07-30']
[quarterly-refresh-detect] 2026-07-31T05:34:22.240368+00:00 NEW IP: 1 filing(s) → ['8-K 2026-07-30']
[quarterly-refresh-detect] 2026-07-31T05:34:23.323596+00:00 progress 250/503
[quarterly-refresh-detect] 2026-07-31T05:34:24.443793+00:00 NEW IR: 1 filing(s) → ['8-K 2026-07-30']
[quarterly-refresh-detect] 2026-07-31T05:34:45.421861+00:00 NEW KKR: 1 filing(s) → ['8-K 2026-07-30']
[quarterly-refresh-detect] 2026-07-31T05:34:56.204182+00:00 NEW LH: 1 filing(s) → ['8-K 2026-07-30']
[quarterly-refresh-detect] 2026-07-31T05:34:57.356542+00:00 NEW LHX: 1 filing(s) → ['10-Q 2026-07-30']
[quarterly-refresh-detect] 2026-07-31T05:35:00.616241+00:00 NEW LITE: 1 filing(s) → ['8-K 2026-07-30']
[quarterly-refresh-detect] 2026-07-31T05:35:11.282071+00:00 NEW LYV: 2 filing(s) → ['10-Q 2026-07-30', '8-K 2026-07-30']
[quarterly-refresh-detect] 2026-07-31T05:35:12.286598+00:00 NEW MA: 2 filing(s) → ['10-Q 2026-07-30', '8-K 2026-07-30']
[quarterly-refresh-detect] 2026-07-31T05:35:13.598816+00:00 NEW MAA: 2 filing(s) → ['10-Q 2026-07-30', '8-K 2026-07-30']
[quarterly-refresh-detect] 2026-07-31T05:35:18.577849+00:00 progress 300/503
[quarterly-refresh-detect] 2026-07-31T05:35:23.852861+00:00 NEW META: 1 filing(s) → ['10-Q 2026-07-30']
[quarterly-refresh-detect] 2026-07-31T05:35:27.071690+00:00 NEW MLM: 2 filing(s) → ['10-Q 2026-07-30', '8-K 2026-07-30']
[quarterly-refresh-detect] 2026-07-31T05:35:30.194956+00:00 NEW MO: 2 filing(s) → ['10-Q 2026-07-30', '8-K 2026-07-30']
[quarterly-refresh-detect] 2026-07-31T05:35:33.196684+00:00 NEW MPWR: 1 filing(s) → ['8-K 2026-07-30']
[quarterly-refresh-detect] 2026-07-31T05:35:46.976554+00:00 NEW MTD: 1 filing(s) → ['8-K 2026-07-30']
[quarterly-refresh-detect] 2026-07-31T05:35:49.128624+00:00 NEW NCLH: 1 filing(s) → ['8-K 2026-07-30']
[quarterly-refresh-detect] 2026-07-31T05:35:54.420482+00:00 NEW NFLX: 1 filing(s) → ['8-K 2026-07-30']
[quarterly-refresh-detect] 2026-07-31T05:36:03.076917+00:00 NEW NTRS: 1 filing(s) → ['10-Q 2026-07-30']
[quarterly-refresh-detect] 2026-07-31T05:36:07.558752+00:00 NEW NWS: 1 filing(s) → ['8-K 2026-07-30']
[quarterly-refresh-detect] 2026-07-31T05:36:08.471076+00:00 NEW NWSA: 1 filing(s) → ['8-K 2026-07-30']
[quarterly-refresh-detect] 2026-07-31T05:36:16.118509+00:00 progress 350/503
[quarterly-refresh-detect] 2026-07-31T05:36:49.749038+00:00 NEW PWR: 2 filing(s) → ['10-Q 2026-07-30', '8-K 2026-07-30']
[quarterly-refresh-detect] 2026-07-31T05:36:56.157239+00:00 NEW REGN: 2 filing(s) → ['10-Q 2026-07-30', '8-K 2026-07-30']
[quarterly-refresh-detect] 2026-07-31T05:37:05.389719+00:00 NEW RSG: 1 filing(s) → ['8-K 2026-07-30']
[quarterly-refresh-detect] 2026-07-31T05:37:18.766547+00:00 NEW SO: 2 filing(s) → ['8-K 2026-07-30', '10-Q 2026-07-30']
[quarterly-refresh-detect] 2026-07-31T05:37:26.272673+00:00 NEW STT: 1 filing(s) → ['10-Q 2026-07-30']
[quarterly-refresh-detect] 2026-07-31T05:37:33.622172+00:00 NEW SYK: 1 filing(s) → ['8-K 2026-07-30']
[quarterly-refresh-detect] 2026-07-31T05:37:59.252537+00:00 NEW TT: 2 filing(s) → ['10-Q 2026-07-30', '8-K 2026-07-30']
[quarterly-refresh-detect] 2026-07-31T05:38:00.240048+00:00 progress 450/503
[quarterly-refresh-detect] 2026-07-31T05:38:20.195593+00:00 NEW VLO: 2 filing(s) → ['10-Q 2026-07-30', '8-K 2026-07-30']
[quarterly-refresh-detect] 2026-07-31T05:38:28.661455+00:00 NEW VTR: 1 filing(s) → ['10-Q 2026-07-30']
[quarterly-refresh-detect] 2026-07-31T05:38:47.131423+00:00 NEW WTW: 2 filing(s) → ['10-Q 2026-07-30', '8-K 2026-07-30']
[quarterly-refresh-detect] 2026-07-31T05:38:48.272566+00:00 NEW WY: 1 filing(s) → ['8-K 2026-07-30']
[quarterly-refresh-detect] 2026-07-31T05:38:50.306897+00:00 NEW XEL: 2 filing(s) → ['10-Q 2026-07-30', '8-K 2026-07-30']
[quarterly-refresh-detect] 2026-07-31T05:38:54.248534+00:00 NEW YUM: 1 filing(s) → ['8-K 2026-07-30']
[quarterly-refresh-detect] 2026-07-31T05:38:54.248988+00:00 progress 500/503
[quarterly-refresh-detect] 2026-07-31T05:38:57.941005+00:00 Ecrit /Users/yann/spx-app/.conv-state/quarterly-refresh-detected.json : 75 ste(s) a rafraichir, 2 erreur(s)
[quarterly-refresh] detect rc=0, 75 ste(s) a rafraichir
[quarterly-refresh-run] 2026-07-31T05:38:58.121226+00:00 === AAPL (quarter, 1 filing(s)) ===
[quarterly-refresh-run] 2026-07-31T05:38:58.946182+00:00   down AAPL 8-K 2026-07-30 -> data-lake/AAPL/8K/AAPL_2026-07-30_0000320193-26-000018.htm.gz
[quarterly-refresh-run] 2026-07-31T05:39:00.763543+00:00   AAPL: facts=188 kpi_updated=0 kpi_added=0 errors=0
[quarterly-refresh-run] 2026-07-31T05:39:00.763690+00:00 === AEE (quarter, 1 filing(s)) ===
[quarterly-refresh-run] 2026-07-31T05:39:01.608609+00:00   down AEE 8-K 2026-07-30 -> data-lake/AEE/8K/AEE_2026-07-30_0001002910-26-000020.htm.gz
[quarterly-refresh-run] 2026-07-31T05:39:04.852950+00:00   AEE: facts=127 kpi_updated=0 kpi_added=0 errors=0
[quarterly-refresh-run] 2026-07-31T05:39:04.852976+00:00 === AEP (quarter, 2 filing(s)) ===
[quarterly-refresh-run] 2026-07-31T05:39:08.326609+00:00   down AEP 10-Q 2026-07-30 -> data-lake/AEP/10Q/AEP_2026-07-30.htm.gz
[quarterly-refresh-run] 2026-07-31T05:39:09.160168+00:00   down AEP 8-K 2026-07-30 -> data-lake/AEP/8K/AEP_2026-07-30_0000004904-26-000055.htm.gz
[quarterly-refresh-run] 2026-07-31T05:39:12.147226+00:00   AEP: facts=124 kpi_updated=0 kpi_added=0 errors=0
[quarterly-refresh-run] 2026-07-31T05:39:12.147241+00:00 === AJG (quarter, 1 filing(s)) ===
[quarterly-refresh-run] 2026-07-31T05:39:12.859552+00:00   down AJG 8-K 2026-07-30 -> data-lake/AJG/8K/AJG_2026-07-30_0001628280-26-051070.htm.gz
[quarterly-refresh-run] 2026-07-31T05:39:16.054796+00:00   AJG: facts=106 kpi_updated=0 kpi_added=0 errors=0
[quarterly-refresh-run] 2026-07-31T05:39:16.054809+00:00 === AMZN (quarter, 1 filing(s)) ===
[quarterly-refresh-run] 2026-07-31T05:39:17.083636+00:00   down AMZN 8-K 2026-07-30 -> data-lake/AMZN/8K/AMZN_2026-07-30_0001018724-26-000024.htm.gz
[quarterly-refresh-run] 2026-07-31T05:39:19.104685+00:00   AMZN: facts=179 kpi_updated=0 kpi_added=0 errors=0
[quarterly-refresh-run] 2026-07-31T05:39:19.104713+00:00 === AOS (quarter, 2 filing(s)) ===
[quarterly-refresh-run] 2026-07-31T05:39:20.146051+00:00   down AOS 10-Q 2026-07-30 -> data-lake/AOS/10Q/AOS_2026-07-30.htm.gz
[quarterly-refresh-run] 2026-07-31T05:39:20.999738+00:00   down AOS 8-K 2026-07-30 -> data-lake/AOS/8K/AOS_2026-07-30_0000091142-26-000096.htm.gz
[quarterly-refresh-run] 2026-07-31T05:39:25.216735+00:00   AOS: facts=170 kpi_updated=4 kpi_added=0 errors=0
[quarterly-refresh-run] 2026-07-31T05:39:25.216759+00:00 === APD (quarter, 2 filing(s)) ===
[quarterly-refresh-run] 2026-07-31T05:39:27.416499+00:00   down APD 10-Q 2026-07-30 -> data-lake/APD/10Q/APD_2026-07-30.htm.gz
[quarterly-refresh-run] 2026-07-31T05:39:28.184579+00:00   down APD 8-K 2026-07-30 -> data-lake/APD/8K/APD_2026-07-30_0000002969-26-000034.htm.gz
[quarterly-refresh-run] 2026-07-31T05:39:30.413676+00:00   APD: facts=169 kpi_updated=4 kpi_added=0 errors=0
[quarterly-refresh-run] 2026-07-31T05:39:30.413691+00:00 === AVB (quarter, 1 filing(s)) ===
[quarterly-refresh-run] 2026-07-31T05:39:32.642687+00:00   down AVB 10-Q 2026-07-30 -> data-lake/AVB/10Q/AVB_2026-07-30.htm.gz
[quarterly-refresh-run] 2026-07-31T05:39:34.497411+00:00   AVB: facts=131 kpi_updated=4 kpi_added=0 errors=0
[quarterly-refresh-run] 2026-07-31T05:39:34.497555+00:00 === AVY (quarter, 1 filing(s)) ===
[quarterly-refresh-run] 2026-07-31T05:39:35.399659+00:00   down AVY 8-K 2026-07-30 -> data-lake/AVY/8K/AVY_2026-07-30_0000008818-26-000127.htm.gz
[quarterly-refresh-run] 2026-07-31T05:39:38.315779+00:00   AVY: facts=165 kpi_updated=0 kpi_added=0 errors=0
[quarterly-refresh-run] 2026-07-31T05:39:38.315806+00:00 === BAX (quarter, 2 filing(s)) ===
[quarterly-refresh-run] 2026-07-31T05:39:39.701685+00:00   down BAX 10-Q 2026-07-30 -> data-lake/BAX/10Q/BAX_2026-07-30.htm.gz
[quarterly-refresh-run] 2026-07-31T05:39:40.474315+00:00   down BAX 8-K 2026-07-30 -> data-lake/BAX/8K/BAX_2026-07-30_0001628280-26-050795.htm.gz
[quarterly-refresh-run] 2026-07-31T05:39:44.329439+00:00   BAX: facts=199 kpi_updated=4 kpi_added=0 errors=0
[quarterly-refresh-run] 2026-07-31T05:39:44.329591+00:00 === BEN (docs, 1 filing(s)) ===
[quarterly-refresh-run] 2026-07-31T05:39:45.173582+00:00   down BEN 8-K 2026-07-30 -> data-lake/BEN/8K/BEN_2026-07-30_0001552781-26-000398.htm.gz
[quarterly-refresh-run] 2026-07-31T05:39:47.132652+00:00   BEN: facts=128 kpi_updated=0 kpi_added=0 errors=0
[quarterly-refresh-run] 2026-07-31T05:39:47.132678+00:00 === BLDR (quarter, 2 filing(s)) ===
[quarterly-refresh-run] 2026-07-31T05:39:48.451884+00:00   down BLDR 10-Q 2026-07-30 -> data-lake/BLDR/10Q/BLDR_2026-07-30.htm.gz
[quarterly-refresh-run] 2026-07-31T05:39:49.258933+00:00   down BLDR 8-K 2026-07-30 -> data-lake/BLDR/8K/BLDR_2026-07-30_0001193125-26-324859.htm.gz
[quarterly-refresh-run] 2026-07-31T05:39:51.054286+00:00   BLDR: facts=176 kpi_updated=4 kpi_added=0 errors=0
[quarterly-refresh-run] 2026-07-31T05:39:51.054301+00:00 === BMY (quarter, 2 filing(s)) ===
[quarterly-refresh-run] 2026-07-31T05:39:52.553396+00:00   down BMY 10-Q 2026-07-30 -> data-lake/BMY/10Q/BMY_2026-07-30.htm.gz
[quarterly-refresh-run] 2026-07-31T05:39:53.433580+00:00   down BMY 8-K 2026-07-30 -> data-lake/BMY/8K/BMY_2026-07-30_0000014272-26-000018.htm.gz
[quarterly-refresh-run] 2026-07-31T05:39:56.120192+00:00   BMY: facts=154 kpi_updated=4 kpi_added=0 errors=0
[quarterly-refresh-run] 2026-07-31T05:39:56.120207+00:00 === CI (quarter, 2 filing(s)) ===
[quarterly-refresh-run] 2026-07-31T05:39:57.598964+00:00   down CI 10-Q 2026-07-30 -> data-lake/CI/10Q/CI_2026-07-30.htm.gz
[quarterly-refresh-run] 2026-07-31T05:39:58.390184+00:00   down CI 8-K 2026-07-30 -> data-lake/CI/8K/CI_2026-07-30_0001140361-26-030135.htm.gz
[quarterly-refresh-run] 2026-07-31T05:40:00.501232+00:00   CI: facts=128 kpi_updated=3 kpi_added=1 errors=0
[quarterly-refresh-run] 2026-07-31T05:40:00.501273+00:00 === CMCSA (docs, 1 filing(s)) ===
[quarterly-refresh-run] 2026-07-31T05:40:01.771473+00:00   down CMCSA S-4 2026-07-30 -> data-lake/CMCSA/S4/CMCSA_2026-07-30.htm.gz
[quarterly-refresh-run] 2026-07-31T05:40:03.972803+00:00   CMCSA: facts=158 kpi_updated=0 kpi_added=0 errors=0
[quarterly-refresh-run] 2026-07-31T05:40:03.972826+00:00 === CNP (docs, 1 filing(s)) ===
[quarterly-refresh-run] 2026-07-31T05:40:05.233937+00:00   down CNP 424B5 2026-07-30 -> data-lake/CNP/424B/CNP_2026-07-30_0001104659-26-088494.htm.gz
[quarterly-refresh-run] 2026-07-31T05:40:07.360822+00:00   CNP: facts=143 kpi_updated=0 kpi_added=0 errors=0
[quarterly-refresh-run] 2026-07-31T05:40:07.360978+00:00 === COIN (quarter, 2 filing(s)) ===
[quarterly-refresh-run] 2026-07-31T05:40:08.786015+00:00   down COIN 10-Q 2026-07-30 -> data-lake/COIN/10Q/COIN_2026-07-30.htm.gz
[quarterly-refresh-run] 2026-07-31T05:40:09.633704+00:00   down COIN 8-K 2026-07-30 -> data-lake/COIN/8K/COIN_2026-07-30_0001679788-26-000087.htm.gz
[quarterly-refresh-run] 2026-07-31T05:40:11.843588+00:00   COIN: facts=170 kpi_updated=4 kpi_added=0 errors=0
[quarterly-refresh-run] 2026-07-31T05:40:11.843628+00:00 === CPT (quarter, 1 filing(s)) ===
[quarterly-refresh-run] 2026-07-31T05:40:12.567329+00:00   down CPT 8-K 2026-07-30 -> data-lake/CPT/8K/CPT_2026-07-30_0001628280-26-051083.htm.gz
[quarterly-refresh-run] 2026-07-31T05:40:14.301042+00:00   CPT: facts=116 kpi_updated=0 kpi_added=0 errors=0
[quarterly-refresh-run] 2026-07-31T05:40:14.301066+00:00 === CRH (quarter, 2 filing(s)) ===
[quarterly-refresh-run] 2026-07-31T05:40:17.538616+00:00   down CRH 10-Q 2026-07-30 -> data-lake/CRH/10Q/CRH_2026-07-30.htm.gz
[quarterly-refresh-run] 2026-07-31T05:40:18.412029+00:00   down CRH 8-K 2026-07-30 -> data-lake/CRH/8K/CRH_2026-07-30_0001628280-26-050752.htm.gz
[quarterly-refresh-run] 2026-07-31T05:40:20.041395+00:00   CRH: facts=128 kpi_updated=4 kpi_added=0 errors=0
[quarterly-refresh-run] 2026-07-31T05:40:20.041413+00:00 === CTVA (quarter, 1 filing(s)) ===
[quarterly-refresh-run] 2026-07-31T05:40:20.880124+00:00   down CTVA 8-K 2026-07-30 -> data-lake/CTVA/8K/CTVA_2026-07-30_0001755672-26-000022.htm.gz
[quarterly-refresh-run] 2026-07-31T05:40:22.493515+00:00   CTVA: facts=137 kpi_updated=0 kpi_added=0 errors=0
[quarterly-refresh-run] 2026-07-31T05:40:22.493537+00:00 === DECK (quarter, 1 filing(s)) ===
[quarterly-refresh-run] 2026-07-31T05:40:23.951834+00:00   down DECK 10-Q 2026-07-30 -> data-lake/DECK/10Q/DECK_2026-07-30.htm.gz
[quarterly-refresh-run] 2026-07-31T05:40:27.568882+00:00   DECK: facts=204 kpi_updated=4 kpi_added=0 errors=0
[quarterly-refresh-run] 2026-07-31T05:40:27.568904+00:00 === DXCM (quarter, 2 filing(s)) ===
[quarterly-refresh-run] 2026-07-31T05:40:28.907143+00:00   down DXCM 10-Q 2026-07-30 -> data-lake/DXCM/10Q/DXCM_2026-07-30.htm.gz
[quarterly-refresh-run] 2026-07-31T05:40:29.700025+00:00   down DXCM 8-K 2026-07-30 -> data-lake/DXCM/8K/DXCM_2026-07-30_0001093557-26-000142.htm.gz
[quarterly-refresh-run] 2026-07-31T05:40:31.727527+00:00   DXCM: facts=198 kpi_updated=4 kpi_added=0 errors=0
[quarterly-refresh-run] 2026-07-31T05:40:31.728138+00:00 === EA (docs, 1 filing(s)) ===
[quarterly-refresh-run] 2026-07-31T05:40:32.578971+00:00   down EA 8-K 2026-07-30 -> data-lake/EA/8K/EA_2026-07-30_0001140361-26-030255.htm.gz
[quarterly-refresh-run] 2026-07-31T05:40:34.657101+00:00   EA: facts=157 kpi_updated=0 kpi_added=0 errors=0
[quarterly-refresh-run] 2026-07-31T05:40:34.657116+00:00 === EIX (quarter, 2 filing(s)) ===
[quarterly-refresh-run] 2026-07-31T05:40:36.184571+00:00   down EIX 10-Q 2026-07-30 -> data-lake/EIX/10Q/EIX_2026-07-30.htm.gz
[quarterly-refresh-run] 2026-07-31T05:40:36.962072+00:00   down EIX 8-K 2026-07-30 -> data-lake/EIX/8K/EIX_2026-07-30_0000827052-26-000058.htm.gz
[quarterly-refresh-run] 2026-07-31T05:40:39.304529+00:00   EIX: facts=144 kpi_updated=0 kpi_added=0 errors=0
[quarterly-refresh-run] 2026-07-31T05:40:39.304553+00:00 === EME (quarter, 2 filing(s)) ===
[quarterly-refresh-run] 2026-07-31T05:40:40.144211+00:00   down EME 8-K 2026-07-30 -> data-lake/EME/8K/EME_2026-07-30_0000105634-26-000112.htm.gz
[quarterly-refresh-run] 2026-07-31T05:40:41.374078+00:00   down EME 10-Q 2026-07-30 -> data-lake/EME/10Q/EME_2026-07-30.htm.gz
[quarterly-refresh-run] 2026-07-31T05:40:43.800773+00:00   EME: facts=165 kpi_updated=4 kpi_added=0 errors=0
[quarterly-refresh-run] 2026-07-31T05:40:43.800798+00:00 === EQIX (docs, 1 filing(s)) ===
[quarterly-refresh-run] 2026-07-31T05:40:45.678941+00:00   down EQIX 424B5 2026-07-30 -> data-lake/EQIX/424B/EQIX_2026-07-30_0001104659-26-088496.htm.gz
[quarterly-refresh-run] 2026-07-31T05:40:49.730055+00:00   EQIX: facts=143 kpi_updated=0 kpi_added=0 errors=0
[quarterly-refresh-run] 2026-07-31T05:40:49.730193+00:00 === EQR (quarter, 1 filing(s)) ===
[quarterly-refresh-run] 2026-07-31T05:40:51.858526+00:00   down EQR 10-Q 2026-07-30 -> data-lake/EQR/10Q/EQR_2026-07-30.htm.gz
[quarterly-refresh-run] 2026-07-31T05:40:55.223597+00:00   EQR: facts=111 kpi_updated=3 kpi_added=0 errors=0
[quarterly-refresh-run] 2026-07-31T05:40:55.223620+00:00 === ERIE (quarter, 2 filing(s)) ===
[quarterly-refresh-run] 2026-07-31T05:40:56.596326+00:00   down ERIE 10-Q 2026-07-30 -> data-lake/ERIE/10Q/ERIE_2026-07-30.htm.gz
[quarterly-refresh-run] 2026-07-31T05:40:57.390414+00:00   down ERIE 8-K 2026-07-30 -> data-lake/ERIE/8K/ERIE_2026-07-30_0001628280-26-051071.htm.gz
[quarterly-refresh-run] 2026-07-31T05:40:59.239600+00:00   ERIE: facts=99 kpi_updated=3 kpi_added=0 errors=0
[quarterly-refresh-run] 2026-07-31T05:40:59.239666+00:00 === ES (quarter, 1 filing(s)) ===
[quarterly-refresh-run] 2026-07-31T05:41:00.010604+00:00   down ES 8-K 2026-07-30 -> data-lake/ES/8K/ES_2026-07-30_0001104659-26-088698.htm.gz
[quarterly-refresh-run] 2026-07-31T05:41:03.080267+00:00   ES: facts=132 kpi_updated=0 kpi_added=0 errors=0
[quarterly-refresh-run] 2026-07-31T05:41:03.080296+00:00 === ESS (quarter, 1 filing(s)) ===
[quarterly-refresh-run] 2026-07-31T05:41:04.816476+00:00   down ESS 10-Q 2026-07-30 -> data-lake/ESS/10Q/ESS_2026-07-30.htm.gz
[quarterly-refresh-run] 2026-07-31T05:41:06.644019+00:00   ESS: facts=133 kpi_updated=3 kpi_added=0 errors=0
[quarterly-refresh-run] 2026-07-31T05:41:06.644040+00:00 === EXC (quarter, 2 filing(s)) ===
[quarterly-refresh-run] 2026-07-31T05:41:10.823664+00:00   down EXC 10-Q 2026-07-30 -> data-lake/EXC/10Q/EXC_2026-07-30.htm.gz
[quarterly-refresh-run] 2026-07-31T05:41:11.765622+00:00   down EXC 8-K 2026-07-30 -> data-lake/EXC/8K/EXC_2026-07-30_0001109357-26-000077.htm.gz
[quarterly-refresh-run] 2026-07-31T05:41:13.627321+00:00   EXC: facts=122 kpi_updated=0 kpi_added=0 errors=0
[quarterly-refresh-run] 2026-07-31T05:41:13.627337+00:00 === EXE (docs, 1 filing(s)) ===
[quarterly-refresh-run] 2026-07-31T05:41:14.399950+00:00   down EXE 8-K 2026-07-30 -> data-lake/EXE/8K/EXE_2026-07-30_0001104659-26-088451.htm.gz
[quarterly-refresh-run] 2026-07-31T05:41:16.804167+00:00   EXE: facts=138 kpi_updated=0 kpi_added=0 errors=0
[quarterly-refresh-run] 2026-07-31T05:41:16.804208+00:00 === FITB (docs, 1 filing(s)) ===
[quarterly-refresh-run] 2026-07-31T05:41:17.653034+00:00   down FITB 8-K 2026-07-30 -> data-lake/FITB/8K/FITB_2026-07-30_0000035527-26-000197.htm.gz
[quarterly-refresh-run] 2026-07-31T05:41:22.799829+00:00   FITB: facts=85 kpi_updated=0 kpi_added=0 errors=0
[quarterly-refresh-run] 2026-07-31T05:41:22.799843+00:00 === FSLR (quarter, 2 filing(s)) ===
[quarterly-refresh-run] 2026-07-31T05:41:23.971164+00:00   down FSLR 10-Q 2026-07-30 -> data-lake/FSLR/10Q/FSLR_2026-07-30.htm.gz
[quarterly-refresh-run] 2026-07-31T05:41:24.789763+00:00   down FSLR 8-K 2026-07-30 -> data-lake/FSLR/8K/FSLR_2026-07-30_0001274494-26-000169.htm.gz
[quarterly-refresh-run] 2026-07-31T05:41:28.123288+00:00   FSLR: facts=196 kpi_updated=4 kpi_added=0 errors=0
[quarterly-refresh-run] 2026-07-31T05:41:28.123302+00:00 === FTNT (quarter, 1 filing(s)) ===
[quarterly-refresh-run] 2026-07-31T05:41:29.536140+00:00   down FTNT 10-Q 2026-07-30 -> data-lake/FTNT/10Q/FTNT_2026-07-30.htm.gz
[quarterly-refresh-run] 2026-07-31T05:41:31.555710+00:00   FTNT: facts=193 kpi_updated=4 kpi_added=0 errors=0
[quarterly-refresh-run] 2026-07-31T05:41:31.555824+00:00 === GDDY (quarter, 1 filing(s)) ===
[quarterly-refresh-run] 2026-07-31T05:41:32.368135+00:00   down GDDY 8-K 2026-07-30 -> data-lake/GDDY/8K/GDDY_2026-07-30_0001609711-26-000087.htm.gz
[quarterly-refresh-run] 2026-07-31T05:41:34.129841+00:00   GDDY: facts=115 kpi_updated=0 kpi_added=0 errors=0
[quarterly-refresh-run] 2026-07-31T05:41:34.129867+00:00 === HAS (quarter, 1 filing(s)) ===
[quarterly-refresh-run] 2026-07-31T05:41:35.479806+00:00   down HAS 10-Q 2026-07-30 -> data-lake/HAS/10Q/HAS_2026-07-30.htm.gz
[quarterly-refresh-run] 2026-07-31T05:41:37.583578+00:00   HAS: facts=157 kpi_updated=4 kpi_added=0 errors=0
[quarterly-refresh-run] 2026-07-31T05:41:37.583600+00:00 === HII (quarter, 2 filing(s)) ===
[quarterly-refresh-run] 2026-07-31T05:41:38.884246+00:00   down HII 10-Q 2026-07-30 -> data-lake/HII/10Q/HII_2026-07-30.htm.gz
[quarterly-refresh-run] 2026-07-31T05:41:39.655069+00:00   down HII 8-K 2026-07-30 -> data-lake/HII/8K/HII_2026-07-30_0001501585-26-000045.htm.gz
[quarterly-refresh-run] 2026-07-31T05:41:41.868640+00:00   HII: facts=150 kpi_updated=4 kpi_added=0 errors=0
[quarterly-refresh-run] 2026-07-31T05:41:41.868671+00:00 === HOOD (quarter, 1 filing(s)) ===
[quarterly-refresh-run] 2026-07-31T05:41:44.116164+00:00   down HOOD 10-Q 2026-07-30 -> data-lake/HOOD/10Q/HOOD_2026-07-30.htm.gz
[quarterly-refresh-run] 2026-07-31T05:41:45.531240+00:00   HOOD: facts=125 kpi_updated=4 kpi_added=0 errors=0
[quarterly-refresh-run] 2026-07-31T05:41:45.531278+00:00 === HSIC (docs, 1 filing(s)) ===
[quarterly-refresh-run] 2026-07-31T05:41:46.293852+00:00   down HSIC 8-K 2026-07-30 -> data-lake/HSIC/8K/HSIC_2026-07-30_0001193125-26-324857.htm.gz
[quarterly-refresh-run] 2026-07-31T05:41:48.022510+00:00   HSIC: facts=137 kpi_updated=0 kpi_added=0 errors=0
[quarterly-refresh-run] 2026-07-31T05:41:48.022524+00:00 === HSY (quarter, 2 filing(s)) ===
[quarterly-refresh-run] 2026-07-31T05:41:51.096978+00:00   down HSY 10-Q 2026-07-30 -> data-lake/HSY/10Q/HSY_2026-07-30.htm.gz
[quarterly-refresh-run] 2026-07-31T05:41:51.935288+00:00   down HSY 8-K 2026-07-30 -> data-lake/HSY/8K/HSY_2026-07-30_0001628280-26-050769.htm.gz
[quarterly-refresh-run] 2026-07-31T05:41:54.046184+00:00   HSY: facts=137 kpi_updated=3 kpi_added=0 errors=0
[quarterly-refresh-run] 2026-07-31T05:41:54.046204+00:00 === ICE (quarter, 3 filing(s)) ===
[quarterly-refresh-run] 2026-07-31T05:41:55.436918+00:00   down ICE 10-Q 2026-07-30 -> data-lake/ICE/10Q/ICE_2026-07-30.htm.gz
[quarterly-refresh-run] 2026-07-31T05:41:56.303696+00:00   down ICE 8-K 2026-07-30 -> data-lake/ICE/8K/ICE_2026-07-30_0001193125-26-324909.htm.gz
[quarterly-refresh-run] 2026-07-31T05:41:57.415991+00:00   down ICE 8-K 2026-07-30 -> data-lake/ICE/8K/ICE_2026-07-30_0001104659-26-088462.htm.gz
[quarterly-refresh-run] 2026-07-31T05:41:59.560082+00:00   ICE: facts=154 kpi_updated=4 kpi_added=0 errors=0
[quarterly-refresh-run] 2026-07-31T05:41:59.560101+00:00 === INVH (quarter, 1 filing(s)) ===
[quarterly-refresh-run] 2026-07-31T05:42:01.101109+00:00   down INVH 10-Q 2026-07-30 -> data-lake/INVH/10Q/INVH_2026-07-30.htm.gz
[quarterly-refresh-run] 2026-07-31T05:42:03.111475+00:00   INVH: facts=121 kpi_updated=4 kpi_added=0 errors=0
[quarterly-refresh-run] 2026-07-31T05:42:03.111646+00:00 === IP (quarter, 1 filing(s)) ===
[quarterly-refresh-run] 2026-07-31T05:42:03.920925+00:00   down IP 8-K 2026-07-30 -> data-lake/IP/8K/IP_2026-07-30_0000051434-26-000115.htm.gz
[quarterly-refresh-run] 2026-07-31T05:42:05.961906+00:00   IP: facts=134 kpi_updated=0 kpi_added=0 errors=0
[quarterly-refresh-run] 2026-07-31T05:42:05.961932+00:00 === IR (quarter, 1 filing(s)) ===
[quarterly-refresh-run] 2026-07-31T05:42:06.654681+00:00   down IR 8-K 2026-07-30 -> data-lake/IR/8K/IR_2026-07-30_0001628280-26-051068.htm.gz
[quarterly-refresh-run] 2026-07-31T05:42:08.248282+00:00   IR: facts=159 kpi_updated=0 kpi_added=0 errors=0
[quarterly-refresh-run] 2026-07-31T05:42:08.248296+00:00 === KKR (quarter, 1 filing(s)) ===
[quarterly-refresh-run] 2026-07-31T05:42:09.067842+00:00   down KKR 8-K 2026-07-30 -> data-lake/KKR/8K/KKR_2026-07-30_0001404912-26-000022.htm.gz
[quarterly-refresh-run] 2026-07-31T05:42:10.899225+00:00   KKR: facts=70 kpi_updated=0 kpi_added=0 errors=0
[quarterly-refresh-run] 2026-07-31T05:42:10.899253+00:00 === LH (quarter, 1 filing(s)) ===
[quarterly-refresh-run] 2026-07-31T05:42:11.621837+00:00   down LH 8-K 2026-07-30 -> data-lake/LH/8K/LH_2026-07-30_0000920148-26-000162.htm.gz
[quarterly-refresh-run] 2026-07-31T05:42:13.751422+00:00   LH: facts=169 kpi_updated=0 kpi_added=0 errors=0
[quarterly-refresh-run] 2026-07-31T05:42:13.751450+00:00 === LHX (quarter, 1 filing(s)) ===
[quarterly-refresh-run] 2026-07-31T05:42:15.030571+00:00   down LHX 10-Q 2026-07-30 -> data-lake/LHX/10Q/LHX_2026-07-30.htm.gz
[quarterly-refresh-run] 2026-07-31T05:42:17.548477+00:00   LHX: facts=159 kpi_updated=4 kpi_added=0 errors=0
[quarterly-refresh-run] 2026-07-31T05:42:17.548498+00:00 === LITE (docs, 1 filing(s)) ===
[quarterly-refresh-run] 2026-07-31T05:42:18.470789+00:00   down LITE 8-K 2026-07-30 -> data-lake/LITE/8K/LITE_2026-07-30_0001628280-26-051078.htm.gz
[quarterly-refresh-run] 2026-07-31T05:42:20.193278+00:00   LITE: facts=187 kpi_updated=0 kpi_added=0 errors=0
[quarterly-refresh-run] 2026-07-31T05:42:20.193313+00:00 === LYV (quarter, 2 filing(s)) ===
[quarterly-refresh-run] 2026-07-31T05:42:21.622450+00:00   down LYV 10-Q 2026-07-30 -> data-lake/LYV/10Q/LYV_2026-07-30.htm.gz
[quarterly-refresh-run] 2026-07-31T05:42:22.455054+00:00   down LYV 8-K 2026-07-30 -> data-lake/LYV/8K/LYV_2026-07-30_0001335258-26-000034.htm.gz
[quarterly-refresh-run] 2026-07-31T05:42:24.080085+00:00   LYV: facts=154 kpi_updated=4 kpi_added=0 errors=0
[quarterly-refresh-run] 2026-07-31T05:42:24.080097+00:00 === MA (quarter, 2 filing(s)) ===
[quarterly-refresh-run] 2026-07-31T05:42:25.257102+00:00   down MA 10-Q 2026-07-30 -> data-lake/MA/10Q/MA_2026-07-30.htm.gz
[quarterly-refresh-run] 2026-07-31T05:42:26.002941+00:00   down MA 8-K 2026-07-30 -> data-lake/MA/8K/MA_2026-07-30_0001141391-26-000081.htm.gz
[quarterly-refresh-run] 2026-07-31T05:42:28.164560+00:00   MA: facts=132 kpi_updated=3 kpi_added=0 errors=0
[quarterly-refresh-run] 2026-07-31T05:42:28.164577+00:00 === MAA (quarter, 2 filing(s)) ===
[quarterly-refresh-run] 2026-07-31T05:42:30.683845+00:00   down MAA 10-Q 2026-07-30 -> data-lake/MAA/10Q/MAA_2026-07-30.htm.gz
[quarterly-refresh-run] 2026-07-31T05:42:31.526388+00:00   down MAA 8-K 2026-07-30 -> data-lake/MAA/8K/MAA_2026-07-30_0001193125-26-324880.htm.gz
[quarterly-refresh-run] 2026-07-31T05:42:33.087081+00:00   MAA: facts=116 kpi_updated=0 kpi_added=0 errors=0
[quarterly-refresh-run] 2026-07-31T05:42:33.087125+00:00 === META (quarter, 1 filing(s)) ===
[quarterly-refresh-run] 2026-07-31T05:42:34.692745+00:00   down META 10-Q 2026-07-30 -> data-lake/META/10Q/META_2026-07-30.htm.gz
[quarterly-refresh-run] 2026-07-31T05:42:36.478178+00:00   META: facts=169 kpi_updated=0 kpi_added=0 errors=0
[quarterly-refresh-run] 2026-07-31T05:42:36.478204+00:00 === MLM (quarter, 2 filing(s)) ===
[quarterly-refresh-run] 2026-07-31T05:42:38.501903+00:00   down MLM 10-Q 2026-07-30 -> data-lake/MLM/10Q/MLM_2026-07-30.htm.gz
[quarterly-refresh-run] 2026-07-31T05:42:39.382513+00:00   down MLM 8-K 2026-07-30 -> data-lake/MLM/8K/MLM_2026-07-30_0001193125-26-324863.htm.gz
[quarterly-refresh-run] 2026-07-31T05:42:42.304128+00:00   MLM: facts=182 kpi_updated=4 kpi_added=0 errors=0
[quarterly-refresh-run] 2026-07-31T05:42:42.304299+00:00 === MO (quarter, 2 filing(s)) ===
[quarterly-refresh-run] 2026-07-31T05:42:43.914928+00:00   down MO 10-Q 2026-07-30 -> data-lake/MO/10Q/MO_2026-07-30.htm.gz
[quarterly-refresh-run] 2026-07-31T05:42:44.709535+00:00   down MO 8-K 2026-07-30 -> data-lake/MO/8K/MO_2026-07-30_0000764180-26-000093.htm.gz
[quarterly-refresh-run] 2026-07-31T05:42:47.063285+00:00   MO: facts=181 kpi_updated=4 kpi_added=0 errors=0
[quarterly-refresh-run] 2026-07-31T05:42:47.063301+00:00 === MPWR (quarter, 1 filing(s)) ===
[quarterly-refresh-run] 2026-07-31T05:42:47.807166+00:00   down MPWR 8-K 2026-07-30 -> data-lake/MPWR/8K/MPWR_2026-07-30_0001628280-26-051029.htm.gz
[quarterly-refresh-run] 2026-07-31T05:42:49.890385+00:00   MPWR: facts=190 kpi_updated=0 kpi_added=0 errors=0
[quarterly-refresh-run] 2026-07-31T05:42:49.890403+00:00 === MTD (quarter, 1 filing(s)) ===
[quarterly-refresh-run] 2026-07-31T05:42:50.749308+00:00   down MTD 8-K 2026-07-30 -> data-lake/MTD/8K/MTD_2026-07-30_0001037646-26-000049.htm.gz
[quarterly-refresh-run] 2026-07-31T05:42:52.804257+00:00   MTD: facts=165 kpi_updated=0 kpi_added=0 errors=0
[quarterly-refresh-run] 2026-07-31T05:42:52.804286+00:00 === NCLH (quarter, 1 filing(s)) ===
[quarterly-refresh-run] 2026-07-31T05:42:53.497550+00:00   down NCLH 8-K 2026-07-30 -> data-lake/NCLH/8K/NCLH_2026-07-30_0001171843-26-005050.htm.gz
[quarterly-refresh-run] 2026-07-31T05:42:55.885204+00:00   NCLH: facts=130 kpi_updated=0 kpi_added=0 errors=0
[quarterly-refresh-run] 2026-07-31T05:42:55.885234+00:00 === NFLX (docs, 1 filing(s)) ===
[quarterly-refresh-run] 2026-07-31T05:42:56.740040+00:00   down NFLX 8-K 2026-07-30 -> data-lake/NFLX/8K/NFLX_2026-07-30_0001065280-26-000214.htm.gz
[quarterly-refresh-run] 2026-07-31T05:42:58.548142+00:00   NFLX: facts=198 kpi_updated=0 kpi_added=0 errors=0
[quarterly-refresh-run] 2026-07-31T05:42:58.548170+00:00 === NTRS (quarter, 1 filing(s)) ===
[quarterly-refresh-run] 2026-07-31T05:43:00.561978+00:00   down NTRS 10-Q 2026-07-30 -> data-lake/NTRS/10Q/NTRS_2026-07-30.htm.gz
[quarterly-refresh-run] 2026-07-31T05:43:02.911246+00:00   NTRS: facts=109 kpi_updated=3 kpi_added=0 errors=0
[quarterly-refresh-run] 2026-07-31T05:43:02.911355+00:00 === NWS (docs, 1 filing(s)) ===
[quarterly-refresh-run] 2026-07-31T05:43:03.695947+00:00   down NWS 8-K 2026-07-30 -> data-lake/NWS/8K/NWS_2026-07-30_0001564708-26-000163.htm.gz
[quarterly-refresh-run] 2026-07-31T05:43:05.228320+00:00   NWS: facts=129 kpi_updated=0 kpi_added=0 errors=0
[quarterly-refresh-run] 2026-07-31T05:43:05.228337+00:00 === NWSA (docs, 1 filing(s)) ===
[quarterly-refresh-run] 2026-07-31T05:43:06.035642+00:00   down NWSA 8-K 2026-07-30 -> data-lake/NWSA/8K/NWSA_2026-07-30_0001564708-26-000163.htm.gz
[quarterly-refresh-run] 2026-07-31T05:43:07.407899+00:00   NWSA: facts=129 kpi_updated=0 kpi_added=0 errors=0
[quarterly-refresh-run] 2026-07-31T05:43:07.407914+00:00 === PWR (quarter, 2 filing(s)) ===
[quarterly-refresh-run] 2026-07-31T05:43:09.401058+00:00   down PWR 10-Q 2026-07-30 -> data-lake/PWR/10Q/PWR_2026-07-30.htm.gz
[quarterly-refresh-run] 2026-07-31T05:43:10.157759+00:00   down PWR 8-K 2026-07-30 -> data-lake/PWR/8K/PWR_2026-07-30_0001193125-26-324855.htm.gz
[quarterly-refresh-run] 2026-07-31T05:43:12.270941+00:00   PWR: facts=184 kpi_updated=4 kpi_added=0 errors=0
[quarterly-refresh-run] 2026-07-31T05:43:12.270982+00:00 === REGN (quarter, 2 filing(s)) ===
[quarterly-refresh-run] 2026-07-31T05:43:13.653334+00:00   down REGN 10-Q 2026-07-30 -> data-lake/REGN/10Q/REGN_2026-07-30.htm.gz
[quarterly-refresh-run] 2026-07-31T05:43:14.426437+00:00   down REGN 8-K 2026-07-30 -> data-lake/REGN/8K/REGN_2026-07-30_0000872589-26-000023.htm.gz
[quarterly-refresh-run] 2026-07-31T05:43:16.098197+00:00   REGN: facts=165 kpi_updated=4 kpi_added=0 errors=0
[quarterly-refresh-run] 2026-07-31T05:43:16.098219+00:00 === RSG (docs, 1 filing(s)) ===
[quarterly-refresh-run] 2026-07-31T05:43:16.938931+00:00   down RSG 8-K 2026-07-30 -> data-lake/RSG/8K/RSG_2026-07-30_0001060391-26-000266.htm.gz
[quarterly-refresh-run] 2026-07-31T05:43:21.861582+00:00   RSG: facts=148 kpi_updated=0 kpi_added=0 errors=0
[quarterly-refresh-run] 2026-07-31T05:43:21.861607+00:00 === SO (quarter, 2 filing(s)) ===
[quarterly-refresh-run] 2026-07-31T05:43:22.706394+00:00   down SO 8-K 2026-07-30 -> data-lake/SO/8K/SO_2026-07-30_0000092122-26-000056.htm.gz
[quarterly-refresh-run] 2026-07-31T05:43:24.665992+00:00   down SO 10-Q 2026-07-30 -> data-lake/SO/10Q/SO_2026-07-30.htm.gz
[quarterly-refresh-run] 2026-07-31T05:43:26.737266+00:00   SO: facts=140 kpi_updated=0 kpi_added=0 errors=0
[quarterly-refresh-run] 2026-07-31T05:43:26.737283+00:00 === STT (quarter, 1 filing(s)) ===
[quarterly-refresh-run] 2026-07-31T05:43:30.836710+00:00   down STT 10-Q 2026-07-30 -> data-lake/STT/10Q/STT_2026-07-30.htm.gz
[quarterly-refresh-run] 2026-07-31T05:43:32.825838+00:00   STT: facts=110 kpi_updated=4 kpi_added=0 errors=0
[quarterly-refresh-run] 2026-07-31T05:43:32.825868+00:00 === SYK (quarter, 1 filing(s)) ===
[quarterly-refresh-run] 2026-07-31T05:43:33.628351+00:00   down SYK 8-K 2026-07-30 -> data-lake/SYK/8K/SYK_2026-07-30_0000310764-26-000048.htm.gz
[quarterly-refresh-run] 2026-07-31T05:43:35.956272+00:00   SYK: facts=210 kpi_updated=0 kpi_added=0 errors=0
[quarterly-refresh-run] 2026-07-31T05:43:35.956290+00:00 === TT (quarter, 2 filing(s)) ===
[quarterly-refresh-run] 2026-07-31T05:43:37.168419+00:00   down TT 10-Q 2026-07-30 -> data-lake/TT/10Q/TT_2026-07-30.htm.gz
[quarterly-refresh-run] 2026-07-31T05:43:38.017231+00:00   down TT 8-K 2026-07-30 -> data-lake/TT/8K/TT_2026-07-30_0001628280-26-050743.htm.gz
[quarterly-refresh-run] 2026-07-31T05:43:39.805596+00:00   TT: facts=144 kpi_updated=4 kpi_added=0 errors=0
[quarterly-refresh-run] 2026-07-31T05:43:39.805615+00:00 === VLO (quarter, 2 filing(s)) ===
[quarterly-refresh-run] 2026-07-31T05:43:43.582068+00:00   down VLO 10-Q 2026-07-30 -> data-lake/VLO/10Q/VLO_2026-07-30.htm.gz
[quarterly-refresh-run] 2026-07-31T05:43:45.235930+00:00   down VLO 8-K 2026-07-30 -> data-lake/VLO/8K/VLO_2026-07-30_0001628280-26-050822.htm.gz
[quarterly-refresh-run] 2026-07-31T05:43:47.444376+00:00   VLO: facts=121 kpi_updated=3 kpi_added=0 errors=0
[quarterly-refresh-run] 2026-07-31T05:43:47.444400+00:00 === VTR (quarter, 1 filing(s)) ===
[quarterly-refresh-run] 2026-07-31T05:43:49.128535+00:00   down VTR 10-Q 2026-07-30 -> data-lake/VTR/10Q/VTR_2026-07-30.htm.gz
[quarterly-refresh-run] 2026-07-31T05:43:52.918159+00:00   VTR: facts=99 kpi_updated=3 kpi_added=0 errors=0
[quarterly-refresh-run] 2026-07-31T05:43:52.918172+00:00 === WTW (quarter, 2 filing(s)) ===
[quarterly-refresh-run] 2026-07-31T05:43:56.038523+00:00   down WTW 10-Q 2026-07-30 -> data-lake/WTW/10Q/WTW_2026-07-30.htm.gz
[quarterly-refresh-run] 2026-07-31T05:43:56.818554+00:00   down WTW 8-K 2026-07-30 -> data-lake/WTW/8K/WTW_2026-07-30_0001171843-26-005042.htm.gz
[quarterly-refresh-run] 2026-07-31T05:43:59.154103+00:00   WTW: facts=146 kpi_updated=4 kpi_added=0 errors=0
[quarterly-refresh-run] 2026-07-31T05:43:59.154144+00:00 === WY (quarter, 1 filing(s)) ===
[quarterly-refresh-run] 2026-07-31T05:44:00.235656+00:00   down WY 8-K 2026-07-30 -> data-lake/WY/8K/WY_2026-07-30_0001193125-26-326124.htm.gz
[quarterly-refresh-run] 2026-07-31T05:44:02.145626+00:00   WY: facts=178 kpi_updated=0 kpi_added=0 errors=0
[quarterly-refresh-run] 2026-07-31T05:44:02.145764+00:00 === XEL (quarter, 2 filing(s)) ===
[quarterly-refresh-run] 2026-07-31T05:44:03.986332+00:00   down XEL 10-Q 2026-07-30 -> data-lake/XEL/10Q/XEL_2026-07-30.htm.gz
[quarterly-refresh-run] 2026-07-31T05:44:04.960981+00:00   down XEL 8-K 2026-07-30 -> data-lake/XEL/8K/XEL_2026-07-30_0000072903-26-000149.htm.gz
[quarterly-refresh-run] 2026-07-31T05:44:06.992015+00:00   XEL: facts=124 kpi_updated=3 kpi_added=0 errors=0
[quarterly-refresh-run] 2026-07-31T05:44:06.992052+00:00 === YUM (quarter, 1 filing(s)) ===
[quarterly-refresh-run] 2026-07-31T05:44:07.668936+00:00   down YUM 8-K 2026-07-30 -> data-lake/YUM/8K/YUM_2026-07-30_0001041061-26-000149.htm.gz
[quarterly-refresh-run] 2026-07-31T05:44:09.660367+00:00   YUM: facts=148 kpi_updated=0 kpi_added=0 errors=0
[quarterly-refresh-run] 2026-07-31T05:44:09.661227+00:00 Ecrit /Users/yann/spx-app/.conv-state/quarterly-refresh-run-result.json (75 ste(s))
[quarterly-refresh] run rc=0
[lock1] AAPL: OK (4/7 points concordants, 0 écarts, 3 invérifiables)
[lock1] AEE: OK (5/5 points concordants, 0 écarts, 0 invérifiables)
[lock1] AEP: OK (3/5 points concordants, 0 écarts, 2 invérifiables)
[lock1] AJG: OK (5/5 points concordants, 0 écarts, 0 invérifiables)
[lock1] AMZN: OK (5/5 points concordants, 0 écarts, 0 invérifiables)
[lock1] AOS: OK (4/6 points concordants, 0 écarts, 2 invérifiables)
[lock1] APD: OK (4/6 points concordants, 0 écarts, 2 invérifiables)
[lock1] AVB: OK (4/5 points concordants, 0 écarts, 1 invérifiables)
[lock1] AVY: OK (7/7 points concordants, 0 écarts, 0 invérifiables)
[lock1] BAX: OK (4/6 points concordants, 0 écarts, 2 invérifiables)
[lock1] BEN: OK (4/6 points concordants, 0 écarts, 2 invérifiables)
[lock1] BLDR: OK (4/6 points concordants, 0 écarts, 2 invérifiables)
[lock1] BMY: OK (4/7 points concordants, 0 écarts, 3 invérifiables)
[lock1] CI: OK (4/5 points concordants, 0 écarts, 1 invérifiables)
[lock1] CMCSA: OK (4/6 points concordants, 0 écarts, 2 invérifiables)
[lock1] CNP: OK (4/6 points concordants, 0 écarts, 2 invérifiables)
[lock1] COIN: OK (4/6 points concordants, 0 écarts, 2 invérifiables)
[lock1] CPT: OK (5/5 points concordants, 0 écarts, 0 invérifiables)
[lock1] CRH: OK (4/6 points concordants, 0 écarts, 2 invérifiables)
[lock1] CTVA: OK (6/6 points concordants, 0 écarts, 0 invérifiables)
[lock1] DECK: OK (7/7 points concordants, 0 écarts, 0 invérifiables)
[lock1] DXCM: OK (4/7 points concordants, 0 écarts, 3 invérifiables)
[lock1] EA: OK (2/5 points concordants, 0 écarts, 3 invérifiables)
[lock1] EIX: OK (4/6 points concordants, 0 écarts, 2 invérifiables)
[lock1] EME: OK (4/5 points concordants, 0 écarts, 1 invérifiables)
[lock1] EQIX: OK (4/5 points concordants, 0 écarts, 1 invérifiables)
[lock1] EQR: OK (3/4 points concordants, 0 écarts, 1 invérifiables)
[lock1] ERIE: OK (3/4 points concordants, 0 écarts, 1 invérifiables)
[lock1] ES: OK (5/6 points concordants, 0 écarts, 1 invérifiables)
[lock1] ESS: OK (3/4 points concordants, 0 écarts, 1 invérifiables)
[lock1] EXC: OK (3/5 points concordants, 0 écarts, 2 invérifiables)
[lock1] EXE: OK (4/6 points concordants, 0 écarts, 2 invérifiables)
[lock1] FITB: OK (5/5 points concordants, 0 écarts, 0 invérifiables)
[lock1] FSLR: OK (0/7 points concordants, 0 écarts, 7 invérifiables)
[lock1] FTNT: OK (4/6 points concordants, 0 écarts, 2 invérifiables)
[lock1] GDDY: OK (6/6 points concordants, 0 écarts, 0 invérifiables)
[lock1] HAS: OK (4/7 points concordants, 0 écarts, 3 invérifiables)
[lock1] HII: OK (4/7 points concordants, 0 écarts, 3 invérifiables)
[lock1] HOOD: OK (4/6 points concordants, 0 écarts, 2 invérifiables)
[lock1] HSIC: OK (5/5 points concordants, 0 écarts, 0 invérifiables)
[lock1] HSY: OK (3/6 points concordants, 0 écarts, 3 invérifiables)
[lock1] ICE: OK (4/6 points concordants, 0 écarts, 2 invérifiables)
[lock1] INVH: OK (4/5 points concordants, 0 écarts, 1 invérifiables)
[lock1] IP: OK (5/5 points concordants, 0 écarts, 0 invérifiables)
[lock1] IR: OK (6/6 points concordants, 0 écarts, 0 invérifiables)
[lock1] KKR: OK (4/4 points concordants, 0 écarts, 0 invérifiables)
[lock1] LH: OK (6/6 points concordants, 0 écarts, 0 invérifiables)
[lock1] LHX: OK (4/6 points concordants, 0 écarts, 2 invérifiables)
[lock1] LITE: OK (3/7 points concordants, 0 écarts, 4 invérifiables)
[lock1] LYV: OK (4/6 points concordants, 0 écarts, 2 invérifiables)
[lock1] MA: OK (3/5 points concordants, 0 écarts, 2 invérifiables)
[lock1] MAA: OK (4/5 points concordants, 0 écarts, 1 invérifiables)
[lock1] META: OK (4/7 points concordants, 0 écarts, 3 invérifiables)
[lock1] MLM: OK (4/6 points concordants, 0 écarts, 2 invérifiables)
[lock1] MO: OK (3/7 points concordants, 0 écarts, 4 invérifiables)
[lock1] MPWR: OK (7/7 points concordants, 0 écarts, 0 invérifiables)
[lock1] MTD: OK (7/7 points concordants, 0 écarts, 0 invérifiables)
[lock1] NCLH: OK (5/5 points concordants, 0 écarts, 0 invérifiables)
[lock1] NFLX: OK (4/7 points concordants, 0 écarts, 3 invérifiables)
[lock1] NTRS: OK (4/6 points concordants, 0 écarts, 2 invérifiables)
[lock1] NWS: OK (4/6 points concordants, 0 écarts, 2 invérifiables)
[lock1] NWSA: OK (4/6 points concordants, 0 écarts, 2 invérifiables)
[lock1] PWR: OK (4/6 points concordants, 0 écarts, 2 invérifiables)
[lock1] REGN: OK (4/6 points concordants, 0 écarts, 2 invérifiables)
[lock1] RSG: OK (6/6 points concordants, 0 écarts, 0 invérifiables)
[lock1] SO: OK (4/6 points concordants, 0 écarts, 2 invérifiables)
[lock1] STT: OK (4/6 points concordants, 0 écarts, 2 invérifiables)
[lock1] SYK: OK (7/7 points concordants, 0 écarts, 0 invérifiables)
[lock1] TT: OK (4/7 points concordants, 0 écarts, 3 invérifiables)
[lock1] VLO: OK (3/4 points concordants, 0 écarts, 1 invérifiables)
[lock1] VTR: OK (3/4 points concordants, 0 écarts, 1 invérifiables)
[lock1] WTW: OK (4/5 points concordants, 0 écarts, 1 invérifiables)
[lock1] WY: OK (6/6 points concordants, 0 écarts, 0 invérifiables)
[lock1] XEL: OK (3/4 points concordants, 0 écarts, 1 invérifiables)
[lock1] YUM: OK (6/6 points concordants, 0 écarts, 0 invérifiables)
[lock1] résultat écrit: /Users/yann/spx-app/.conv-state/qr-lock1-result.json
[quarterly-refresh] lock1 rc=0
[lock2] AAPL: INCOMPLETE (3/12 KPI à jour, 9 manquants, todo=['ec_synthesis', 'stories_rotation', 'risks', 'segments_geo', 'events', 'profit_warning', 'governance', 'governance_top_holders', 'dilution', 'description', 'headcount', 'ai_positioning'], lock1=OK)
[lock2] AEE: INCOMPLETE (3/16 KPI à jour, 13 manquants, todo=['ec_synthesis', 'stories_rotation', 'risks', 'segments_geo', 'events', 'profit_warning', 'governance', 'governance_top_holders', 'dilution', 'description', 'headcount', 'ai_positioning'], lock1=OK)
[lock2] AEP: INCOMPLETE (4/20 KPI à jour, 16 manquants, todo=['ec_synthesis', 'stories_rotation', 'risks', 'segments_geo', 'events', 'profit_warning', 'governance', 'governance_top_holders', 'dilution', 'description', 'headcount', 'ai_positioning'], lock1=OK)
[lock2] AJG: INCOMPLETE (5/12 KPI à jour, 7 manquants, todo=['ec_synthesis', 'stories_rotation', 'risks', 'segments_geo', 'events', 'profit_warning', 'governance', 'governance_top_holders', 'dilution', 'description', 'headcount', 'ai_positioning'], lock1=OK)
[lock2] AMZN: INCOMPLETE (8/15 KPI à jour, 7 manquants, todo=['ec_synthesis', 'stories_rotation', 'risks', 'segments_geo', 'events', 'profit_warning', 'governance', 'governance_top_holders', 'dilution', 'description', 'headcount', 'ai_positioning'], lock1=OK)
[lock2] AOS: INCOMPLETE (3/9 KPI à jour, 6 manquants, todo=['ec_synthesis', 'stories_rotation', 'risks', 'segments_geo', 'events', 'profit_warning', 'governance', 'governance_top_holders', 'dilution', 'description', 'headcount', 'ai_positioning'], lock1=OK)
[lock2] APD: INCOMPLETE (4/7 KPI à jour, 3 manquants, todo=['ec_synthesis', 'stories_rotation', 'risks', 'segments_geo', 'events', 'profit_warning', 'governance', 'governance_top_holders', 'dilution', 'description', 'headcount', 'ai_positioning'], lock1=OK)
[lock2] AVB: INCOMPLETE (6/12 KPI à jour, 6 manquants, todo=['ec_synthesis', 'stories_rotation', 'risks', 'segments_geo', 'events', 'profit_warning', 'governance', 'governance_top_holders', 'dilution', 'description', 'headcount', 'ai_positioning'], lock1=OK)
[lock2] AVY: INCOMPLETE (5/7 KPI à jour, 2 manquants, todo=['ec_synthesis', 'stories_rotation', 'risks', 'segments_geo', 'events', 'profit_warning', 'governance', 'governance_top_holders', 'dilution', 'description', 'headcount', 'ai_positioning'], lock1=OK)
[lock2] BAX: INCOMPLETE (8/11 KPI à jour, 3 manquants, todo=['ec_synthesis', 'stories_rotation', 'risks', 'segments_geo', 'events', 'profit_warning', 'governance', 'governance_top_holders', 'dilution', 'description', 'headcount', 'ai_positioning'], lock1=OK)
[lock2] BEN: INCOMPLETE (4/8 KPI à jour, 4 manquants, todo=['ec_synthesis', 'stories_rotation', 'risks', 'segments_geo', 'events', 'profit_warning', 'governance', 'governance_top_holders', 'dilution', 'description', 'headcount', 'ai_positioning'], lock1=OK)
[lock2] BLDR: INCOMPLETE (8/12 KPI à jour, 4 manquants, todo=['ec_synthesis', 'stories_rotation', 'risks', 'segments_geo', 'events', 'profit_warning', 'governance', 'governance_top_holders', 'dilution', 'description', 'headcount', 'ai_positioning'], lock1=OK)
[lock2] BMY: INCOMPLETE (8/18 KPI à jour, 10 manquants, todo=['ec_synthesis', 'stories_rotation', 'risks', 'segments_geo', 'events', 'profit_warning', 'governance', 'governance_top_holders', 'dilution', 'description', 'headcount', 'ai_positioning'], lock1=OK)
[lock2] CI: INCOMPLETE (7/21 KPI à jour, 14 manquants, todo=['ec_synthesis', 'stories_rotation', 'risks', 'segments_geo', 'events', 'profit_warning', 'governance', 'governance_top_holders', 'dilution', 'description', 'headcount', 'ai_positioning'], lock1=OK)
[lock2] CMCSA: INCOMPLETE (11/18 KPI à jour, 7 manquants, todo=['ec_synthesis', 'stories_rotation', 'risks', 'segments_geo', 'events', 'profit_warning', 'governance', 'governance_top_holders', 'dilution', 'description', 'headcount', 'ai_positioning'], lock1=OK)
[lock2] CNP: INCOMPLETE (4/7 KPI à jour, 3 manquants, todo=['ec_synthesis', 'stories_rotation', 'risks', 'segments_geo', 'events', 'profit_warning', 'governance', 'governance_top_holders', 'dilution', 'description', 'headcount', 'ai_positioning'], lock1=OK)
[lock2] COIN: INCOMPLETE (5/9 KPI à jour, 4 manquants, todo=['ec_synthesis', 'stories_rotation', 'risks', 'segments_geo', 'events', 'profit_warning', 'governance', 'governance_top_holders', 'dilution', 'description', 'headcount', 'ai_positioning'], lock1=OK)
[lock2] CPT: INCOMPLETE (8/20 KPI à jour, 12 manquants, todo=['ec_synthesis', 'stories_rotation', 'risks', 'segments_geo', 'events', 'profit_warning', 'governance', 'governance_top_holders', 'dilution', 'description', 'headcount', 'ai_positioning'], lock1=OK)
[lock2] CRH: INCOMPLETE (4/4 KPI à jour, 0 manquants, todo=['ec_synthesis', 'stories_rotation', 'risks', 'segments_geo', 'events', 'profit_warning', 'governance', 'governance_top_holders', 'dilution', 'description', 'headcount', 'ai_positioning'], lock1=OK)
[lock2] CTVA: INCOMPLETE (3/3 KPI à jour, 0 manquants, todo=['ec_synthesis', 'stories_rotation', 'risks', 'segments_geo', 'events', 'profit_warning', 'governance', 'governance_top_holders', 'dilution', 'description', 'headcount', 'ai_positioning'], lock1=OK)
[lock2] DECK: INCOMPLETE (3/13 KPI à jour, 10 manquants, todo=['ec_synthesis', 'stories_rotation', 'risks', 'segments_geo', 'events', 'profit_warning', 'governance', 'governance_top_holders', 'dilution', 'description', 'headcount', 'ai_positioning'], lock1=OK)
[lock2] DXCM: INCOMPLETE (11/16 KPI à jour, 5 manquants, todo=['ec_synthesis', 'stories_rotation', 'risks', 'segments_geo', 'events', 'profit_warning', 'governance', 'governance_top_holders', 'dilution', 'description', 'headcount', 'ai_positioning'], lock1=OK)
[lock2] EA: INCOMPLETE (2/16 KPI à jour, 14 manquants, todo=['ec_synthesis', 'stories_rotation', 'risks', 'segments_geo', 'events', 'profit_warning', 'governance', 'governance_top_holders', 'dilution', 'description', 'headcount', 'ai_positioning'], lock1=OK)
[lock2] EIX: INCOMPLETE (9/9 KPI à jour, 0 manquants, todo=['ec_synthesis', 'stories_rotation', 'risks', 'segments_geo', 'events', 'profit_warning', 'governance', 'governance_top_holders', 'dilution', 'description', 'headcount', 'ai_positioning'], lock1=OK)
[lock2] EME: INCOMPLETE (9/14 KPI à jour, 5 manquants, todo=['ec_synthesis', 'stories_rotation', 'risks', 'segments_geo', 'events', 'profit_warning', 'governance', 'governance_top_holders', 'dilution', 'description', 'headcount', 'ai_positioning'], lock1=OK)
[lock2] EQIX: INCOMPLETE (5/12 KPI à jour, 7 manquants, todo=['ec_synthesis', 'stories_rotation', 'risks', 'segments_geo', 'events', 'profit_warning', 'governance', 'governance_top_holders', 'dilution', 'description', 'headcount', 'ai_positioning'], lock1=OK)
[lock2] EQR: INCOMPLETE (3/5 KPI à jour, 2 manquants, todo=['ec_synthesis', 'stories_rotation', 'risks', 'segments_geo', 'events', 'profit_warning', 'governance', 'governance_top_holders', 'dilution', 'description', 'headcount', 'ai_positioning'], lock1=OK)
[lock2] ERIE: INCOMPLETE (6/8 KPI à jour, 2 manquants, todo=['ec_synthesis', 'stories_rotation', 'risks', 'segments_geo', 'events', 'profit_warning', 'governance', 'governance_top_holders', 'dilution', 'description', 'headcount', 'ai_positioning'], lock1=OK)
[lock2] ES: INCOMPLETE (3/12 KPI à jour, 9 manquants, todo=['ec_synthesis', 'stories_rotation', 'risks', 'segments_geo', 'events', 'profit_warning', 'governance', 'governance_top_holders', 'dilution', 'description', 'headcount', 'ai_positioning'], lock1=OK)
[lock2] ESS: INCOMPLETE (2/12 KPI à jour, 10 manquants, todo=['ec_synthesis', 'stories_rotation', 'risks', 'segments_geo', 'events', 'profit_warning', 'governance', 'governance_top_holders', 'dilution', 'description', 'headcount', 'ai_positioning'], lock1=OK)
[lock2] EXC: INCOMPLETE (4/8 KPI à jour, 4 manquants, todo=['ec_synthesis', 'stories_rotation', 'risks', 'segments_geo', 'events', 'profit_warning', 'governance', 'governance_top_holders', 'dilution', 'description', 'headcount', 'ai_positioning'], lock1=OK)
[lock2] EXE: INCOMPLETE (3/6 KPI à jour, 3 manquants, todo=['ec_synthesis', 'stories_rotation', 'risks', 'segments_geo', 'events', 'profit_warning', 'governance', 'governance_top_holders', 'dilution', 'description', 'headcount', 'ai_positioning'], lock1=OK)
[lock2] FITB: INCOMPLETE (5/11 KPI à jour, 6 manquants, todo=['ec_synthesis', 'stories_rotation', 'risks', 'segments_geo', 'events', 'profit_warning', 'governance', 'governance_top_holders', 'dilution', 'description', 'headcount', 'ai_positioning'], lock1=OK)
[lock2] FSLR: INCOMPLETE (3/8 KPI à jour, 5 manquants, todo=['ec_synthesis', 'stories_rotation', 'risks', 'segments_geo', 'events', 'profit_warning', 'governance', 'governance_top_holders', 'dilution', 'description', 'headcount', 'ai_positioning'], lock1=OK)
[lock2] FTNT: INCOMPLETE (5/8 KPI à jour, 3 manquants, todo=['ec_synthesis', 'stories_rotation', 'risks', 'segments_geo', 'events', 'profit_warning', 'governance', 'governance_top_holders', 'dilution', 'description', 'headcount', 'ai_positioning'], lock1=OK)
[lock2] GDDY: INCOMPLETE (4/11 KPI à jour, 7 manquants, todo=['ec_synthesis', 'stories_rotation', 'risks', 'segments_geo', 'events', 'profit_warning', 'governance', 'governance_top_holders', 'dilution', 'description', 'headcount', 'ai_positioning'], lock1=OK)
[lock2] HAS: INCOMPLETE (3/7 KPI à jour, 4 manquants, todo=['ec_synthesis', 'stories_rotation', 'risks', 'segments_geo', 'events', 'profit_warning', 'governance', 'governance_top_holders', 'dilution', 'description', 'headcount', 'ai_positioning'], lock1=OK)
[lock2] HII: INCOMPLETE (3/5 KPI à jour, 2 manquants, todo=['ec_synthesis', 'stories_rotation', 'risks', 'segments_geo', 'events', 'profit_warning', 'governance', 'governance_top_holders', 'dilution', 'description', 'headcount', 'ai_positioning'], lock1=OK)
[lock2] HOOD: INCOMPLETE (3/11 KPI à jour, 8 manquants, todo=['ec_synthesis', 'stories_rotation', 'risks', 'segments_geo', 'events', 'profit_warning', 'governance', 'governance_top_holders', 'dilution', 'description', 'headcount', 'ai_positioning'], lock1=OK)
[lock2] HSIC: INCOMPLETE (4/6 KPI à jour, 2 manquants, todo=['ec_synthesis', 'stories_rotation', 'risks', 'segments_geo', 'events', 'profit_warning', 'governance', 'governance_top_holders', 'dilution', 'description', 'headcount', 'ai_positioning'], lock1=OK)
[lock2] HSY: INCOMPLETE (2/5 KPI à jour, 3 manquants, todo=['ec_synthesis', 'stories_rotation', 'risks', 'segments_geo', 'events', 'profit_warning', 'governance', 'governance_top_holders', 'dilution', 'description', 'headcount', 'ai_positioning'], lock1=OK)
[lock2] ICE: INCOMPLETE (7/10 KPI à jour, 3 manquants, todo=['ec_synthesis', 'stories_rotation', 'risks', 'segments_geo', 'events', 'profit_warning', 'governance', 'governance_top_holders', 'dilution', 'description', 'headcount', 'ai_positioning'], lock1=OK)
[lock2] INVH: INCOMPLETE (3/10 KPI à jour, 7 manquants, todo=['ec_synthesis', 'stories_rotation', 'risks', 'segments_geo', 'events', 'profit_warning', 'governance', 'governance_top_holders', 'dilution', 'description', 'headcount', 'ai_positioning'], lock1=OK)
[lock2] IP: INCOMPLETE (3/6 KPI à jour, 3 manquants, todo=['ec_synthesis', 'stories_rotation', 'risks', 'segments_geo', 'events', 'profit_warning', 'governance', 'governance_top_holders', 'dilution', 'description', 'headcount', 'ai_positioning'], lock1=OK)
[lock2] IR: INCOMPLETE (3/6 KPI à jour, 3 manquants, todo=['ec_synthesis', 'stories_rotation', 'risks', 'segments_geo', 'events', 'profit_warning', 'governance', 'governance_top_holders', 'dilution', 'description', 'headcount', 'ai_positioning'], lock1=OK)
[lock2] KKR: INCOMPLETE (4/17 KPI à jour, 13 manquants, todo=['ec_synthesis', 'stories_rotation', 'risks', 'segments_geo', 'events', 'profit_warning', 'governance', 'governance_top_holders', 'dilution', 'description', 'headcount', 'ai_positioning'], lock1=OK)
[lock2] LH: INCOMPLETE (6/9 KPI à jour, 3 manquants, todo=['ec_synthesis', 'stories_rotation', 'risks', 'segments_geo', 'events', 'profit_warning', 'governance', 'governance_top_holders', 'dilution', 'description', 'headcount', 'ai_positioning'], lock1=OK)
[lock2] LHX: INCOMPLETE (3/6 KPI à jour, 3 manquants, todo=['ec_synthesis', 'stories_rotation', 'risks', 'segments_geo', 'events', 'profit_warning', 'governance', 'governance_top_holders', 'dilution', 'description', 'headcount', 'ai_positioning'], lock1=OK)
[lock2] LITE: INCOMPLETE (5/10 KPI à jour, 5 manquants, todo=['ec_synthesis', 'stories_rotation', 'risks', 'segments_geo', 'events', 'profit_warning', 'governance', 'governance_top_holders', 'dilution', 'description', 'headcount', 'ai_positioning'], lock1=OK)
[lock2] LYV: INCOMPLETE (8/9 KPI à jour, 1 manquants, todo=['ec_synthesis', 'stories_rotation', 'risks', 'segments_geo', 'events', 'profit_warning', 'governance', 'governance_top_holders', 'dilution', 'description', 'headcount', 'ai_positioning'], lock1=OK)
[lock2] MA: INCOMPLETE (7/15 KPI à jour, 8 manquants, todo=['ec_synthesis', 'stories_rotation', 'risks', 'segments_geo', 'events', 'profit_warning', 'governance', 'governance_top_holders', 'dilution', 'description', 'headcount', 'ai_positioning'], lock1=OK)
[lock2] MAA: INCOMPLETE (3/6 KPI à jour, 3 manquants, todo=['ec_synthesis', 'stories_rotation', 'risks', 'segments_geo', 'events', 'profit_warning', 'governance', 'governance_top_holders', 'dilution', 'description', 'headcount', 'ai_positioning'], lock1=OK)
[lock2] META: INCOMPLETE (12/26 KPI à jour, 14 manquants, todo=['ec_synthesis', 'stories_rotation', 'risks', 'segments_geo', 'events', 'profit_warning', 'governance', 'governance_top_holders', 'dilution', 'description', 'headcount', 'ai_positioning'], lock1=OK)
[lock2] MLM: INCOMPLETE (4/6 KPI à jour, 2 manquants, todo=['ec_synthesis', 'stories_rotation', 'risks', 'segments_geo', 'events', 'profit_warning', 'governance', 'governance_top_holders', 'dilution', 'description', 'headcount', 'ai_positioning'], lock1=OK)
[lock2] MO: INCOMPLETE (6/14 KPI à jour, 8 manquants, todo=['ec_synthesis', 'stories_rotation', 'risks', 'segments_geo', 'events', 'profit_warning', 'governance', 'governance_top_holders', 'dilution', 'description', 'headcount', 'ai_positioning'], lock1=OK)
[lock2] MPWR: INCOMPLETE (3/3 KPI à jour, 0 manquants, todo=['ec_synthesis', 'stories_rotation', 'risks', 'segments_geo', 'events', 'profit_warning', 'governance', 'governance_top_holders', 'dilution', 'description', 'headcount', 'ai_positioning'], lock1=OK)
[lock2] MTD: INCOMPLETE (6/12 KPI à jour, 6 manquants, todo=['ec_synthesis', 'stories_rotation', 'risks', 'segments_geo', 'events', 'profit_warning', 'governance', 'governance_top_holders', 'dilution', 'description', 'headcount', 'ai_positioning'], lock1=OK)
[lock2] NCLH: INCOMPLETE (2/6 KPI à jour, 4 manquants, todo=['ec_synthesis', 'stories_rotation', 'risks', 'segments_geo', 'events', 'profit_warning', 'governance', 'governance_top_holders', 'dilution', 'description', 'headcount', 'ai_positioning'], lock1=OK)
[lock2] NFLX: INCOMPLETE (7/8 KPI à jour, 1 manquants, todo=['ec_synthesis', 'stories_rotation', 'risks', 'segments_geo', 'events', 'profit_warning', 'governance', 'governance_top_holders', 'dilution', 'description', 'headcount', 'ai_positioning'], lock1=OK)
[lock2] NTRS: INCOMPLETE (7/15 KPI à jour, 8 manquants, todo=['ec_synthesis', 'stories_rotation', 'risks', 'segments_geo', 'events', 'profit_warning', 'governance', 'governance_top_holders', 'dilution', 'description', 'headcount', 'ai_positioning'], lock1=OK)
[lock2] NWS: INCOMPLETE (3/8 KPI à jour, 5 manquants, todo=['ec_synthesis', 'stories_rotation', 'risks', 'segments_geo', 'events', 'profit_warning', 'governance', 'governance_top_holders', 'dilution', 'description', 'headcount', 'ai_positioning'], lock1=OK)
[lock2] NWSA: INCOMPLETE (3/11 KPI à jour, 8 manquants, todo=['ec_synthesis', 'stories_rotation', 'risks', 'segments_geo', 'events', 'profit_warning', 'governance', 'governance_top_holders', 'dilution', 'description', 'headcount', 'ai_positioning'], lock1=OK)
[lock2] PWR: INCOMPLETE (4/10 KPI à jour, 6 manquants, todo=['ec_synthesis', 'stories_rotation', 'risks', 'segments_geo', 'events', 'profit_warning', 'governance', 'governance_top_holders', 'dilution', 'description', 'headcount', 'ai_positioning'], lock1=OK)
[lock2] REGN: INCOMPLETE (12/16 KPI à jour, 4 manquants, todo=['ec_synthesis', 'stories_rotation', 'risks', 'segments_geo', 'events', 'profit_warning', 'governance', 'governance_top_holders', 'dilution', 'description', 'headcount', 'ai_positioning'], lock1=OK)
[lock2] RSG: INCOMPLETE (6/11 KPI à jour, 5 manquants, todo=['ec_synthesis', 'stories_rotation', 'risks', 'segments_geo', 'events', 'profit_warning', 'governance', 'governance_top_holders', 'dilution', 'description', 'headcount', 'ai_positioning'], lock1=OK)
[lock2] SO: INCOMPLETE (9/13 KPI à jour, 4 manquants, todo=['ec_synthesis', 'stories_rotation', 'risks', 'segments_geo', 'events', 'profit_warning', 'governance', 'governance_top_holders', 'dilution', 'description', 'headcount', 'ai_positioning'], lock1=OK)
[lock2] STT: INCOMPLETE (5/16 KPI à jour, 11 manquants, todo=['ec_synthesis', 'stories_rotation', 'risks', 'segments_geo', 'events', 'profit_warning', 'governance', 'governance_top_holders', 'dilution', 'description', 'headcount', 'ai_positioning'], lock1=OK)
[lock2] SYK: INCOMPLETE (11/15 KPI à jour, 4 manquants, todo=['ec_synthesis', 'stories_rotation', 'risks', 'segments_geo', 'events', 'profit_warning', 'governance', 'governance_top_holders', 'dilution', 'description', 'headcount', 'ai_positioning'], lock1=OK)
[lock2] TT: INCOMPLETE (3/8 KPI à jour, 5 manquants, todo=['ec_synthesis', 'stories_rotation', 'risks', 'segments_geo', 'events', 'profit_warning', 'governance', 'governance_top_holders', 'dilution', 'description', 'headcount', 'ai_positioning'], lock1=OK)
[lock2] VLO: INCOMPLETE (2/6 KPI à jour, 4 manquants, todo=['ec_synthesis', 'stories_rotation', 'risks', 'segments_geo', 'events', 'profit_warning', 'governance', 'governance_top_holders', 'dilution', 'description', 'headcount', 'ai_positioning'], lock1=OK)
[lock2] VTR: INCOMPLETE (6/7 KPI à jour, 1 manquants, todo=['ec_synthesis', 'stories_rotation', 'risks', 'segments_geo', 'events', 'profit_warning', 'governance', 'governance_top_holders', 'dilution', 'description', 'headcount', 'ai_positioning'], lock1=OK)
[lock2] WTW: INCOMPLETE (8/13 KPI à jour, 5 manquants, todo=['ec_synthesis', 'stories_rotation', 'risks', 'segments_geo', 'events', 'profit_warning', 'governance', 'governance_top_holders', 'dilution', 'description', 'headcount', 'ai_positioning'], lock1=OK)
[lock2] WY: INCOMPLETE (5/8 KPI à jour, 3 manquants, todo=['ec_synthesis', 'stories_rotation', 'risks', 'segments_geo', 'events', 'profit_warning', 'governance', 'governance_top_holders', 'dilution', 'description', 'headcount', 'ai_positioning'], lock1=OK)
[lock2] XEL: INCOMPLETE (4/11 KPI à jour, 7 manquants, todo=['ec_synthesis', 'stories_rotation', 'risks', 'segments_geo', 'events', 'profit_warning', 'governance', 'governance_top_holders', 'dilution', 'description', 'headcount', 'ai_positioning'], lock1=OK)
[lock2] YUM: INCOMPLETE (4/11 KPI à jour, 7 manquants, todo=['ec_synthesis', 'stories_rotation', 'risks', 'segments_geo', 'events', 'profit_warning', 'governance', 'governance_top_holders', 'dilution', 'description', 'headcount', 'ai_positioning'], lock1=OK)
[lock2] résultat écrit: /Users/yann/spx-app/.conv-state/qr-lock2-result.json
[quarterly-refresh] lock2 rc=0
[quarterly-refresh] audit pages: AAPL AEE AEP AJG AMZN AOS APD AVB AVY BAX BEN BLDR BMY CI CMCSA CNP COIN CPT CRH CTVA DECK DXCM EA EIX EME EQIX EQR ERIE ES ESS EXC EXE FITB FSLR FTNT GDDY HAS HII HOOD HSIC HSY ICE INVH IP IR KKR LH LHX LITE LYV MA MAA META MLM MO MPWR MTD NCLH NFLX NTRS NWS NWSA PWR REGN RSG SO STT SYK TT VLO VTR WTW WY XEL YUM
special_kpis merge failed for AAPL: Error: supabaseUrl is required.
    at validateSupabaseUrl (/Users/yann/spx-app/node_modules/@supabase/supabase-js/src/lib/helpers.ts:86:11)
    at new SupabaseClient (/Users/yann/spx-app/node_modules/@supabase/supabase-js/src/SupabaseClient.ts:284:21)
    at createClient (/Users/yann/spx-app/node_modules/@supabase/supabase-js/src/index.ts:65:10)
    at admin (/Users/yann/spx-app/src/lib/desk/special-kpis.ts:107:10)
    at listPublishedForTicker (/Users/yann/spx-app/src/lib/desk/special-kpis.ts:130:16)
    at loadV17Company (/Users/yann/spx-app/src/lib/company-core/load-company.ts:1611:30)
    at async auditTicker (/Users/yann/spx-app/scripts/audit-pages-full.ts:51:19)
    at async main (/Users/yann/spx-app/scripts/audit-pages-full.ts:153:17)
kpi_requests merge failed for AAPL: Error: supabaseUrl is required.
    at validateSupabaseUrl (/Users/yann/spx-app/node_modules/@supabase/supabase-js/src/lib/helpers.ts:86:11)
    at new SupabaseClient (/Users/yann/spx-app/node_modules/@supabase/supabase-js/src/SupabaseClient.ts:284:21)
    at createClient (/Users/yann/spx-app/node_modules/@supabase/supabase-js/src/index.ts:65:10)
    at loadV17Company (/Users/yann/spx-app/src/lib/company-core/load-company.ts:1675:18)
    at async auditTicker (/Users/yann/spx-app/scripts/audit-pages-full.ts:51:19)
    at async main (/Users/yann/spx-app/scripts/audit-pages-full.ts:153:17)
image_findings merge failed for AAPL: Error: supabaseUrl is required.
    at validateSupabaseUrl (/Users/yann/spx-app/node_modules/@supabase/supabase-js/src/lib/helpers.ts:86:11)
    at new SupabaseClient (/Users/yann/spx-app/node_modules/@supabase/supabase-js/src/SupabaseClient.ts:284:21)
    at createClient (/Users/yann/spx-app/node_modules/@supabase/supabase-js/src/index.ts:65:10)
    at admin (/Users/yann/spx-app/src/lib/desk/image-findings.ts:118:10)
    at listApprovedForTicker (/Users/yann/spx-app/src/lib/desk/image-findings.ts:222:16)
    at loadV17Company (/Users/yann/spx-app/src/lib/company-core/load-company.ts:1738:30)
    at async auditTicker (/Users/yann/spx-app/scripts/audit-pages-full.ts:51:19)
    at async main (/Users/yann/spx-app/scripts/audit-pages-full.ts:153:17)
[hero-kpi-overrides] refetch failed, using stale cache Error: SUPABASE_SERVICE_ROLE_KEY manquante — vérifier .env.local
    at createSupabaseAdminClient (/Users/yann/spx-app/src/lib/supabase/admin.ts:16:11)
    at fetchAll (/Users/yann/spx-app/src/lib/company-core/hero-kpi-overrides.ts:31:20)
    at getHeroKpiOverride (/Users/yann/spx-app/src/lib/company-core/hero-kpi-overrides.ts:58:21)
    at loadV17Company (/Users/yann/spx-app/src/lib/company-core/load-company.ts:2731:28)
    at async auditTicker (/Users/yann/spx-app/scripts/audit-pages-full.ts:51:19)
    at async main (/Users/yann/spx-app/scripts/audit-pages-full.ts:153:17)
special_kpis merge failed for AEE: Error: supabaseUrl is required.
    at validateSupabaseUrl (/Users/yann/spx-app/node_modules/@supabase/supabase-js/src/lib/helpers.ts:86:11)
    at new SupabaseClient (/Users/yann/spx-app/node_modules/@supabase/supabase-js/src/SupabaseClient.ts:284:21)
    at createClient (/Users/yann/spx-app/node_modules/@supabase/supabase-js/src/index.ts:65:10)
    at admin (/Users/yann/spx-app/src/lib/desk/special-kpis.ts:107:10)
    at listPublishedForTicker (/Users/yann/spx-app/src/lib/desk/special-kpis.ts:130:16)
    at loadV17Company (/Users/yann/spx-app/src/lib/company-core/load-company.ts:1611:30)
    at async auditTicker (/Users/yann/spx-app/scripts/audit-pages-full.ts:51:19)
    at async main (/Users/yann/spx-app/scripts/audit-pages-full.ts:153:17)
kpi_requests merge failed for AEE: Error: supabaseUrl is required.
    at validateSupabaseUrl (/Users/yann/spx-app/node_modules/@supabase/supabase-js/src/lib/helpers.ts:86:11)
    at new SupabaseClient (/Users/yann/spx-app/node_modules/@supabase/supabase-js/src/SupabaseClient.ts:284:21)
    at createClient (/Users/yann/spx-app/node_modules/@supabase/supabase-js/src/index.ts:65:10)
    at loadV17Company (/Users/yann/spx-app/src/lib/company-core/load-company.ts:1675:18)
    at async auditTicker (/Users/yann/spx-app/scripts/audit-pages-full.ts:51:19)
    at async main (/Users/yann/spx-app/scripts/audit-pages-full.ts:153:17)
image_findings merge failed for AEE: Error: supabaseUrl is required.
    at validateSupabaseUrl (/Users/yann/spx-app/node_modules/@supabase/supabase-js/src/lib/helpers.ts:86:11)
    at new SupabaseClient (/Users/yann/spx-app/node_modules/@supabase/supabase-js/src/SupabaseClient.ts:284:21)
    at createClient (/Users/yann/spx-app/node_modules/@supabase/supabase-js/src/index.ts:65:10)
    at admin (/Users/yann/spx-app/src/lib/desk/image-findings.ts:118:10)
    at listApprovedForTicker (/Users/yann/spx-app/src/lib/desk/image-findings.ts:222:16)
    at loadV17Company (/Users/yann/spx-app/src/lib/company-core/load-company.ts:1738:30)
    at async auditTicker (/Users/yann/spx-app/scripts/audit-pages-full.ts:51:19)
    at async main (/Users/yann/spx-app/scripts/audit-pages-full.ts:153:17)
[hero-kpi-overrides] refetch failed, using stale cache Error: SUPABASE_SERVICE_ROLE_KEY manquante — vérifier .env.local
    at createSupabaseAdminClient (/Users/yann/spx-app/src/lib/supabase/admin.ts:16:11)
    at fetchAll (/Users/yann/spx-app/src/lib/company-core/hero-kpi-overrides.ts:31:20)
    at getHeroKpiOverride (/Users/yann/spx-app/src/lib/company-core/hero-kpi-overrides.ts:58:21)
    at loadV17Company (/Users/yann/spx-app/src/lib/company-core/load-company.ts:2731:28)
    at async auditTicker (/Users/yann/spx-app/scripts/audit-pages-full.ts:51:19)
    at async main (/Users/yann/spx-app/scripts/audit-pages-full.ts:153:17)
special_kpis merge failed for AEP: Error: supabaseUrl is required.
    at validateSupabaseUrl (/Users/yann/spx-app/node_modules/@supabase/supabase-js/src/lib/helpers.ts:86:11)
    at new SupabaseClient (/Users/yann/spx-app/node_modules/@supabase/supabase-js/src/SupabaseClient.ts:284:21)
    at createClient (/Users/yann/spx-app/node_modules/@supabase/supabase-js/src/index.ts:65:10)
    at admin (/Users/yann/spx-app/src/lib/desk/special-kpis.ts:107:10)
    at listPublishedForTicker (/Users/yann/spx-app/src/lib/desk/special-kpis.ts:130:16)
    at loadV17Company (/Users/yann/spx-app/src/lib/company-core/load-company.ts:1611:30)
    at async auditTicker (/Users/yann/spx-app/scripts/audit-pages-full.ts:51:19)
    at async main (/Users/yann/spx-app/scripts/audit-pages-full.ts:153:17)
kpi_requests merge failed for AEP: Error: supabaseUrl is required.
    at validateSupabaseUrl (/Users/yann/spx-app/node_modules/@supabase/supabase-js/src/lib/helpers.ts:86:11)
    at new SupabaseClient (/Users/yann/spx-app/node_modules/@supabase/supabase-js/src/SupabaseClient.ts:284:21)
    at createClient (/Users/yann/spx-app/node_modules/@supabase/supabase-js/src/index.ts:65:10)
    at loadV17Company (/Users/yann/spx-app/src/lib/company-core/load-company.ts:1675:18)
    at async auditTicker (/Users/yann/spx-app/scripts/audit-pages-full.ts:51:19)
    at async main (/Users/yann/spx-app/scripts/audit-pages-full.ts:153:17)
image_findings merge failed for AEP: Error: supabaseUrl is required.
    at validateSupabaseUrl (/Users/yann/spx-app/node_modules/@supabase/supabase-js/src/lib/helpers.ts:86:11)
    at new SupabaseClient (/Users/yann/spx-app/node_modules/@supabase/supabase-js/src/SupabaseClient.ts:284:21)
    at createClient (/Users/yann/spx-app/node_modules/@supabase/supabase-js/src/index.ts:65:10)
    at admin (/Users/yann/spx-app/src/lib/desk/image-findings.ts:118:10)
    at listApprovedForTicker (/Users/yann/spx-app/src/lib/desk/image-findings.ts:222:16)
    at loadV17Company (/Users/yann/spx-app/src/lib/company-core/load-company.ts:1738:30)
    at async auditTicker (/Users/yann/spx-app/scripts/audit-pages-full.ts:51:19)
    at async main (/Users/yann/spx-app/scripts/audit-pages-full.ts:153:17)
[hero-kpi-overrides] refetch failed, using stale cache Error: SUPABASE_SERVICE_ROLE_KEY manquante — vérifier .env.local
    at createSupabaseAdminClient (/Users/yann/spx-app/src/lib/supabase/admin.ts:16:11)
    at fetchAll (/Users/yann/spx-app/src/lib/company-core/hero-kpi-overrides.ts:31:20)
    at getHeroKpiOverride (/Users/yann/spx-app/src/lib/company-core/hero-kpi-overrides.ts:58:21)
    at loadV17Company (/Users/yann/spx-app/src/lib/company-core/load-company.ts:2731:28)
    at async auditTicker (/Users/yann/spx-app/scripts/audit-pages-full.ts:51:19)
    at async main (/Users/yann/spx-app/scripts/audit-pages-full.ts:153:17)
special_kpis merge failed for AJG: Error: supabaseUrl is required.
    at validateSupabaseUrl (/Users/yann/spx-app/node_modules/@supabase/supabase-js/src/lib/helpers.ts:86:11)
    at new SupabaseClient (/Users/yann/spx-app/node_modules/@supabase/supabase-js/src/SupabaseClient.ts:284:21)
    at createClient (/Users/yann/spx-app/node_modules/@supabase/supabase-js/src/index.ts:65:10)
    at admin (/Users/yann/spx-app/src/lib/desk/special-kpis.ts:107:10)
    at listPublishedForTicker (/Users/yann/spx-app/src/lib/desk/special-kpis.ts:130:16)
    at loadV17Company (/Users/yann/spx-app/src/lib/company-core/load-company.ts:1611:30)
    at async auditTicker (/Users/yann/spx-app/scripts/audit-pages-full.ts:51:19)
    at async main (/Users/yann/spx-app/scripts/audit-pages-full.ts:153:17)
kpi_requests merge failed for AJG: Error: supabaseUrl is required.
    at validateSupabaseUrl (/Users/yann/spx-app/node_modules/@supabase/supabase-js/src/lib/helpers.ts:86:11)
    at new SupabaseClient (/Users/yann/spx-app/node_modules/@supabase/supabase-js/src/SupabaseClient.ts:284:21)
    at createClient (/Users/yann/spx-app/node_modules/@supabase/supabase-js/src/index.ts:65:10)
    at loadV17Company (/Users/yann/spx-app/src/lib/company-core/load-company.ts:1675:18)
    at async auditTicker (/Users/yann/spx-app/scripts/audit-pages-full.ts:51:19)
    at async main (/Users/yann/spx-app/scripts/audit-pages-full.ts:153:17)
image_findings merge failed for AJG: Error: supabaseUrl is required.
    at validateSupabaseUrl (/Users/yann/spx-app/node_modules/@supabase/supabase-js/src/lib/helpers.ts:86:11)
    at new SupabaseClient (/Users/yann/spx-app/node_modules/@supabase/supabase-js/src/SupabaseClient.ts:284:21)
    at createClient (/Users/yann/spx-app/node_modules/@supabase/supabase-js/src/index.ts:65:10)
    at admin (/Users/yann/spx-app/src/lib/desk/image-findings.ts:118:10)
    at listApprovedForTicker (/Users/yann/spx-app/src/lib/desk/image-findings.ts:222:16)
    at loadV17Company (/Users/yann/spx-app/src/lib/company-core/load-company.ts:1738:30)
    at async auditTicker (/Users/yann/spx-app/scripts/audit-pages-full.ts:51:19)
    at async main (/Users/yann/spx-app/scripts/audit-pages-full.ts:153:17)
[hero-kpi-overrides] refetch failed, using stale cache Error: SUPABASE_SERVICE_ROLE_KEY manquante — vérifier .env.local
    at createSupabaseAdminClient (/Users/yann/spx-app/src/lib/supabase/admin.ts:16:11)
    at fetchAll (/Users/yann/spx-app/src/lib/company-core/hero-kpi-overrides.ts:31:20)
    at getHeroKpiOverride (/Users/yann/spx-app/src/lib/company-core/hero-kpi-overrides.ts:58:21)
    at loadV17Company (/Users/yann/spx-app/src/lib/company-core/load-company.ts:2731:28)
    at async auditTicker (/Users/yann/spx-app/scripts/audit-pages-full.ts:51:19)
    at async main (/Users/yann/spx-app/scripts/audit-pages-full.ts:153:17)
special_kpis merge failed for AMZN: Error: supabaseUrl is required.
    at validateSupabaseUrl (/Users/yann/spx-app/node_modules/@supabase/supabase-js/src/lib/helpers.ts:86:11)
    at new SupabaseClient (/Users/yann/spx-app/node_modules/@supabase/supabase-js/src/SupabaseClient.ts:284:21)
    at createClient (/Users/yann/spx-app/node_modules/@supabase/supabase-js/src/index.ts:65:10)
    at admin (/Users/yann/spx-app/src/lib/desk/special-kpis.ts:107:10)
    at listPublishedForTicker (/Users/yann/spx-app/src/lib/desk/special-kpis.ts:130:16)
    at loadV17Company (/Users/yann/spx-app/src/lib/company-core/load-company.ts:1611:30)
    at async auditTicker (/Users/yann/spx-app/scripts/audit-pages-full.ts:51:19)
    at async main (/Users/yann/spx-app/scripts/audit-pages-full.ts:153:17)
kpi_requests merge failed for AMZN: Error: supabaseUrl is required.
    at validateSupabaseUrl (/Users/yann/spx-app/node_modules/@supabase/supabase-js/src/lib/helpers.ts:86:11)
    at new SupabaseClient (/Users/yann/spx-app/node_modules/@supabase/supabase-js/src/SupabaseClient.ts:284:21)
    at createClient (/Users/yann/spx-app/node_modules/@supabase/supabase-js/src/index.ts:65:10)
    at loadV17Company (/Users/yann/spx-app/src/lib/company-core/load-company.ts:1675:18)
    at async auditTicker (/Users/yann/spx-app/scripts/audit-pages-full.ts:51:19)
    at async main (/Users/yann/spx-app/scripts/audit-pages-full.ts:153:17)
image_findings merge failed for AMZN: Error: supabaseUrl is required.
    at validateSupabaseUrl (/Users/yann/spx-app/node_modules/@supabase/supabase-js/src/lib/helpers.ts:86:11)
    at new SupabaseClient (/Users/yann/spx-app/node_modules/@supabase/supabase-js/src/SupabaseClient.ts:284:21)
    at createClient (/Users/yann/spx-app/node_modules/@supabase/supabase-js/src/index.ts:65:10)
    at admin (/Users/yann/spx-app/src/lib/desk/image-findings.ts:118:10)
    at listApprovedForTicker (/Users/yann/spx-app/src/lib/desk/image-findings.ts:222:16)
    at loadV17Company (/Users/yann/spx-app/src/lib/company-core/load-company.ts:1738:30)
    at async auditTicker (/Users/yann/spx-app/scripts/audit-pages-full.ts:51:19)
    at async main (/Users/yann/spx-app/scripts/audit-pages-full.ts:153:17)
[hero-kpi-overrides] refetch failed, using stale cache Error: SUPABASE_SERVICE_ROLE_KEY manquante — vérifier .env.local
    at createSupabaseAdminClient (/Users/yann/spx-app/src/lib/supabase/admin.ts:16:11)
    at fetchAll (/Users/yann/spx-app/src/lib/company-core/hero-kpi-overrides.ts:31:20)
    at getHeroKpiOverride (/Users/yann/spx-app/src/lib/company-core/hero-kpi-overrides.ts:58:21)
    at loadV17Company (/Users/yann/spx-app/src/lib/company-core/load-company.ts:2731:28)
    at async auditTicker (/Users/yann/spx-app/scripts/audit-pages-full.ts:51:19)
    at async main (/Users/yann/spx-app/scripts/audit-pages-full.ts:153:17)
special_kpis merge failed for AOS: Error: supabaseUrl is required.
    at validateSupabaseUrl (/Users/yann/spx-app/node_modules/@supabase/supabase-js/src/lib/helpers.ts:86:11)
    at new SupabaseClient (/Users/yann/spx-app/node_modules/@supabase/supabase-js/src/SupabaseClient.ts:284:21)
    at createClient (/Users/yann/spx-app/node_modules/@supabase/supabase-js/src/index.ts:65:10)
    at admin (/Users/yann/spx-app/src/lib/desk/special-kpis.ts:107:10)
    at listPublishedForTicker (/Users/yann/spx-app/src/lib/desk/special-kpis.ts:130:16)
    at loadV17Company (/Users/yann/spx-app/src/lib/company-core/load-company.ts:1611:30)
    at async auditTicker (/Users/yann/spx-app/scripts/audit-pages-full.ts:51:19)
    at async main (/Users/yann/spx-app/scripts/audit-pages-full.ts:153:17)
kpi_requests merge failed for AOS: Error: supabaseUrl is required.
    at validateSupabaseUrl (/Users/yann/spx-app/node_modules/@supabase/supabase-js/src/lib/helpers.ts:86:11)
    at new SupabaseClient (/Users/yann/spx-app/node_modules/@supabase/supabase-js/src/SupabaseClient.ts:284:21)
    at createClient (/Users/yann/spx-app/node_modules/@supabase/supabase-js/src/index.ts:65:10)
    at loadV17Company (/Users/yann/spx-app/src/lib/company-core/load-company.ts:1675:18)
    at async auditTicker (/Users/yann/spx-app/scripts/audit-pages-full.ts:51:19)
    at async main (/Users/yann/spx-app/scripts/audit-pages-full.ts:153:17)
image_findings merge failed for AOS: Error: supabaseUrl is required.
    at validateSupabaseUrl (/Users/yann/spx-app/node_modules/@supabase/supabase-js/src/lib/helpers.ts:86:11)
    at new SupabaseClient (/Users/yann/spx-app/node_modules/@supabase/supabase-js/src/SupabaseClient.ts:284:21)
    at createClient (/Users/yann/spx-app/node_modules/@supabase/supabase-js/src/index.ts:65:10)
    at admin (/Users/yann/spx-app/src/lib/desk/image-findings.ts:118:10)
    at listApprovedForTicker (/Users/yann/spx-app/src/lib/desk/image-findings.ts:222:16)
    at loadV17Company (/Users/yann/spx-app/src/lib/company-core/load-company.ts:1738:30)
    at async auditTicker (/Users/yann/spx-app/scripts/audit-pages-full.ts:51:19)
    at async main (/Users/yann/spx-app/scripts/audit-pages-full.ts:153:17)
[hero-kpi-overrides] refetch failed, using stale cache Error: SUPABASE_SERVICE_ROLE_KEY manquante — vérifier .env.local
    at createSupabaseAdminClient (/Users/yann/spx-app/src/lib/supabase/admin.ts:16:11)
    at fetchAll (/Users/yann/spx-app/src/lib/company-core/hero-kpi-overrides.ts:31:20)
    at getHeroKpiOverride (/Users/yann/spx-app/src/lib/company-core/hero-kpi-overrides.ts:58:21)
    at loadV17Company (/Users/yann/spx-app/src/lib/company-core/load-company.ts:2731:28)
    at async auditTicker (/Users/yann/spx-app/scripts/audit-pages-full.ts:51:19)
    at async main (/Users/yann/spx-app/scripts/audit-pages-full.ts:153:17)
special_kpis merge failed for APD: Error: supabaseUrl is required.
    at validateSupabaseUrl (/Users/yann/spx-app/node_modules/@supabase/supabase-js/src/lib/helpers.ts:86:11)
    at new SupabaseClient (/Users/yann/spx-app/node_modules/@supabase/supabase-js/src/SupabaseClient.ts:284:21)
    at createClient (/Users/yann/spx-app/node_modules/@supabase/supabase-js/src/index.ts:65:10)
    at admin (/Users/yann/spx-app/src/lib/desk/special-kpis.ts:107:10)
    at listPublishedForTicker (/Users/yann/spx-app/src/lib/desk/special-kpis.ts:130:16)
    at loadV17Company (/Users/yann/spx-app/src/lib/company-core/load-company.ts:1611:30)
    at async auditTicker (/Users/yann/spx-app/scripts/audit-pages-full.ts:51:19)
    at async main (/Users/yann/spx-app/scripts/audit-pages-full.ts:153:17)
kpi_requests merge failed for APD: Error: supabaseUrl is required.
    at validateSupabaseUrl (/Users/yann/spx-app/node_modules/@supabase/supabase-js/src/lib/helpers.ts:86:11)
    at new SupabaseClient (/Users/yann/spx-app/node_modules/@supabase/supabase-js/src/SupabaseClient.ts:284:21)
    at createClient (/Users/yann/spx-app/node_modules/@supabase/supabase-js/src/index.ts:65:10)
    at loadV17Company (/Users/yann/spx-app/src/lib/company-core/load-company.ts:1675:18)
    at async auditTicker (/Users/yann/spx-app/scripts/audit-pages-full.ts:51:19)
    at async main (/Users/yann/spx-app/scripts/audit-pages-full.ts:153:17)
image_findings merge failed for APD: Error: supabaseUrl is required.
    at validateSupabaseUrl (/Users/yann/spx-app/node_modules/@supabase/supabase-js/src/lib/helpers.ts:86:11)
    at new SupabaseClient (/Users/yann/spx-app/node_modules/@supabase/supabase-js/src/SupabaseClient.ts:284:21)
    at createClient (/Users/yann/spx-app/node_modules/@supabase/supabase-js/src/index.ts:65:10)
    at admin (/Users/yann/spx-app/src/lib/desk/image-findings.ts:118:10)
    at listApprovedForTicker (/Users/yann/spx-app/src/lib/desk/image-findings.ts:222:16)
    at loadV17Company (/Users/yann/spx-app/src/lib/company-core/load-company.ts:1738:30)
    at async auditTicker (/Users/yann/spx-app/scripts/audit-pages-full.ts:51:19)
    at async main (/Users/yann/spx-app/scripts/audit-pages-full.ts:153:17)
[hero-kpi-overrides] refetch failed, using stale cache Error: SUPABASE_SERVICE_ROLE_KEY manquante — vérifier .env.local
    at createSupabaseAdminClient (/Users/yann/spx-app/src/lib/supabase/admin.ts:16:11)
    at fetchAll (/Users/yann/spx-app/src/lib/company-core/hero-kpi-overrides.ts:31:20)
    at getHeroKpiOverride (/Users/yann/spx-app/src/lib/company-core/hero-kpi-overrides.ts:58:21)
    at loadV17Company (/Users/yann/spx-app/src/lib/company-core/load-company.ts:2731:28)
    at async auditTicker (/Users/yann/spx-app/scripts/audit-pages-full.ts:51:19)
    at async main (/Users/yann/spx-app/scripts/audit-pages-full.ts:153:17)
special_kpis merge failed for AVB: Error: supabaseUrl is required.
    at validateSupabaseUrl (/Users/yann/spx-app/node_modules/@supabase/supabase-js/src/lib/helpers.ts:86:11)
    at new SupabaseClient (/Users/yann/spx-app/node_modules/@supabase/supabase-js/src/SupabaseClient.ts:284:21)
    at createClient (/Users/yann/spx-app/node_modules/@supabase/supabase-js/src/index.ts:65:10)
    at admin (/Users/yann/spx-app/src/lib/desk/special-kpis.ts:107:10)
    at listPublishedForTicker (/Users/yann/spx-app/src/lib/desk/special-kpis.ts:130:16)
    at loadV17Company (/Users/yann/spx-app/src/lib/company-core/load-company.ts:1611:30)
    at async auditTicker (/Users/yann/spx-app/scripts/audit-pages-full.ts:51:19)
    at async main (/Users/yann/spx-app/scripts/audit-pages-full.ts:153:17)
kpi_requests merge failed for AVB: Error: supabaseUrl is required.
    at validateSupabaseUrl (/Users/yann/spx-app/node_modules/@supabase/supabase-js/src/lib/helpers.ts:86:11)
    at new SupabaseClient (/Users/yann/spx-app/node_modules/@supabase/supabase-js/src/SupabaseClient.ts:284:21)
    at createClient (/Users/yann/spx-app/node_modules/@supabase/supabase-js/src/index.ts:65:10)
    at loadV17Company (/Users/yann/spx-app/src/lib/company-core/load-company.ts:1675:18)
    at async auditTicker (/Users/yann/spx-app/scripts/audit-pages-full.ts:51:19)
    at async main (/Users/yann/spx-app/scripts/audit-pages-full.ts:153:17)
image_findings merge failed for AVB: Error: supabaseUrl is required.
    at validateSupabaseUrl (/Users/yann/spx-app/node_modules/@supabase/supabase-js/src/lib/helpers.ts:86:11)
    at new SupabaseClient (/Users/yann/spx-app/node_modules/@supabase/supabase-js/src/SupabaseClient.ts:284:21)
    at createClient (/Users/yann/spx-app/node_modules/@supabase/supabase-js/src/index.ts:65:10)
    at admin (/Users/yann/spx-app/src/lib/desk/image-findings.ts:118:10)
    at listApprovedForTicker (/Users/yann/spx-app/src/lib/desk/image-findings.ts:222:16)
    at loadV17Company (/Users/yann/spx-app/src/lib/company-core/load-company.ts:1738:30)
    at async auditTicker (/Users/yann/spx-app/scripts/audit-pages-full.ts:51:19)
    at async main (/Users/yann/spx-app/scripts/audit-pages-full.ts:153:17)
[hero-kpi-overrides] refetch failed, using stale cache Error: SUPABASE_SERVICE_ROLE_KEY manquante — vérifier .env.local
    at createSupabaseAdminClient (/Users/yann/spx-app/src/lib/supabase/admin.ts:16:11)
    at fetchAll (/Users/yann/spx-app/src/lib/company-core/hero-kpi-overrides.ts:31:20)
    at getHeroKpiOverride (/Users/yann/spx-app/src/lib/company-core/hero-kpi-overrides.ts:58:21)
    at loadV17Company (/Users/yann/spx-app/src/lib/company-core/load-company.ts:2731:28)
    at async auditTicker (/Users/yann/spx-app/scripts/audit-pages-full.ts:51:19)
    at async main (/Users/yann/spx-app/scripts/audit-pages-full.ts:153:17)
special_kpis merge failed for AVY: Error: supabaseUrl is required.
    at validateSupabaseUrl (/Users/yann/spx-app/node_modules/@supabase/supabase-js/src/lib/helpers.ts:86:11)
    at new SupabaseClient (/Users/yann/spx-app/node_modules/@supabase/supabase-js/src/SupabaseClient.ts:284:21)
    at createClient (/Users/yann/spx-app/node_modules/@supabase/supabase-js/src/index.ts:65:10)
    at admin (/Users/yann/spx-app/src/lib/desk/special-kpis.ts:107:10)
    at listPublishedForTicker (/Users/yann/spx-app/src/lib/desk/special-kpis.ts:130:16)
    at loadV17Company (/Users/yann/spx-app/src/lib/company-core/load-company.ts:1611:30)
    at async auditTicker (/Users/yann/spx-app/scripts/audit-pages-full.ts:51:19)
    at async main (/Users/yann/spx-app/scripts/audit-pages-full.ts:153:17)
kpi_requests merge failed for AVY: Error: supabaseUrl is required.
    at validateSupabaseUrl (/Users/yann/spx-app/node_modules/@supabase/supabase-js/src/lib/helpers.ts:86:11)
    at new SupabaseClient (/Users/yann/spx-app/node_modules/@supabase/supabase-js/src/SupabaseClient.ts:284:21)
    at createClient (/Users/yann/spx-app/node_modules/@supabase/supabase-js/src/index.ts:65:10)
    at loadV17Company (/Users/yann/spx-app/src/lib/company-core/load-company.ts:1675:18)
    at async auditTicker (/Users/yann/spx-app/scripts/audit-pages-full.ts:51:19)
    at async main (/Users/yann/spx-app/scripts/audit-pages-full.ts:153:17)
image_findings merge failed for AVY: Error: supabaseUrl is required.
    at validateSupabaseUrl (/Users/yann/spx-app/node_modules/@supabase/supabase-js/src/lib/helpers.ts:86:11)
    at new SupabaseClient (/Users/yann/spx-app/node_modules/@supabase/supabase-js/src/SupabaseClient.ts:284:21)
    at createClient (/Users/yann/spx-app/node_modules/@supabase/supabase-js/src/index.ts:65:10)
    at admin (/Users/yann/spx-app/src/lib/desk/image-findings.ts:118:10)
    at listApprovedForTicker (/Users/yann/spx-app/src/lib/desk/image-findings.ts:222:16)
    at loadV17Company (/Users/yann/spx-app/src/lib/company-core/load-company.ts:1738:30)
    at async auditTicker (/Users/yann/spx-app/scripts/audit-pages-full.ts:51:19)
    at async main (/Users/yann/spx-app/scripts/audit-pages-full.ts:153:17)
[hero-kpi-overrides] refetch failed, using stale cache Error: SUPABASE_SERVICE_ROLE_KEY manquante — vérifier .env.local
    at createSupabaseAdminClient (/Users/yann/spx-app/src/lib/supabase/admin.ts:16:11)
    at fetchAll (/Users/yann/spx-app/src/lib/company-core/hero-kpi-overrides.ts:31:20)
    at getHeroKpiOverride (/Users/yann/spx-app/src/lib/company-core/hero-kpi-overrides.ts:58:21)
    at loadV17Company (/Users/yann/spx-app/src/lib/company-core/load-company.ts:2731:28)
    at async auditTicker (/Users/yann/spx-app/scripts/audit-pages-full.ts:51:19)
    at async main (/Users/yann/spx-app/scripts/audit-pages-full.ts:153:17)
special_kpis merge failed for BAX: Error: supabaseUrl is required.
    at validateSupabaseUrl (/Users/yann/spx-app/node_modules/@supabase/supabase-js/src/lib/helpers.ts:86:11)
    at new SupabaseClient (/Users/yann/spx-app/node_modules/@supabase/supabase-js/src/SupabaseClient.ts:284:21)
    at createClient (/Users/yann/spx-app/node_modules/@supabase/supabase-js/src/index.ts:65:10)
    at admin (/Users/yann/spx-app/src/lib/desk/special-kpis.ts:107:10)
    at listPublishedForTicker (/Users/yann/spx-app/src/lib/desk/special-kpis.ts:130:16)
    at loadV17Company (/Users/yann/spx-app/src/lib/company-core/load-company.ts:1611:30)
    at async auditTicker (/Users/yann/spx-app/scripts/audit-pages-full.ts:51:19)
    at async main (/Users/yann/spx-app/scripts/audit-pages-full.ts:153:17)
kpi_requests merge failed for BAX: Error: supabaseUrl is required.
    at validateSupabaseUrl (/Users/yann/spx-app/node_modules/@supabase/supabase-js/src/lib/helpers.ts:86:11)
    at new SupabaseClient (/Users/yann/spx-app/node_modules/@supabase/supabase-js/src/SupabaseClient.ts:284:21)
    at createClient (/Users/yann/spx-app/node_modules/@supabase/supabase-js/src/index.ts:65:10)
    at loadV17Company (/Users/yann/spx-app/src/lib/company-core/load-company.ts:1675:18)
    at async auditTicker (/Users/yann/spx-app/scripts/audit-pages-full.ts:51:19)
    at async main (/Users/yann/spx-app/scripts/audit-pages-full.ts:153:17)
image_findings merge failed for BAX: Error: supabaseUrl is required.
    at validateSupabaseUrl (/Users/yann/spx-app/node_modules/@supabase/supabase-js/src/lib/helpers.ts:86:11)
    at new SupabaseClient (/Users/yann/spx-app/node_modules/@supabase/supabase-js/src/SupabaseClient.ts:284:21)
    at createClient (/Users/yann/spx-app/node_modules/@supabase/supabase-js/src/index.ts:65:10)
    at admin (/Users/yann/spx-app/src/lib/desk/image-findings.ts:118:10)
    at listApprovedForTicker (/Users/yann/spx-app/src/lib/desk/image-findings.ts:222:16)
    at loadV17Company (/Users/yann/spx-app/src/lib/company-core/load-company.ts:1738:30)
    at async auditTicker (/Users/yann/spx-app/scripts/audit-pages-full.ts:51:19)
    at async main (/Users/yann/spx-app/scripts/audit-pages-full.ts:153:17)
[hero-kpi-overrides] refetch failed, using stale cache Error: SUPABASE_SERVICE_ROLE_KEY manquante — vérifier .env.local
    at createSupabaseAdminClient (/Users/yann/spx-app/src/lib/supabase/admin.ts:16:11)
    at fetchAll (/Users/yann/spx-app/src/lib/company-core/hero-kpi-overrides.ts:31:20)
    at getHeroKpiOverride (/Users/yann/spx-app/src/lib/company-core/hero-kpi-overrides.ts:58:21)
    at loadV17Company (/Users/yann/spx-app/src/lib/company-core/load-company.ts:2731:28)
    at async auditTicker (/Users/yann/spx-app/scripts/audit-pages-full.ts:51:19)
    at async main (/Users/yann/spx-app/scripts/audit-pages-full.ts:153:17)
special_kpis merge failed for BEN: Error: supabaseUrl is required.
    at validateSupabaseUrl (/Users/yann/spx-app/node_modules/@supabase/supabase-js/src/lib/helpers.ts:86:11)
    at new SupabaseClient (/Users/yann/spx-app/node_modules/@supabase/supabase-js/src/SupabaseClient.ts:284:21)
    at createClient (/Users/yann/spx-app/node_modules/@supabase/supabase-js/src/index.ts:65:10)
    at admin (/Users/yann/spx-app/src/lib/desk/special-kpis.ts:107:10)
    at listPublishedForTicker (/Users/yann/spx-app/src/lib/desk/special-kpis.ts:130:16)
    at loadV17Company (/Users/yann/spx-app/src/lib/company-core/load-company.ts:1611:30)
    at async auditTicker (/Users/yann/spx-app/scripts/audit-pages-full.ts:51:19)
    at async main (/Users/yann/spx-app/scripts/audit-pages-full.ts:153:17)
kpi_requests merge failed for BEN: Error: supabaseUrl is required.
    at validateSupabaseUrl (/Users/yann/spx-app/node_modules/@supabase/supabase-js/src/lib/helpers.ts:86:11)
    at new SupabaseClient (/Users/yann/spx-app/node_modules/@supabase/supabase-js/src/SupabaseClient.ts:284:21)
    at createClient (/Users/yann/spx-app/node_modules/@supabase/supabase-js/src/index.ts:65:10)
    at loadV17Company (/Users/yann/spx-app/src/lib/company-core/load-company.ts:1675:18)
    at async auditTicker (/Users/yann/spx-app/scripts/audit-pages-full.ts:51:19)
    at async main (/Users/yann/spx-app/scripts/audit-pages-full.ts:153:17)
image_findings merge failed for BEN: Error: supabaseUrl is required.
    at validateSupabaseUrl (/Users/yann/spx-app/node_modules/@supabase/supabase-js/src/lib/helpers.ts:86:11)
    at new SupabaseClient (/Users/yann/spx-app/node_modules/@supabase/supabase-js/src/SupabaseClient.ts:284:21)
    at createClient (/Users/yann/spx-app/node_modules/@supabase/supabase-js/src/index.ts:65:10)
    at admin (/Users/yann/spx-app/src/lib/desk/image-findings.ts:118:10)
    at listApprovedForTicker (/Users/yann/spx-app/src/lib/desk/image-findings.ts:222:16)
    at loadV17Company (/Users/yann/spx-app/src/lib/company-core/load-company.ts:1738:30)
    at async auditTicker (/Users/yann/spx-app/scripts/audit-pages-full.ts:51:19)
    at async main (/Users/yann/spx-app/scripts/audit-pages-full.ts:153:17)
[hero-kpi-overrides] refetch failed, using stale cache Error: SUPABASE_SERVICE_ROLE_KEY manquante — vérifier .env.local
    at createSupabaseAdminClient (/Users/yann/spx-app/src/lib/supabase/admin.ts:16:11)
    at fetchAll (/Users/yann/spx-app/src/lib/company-core/hero-kpi-overrides.ts:31:20)
    at getHeroKpiOverride (/Users/yann/spx-app/src/lib/company-core/hero-kpi-overrides.ts:58:21)
    at loadV17Company (/Users/yann/spx-app/src/lib/company-core/load-company.ts:2731:28)
    at async auditTicker (/Users/yann/spx-app/scripts/audit-pages-full.ts:51:19)
    at async main (/Users/yann/spx-app/scripts/audit-pages-full.ts:153:17)
special_kpis merge failed for BLDR: Error: supabaseUrl is required.
    at validateSupabaseUrl (/Users/yann/spx-app/node_modules/@supabase/supabase-js/src/lib/helpers.ts:86:11)
    at new SupabaseClient (/Users/yann/spx-app/node_modules/@supabase/supabase-js/src/SupabaseClient.ts:284:21)
    at createClient (/Users/yann/spx-app/node_modules/@supabase/supabase-js/src/index.ts:65:10)
    at admin (/Users/yann/spx-app/src/lib/desk/special-kpis.ts:107:10)
    at listPublishedForTicker (/Users/yann/spx-app/src/lib/desk/special-kpis.ts:130:16)
    at loadV17Company (/Users/yann/spx-app/src/lib/company-core/load-company.ts:1611:30)
    at async auditTicker (/Users/yann/spx-app/scripts/audit-pages-full.ts:51:19)
    at async main (/Users/yann/spx-app/scripts/audit-pages-full.ts:153:17)
kpi_requests merge failed for BLDR: Error: supabaseUrl is required.
    at validateSupabaseUrl (/Users/yann/spx-app/node_modules/@supabase/supabase-js/src/lib/helpers.ts:86:11)
    at new SupabaseClient (/Users/yann/spx-app/node_modules/@supabase/supabase-js/src/SupabaseClient.ts:284:21)
    at createClient (/Users/yann/spx-app/node_modules/@supabase/supabase-js/src/index.ts:65:10)
    at loadV17Company (/Users/yann/spx-app/src/lib/company-core/load-company.ts:1675:18)
    at async auditTicker (/Users/yann/spx-app/scripts/audit-pages-full.ts:51:19)
    at async main (/Users/yann/spx-app/scripts/audit-pages-full.ts:153:17)
image_findings merge failed for BLDR: Error: supabaseUrl is required.
    at validateSupabaseUrl (/Users/yann/spx-app/node_modules/@supabase/supabase-js/src/lib/helpers.ts:86:11)
    at new SupabaseClient (/Users/yann/spx-app/node_modules/@supabase/supabase-js/src/SupabaseClient.ts:284:21)
    at createClient (/Users/yann/spx-app/node_modules/@supabase/supabase-js/src/index.ts:65:10)
    at admin (/Users/yann/spx-app/src/lib/desk/image-findings.ts:118:10)
    at listApprovedForTicker (/Users/yann/spx-app/src/lib/desk/image-findings.ts:222:16)
    at loadV17Company (/Users/yann/spx-app/src/lib/company-core/load-company.ts:1738:30)
    at async auditTicker (/Users/yann/spx-app/scripts/audit-pages-full.ts:51:19)
    at async main (/Users/yann/spx-app/scripts/audit-pages-full.ts:153:17)
[hero-kpi-overrides] refetch failed, using stale cache Error: SUPABASE_SERVICE_ROLE_KEY manquante — vérifier .env.local
    at createSupabaseAdminClient (/Users/yann/spx-app/src/lib/supabase/admin.ts:16:11)
    at fetchAll (/Users/yann/spx-app/src/lib/company-core/hero-kpi-overrides.ts:31:20)
    at getHeroKpiOverride (/Users/yann/spx-app/src/lib/company-core/hero-kpi-overrides.ts:58:21)
    at loadV17Company (/Users/yann/spx-app/src/lib/company-core/load-company.ts:2731:28)
    at async auditTicker (/Users/yann/spx-app/scripts/audit-pages-full.ts:51:19)
    at async main (/Users/yann/spx-app/scripts/audit-pages-full.ts:153:17)
special_kpis merge failed for BMY: Error: supabaseUrl is required.
    at validateSupabaseUrl (/Users/yann/spx-app/node_modules/@supabase/supabase-js/src/lib/helpers.ts:86:11)
    at new SupabaseClient (/Users/yann/spx-app/node_modules/@supabase/supabase-js/src/SupabaseClient.ts:284:21)
    at createClient (/Users/yann/spx-app/node_modules/@supabase/supabase-js/src/index.ts:65:10)
    at admin (/Users/yann/spx-app/src/lib/desk/special-kpis.ts:107:10)
    at listPublishedForTicker (/Users/yann/spx-app/src/lib/desk/special-kpis.ts:130:16)
    at loadV17Company (/Users/yann/spx-app/src/lib/company-core/load-company.ts:1611:30)
    at async auditTicker (/Users/yann/spx-app/scripts/audit-pages-full.ts:51:19)
    at async main (/Users/yann/spx-app/scripts/audit-pages-full.ts:153:17)
kpi_requests merge failed for BMY: Error: supabaseUrl is required.
    at validateSupabaseUrl (/Users/yann/spx-app/node_modules/@supabase/supabase-js/src/lib/helpers.ts:86:11)
    at new SupabaseClient (/Users/yann/spx-app/node_modules/@supabase/supabase-js/src/SupabaseClient.ts:284:21)
    at createClient (/Users/yann/spx-app/node_modules/@supabase/supabase-js/src/index.ts:65:10)
    at loadV17Company (/Users/yann/spx-app/src/lib/company-core/load-company.ts:1675:18)
    at async auditTicker (/Users/yann/spx-app/scripts/audit-pages-full.ts:51:19)
    at async main (/Users/yann/spx-app/scripts/audit-pages-full.ts:153:17)
image_findings merge failed for BMY: Error: supabaseUrl is required.
    at validateSupabaseUrl (/Users/yann/spx-app/node_modules/@supabase/supabase-js/src/lib/helpers.ts:86:11)
    at new SupabaseClient (/Users/yann/spx-app/node_modules/@supabase/supabase-js/src/SupabaseClient.ts:284:21)
    at createClient (/Users/yann/spx-app/node_modules/@supabase/supabase-js/src/index.ts:65:10)
    at admin (/Users/yann/spx-app/src/lib/desk/image-findings.ts:118:10)
    at listApprovedForTicker (/Users/yann/spx-app/src/lib/desk/image-findings.ts:222:16)
    at loadV17Company (/Users/yann/spx-app/src/lib/company-core/load-company.ts:1738:30)
    at async auditTicker (/Users/yann/spx-app/scripts/audit-pages-full.ts:51:19)
    at async main (/Users/yann/spx-app/scripts/audit-pages-full.ts:153:17)
[hero-kpi-overrides] refetch failed, using stale cache Error: SUPABASE_SERVICE_ROLE_KEY manquante — vérifier .env.local
    at createSupabaseAdminClient (/Users/yann/spx-app/src/lib/supabase/admin.ts:16:11)
    at fetchAll (/Users/yann/spx-app/src/lib/company-core/hero-kpi-overrides.ts:31:20)
    at getHeroKpiOverride (/Users/yann/spx-app/src/lib/company-core/hero-kpi-overrides.ts:58:21)
    at loadV17Company (/Users/yann/spx-app/src/lib/company-core/load-company.ts:2731:28)
    at async auditTicker (/Users/yann/spx-app/scripts/audit-pages-full.ts:51:19)
    at async main (/Users/yann/spx-app/scripts/audit-pages-full.ts:153:17)
special_kpis merge failed for CI: Error: supabaseUrl is required.
    at validateSupabaseUrl (/Users/yann/spx-app/node_modules/@supabase/supabase-js/src/lib/helpers.ts:86:11)
    at new SupabaseClient (/Users/yann/spx-app/node_modules/@supabase/supabase-js/src/SupabaseClient.ts:284:21)
    at createClient (/Users/yann/spx-app/node_modules/@supabase/supabase-js/src/index.ts:65:10)
    at admin (/Users/yann/spx-app/src/lib/desk/special-kpis.ts:107:10)
    at listPublishedForTicker (/Users/yann/spx-app/src/lib/desk/special-kpis.ts:130:16)
    at loadV17Company (/Users/yann/spx-app/src/lib/company-core/load-company.ts:1611:30)
    at async auditTicker (/Users/yann/spx-app/scripts/audit-pages-full.ts:51:19)
    at async main (/Users/yann/spx-app/scripts/audit-pages-full.ts:153:17)
kpi_requests merge failed for CI: Error: supabaseUrl is required.
    at validateSupabaseUrl (/Users/yann/spx-app/node_modules/@supabase/supabase-js/src/lib/helpers.ts:86:11)
    at new SupabaseClient (/Users/yann/spx-app/node_modules/@supabase/supabase-js/src/SupabaseClient.ts:284:21)
    at createClient (/Users/yann/spx-app/node_modules/@supabase/supabase-js/src/index.ts:65:10)
    at loadV17Company (/Users/yann/spx-app/src/lib/company-core/load-company.ts:1675:18)
    at async auditTicker (/Users/yann/spx-app/scripts/audit-pages-full.ts:51:19)
    at async main (/Users/yann/spx-app/scripts/audit-pages-full.ts:153:17)
image_findings merge failed for CI: Error: supabaseUrl is required.
    at validateSupabaseUrl (/Users/yann/spx-app/node_modules/@supabase/supabase-js/src/lib/helpers.ts:86:11)
    at new SupabaseClient (/Users/yann/spx-app/node_modules/@supabase/supabase-js/src/SupabaseClient.ts:284:21)
    at createClient (/Users/yann/spx-app/node_modules/@supabase/supabase-js/src/index.ts:65:10)
    at admin (/Users/yann/spx-app/src/lib/desk/image-findings.ts:118:10)
    at listApprovedForTicker (/Users/yann/spx-app/src/lib/desk/image-findings.ts:222:16)
    at loadV17Company (/Users/yann/spx-app/src/lib/company-core/load-company.ts:1738:30)
    at async auditTicker (/Users/yann/spx-app/scripts/audit-pages-full.ts:51:19)
    at async main (/Users/yann/spx-app/scripts/audit-pages-full.ts:153:17)
[hero-kpi-overrides] refetch failed, using stale cache Error: SUPABASE_SERVICE_ROLE_KEY manquante — vérifier .env.local
    at createSupabaseAdminClient (/Users/yann/spx-app/src/lib/supabase/admin.ts:16:11)
    at fetchAll (/Users/yann/spx-app/src/lib/company-core/hero-kpi-overrides.ts:31:20)
    at getHeroKpiOverride (/Users/yann/spx-app/src/lib/company-core/hero-kpi-overrides.ts:58:21)
    at loadV17Company (/Users/yann/spx-app/src/lib/company-core/load-company.ts:2731:28)
    at async auditTicker (/Users/yann/spx-app/scripts/audit-pages-full.ts:51:19)
    at async main (/Users/yann/spx-app/scripts/audit-pages-full.ts:153:17)
special_kpis merge failed for CMCSA: Error: supabaseUrl is required.
    at validateSupabaseUrl (/Users/yann/spx-app/node_modules/@supabase/supabase-js/src/lib/helpers.ts:86:11)
    at new SupabaseClient (/Users/yann/spx-app/node_modules/@supabase/supabase-js/src/SupabaseClient.ts:284:21)
    at createClient (/Users/yann/spx-app/node_modules/@supabase/supabase-js/src/index.ts:65:10)
    at admin (/Users/yann/spx-app/src/lib/desk/special-kpis.ts:107:10)
    at listPublishedForTicker (/Users/yann/spx-app/src/lib/desk/special-kpis.ts:130:16)
    at loadV17Company (/Users/yann/spx-app/src/lib/company-core/load-company.ts:1611:30)
    at async auditTicker (/Users/yann/spx-app/scripts/audit-pages-full.ts:51:19)
    at async main (/Users/yann/spx-app/scripts/audit-pages-full.ts:153:17)
kpi_requests merge failed for CMCSA: Error: supabaseUrl is required.
    at validateSupabaseUrl (/Users/yann/spx-app/node_modules/@supabase/supabase-js/src/lib/helpers.ts:86:11)
    at new SupabaseClient (/Users/yann/spx-app/node_modules/@supabase/supabase-js/src/SupabaseClient.ts:284:21)
    at createClient (/Users/yann/spx-app/node_modules/@supabase/supabase-js/src/index.ts:65:10)
    at loadV17Company (/Users/yann/spx-app/src/lib/company-core/load-company.ts:1675:18)
    at async auditTicker (/Users/yann/spx-app/scripts/audit-pages-full.ts:51:19)
    at async main (/Users/yann/spx-app/scripts/audit-pages-full.ts:153:17)
image_findings merge failed for CMCSA: Error: supabaseUrl is required.
    at validateSupabaseUrl (/Users/yann/spx-app/node_modules/@supabase/supabase-js/src/lib/helpers.ts:86:11)
    at new SupabaseClient (/Users/yann/spx-app/node_modules/@supabase/supabase-js/src/SupabaseClient.ts:284:21)
    at createClient (/Users/yann/spx-app/node_modules/@supabase/supabase-js/src/index.ts:65:10)
    at admin (/Users/yann/spx-app/src/lib/desk/image-findings.ts:118:10)
    at listApprovedForTicker (/Users/yann/spx-app/src/lib/desk/image-findings.ts:222:16)
    at loadV17Company (/Users/yann/spx-app/src/lib/company-core/load-company.ts:1738:30)
    at async auditTicker (/Users/yann/spx-app/scripts/audit-pages-full.ts:51:19)
    at async main (/Users/yann/spx-app/scripts/audit-pages-full.ts:153:17)
[hero-kpi-overrides] refetch failed, using stale cache Error: SUPABASE_SERVICE_ROLE_KEY manquante — vérifier .env.local
    at createSupabaseAdminClient (/Users/yann/spx-app/src/lib/supabase/admin.ts:16:11)
    at fetchAll (/Users/yann/spx-app/src/lib/company-core/hero-kpi-overrides.ts:31:20)
    at getHeroKpiOverride (/Users/yann/spx-app/src/lib/company-core/hero-kpi-overrides.ts:58:21)
    at loadV17Company (/Users/yann/spx-app/src/lib/company-core/load-company.ts:2731:28)
    at async auditTicker (/Users/yann/spx-app/scripts/audit-pages-full.ts:51:19)
    at async main (/Users/yann/spx-app/scripts/audit-pages-full.ts:153:17)
special_kpis merge failed for CNP: Error: supabaseUrl is required.
    at validateSupabaseUrl (/Users/yann/spx-app/node_modules/@supabase/supabase-js/src/lib/helpers.ts:86:11)
    at new SupabaseClient (/Users/yann/spx-app/node_modules/@supabase/supabase-js/src/SupabaseClient.ts:284:21)
    at createClient (/Users/yann/spx-app/node_modules/@supabase/supabase-js/src/index.ts:65:10)
    at admin (/Users/yann/spx-app/src/lib/desk/special-kpis.ts:107:10)
    at listPublishedForTicker (/Users/yann/spx-app/src/lib/desk/special-kpis.ts:130:16)
    at loadV17Company (/Users/yann/spx-app/src/lib/company-core/load-company.ts:1611:30)
    at async auditTicker (/Users/yann/spx-app/scripts/audit-pages-full.ts:51:19)
    at async main (/Users/yann/spx-app/scripts/audit-pages-full.ts:153:17)
kpi_requests merge failed for CNP: Error: supabaseUrl is required.
    at validateSupabaseUrl (/Users/yann/spx-app/node_modules/@supabase/supabase-js/src/lib/helpers.ts:86:11)
    at new SupabaseClient (/Users/yann/spx-app/node_modules/@supabase/supabase-js/src/SupabaseClient.ts:284:21)
    at createClient (/Users/yann/spx-app/node_modules/@supabase/supabase-js/src/index.ts:65:10)
    at loadV17Company (/Users/yann/spx-app/src/lib/company-core/load-company.ts:1675:18)
    at async auditTicker (/Users/yann/spx-app/scripts/audit-pages-full.ts:51:19)
    at async main (/Users/yann/spx-app/scripts/audit-pages-full.ts:153:17)
image_findings merge failed for CNP: Error: supabaseUrl is required.
    at validateSupabaseUrl (/Users/yann/spx-app/node_modules/@supabase/supabase-js/src/lib/helpers.ts:86:11)
    at new SupabaseClient (/Users/yann/spx-app/node_modules/@supabase/supabase-js/src/SupabaseClient.ts:284:21)
    at createClient (/Users/yann/spx-app/node_modules/@supabase/supabase-js/src/index.ts:65:10)
    at admin (/Users/yann/spx-app/src/lib/desk/image-findings.ts:118:10)
    at listApprovedForTicker (/Users/yann/spx-app/src/lib/desk/image-findings.ts:222:16)
    at loadV17Company (/Users/yann/spx-app/src/lib/company-core/load-company.ts:1738:30)
    at async auditTicker (/Users/yann/spx-app/scripts/audit-pages-full.ts:51:19)
    at async main (/Users/yann/spx-app/scripts/audit-pages-full.ts:153:17)
[hero-kpi-overrides] refetch failed, using stale cache Error: SUPABASE_SERVICE_ROLE_KEY manquante — vérifier .env.local
    at createSupabaseAdminClient (/Users/yann/spx-app/src/lib/supabase/admin.ts:16:11)
    at fetchAll (/Users/yann/spx-app/src/lib/company-core/hero-kpi-overrides.ts:31:20)
    at getHeroKpiOverride (/Users/yann/spx-app/src/lib/company-core/hero-kpi-overrides.ts:58:21)
    at loadV17Company (/Users/yann/spx-app/src/lib/company-core/load-company.ts:2731:28)
    at async auditTicker (/Users/yann/spx-app/scripts/audit-pages-full.ts:51:19)
    at async main (/Users/yann/spx-app/scripts/audit-pages-full.ts:153:17)
special_kpis merge failed for COIN: Error: supabaseUrl is required.
    at validateSupabaseUrl (/Users/yann/spx-app/node_modules/@supabase/supabase-js/src/lib/helpers.ts:86:11)
    at new SupabaseClient (/Users/yann/spx-app/node_modules/@supabase/supabase-js/src/SupabaseClient.ts:284:21)
    at createClient (/Users/yann/spx-app/node_modules/@supabase/supabase-js/src/index.ts:65:10)
    at admin (/Users/yann/spx-app/src/lib/desk/special-kpis.ts:107:10)
    at listPublishedForTicker (/Users/yann/spx-app/src/lib/desk/special-kpis.ts:130:16)
    at loadV17Company (/Users/yann/spx-app/src/lib/company-core/load-company.ts:1611:30)
    at async auditTicker (/Users/yann/spx-app/scripts/audit-pages-full.ts:51:19)
    at async main (/Users/yann/spx-app/scripts/audit-pages-full.ts:153:17)
kpi_requests merge failed for COIN: Error: supabaseUrl is required.
    at validateSupabaseUrl (/Users/yann/spx-app/node_modules/@supabase/supabase-js/src/lib/helpers.ts:86:11)
    at new SupabaseClient (/Users/yann/spx-app/node_modules/@supabase/supabase-js/src/SupabaseClient.ts:284:21)
    at createClient (/Users/yann/spx-app/node_modules/@supabase/supabase-js/src/index.ts:65:10)
    at loadV17Company (/Users/yann/spx-app/src/lib/company-core/load-company.ts:1675:18)
    at async auditTicker (/Users/yann/spx-app/scripts/audit-pages-full.ts:51:19)
    at async main (/Users/yann/spx-app/scripts/audit-pages-full.ts:153:17)
image_findings merge failed for COIN: Error: supabaseUrl is required.
    at validateSupabaseUrl (/Users/yann/spx-app/node_modules/@supabase/supabase-js/src/lib/helpers.ts:86:11)
    at new SupabaseClient (/Users/yann/spx-app/node_modules/@supabase/supabase-js/src/SupabaseClient.ts:284:21)
    at createClient (/Users/yann/spx-app/node_modules/@supabase/supabase-js/src/index.ts:65:10)
    at admin (/Users/yann/spx-app/src/lib/desk/image-findings.ts:118:10)
    at listApprovedForTicker (/Users/yann/spx-app/src/lib/desk/image-findings.ts:222:16)
    at loadV17Company (/Users/yann/spx-app/src/lib/company-core/load-company.ts:1738:30)
    at async auditTicker (/Users/yann/spx-app/scripts/audit-pages-full.ts:51:19)
    at async main (/Users/yann/spx-app/scripts/audit-pages-full.ts:153:17)
[hero-kpi-overrides] refetch failed, using stale cache Error: SUPABASE_SERVICE_ROLE_KEY manquante — vérifier .env.local
    at createSupabaseAdminClient (/Users/yann/spx-app/src/lib/supabase/admin.ts:16:11)
    at fetchAll (/Users/yann/spx-app/src/lib/company-core/hero-kpi-overrides.ts:31:20)
    at getHeroKpiOverride (/Users/yann/spx-app/src/lib/company-core/hero-kpi-overrides.ts:58:21)
    at loadV17Company (/Users/yann/spx-app/src/lib/company-core/load-company.ts:2731:28)
    at async auditTicker (/Users/yann/spx-app/scripts/audit-pages-full.ts:51:19)
    at async main (/Users/yann/spx-app/scripts/audit-pages-full.ts:153:17)
special_kpis merge failed for CPT: Error: supabaseUrl is required.
    at validateSupabaseUrl (/Users/yann/spx-app/node_modules/@supabase/supabase-js/src/lib/helpers.ts:86:11)
    at new SupabaseClient (/Users/yann/spx-app/node_modules/@supabase/supabase-js/src/SupabaseClient.ts:284:21)
    at createClient (/Users/yann/spx-app/node_modules/@supabase/supabase-js/src/index.ts:65:10)
    at admin (/Users/yann/spx-app/src/lib/desk/special-kpis.ts:107:10)
    at listPublishedForTicker (/Users/yann/spx-app/src/lib/desk/special-kpis.ts:130:16)
    at loadV17Company (/Users/yann/spx-app/src/lib/company-core/load-company.ts:1611:30)
    at async auditTicker (/Users/yann/spx-app/scripts/audit-pages-full.ts:51:19)
    at async main (/Users/yann/spx-app/scripts/audit-pages-full.ts:153:17)
kpi_requests merge failed for CPT: Error: supabaseUrl is required.
    at validateSupabaseUrl (/Users/yann/spx-app/node_modules/@supabase/supabase-js/src/lib/helpers.ts:86:11)
    at new SupabaseClient (/Users/yann/spx-app/node_modules/@supabase/supabase-js/src/SupabaseClient.ts:284:21)
    at createClient (/Users/yann/spx-app/node_modules/@supabase/supabase-js/src/index.ts:65:10)
    at loadV17Company (/Users/yann/spx-app/src/lib/company-core/load-company.ts:1675:18)
    at async auditTicker (/Users/yann/spx-app/scripts/audit-pages-full.ts:51:19)
    at async main (/Users/yann/spx-app/scripts/audit-pages-full.ts:153:17)
image_findings merge failed for CPT: Error: supabaseUrl is required.
    at validateSupabaseUrl (/Users/yann/spx-app/node_modules/@supabase/supabase-js/src/lib/helpers.ts:86:11)
    at new SupabaseClient (/Users/yann/spx-app/node_modules/@supabase/supabase-js/src/SupabaseClient.ts:284:21)
    at createClient (/Users/yann/spx-app/node_modules/@supabase/supabase-js/src/index.ts:65:10)
    at admin (/Users/yann/spx-app/src/lib/desk/image-findings.ts:118:10)
    at listApprovedForTicker (/Users/yann/spx-app/src/lib/desk/image-findings.ts:222:16)
    at loadV17Company (/Users/yann/spx-app/src/lib/company-core/load-company.ts:1738:30)
    at async auditTicker (/Users/yann/spx-app/scripts/audit-pages-full.ts:51:19)
    at async main (/Users/yann/spx-app/scripts/audit-pages-full.ts:153:17)
[hero-kpi-overrides] refetch failed, using stale cache Error: SUPABASE_SERVICE_ROLE_KEY manquante — vérifier .env.local
    at createSupabaseAdminClient (/Users/yann/spx-app/src/lib/supabase/admin.ts:16:11)
    at fetchAll (/Users/yann/spx-app/src/lib/company-core/hero-kpi-overrides.ts:31:20)
    at getHeroKpiOverride (/Users/yann/spx-app/src/lib/company-core/hero-kpi-overrides.ts:58:21)
    at loadV17Company (/Users/yann/spx-app/src/lib/company-core/load-company.ts:2731:28)
    at async auditTicker (/Users/yann/spx-app/scripts/audit-pages-full.ts:51:19)
    at async main (/Users/yann/spx-app/scripts/audit-pages-full.ts:153:17)
special_kpis merge failed for CRH: Error: supabaseUrl is required.
    at validateSupabaseUrl (/Users/yann/spx-app/node_modules/@supabase/supabase-js/src/lib/helpers.ts:86:11)
    at new SupabaseClient (/Users/yann/spx-app/node_modules/@supabase/supabase-js/src/SupabaseClient.ts:284:21)
    at createClient (/Users/yann/spx-app/node_modules/@supabase/supabase-js/src/index.ts:65:10)
    at admin (/Users/yann/spx-app/src/lib/desk/special-kpis.ts:107:10)
    at listPublishedForTicker (/Users/yann/spx-app/src/lib/desk/special-kpis.ts:130:16)
    at loadV17Company (/Users/yann/spx-app/src/lib/company-core/load-company.ts:1611:30)
    at async auditTicker (/Users/yann/spx-app/scripts/audit-pages-full.ts:51:19)
    at async main (/Users/yann/spx-app/scripts/audit-pages-full.ts:153:17)
kpi_requests merge failed for CRH: Error: supabaseUrl is required.
    at validateSupabaseUrl (/Users/yann/spx-app/node_modules/@supabase/supabase-js/src/lib/helpers.ts:86:11)
    at new SupabaseClient (/Users/yann/spx-app/node_modules/@supabase/supabase-js/src/SupabaseClient.ts:284:21)
    at createClient (/Users/yann/spx-app/node_modules/@supabase/supabase-js/src/index.ts:65:10)
    at loadV17Company (/Users/yann/spx-app/src/lib/company-core/load-company.ts:1675:18)
    at async auditTicker (/Users/yann/spx-app/scripts/audit-pages-full.ts:51:19)
    at async main (/Users/yann/spx-app/scripts/audit-pages-full.ts:153:17)
image_findings merge failed for CRH: Error: supabaseUrl is required.
    at validateSupabaseUrl (/Users/yann/spx-app/node_modules/@supabase/supabase-js/src/lib/helpers.ts:86:11)
    at new SupabaseClient (/Users/yann/spx-app/node_modules/@supabase/supabase-js/src/SupabaseClient.ts:284:21)
    at createClient (/Users/yann/spx-app/node_modules/@supabase/supabase-js/src/index.ts:65:10)
    at admin (/Users/yann/spx-app/src/lib/desk/image-findings.ts:118:10)
    at listApprovedForTicker (/Users/yann/spx-app/src/lib/desk/image-findings.ts:222:16)
    at loadV17Company (/Users/yann/spx-app/src/lib/company-core/load-company.ts:1738:30)
    at async auditTicker (/Users/yann/spx-app/scripts/audit-pages-full.ts:51:19)
    at async main (/Users/yann/spx-app/scripts/audit-pages-full.ts:153:17)
[hero-kpi-overrides] refetch failed, using stale cache Error: SUPABASE_SERVICE_ROLE_KEY manquante — vérifier .env.local
    at createSupabaseAdminClient (/Users/yann/spx-app/src/lib/supabase/admin.ts:16:11)
    at fetchAll (/Users/yann/spx-app/src/lib/company-core/hero-kpi-overrides.ts:31:20)
    at getHeroKpiOverride (/Users/yann/spx-app/src/lib/company-core/hero-kpi-overrides.ts:58:21)
    at loadV17Company (/Users/yann/spx-app/src/lib/company-core/load-company.ts:2731:28)
    at async auditTicker (/Users/yann/spx-app/scripts/audit-pages-full.ts:51:19)
    at async main (/Users/yann/spx-app/scripts/audit-pages-full.ts:153:17)
special_kpis merge failed for CTVA: Error: supabaseUrl is required.
    at validateSupabaseUrl (/Users/yann/spx-app/node_modules/@supabase/supabase-js/src/lib/helpers.ts:86:11)
    at new SupabaseClient (/Users/yann/spx-app/node_modules/@supabase/supabase-js/src/SupabaseClient.ts:284:21)
    at createClient (/Users/yann/spx-app/node_modules/@supabase/supabase-js/src/index.ts:65:10)
    at admin (/Users/yann/spx-app/src/lib/desk/special-kpis.ts:107:10)
    at listPublishedForTicker (/Users/yann/spx-app/src/lib/desk/special-kpis.ts:130:16)
    at loadV17Company (/Users/yann/spx-app/src/lib/company-core/load-company.ts:1611:30)
    at async auditTicker (/Users/yann/spx-app/scripts/audit-pages-full.ts:51:19)
    at async main (/Users/yann/spx-app/scripts/audit-pages-full.ts:153:17)
kpi_requests merge failed for CTVA: Error: supabaseUrl is required.
    at validateSupabaseUrl (/Users/yann/spx-app/node_modules/@supabase/supabase-js/src/lib/helpers.ts:86:11)
    at new SupabaseClient (/Users/yann/spx-app/node_modules/@supabase/supabase-js/src/SupabaseClient.ts:284:21)
    at createClient (/Users/yann/spx-app/node_modules/@supabase/supabase-js/src/index.ts:65:10)
    at loadV17Company (/Users/yann/spx-app/src/lib/company-core/load-company.ts:1675:18)
    at async auditTicker (/Users/yann/spx-app/scripts/audit-pages-full.ts:51:19)
    at async main (/Users/yann/spx-app/scripts/audit-pages-full.ts:153:17)
image_findings merge failed for CTVA: Error: supabaseUrl is required.
    at validateSupabaseUrl (/Users/yann/spx-app/node_modules/@supabase/supabase-js/src/lib/helpers.ts:86:11)
    at new SupabaseClient (/Users/yann/spx-app/node_modules/@supabase/supabase-js/src/SupabaseClient.ts:284:21)
    at createClient (/Users/yann/spx-app/node_modules/@supabase/supabase-js/src/index.ts:65:10)
    at admin (/Users/yann/spx-app/src/lib/desk/image-findings.ts:118:10)
    at listApprovedForTicker (/Users/yann/spx-app/src/lib/desk/image-findings.ts:222:16)
    at loadV17Company (/Users/yann/spx-app/src/lib/company-core/load-company.ts:1738:30)
    at async auditTicker (/Users/yann/spx-app/scripts/audit-pages-full.ts:51:19)
    at async main (/Users/yann/spx-app/scripts/audit-pages-full.ts:153:17)
[hero-kpi-overrides] refetch failed, using stale cache Error: SUPABASE_SERVICE_ROLE_KEY manquante — vérifier .env.local
    at createSupabaseAdminClient (/Users/yann/spx-app/src/lib/supabase/admin.ts:16:11)
    at fetchAll (/Users/yann/spx-app/src/lib/company-core/hero-kpi-overrides.ts:31:20)
    at getHeroKpiOverride (/Users/yann/spx-app/src/lib/company-core/hero-kpi-overrides.ts:58:21)
    at loadV17Company (/Users/yann/spx-app/src/lib/company-core/load-company.ts:2731:28)
    at async auditTicker (/Users/yann/spx-app/scripts/audit-pages-full.ts:51:19)
    at async main (/Users/yann/spx-app/scripts/audit-pages-full.ts:153:17)
special_kpis merge failed for DECK: Error: supabaseUrl is required.
    at validateSupabaseUrl (/Users/yann/spx-app/node_modules/@supabase/supabase-js/src/lib/helpers.ts:86:11)
    at new SupabaseClient (/Users/yann/spx-app/node_modules/@supabase/supabase-js/src/SupabaseClient.ts:284:21)
    at createClient (/Users/yann/spx-app/node_modules/@supabase/supabase-js/src/index.ts:65:10)
    at admin (/Users/yann/spx-app/src/lib/desk/special-kpis.ts:107:10)
    at listPublishedForTicker (/Users/yann/spx-app/src/lib/desk/special-kpis.ts:130:16)
    at loadV17Company (/Users/yann/spx-app/src/lib/company-core/load-company.ts:1611:30)
    at async auditTicker (/Users/yann/spx-app/scripts/audit-pages-full.ts:51:19)
    at async main (/Users/yann/spx-app/scripts/audit-pages-full.ts:153:17)
kpi_requests merge failed for DECK: Error: supabaseUrl is required.
    at validateSupabaseUrl (/Users/yann/spx-app/node_modules/@supabase/supabase-js/src/lib/helpers.ts:86:11)
    at new SupabaseClient (/Users/yann/spx-app/node_modules/@supabase/supabase-js/src/SupabaseClient.ts:284:21)
    at createClient (/Users/yann/spx-app/node_modules/@supabase/supabase-js/src/index.ts:65:10)
    at loadV17Company (/Users/yann/spx-app/src/lib/company-core/load-company.ts:1675:18)
    at async auditTicker (/Users/yann/spx-app/scripts/audit-pages-full.ts:51:19)
    at async main (/Users/yann/spx-app/scripts/audit-pages-full.ts:153:17)
image_findings merge failed for DECK: Error: supabaseUrl is required.
    at validateSupabaseUrl (/Users/yann/spx-app/node_modules/@supabase/supabase-js/src/lib/helpers.ts:86:11)
    at new SupabaseClient (/Users/yann/spx-app/node_modules/@supabase/supabase-js/src/SupabaseClient.ts:284:21)
    at createClient (/Users/yann/spx-app/node_modules/@supabase/supabase-js/src/index.ts:65:10)
    at admin (/Users/yann/spx-app/src/lib/desk/image-findings.ts:118:10)
    at listApprovedForTicker (/Users/yann/spx-app/src/lib/desk/image-findings.ts:222:16)
    at loadV17Company (/Users/yann/spx-app/src/lib/company-core/load-company.ts:1738:30)
    at async auditTicker (/Users/yann/spx-app/scripts/audit-pages-full.ts:51:19)
    at async main (/Users/yann/spx-app/scripts/audit-pages-full.ts:153:17)
[hero-kpi-overrides] refetch failed, using stale cache Error: SUPABASE_SERVICE_ROLE_KEY manquante — vérifier .env.local
    at createSupabaseAdminClient (/Users/yann/spx-app/src/lib/supabase/admin.ts:16:11)
    at fetchAll (/Users/yann/spx-app/src/lib/company-core/hero-kpi-overrides.ts:31:20)
    at getHeroKpiOverride (/Users/yann/spx-app/src/lib/company-core/hero-kpi-overrides.ts:58:21)
    at loadV17Company (/Users/yann/spx-app/src/lib/company-core/load-company.ts:2731:28)
    at async auditTicker (/Users/yann/spx-app/scripts/audit-pages-full.ts:51:19)
    at async main (/Users/yann/spx-app/scripts/audit-pages-full.ts:153:17)
special_kpis merge failed for DXCM: Error: supabaseUrl is required.
    at validateSupabaseUrl (/Users/yann/spx-app/node_modules/@supabase/supabase-js/src/lib/helpers.ts:86:11)
    at new SupabaseClient (/Users/yann/spx-app/node_modules/@supabase/supabase-js/src/SupabaseClient.ts:284:21)
    at createClient (/Users/yann/spx-app/node_modules/@supabase/supabase-js/src/index.ts:65:10)
    at admin (/Users/yann/spx-app/src/lib/desk/special-kpis.ts:107:10)
    at listPublishedForTicker (/Users/yann/spx-app/src/lib/desk/special-kpis.ts:130:16)
    at loadV17Company (/Users/yann/spx-app/src/lib/company-core/load-company.ts:1611:30)
    at async auditTicker (/Users/yann/spx-app/scripts/audit-pages-full.ts:51:19)
    at async main (/Users/yann/spx-app/scripts/audit-pages-full.ts:153:17)
kpi_requests merge failed for DXCM: Error: supabaseUrl is required.
    at validateSupabaseUrl (/Users/yann/spx-app/node_modules/@supabase/supabase-js/src/lib/helpers.ts:86:11)
    at new SupabaseClient (/Users/yann/spx-app/node_modules/@supabase/supabase-js/src/SupabaseClient.ts:284:21)
    at createClient (/Users/yann/spx-app/node_modules/@supabase/supabase-js/src/index.ts:65:10)
    at loadV17Company (/Users/yann/spx-app/src/lib/company-core/load-company.ts:1675:18)
    at async auditTicker (/Users/yann/spx-app/scripts/audit-pages-full.ts:51:19)
    at async main (/Users/yann/spx-app/scripts/audit-pages-full.ts:153:17)
image_findings merge failed for DXCM: Error: supabaseUrl is required.
    at validateSupabaseUrl (/Users/yann/spx-app/node_modules/@supabase/supabase-js/src/lib/helpers.ts:86:11)
    at new SupabaseClient (/Users/yann/spx-app/node_modules/@supabase/supabase-js/src/SupabaseClient.ts:284:21)
    at createClient (/Users/yann/spx-app/node_modules/@supabase/supabase-js/src/index.ts:65:10)
    at admin (/Users/yann/spx-app/src/lib/desk/image-findings.ts:118:10)
    at listApprovedForTicker (/Users/yann/spx-app/src/lib/desk/image-findings.ts:222:16)
    at loadV17Company (/Users/yann/spx-app/src/lib/company-core/load-company.ts:1738:30)
    at async auditTicker (/Users/yann/spx-app/scripts/audit-pages-full.ts:51:19)
    at async main (/Users/yann/spx-app/scripts/audit-pages-full.ts:153:17)
[hero-kpi-overrides] refetch failed, using stale cache Error: SUPABASE_SERVICE_ROLE_KEY manquante — vérifier .env.local
    at createSupabaseAdminClient (/Users/yann/spx-app/src/lib/supabase/admin.ts:16:11)
    at fetchAll (/Users/yann/spx-app/src/lib/company-core/hero-kpi-overrides.ts:31:20)
    at getHeroKpiOverride (/Users/yann/spx-app/src/lib/company-core/hero-kpi-overrides.ts:58:21)
    at loadV17Company (/Users/yann/spx-app/src/lib/company-core/load-company.ts:2731:28)
    at async auditTicker (/Users/yann/spx-app/scripts/audit-pages-full.ts:51:19)
    at async main (/Users/yann/spx-app/scripts/audit-pages-full.ts:153:17)
special_kpis merge failed for EA: Error: supabaseUrl is required.
    at validateSupabaseUrl (/Users/yann/spx-app/node_modules/@supabase/supabase-js/src/lib/helpers.ts:86:11)
    at new SupabaseClient (/Users/yann/spx-app/node_modules/@supabase/supabase-js/src/SupabaseClient.ts:284:21)
    at createClient (/Users/yann/spx-app/node_modules/@supabase/supabase-js/src/index.ts:65:10)
    at admin (/Users/yann/spx-app/src/lib/desk/special-kpis.ts:107:10)
    at listPublishedForTicker (/Users/yann/spx-app/src/lib/desk/special-kpis.ts:130:16)
    at loadV17Company (/Users/yann/spx-app/src/lib/company-core/load-company.ts:1611:30)
    at async auditTicker (/Users/yann/spx-app/scripts/audit-pages-full.ts:51:19)
    at async main (/Users/yann/spx-app/scripts/audit-pages-full.ts:153:17)
kpi_requests merge failed for EA: Error: supabaseUrl is required.
    at validateSupabaseUrl (/Users/yann/spx-app/node_modules/@supabase/supabase-js/src/lib/helpers.ts:86:11)
    at new SupabaseClient (/Users/yann/spx-app/node_modules/@supabase/supabase-js/src/SupabaseClient.ts:284:21)
    at createClient (/Users/yann/spx-app/node_modules/@supabase/supabase-js/src/index.ts:65:10)
    at loadV17Company (/Users/yann/spx-app/src/lib/company-core/load-company.ts:1675:18)
    at async auditTicker (/Users/yann/spx-app/scripts/audit-pages-full.ts:51:19)
    at async main (/Users/yann/spx-app/scripts/audit-pages-full.ts:153:17)
image_findings merge failed for EA: Error: supabaseUrl is required.
    at validateSupabaseUrl (/Users/yann/spx-app/node_modules/@supabase/supabase-js/src/lib/helpers.ts:86:11)
    at new SupabaseClient (/Users/yann/spx-app/node_modules/@supabase/supabase-js/src/SupabaseClient.ts:284:21)
    at createClient (/Users/yann/spx-app/node_modules/@supabase/supabase-js/src/index.ts:65:10)
    at admin (/Users/yann/spx-app/src/lib/desk/image-findings.ts:118:10)
    at listApprovedForTicker (/Users/yann/spx-app/src/lib/desk/image-findings.ts:222:16)
    at loadV17Company (/Users/yann/spx-app/src/lib/company-core/load-company.ts:1738:30)
    at async auditTicker (/Users/yann/spx-app/scripts/audit-pages-full.ts:51:19)
    at async main (/Users/yann/spx-app/scripts/audit-pages-full.ts:153:17)
[hero-kpi-overrides] refetch failed, using stale cache Error: SUPABASE_SERVICE_ROLE_KEY manquante — vérifier .env.local
    at createSupabaseAdminClient (/Users/yann/spx-app/src/lib/supabase/admin.ts:16:11)
    at fetchAll (/Users/yann/spx-app/src/lib/company-core/hero-kpi-overrides.ts:31:20)
    at getHeroKpiOverride (/Users/yann/spx-app/src/lib/company-core/hero-kpi-overrides.ts:58:21)
    at loadV17Company (/Users/yann/spx-app/src/lib/company-core/load-company.ts:2731:28)
    at async auditTicker (/Users/yann/spx-app/scripts/audit-pages-full.ts:51:19)
    at async main (/Users/yann/spx-app/scripts/audit-pages-full.ts:153:17)
special_kpis merge failed for EIX: Error: supabaseUrl is required.
    at validateSupabaseUrl (/Users/yann/spx-app/node_modules/@supabase/supabase-js/src/lib/helpers.ts:86:11)
    at new SupabaseClient (/Users/yann/spx-app/node_modules/@supabase/supabase-js/src/SupabaseClient.ts:284:21)
    at createClient (/Users/yann/spx-app/node_modules/@supabase/supabase-js/src/index.ts:65:10)
    at admin (/Users/yann/spx-app/src/lib/desk/special-kpis.ts:107:10)
    at listPublishedForTicker (/Users/yann/spx-app/src/lib/desk/special-kpis.ts:130:16)
    at loadV17Company (/Users/yann/spx-app/src/lib/company-core/load-company.ts:1611:30)
    at async auditTicker (/Users/yann/spx-app/scripts/audit-pages-full.ts:51:19)
    at async main (/Users/yann/spx-app/scripts/audit-pages-full.ts:153:17)
kpi_requests merge failed for EIX: Error: supabaseUrl is required.
    at validateSupabaseUrl (/Users/yann/spx-app/node_modules/@supabase/supabase-js/src/lib/helpers.ts:86:11)
    at new SupabaseClient (/Users/yann/spx-app/node_modules/@supabase/supabase-js/src/SupabaseClient.ts:284:21)
    at createClient (/Users/yann/spx-app/node_modules/@supabase/supabase-js/src/index.ts:65:10)
    at loadV17Company (/Users/yann/spx-app/src/lib/company-core/load-company.ts:1675:18)
    at async auditTicker (/Users/yann/spx-app/scripts/audit-pages-full.ts:51:19)
    at async main (/Users/yann/spx-app/scripts/audit-pages-full.ts:153:17)
image_findings merge failed for EIX: Error: supabaseUrl is required.
    at validateSupabaseUrl (/Users/yann/spx-app/node_modules/@supabase/supabase-js/src/lib/helpers.ts:86:11)
    at new SupabaseClient (/Users/yann/spx-app/node_modules/@supabase/supabase-js/src/SupabaseClient.ts:284:21)
    at createClient (/Users/yann/spx-app/node_modules/@supabase/supabase-js/src/index.ts:65:10)
    at admin (/Users/yann/spx-app/src/lib/desk/image-findings.ts:118:10)
    at listApprovedForTicker (/Users/yann/spx-app/src/lib/desk/image-findings.ts:222:16)
    at loadV17Company (/Users/yann/spx-app/src/lib/company-core/load-company.ts:1738:30)
    at async auditTicker (/Users/yann/spx-app/scripts/audit-pages-full.ts:51:19)
    at async main (/Users/yann/spx-app/scripts/audit-pages-full.ts:153:17)
[hero-kpi-overrides] refetch failed, using stale cache Error: SUPABASE_SERVICE_ROLE_KEY manquante — vérifier .env.local
    at createSupabaseAdminClient (/Users/yann/spx-app/src/lib/supabase/admin.ts:16:11)
    at fetchAll (/Users/yann/spx-app/src/lib/company-core/hero-kpi-overrides.ts:31:20)
    at getHeroKpiOverride (/Users/yann/spx-app/src/lib/company-core/hero-kpi-overrides.ts:58:21)
    at loadV17Company (/Users/yann/spx-app/src/lib/company-core/load-company.ts:2731:28)
    at async auditTicker (/Users/yann/spx-app/scripts/audit-pages-full.ts:51:19)
    at async main (/Users/yann/spx-app/scripts/audit-pages-full.ts:153:17)
special_kpis merge failed for EME: Error: supabaseUrl is required.
    at validateSupabaseUrl (/Users/yann/spx-app/node_modules/@supabase/supabase-js/src/lib/helpers.ts:86:11)
    at new SupabaseClient (/Users/yann/spx-app/node_modules/@supabase/supabase-js/src/SupabaseClient.ts:284:21)
    at createClient (/Users/yann/spx-app/node_modules/@supabase/supabase-js/src/index.ts:65:10)
    at admin (/Users/yann/spx-app/src/lib/desk/special-kpis.ts:107:10)
    at listPublishedForTicker (/Users/yann/spx-app/src/lib/desk/special-kpis.ts:130:16)
    at loadV17Company (/Users/yann/spx-app/src/lib/company-core/load-company.ts:1611:30)
    at async auditTicker (/Users/yann/spx-app/scripts/audit-pages-full.ts:51:19)
    at async main (/Users/yann/spx-app/scripts/audit-pages-full.ts:153:17)
kpi_requests merge failed for EME: Error: supabaseUrl is required.
    at validateSupabaseUrl (/Users/yann/spx-app/node_modules/@supabase/supabase-js/src/lib/helpers.ts:86:11)
    at new SupabaseClient (/Users/yann/spx-app/node_modules/@supabase/supabase-js/src/SupabaseClient.ts:284:21)
    at createClient (/Users/yann/spx-app/node_modules/@supabase/supabase-js/src/index.ts:65:10)
    at loadV17Company (/Users/yann/spx-app/src/lib/company-core/load-company.ts:1675:18)
    at async auditTicker (/Users/yann/spx-app/scripts/audit-pages-full.ts:51:19)
    at async main (/Users/yann/spx-app/scripts/audit-pages-full.ts:153:17)
image_findings merge failed for EME: Error: supabaseUrl is required.
    at validateSupabaseUrl (/Users/yann/spx-app/node_modules/@supabase/supabase-js/src/lib/helpers.ts:86:11)
    at new SupabaseClient (/Users/yann/spx-app/node_modules/@supabase/supabase-js/src/SupabaseClient.ts:284:21)
    at createClient (/Users/yann/spx-app/node_modules/@supabase/supabase-js/src/index.ts:65:10)
    at admin (/Users/yann/spx-app/src/lib/desk/image-findings.ts:118:10)
    at listApprovedForTicker (/Users/yann/spx-app/src/lib/desk/image-findings.ts:222:16)
    at loadV17Company (/Users/yann/spx-app/src/lib/company-core/load-company.ts:1738:30)
    at async auditTicker (/Users/yann/spx-app/scripts/audit-pages-full.ts:51:19)
    at async main (/Users/yann/spx-app/scripts/audit-pages-full.ts:153:17)
[hero-kpi-overrides] refetch failed, using stale cache Error: SUPABASE_SERVICE_ROLE_KEY manquante — vérifier .env.local
    at createSupabaseAdminClient (/Users/yann/spx-app/src/lib/supabase/admin.ts:16:11)
    at fetchAll (/Users/yann/spx-app/src/lib/company-core/hero-kpi-overrides.ts:31:20)
    at getHeroKpiOverride (/Users/yann/spx-app/src/lib/company-core/hero-kpi-overrides.ts:58:21)
    at loadV17Company (/Users/yann/spx-app/src/lib/company-core/load-company.ts:2731:28)
    at async auditTicker (/Users/yann/spx-app/scripts/audit-pages-full.ts:51:19)
    at async main (/Users/yann/spx-app/scripts/audit-pages-full.ts:153:17)
special_kpis merge failed for EQIX: Error: supabaseUrl is required.
    at validateSupabaseUrl (/Users/yann/spx-app/node_modules/@supabase/supabase-js/src/lib/helpers.ts:86:11)
    at new SupabaseClient (/Users/yann/spx-app/node_modules/@supabase/supabase-js/src/SupabaseClient.ts:284:21)
    at createClient (/Users/yann/spx-app/node_modules/@supabase/supabase-js/src/index.ts:65:10)
    at admin (/Users/yann/spx-app/src/lib/desk/special-kpis.ts:107:10)
    at listPublishedForTicker (/Users/yann/spx-app/src/lib/desk/special-kpis.ts:130:16)
    at loadV17Company (/Users/yann/spx-app/src/lib/company-core/load-company.ts:1611:30)
    at async auditTicker (/Users/yann/spx-app/scripts/audit-pages-full.ts:51:19)
    at async main (/Users/yann/spx-app/scripts/audit-pages-full.ts:153:17)
kpi_requests merge failed for EQIX: Error: supabaseUrl is required.
    at validateSupabaseUrl (/Users/yann/spx-app/node_modules/@supabase/supabase-js/src/lib/helpers.ts:86:11)
    at new SupabaseClient (/Users/yann/spx-app/node_modules/@supabase/supabase-js/src/SupabaseClient.ts:284:21)
    at createClient (/Users/yann/spx-app/node_modules/@supabase/supabase-js/src/index.ts:65:10)
    at loadV17Company (/Users/yann/spx-app/src/lib/company-core/load-company.ts:1675:18)
    at async auditTicker (/Users/yann/spx-app/scripts/audit-pages-full.ts:51:19)
    at async main (/Users/yann/spx-app/scripts/audit-pages-full.ts:153:17)
image_findings merge failed for EQIX: Error: supabaseUrl is required.
    at validateSupabaseUrl (/Users/yann/spx-app/node_modules/@supabase/supabase-js/src/lib/helpers.ts:86:11)
    at new SupabaseClient (/Users/yann/spx-app/node_modules/@supabase/supabase-js/src/SupabaseClient.ts:284:21)
    at createClient (/Users/yann/spx-app/node_modules/@supabase/supabase-js/src/index.ts:65:10)
    at admin (/Users/yann/spx-app/src/lib/desk/image-findings.ts:118:10)
    at listApprovedForTicker (/Users/yann/spx-app/src/lib/desk/image-findings.ts:222:16)
    at loadV17Company (/Users/yann/spx-app/src/lib/company-core/load-company.ts:1738:30)
    at async auditTicker (/Users/yann/spx-app/scripts/audit-pages-full.ts:51:19)
    at async main (/Users/yann/spx-app/scripts/audit-pages-full.ts:153:17)
[hero-kpi-overrides] refetch failed, using stale cache Error: SUPABASE_SERVICE_ROLE_KEY manquante — vérifier .env.local
    at createSupabaseAdminClient (/Users/yann/spx-app/src/lib/supabase/admin.ts:16:11)
    at fetchAll (/Users/yann/spx-app/src/lib/company-core/hero-kpi-overrides.ts:31:20)
    at getHeroKpiOverride (/Users/yann/spx-app/src/lib/company-core/hero-kpi-overrides.ts:58:21)
    at loadV17Company (/Users/yann/spx-app/src/lib/company-core/load-company.ts:2731:28)
    at async auditTicker (/Users/yann/spx-app/scripts/audit-pages-full.ts:51:19)
    at async main (/Users/yann/spx-app/scripts/audit-pages-full.ts:153:17)
special_kpis merge failed for EQR: Error: supabaseUrl is required.
    at validateSupabaseUrl (/Users/yann/spx-app/node_modules/@supabase/supabase-js/src/lib/helpers.ts:86:11)
    at new SupabaseClient (/Users/yann/spx-app/node_modules/@supabase/supabase-js/src/SupabaseClient.ts:284:21)
    at createClient (/Users/yann/spx-app/node_modules/@supabase/supabase-js/src/index.ts:65:10)
    at admin (/Users/yann/spx-app/src/lib/desk/special-kpis.ts:107:10)
    at listPublishedForTicker (/Users/yann/spx-app/src/lib/desk/special-kpis.ts:130:16)
    at loadV17Company (/Users/yann/spx-app/src/lib/company-core/load-company.ts:1611:30)
    at async auditTicker (/Users/yann/spx-app/scripts/audit-pages-full.ts:51:19)
    at async main (/Users/yann/spx-app/scripts/audit-pages-full.ts:153:17)
kpi_requests merge failed for EQR: Error: supabaseUrl is required.
    at validateSupabaseUrl (/Users/yann/spx-app/node_modules/@supabase/supabase-js/src/lib/helpers.ts:86:11)
    at new SupabaseClient (/Users/yann/spx-app/node_modules/@supabase/supabase-js/src/SupabaseClient.ts:284:21)
    at createClient (/Users/yann/spx-app/node_modules/@supabase/supabase-js/src/index.ts:65:10)
    at loadV17Company (/Users/yann/spx-app/src/lib/company-core/load-company.ts:1675:18)
    at async auditTicker (/Users/yann/spx-app/scripts/audit-pages-full.ts:51:19)
    at async main (/Users/yann/spx-app/scripts/audit-pages-full.ts:153:17)
image_findings merge failed for EQR: Error: supabaseUrl is required.
    at validateSupabaseUrl (/Users/yann/spx-app/node_modules/@supabase/supabase-js/src/lib/helpers.ts:86:11)
    at new SupabaseClient (/Users/yann/spx-app/node_modules/@supabase/supabase-js/src/SupabaseClient.ts:284:21)
    at createClient (/Users/yann/spx-app/node_modules/@supabase/supabase-js/src/index.ts:65:10)
    at admin (/Users/yann/spx-app/src/lib/desk/image-findings.ts:118:10)
    at listApprovedForTicker (/Users/yann/spx-app/src/lib/desk/image-findings.ts:222:16)
    at loadV17Company (/Users/yann/spx-app/src/lib/company-core/load-company.ts:1738:30)
    at async auditTicker (/Users/yann/spx-app/scripts/audit-pages-full.ts:51:19)
    at async main (/Users/yann/spx-app/scripts/audit-pages-full.ts:153:17)
[hero-kpi-overrides] refetch failed, using stale cache Error: SUPABASE_SERVICE_ROLE_KEY manquante — vérifier .env.local
    at createSupabaseAdminClient (/Users/yann/spx-app/src/lib/supabase/admin.ts:16:11)
    at fetchAll (/Users/yann/spx-app/src/lib/company-core/hero-kpi-overrides.ts:31:20)
    at getHeroKpiOverride (/Users/yann/spx-app/src/lib/company-core/hero-kpi-overrides.ts:58:21)
    at loadV17Company (/Users/yann/spx-app/src/lib/company-core/load-company.ts:2731:28)
    at async auditTicker (/Users/yann/spx-app/scripts/audit-pages-full.ts:51:19)
    at async main (/Users/yann/spx-app/scripts/audit-pages-full.ts:153:17)
special_kpis merge failed for ERIE: Error: supabaseUrl is required.
    at validateSupabaseUrl (/Users/yann/spx-app/node_modules/@supabase/supabase-js/src/lib/helpers.ts:86:11)
    at new SupabaseClient (/Users/yann/spx-app/node_modules/@supabase/supabase-js/src/SupabaseClient.ts:284:21)
    at createClient (/Users/yann/spx-app/node_modules/@supabase/supabase-js/src/index.ts:65:10)
    at admin (/Users/yann/spx-app/src/lib/desk/special-kpis.ts:107:10)
    at listPublishedForTicker (/Users/yann/spx-app/src/lib/desk/special-kpis.ts:130:16)
    at loadV17Company (/Users/yann/spx-app/src/lib/company-core/load-company.ts:1611:30)
    at async auditTicker (/Users/yann/spx-app/scripts/audit-pages-full.ts:51:19)
    at async main (/Users/yann/spx-app/scripts/audit-pages-full.ts:153:17)
kpi_requests merge failed for ERIE: Error: supabaseUrl is required.
    at validateSupabaseUrl (/Users/yann/spx-app/node_modules/@supabase/supabase-js/src/lib/helpers.ts:86:11)
    at new SupabaseClient (/Users/yann/spx-app/node_modules/@supabase/supabase-js/src/SupabaseClient.ts:284:21)
    at createClient (/Users/yann/spx-app/node_modules/@supabase/supabase-js/src/index.ts:65:10)
    at loadV17Company (/Users/yann/spx-app/src/lib/company-core/load-company.ts:1675:18)
    at async auditTicker (/Users/yann/spx-app/scripts/audit-pages-full.ts:51:19)
    at async main (/Users/yann/spx-app/scripts/audit-pages-full.ts:153:17)
image_findings merge failed for ERIE: Error: supabaseUrl is required.
    at validateSupabaseUrl (/Users/yann/spx-app/node_modules/@supabase/supabase-js/src/lib/helpers.ts:86:11)
    at new SupabaseClient (/Users/yann/spx-app/node_modules/@supabase/supabase-js/src/SupabaseClient.ts:284:21)
    at createClient (/Users/yann/spx-app/node_modules/@supabase/supabase-js/src/index.ts:65:10)
    at admin (/Users/yann/spx-app/src/lib/desk/image-findings.ts:118:10)
    at listApprovedForTicker (/Users/yann/spx-app/src/lib/desk/image-findings.ts:222:16)
    at loadV17Company (/Users/yann/spx-app/src/lib/company-core/load-company.ts:1738:30)
    at async auditTicker (/Users/yann/spx-app/scripts/audit-pages-full.ts:51:19)
    at async main (/Users/yann/spx-app/scripts/audit-pages-full.ts:153:17)
[hero-kpi-overrides] refetch failed, using stale cache Error: SUPABASE_SERVICE_ROLE_KEY manquante — vérifier .env.local
    at createSupabaseAdminClient (/Users/yann/spx-app/src/lib/supabase/admin.ts:16:11)
    at fetchAll (/Users/yann/spx-app/src/lib/company-core/hero-kpi-overrides.ts:31:20)
    at getHeroKpiOverride (/Users/yann/spx-app/src/lib/company-core/hero-kpi-overrides.ts:58:21)
    at loadV17Company (/Users/yann/spx-app/src/lib/company-core/load-company.ts:2731:28)
    at async auditTicker (/Users/yann/spx-app/scripts/audit-pages-full.ts:51:19)
    at async main (/Users/yann/spx-app/scripts/audit-pages-full.ts:153:17)
special_kpis merge failed for ES: Error: supabaseUrl is required.
    at validateSupabaseUrl (/Users/yann/spx-app/node_modules/@supabase/supabase-js/src/lib/helpers.ts:86:11)
    at new SupabaseClient (/Users/yann/spx-app/node_modules/@supabase/supabase-js/src/SupabaseClient.ts:284:21)
    at createClient (/Users/yann/spx-app/node_modules/@supabase/supabase-js/src/index.ts:65:10)
    at admin (/Users/yann/spx-app/src/lib/desk/special-kpis.ts:107:10)
    at listPublishedForTicker (/Users/yann/spx-app/src/lib/desk/special-kpis.ts:130:16)
    at loadV17Company (/Users/yann/spx-app/src/lib/company-core/load-company.ts:1611:30)
    at async auditTicker (/Users/yann/spx-app/scripts/audit-pages-full.ts:51:19)
    at async main (/Users/yann/spx-app/scripts/audit-pages-full.ts:153:17)
kpi_requests merge failed for ES: Error: supabaseUrl is required.
    at validateSupabaseUrl (/Users/yann/spx-app/node_modules/@supabase/supabase-js/src/lib/helpers.ts:86:11)
    at new SupabaseClient (/Users/yann/spx-app/node_modules/@supabase/supabase-js/src/SupabaseClient.ts:284:21)
    at createClient (/Users/yann/spx-app/node_modules/@supabase/supabase-js/src/index.ts:65:10)
    at loadV17Company (/Users/yann/spx-app/src/lib/company-core/load-company.ts:1675:18)
    at async auditTicker (/Users/yann/spx-app/scripts/audit-pages-full.ts:51:19)
    at async main (/Users/yann/spx-app/scripts/audit-pages-full.ts:153:17)
image_findings merge failed for ES: Error: supabaseUrl is required.
    at validateSupabaseUrl (/Users/yann/spx-app/node_modules/@supabase/supabase-js/src/lib/helpers.ts:86:11)
    at new SupabaseClient (/Users/yann/spx-app/node_modules/@supabase/supabase-js/src/SupabaseClient.ts:284:21)
    at createClient (/Users/yann/spx-app/node_modules/@supabase/supabase-js/src/index.ts:65:10)
    at admin (/Users/yann/spx-app/src/lib/desk/image-findings.ts:118:10)
    at listApprovedForTicker (/Users/yann/spx-app/src/lib/desk/image-findings.ts:222:16)
    at loadV17Company (/Users/yann/spx-app/src/lib/company-core/load-company.ts:1738:30)
    at async auditTicker (/Users/yann/spx-app/scripts/audit-pages-full.ts:51:19)
    at async main (/Users/yann/spx-app/scripts/audit-pages-full.ts:153:17)
[hero-kpi-overrides] refetch failed, using stale cache Error: SUPABASE_SERVICE_ROLE_KEY manquante — vérifier .env.local
    at createSupabaseAdminClient (/Users/yann/spx-app/src/lib/supabase/admin.ts:16:11)
    at fetchAll (/Users/yann/spx-app/src/lib/company-core/hero-kpi-overrides.ts:31:20)
    at getHeroKpiOverride (/Users/yann/spx-app/src/lib/company-core/hero-kpi-overrides.ts:58:21)
    at loadV17Company (/Users/yann/spx-app/src/lib/company-core/load-company.ts:2731:28)
    at async auditTicker (/Users/yann/spx-app/scripts/audit-pages-full.ts:51:19)
    at async main (/Users/yann/spx-app/scripts/audit-pages-full.ts:153:17)
special_kpis merge failed for ESS: Error: supabaseUrl is required.
    at validateSupabaseUrl (/Users/yann/spx-app/node_modules/@supabase/supabase-js/src/lib/helpers.ts:86:11)
    at new SupabaseClient (/Users/yann/spx-app/node_modules/@supabase/supabase-js/src/SupabaseClient.ts:284:21)
    at createClient (/Users/yann/spx-app/node_modules/@supabase/supabase-js/src/index.ts:65:10)
    at admin (/Users/yann/spx-app/src/lib/desk/special-kpis.ts:107:10)
    at listPublishedForTicker (/Users/yann/spx-app/src/lib/desk/special-kpis.ts:130:16)
    at loadV17Company (/Users/yann/spx-app/src/lib/company-core/load-company.ts:1611:30)
    at async auditTicker (/Users/yann/spx-app/scripts/audit-pages-full.ts:51:19)
    at async main (/Users/yann/spx-app/scripts/audit-pages-full.ts:153:17)
kpi_requests merge failed for ESS: Error: supabaseUrl is required.
    at validateSupabaseUrl (/Users/yann/spx-app/node_modules/@supabase/supabase-js/src/lib/helpers.ts:86:11)
    at new SupabaseClient (/Users/yann/spx-app/node_modules/@supabase/supabase-js/src/SupabaseClient.ts:284:21)
    at createClient (/Users/yann/spx-app/node_modules/@supabase/supabase-js/src/index.ts:65:10)
    at loadV17Company (/Users/yann/spx-app/src/lib/company-core/load-company.ts:1675:18)
    at async auditTicker (/Users/yann/spx-app/scripts/audit-pages-full.ts:51:19)
    at async main (/Users/yann/spx-app/scripts/audit-pages-full.ts:153:17)
image_findings merge failed for ESS: Error: supabaseUrl is required.
    at validateSupabaseUrl (/Users/yann/spx-app/node_modules/@supabase/supabase-js/src/lib/helpers.ts:86:11)
    at new SupabaseClient (/Users/yann/spx-app/node_modules/@supabase/supabase-js/src/SupabaseClient.ts:284:21)
    at createClient (/Users/yann/spx-app/node_modules/@supabase/supabase-js/src/index.ts:65:10)
    at admin (/Users/yann/spx-app/src/lib/desk/image-findings.ts:118:10)
    at listApprovedForTicker (/Users/yann/spx-app/src/lib/desk/image-findings.ts:222:16)
    at loadV17Company (/Users/yann/spx-app/src/lib/company-core/load-company.ts:1738:30)
    at async auditTicker (/Users/yann/spx-app/scripts/audit-pages-full.ts:51:19)
    at async main (/Users/yann/spx-app/scripts/audit-pages-full.ts:153:17)
[hero-kpi-overrides] refetch failed, using stale cache Error: SUPABASE_SERVICE_ROLE_KEY manquante — vérifier .env.local
    at createSupabaseAdminClient (/Users/yann/spx-app/src/lib/supabase/admin.ts:16:11)
    at fetchAll (/Users/yann/spx-app/src/lib/company-core/hero-kpi-overrides.ts:31:20)
    at getHeroKpiOverride (/Users/yann/spx-app/src/lib/company-core/hero-kpi-overrides.ts:58:21)
    at loadV17Company (/Users/yann/spx-app/src/lib/company-core/load-company.ts:2731:28)
    at async auditTicker (/Users/yann/spx-app/scripts/audit-pages-full.ts:51:19)
    at async main (/Users/yann/spx-app/scripts/audit-pages-full.ts:153:17)
special_kpis merge failed for EXC: Error: supabaseUrl is required.
    at validateSupabaseUrl (/Users/yann/spx-app/node_modules/@supabase/supabase-js/src/lib/helpers.ts:86:11)
    at new SupabaseClient (/Users/yann/spx-app/node_modules/@supabase/supabase-js/src/SupabaseClient.ts:284:21)
    at createClient (/Users/yann/spx-app/node_modules/@supabase/supabase-js/src/index.ts:65:10)
    at admin (/Users/yann/spx-app/src/lib/desk/special-kpis.ts:107:10)
    at listPublishedForTicker (/Users/yann/spx-app/src/lib/desk/special-kpis.ts:130:16)
    at loadV17Company (/Users/yann/spx-app/src/lib/company-core/load-company.ts:1611:30)
    at async auditTicker (/Users/yann/spx-app/scripts/audit-pages-full.ts:51:19)
    at async main (/Users/yann/spx-app/scripts/audit-pages-full.ts:153:17)
kpi_requests merge failed for EXC: Error: supabaseUrl is required.
    at validateSupabaseUrl (/Users/yann/spx-app/node_modules/@supabase/supabase-js/src/lib/helpers.ts:86:11)
    at new SupabaseClient (/Users/yann/spx-app/node_modules/@supabase/supabase-js/src/SupabaseClient.ts:284:21)
    at createClient (/Users/yann/spx-app/node_modules/@supabase/supabase-js/src/index.ts:65:10)
    at loadV17Company (/Users/yann/spx-app/src/lib/company-core/load-company.ts:1675:18)
    at async auditTicker (/Users/yann/spx-app/scripts/audit-pages-full.ts:51:19)
    at async main (/Users/yann/spx-app/scripts/audit-pages-full.ts:153:17)
image_findings merge failed for EXC: Error: supabaseUrl is required.
    at validateSupabaseUrl (/Users/yann/spx-app/node_modules/@supabase/supabase-js/src/lib/helpers.ts:86:11)
    at new SupabaseClient (/Users/yann/spx-app/node_modules/@supabase/supabase-js/src/SupabaseClient.ts:284:21)
    at createClient (/Users/yann/spx-app/node_modules/@supabase/supabase-js/src/index.ts:65:10)
    at admin (/Users/yann/spx-app/src/lib/desk/image-findings.ts:118:10)
    at listApprovedForTicker (/Users/yann/spx-app/src/lib/desk/image-findings.ts:222:16)
    at loadV17Company (/Users/yann/spx-app/src/lib/company-core/load-company.ts:1738:30)
    at async auditTicker (/Users/yann/spx-app/scripts/audit-pages-full.ts:51:19)
    at async main (/Users/yann/spx-app/scripts/audit-pages-full.ts:153:17)
[hero-kpi-overrides] refetch failed, using stale cache Error: SUPABASE_SERVICE_ROLE_KEY manquante — vérifier .env.local
    at createSupabaseAdminClient (/Users/yann/spx-app/src/lib/supabase/admin.ts:16:11)
    at fetchAll (/Users/yann/spx-app/src/lib/company-core/hero-kpi-overrides.ts:31:20)
    at getHeroKpiOverride (/Users/yann/spx-app/src/lib/company-core/hero-kpi-overrides.ts:58:21)
    at loadV17Company (/Users/yann/spx-app/src/lib/company-core/load-company.ts:2731:28)
    at async auditTicker (/Users/yann/spx-app/scripts/audit-pages-full.ts:51:19)
    at async main (/Users/yann/spx-app/scripts/audit-pages-full.ts:153:17)
special_kpis merge failed for EXE: Error: supabaseUrl is required.
    at validateSupabaseUrl (/Users/yann/spx-app/node_modules/@supabase/supabase-js/src/lib/helpers.ts:86:11)
    at new SupabaseClient (/Users/yann/spx-app/node_modules/@supabase/supabase-js/src/SupabaseClient.ts:284:21)
    at createClient (/Users/yann/spx-app/node_modules/@supabase/supabase-js/src/index.ts:65:10)
    at admin (/Users/yann/spx-app/src/lib/desk/special-kpis.ts:107:10)
    at listPublishedForTicker (/Users/yann/spx-app/src/lib/desk/special-kpis.ts:130:16)
    at loadV17Company (/Users/yann/spx-app/src/lib/company-core/load-company.ts:1611:30)
    at async auditTicker (/Users/yann/spx-app/scripts/audit-pages-full.ts:51:19)
    at async main (/Users/yann/spx-app/scripts/audit-pages-full.ts:153:17)
kpi_requests merge failed for EXE: Error: supabaseUrl is required.
    at validateSupabaseUrl (/Users/yann/spx-app/node_modules/@supabase/supabase-js/src/lib/helpers.ts:86:11)
    at new SupabaseClient (/Users/yann/spx-app/node_modules/@supabase/supabase-js/src/SupabaseClient.ts:284:21)
    at createClient (/Users/yann/spx-app/node_modules/@supabase/supabase-js/src/index.ts:65:10)
    at loadV17Company (/Users/yann/spx-app/src/lib/company-core/load-company.ts:1675:18)
    at async auditTicker (/Users/yann/spx-app/scripts/audit-pages-full.ts:51:19)
    at async main (/Users/yann/spx-app/scripts/audit-pages-full.ts:153:17)
image_findings merge failed for EXE: Error: supabaseUrl is required.
    at validateSupabaseUrl (/Users/yann/spx-app/node_modules/@supabase/supabase-js/src/lib/helpers.ts:86:11)
    at new SupabaseClient (/Users/yann/spx-app/node_modules/@supabase/supabase-js/src/SupabaseClient.ts:284:21)
    at createClient (/Users/yann/spx-app/node_modules/@supabase/supabase-js/src/index.ts:65:10)
    at admin (/Users/yann/spx-app/src/lib/desk/image-findings.ts:118:10)
    at listApprovedForTicker (/Users/yann/spx-app/src/lib/desk/image-findings.ts:222:16)
    at loadV17Company (/Users/yann/spx-app/src/lib/company-core/load-company.ts:1738:30)
    at async auditTicker (/Users/yann/spx-app/scripts/audit-pages-full.ts:51:19)
    at async main (/Users/yann/spx-app/scripts/audit-pages-full.ts:153:17)
[hero-kpi-overrides] refetch failed, using stale cache Error: SUPABASE_SERVICE_ROLE_KEY manquante — vérifier .env.local
    at createSupabaseAdminClient (/Users/yann/spx-app/src/lib/supabase/admin.ts:16:11)
    at fetchAll (/Users/yann/spx-app/src/lib/company-core/hero-kpi-overrides.ts:31:20)
    at getHeroKpiOverride (/Users/yann/spx-app/src/lib/company-core/hero-kpi-overrides.ts:58:21)
    at loadV17Company (/Users/yann/spx-app/src/lib/company-core/load-company.ts:2731:28)
    at async auditTicker (/Users/yann/spx-app/scripts/audit-pages-full.ts:51:19)
    at async main (/Users/yann/spx-app/scripts/audit-pages-full.ts:153:17)
special_kpis merge failed for FITB: Error: supabaseUrl is required.
    at validateSupabaseUrl (/Users/yann/spx-app/node_modules/@supabase/supabase-js/src/lib/helpers.ts:86:11)
    at new SupabaseClient (/Users/yann/spx-app/node_modules/@supabase/supabase-js/src/SupabaseClient.ts:284:21)
    at createClient (/Users/yann/spx-app/node_modules/@supabase/supabase-js/src/index.ts:65:10)
    at admin (/Users/yann/spx-app/src/lib/desk/special-kpis.ts:107:10)
    at listPublishedForTicker (/Users/yann/spx-app/src/lib/desk/special-kpis.ts:130:16)
    at loadV17Company (/Users/yann/spx-app/src/lib/company-core/load-company.ts:1611:30)
    at async auditTicker (/Users/yann/spx-app/scripts/audit-pages-full.ts:51:19)
    at async main (/Users/yann/spx-app/scripts/audit-pages-full.ts:153:17)
kpi_requests merge failed for FITB: Error: supabaseUrl is required.
    at validateSupabaseUrl (/Users/yann/spx-app/node_modules/@supabase/supabase-js/src/lib/helpers.ts:86:11)
    at new SupabaseClient (/Users/yann/spx-app/node_modules/@supabase/supabase-js/src/SupabaseClient.ts:284:21)
    at createClient (/Users/yann/spx-app/node_modules/@supabase/supabase-js/src/index.ts:65:10)
    at loadV17Company (/Users/yann/spx-app/src/lib/company-core/load-company.ts:1675:18)
    at async auditTicker (/Users/yann/spx-app/scripts/audit-pages-full.ts:51:19)
    at async main (/Users/yann/spx-app/scripts/audit-pages-full.ts:153:17)
image_findings merge failed for FITB: Error: supabaseUrl is required.
    at validateSupabaseUrl (/Users/yann/spx-app/node_modules/@supabase/supabase-js/src/lib/helpers.ts:86:11)
    at new SupabaseClient (/Users/yann/spx-app/node_modules/@supabase/supabase-js/src/SupabaseClient.ts:284:21)
    at createClient (/Users/yann/spx-app/node_modules/@supabase/supabase-js/src/index.ts:65:10)
    at admin (/Users/yann/spx-app/src/lib/desk/image-findings.ts:118:10)
    at listApprovedForTicker (/Users/yann/spx-app/src/lib/desk/image-findings.ts:222:16)
    at loadV17Company (/Users/yann/spx-app/src/lib/company-core/load-company.ts:1738:30)
    at async auditTicker (/Users/yann/spx-app/scripts/audit-pages-full.ts:51:19)
    at async main (/Users/yann/spx-app/scripts/audit-pages-full.ts:153:17)
[hero-kpi-overrides] refetch failed, using stale cache Error: SUPABASE_SERVICE_ROLE_KEY manquante — vérifier .env.local
    at createSupabaseAdminClient (/Users/yann/spx-app/src/lib/supabase/admin.ts:16:11)
    at fetchAll (/Users/yann/spx-app/src/lib/company-core/hero-kpi-overrides.ts:31:20)
    at getHeroKpiOverride (/Users/yann/spx-app/src/lib/company-core/hero-kpi-overrides.ts:58:21)
    at loadV17Company (/Users/yann/spx-app/src/lib/company-core/load-company.ts:2731:28)
    at async auditTicker (/Users/yann/spx-app/scripts/audit-pages-full.ts:51:19)
    at async main (/Users/yann/spx-app/scripts/audit-pages-full.ts:153:17)
special_kpis merge failed for FSLR: Error: supabaseUrl is required.
    at validateSupabaseUrl (/Users/yann/spx-app/node_modules/@supabase/supabase-js/src/lib/helpers.ts:86:11)
    at new SupabaseClient (/Users/yann/spx-app/node_modules/@supabase/supabase-js/src/SupabaseClient.ts:284:21)
    at createClient (/Users/yann/spx-app/node_modules/@supabase/supabase-js/src/index.ts:65:10)
    at admin (/Users/yann/spx-app/src/lib/desk/special-kpis.ts:107:10)
    at listPublishedForTicker (/Users/yann/spx-app/src/lib/desk/special-kpis.ts:130:16)
    at loadV17Company (/Users/yann/spx-app/src/lib/company-core/load-company.ts:1611:30)
    at async auditTicker (/Users/yann/spx-app/scripts/audit-pages-full.ts:51:19)
    at async main (/Users/yann/spx-app/scripts/audit-pages-full.ts:153:17)
kpi_requests merge failed for FSLR: Error: supabaseUrl is required.
    at validateSupabaseUrl (/Users/yann/spx-app/node_modules/@supabase/supabase-js/src/lib/helpers.ts:86:11)
    at new SupabaseClient (/Users/yann/spx-app/node_modules/@supabase/supabase-js/src/SupabaseClient.ts:284:21)
    at createClient (/Users/yann/spx-app/node_modules/@supabase/supabase-js/src/index.ts:65:10)
    at loadV17Company (/Users/yann/spx-app/src/lib/company-core/load-company.ts:1675:18)
    at async auditTicker (/Users/yann/spx-app/scripts/audit-pages-full.ts:51:19)
    at async main (/Users/yann/spx-app/scripts/audit-pages-full.ts:153:17)
image_findings merge failed for FSLR: Error: supabaseUrl is required.
    at validateSupabaseUrl (/Users/yann/spx-app/node_modules/@supabase/supabase-js/src/lib/helpers.ts:86:11)
    at new SupabaseClient (/Users/yann/spx-app/node_modules/@supabase/supabase-js/src/SupabaseClient.ts:284:21)
    at createClient (/Users/yann/spx-app/node_modules/@supabase/supabase-js/src/index.ts:65:10)
    at admin (/Users/yann/spx-app/src/lib/desk/image-findings.ts:118:10)
    at listApprovedForTicker (/Users/yann/spx-app/src/lib/desk/image-findings.ts:222:16)
    at loadV17Company (/Users/yann/spx-app/src/lib/company-core/load-company.ts:1738:30)
    at async auditTicker (/Users/yann/spx-app/scripts/audit-pages-full.ts:51:19)
    at async main (/Users/yann/spx-app/scripts/audit-pages-full.ts:153:17)
[hero-kpi-overrides] refetch failed, using stale cache Error: SUPABASE_SERVICE_ROLE_KEY manquante — vérifier .env.local
    at createSupabaseAdminClient (/Users/yann/spx-app/src/lib/supabase/admin.ts:16:11)
    at fetchAll (/Users/yann/spx-app/src/lib/company-core/hero-kpi-overrides.ts:31:20)
    at getHeroKpiOverride (/Users/yann/spx-app/src/lib/company-core/hero-kpi-overrides.ts:58:21)
    at loadV17Company (/Users/yann/spx-app/src/lib/company-core/load-company.ts:2731:28)
    at async auditTicker (/Users/yann/spx-app/scripts/audit-pages-full.ts:51:19)
    at async main (/Users/yann/spx-app/scripts/audit-pages-full.ts:153:17)
special_kpis merge failed for FTNT: Error: supabaseUrl is required.
    at validateSupabaseUrl (/Users/yann/spx-app/node_modules/@supabase/supabase-js/src/lib/helpers.ts:86:11)
    at new SupabaseClient (/Users/yann/spx-app/node_modules/@supabase/supabase-js/src/SupabaseClient.ts:284:21)
    at createClient (/Users/yann/spx-app/node_modules/@supabase/supabase-js/src/index.ts:65:10)
    at admin (/Users/yann/spx-app/src/lib/desk/special-kpis.ts:107:10)
    at listPublishedForTicker (/Users/yann/spx-app/src/lib/desk/special-kpis.ts:130:16)
    at loadV17Company (/Users/yann/spx-app/src/lib/company-core/load-company.ts:1611:30)
    at async auditTicker (/Users/yann/spx-app/scripts/audit-pages-full.ts:51:19)
    at async main (/Users/yann/spx-app/scripts/audit-pages-full.ts:153:17)
kpi_requests merge failed for FTNT: Error: supabaseUrl is required.
    at validateSupabaseUrl (/Users/yann/spx-app/node_modules/@supabase/supabase-js/src/lib/helpers.ts:86:11)
    at new SupabaseClient (/Users/yann/spx-app/node_modules/@supabase/supabase-js/src/SupabaseClient.ts:284:21)
    at createClient (/Users/yann/spx-app/node_modules/@supabase/supabase-js/src/index.ts:65:10)
    at loadV17Company (/Users/yann/spx-app/src/lib/company-core/load-company.ts:1675:18)
    at async auditTicker (/Users/yann/spx-app/scripts/audit-pages-full.ts:51:19)
    at async main (/Users/yann/spx-app/scripts/audit-pages-full.ts:153:17)
image_findings merge failed for FTNT: Error: supabaseUrl is required.
    at validateSupabaseUrl (/Users/yann/spx-app/node_modules/@supabase/supabase-js/src/lib/helpers.ts:86:11)
    at new SupabaseClient (/Users/yann/spx-app/node_modules/@supabase/supabase-js/src/SupabaseClient.ts:284:21)
    at createClient (/Users/yann/spx-app/node_modules/@supabase/supabase-js/src/index.ts:65:10)
    at admin (/Users/yann/spx-app/src/lib/desk/image-findings.ts:118:10)
    at listApprovedForTicker (/Users/yann/spx-app/src/lib/desk/image-findings.ts:222:16)
    at loadV17Company (/Users/yann/spx-app/src/lib/company-core/load-company.ts:1738:30)
    at async auditTicker (/Users/yann/spx-app/scripts/audit-pages-full.ts:51:19)
    at async main (/Users/yann/spx-app/scripts/audit-pages-full.ts:153:17)
[hero-kpi-overrides] refetch failed, using stale cache Error: SUPABASE_SERVICE_ROLE_KEY manquante — vérifier .env.local
    at createSupabaseAdminClient (/Users/yann/spx-app/src/lib/supabase/admin.ts:16:11)
    at fetchAll (/Users/yann/spx-app/src/lib/company-core/hero-kpi-overrides.ts:31:20)
    at getHeroKpiOverride (/Users/yann/spx-app/src/lib/company-core/hero-kpi-overrides.ts:58:21)
    at loadV17Company (/Users/yann/spx-app/src/lib/company-core/load-company.ts:2731:28)
    at async auditTicker (/Users/yann/spx-app/scripts/audit-pages-full.ts:51:19)
    at async main (/Users/yann/spx-app/scripts/audit-pages-full.ts:153:17)
special_kpis merge failed for GDDY: Error: supabaseUrl is required.
    at validateSupabaseUrl (/Users/yann/spx-app/node_modules/@supabase/supabase-js/src/lib/helpers.ts:86:11)
    at new SupabaseClient (/Users/yann/spx-app/node_modules/@supabase/supabase-js/src/SupabaseClient.ts:284:21)
    at createClient (/Users/yann/spx-app/node_modules/@supabase/supabase-js/src/index.ts:65:10)
    at admin (/Users/yann/spx-app/src/lib/desk/special-kpis.ts:107:10)
    at listPublishedForTicker (/Users/yann/spx-app/src/lib/desk/special-kpis.ts:130:16)
    at loadV17Company (/Users/yann/spx-app/src/lib/company-core/load-company.ts:1611:30)
    at async auditTicker (/Users/yann/spx-app/scripts/audit-pages-full.ts:51:19)
    at async main (/Users/yann/spx-app/scripts/audit-pages-full.ts:153:17)
kpi_requests merge failed for GDDY: Error: supabaseUrl is required.
    at validateSupabaseUrl (/Users/yann/spx-app/node_modules/@supabase/supabase-js/src/lib/helpers.ts:86:11)
    at new SupabaseClient (/Users/yann/spx-app/node_modules/@supabase/supabase-js/src/SupabaseClient.ts:284:21)
    at createClient (/Users/yann/spx-app/node_modules/@supabase/supabase-js/src/index.ts:65:10)
    at loadV17Company (/Users/yann/spx-app/src/lib/company-core/load-company.ts:1675:18)
    at async auditTicker (/Users/yann/spx-app/scripts/audit-pages-full.ts:51:19)
    at async main (/Users/yann/spx-app/scripts/audit-pages-full.ts:153:17)
image_findings merge failed for GDDY: Error: supabaseUrl is required.
    at validateSupabaseUrl (/Users/yann/spx-app/node_modules/@supabase/supabase-js/src/lib/helpers.ts:86:11)
    at new SupabaseClient (/Users/yann/spx-app/node_modules/@supabase/supabase-js/src/SupabaseClient.ts:284:21)
    at createClient (/Users/yann/spx-app/node_modules/@supabase/supabase-js/src/index.ts:65:10)
    at admin (/Users/yann/spx-app/src/lib/desk/image-findings.ts:118:10)
    at listApprovedForTicker (/Users/yann/spx-app/src/lib/desk/image-findings.ts:222:16)
    at loadV17Company (/Users/yann/spx-app/src/lib/company-core/load-company.ts:1738:30)
    at async auditTicker (/Users/yann/spx-app/scripts/audit-pages-full.ts:51:19)
    at async main (/Users/yann/spx-app/scripts/audit-pages-full.ts:153:17)
[hero-kpi-overrides] refetch failed, using stale cache Error: SUPABASE_SERVICE_ROLE_KEY manquante — vérifier .env.local
    at createSupabaseAdminClient (/Users/yann/spx-app/src/lib/supabase/admin.ts:16:11)
    at fetchAll (/Users/yann/spx-app/src/lib/company-core/hero-kpi-overrides.ts:31:20)
    at getHeroKpiOverride (/Users/yann/spx-app/src/lib/company-core/hero-kpi-overrides.ts:58:21)
    at loadV17Company (/Users/yann/spx-app/src/lib/company-core/load-company.ts:2731:28)
    at async auditTicker (/Users/yann/spx-app/scripts/audit-pages-full.ts:51:19)
    at async main (/Users/yann/spx-app/scripts/audit-pages-full.ts:153:17)
special_kpis merge failed for HAS: Error: supabaseUrl is required.
    at validateSupabaseUrl (/Users/yann/spx-app/node_modules/@supabase/supabase-js/src/lib/helpers.ts:86:11)
    at new SupabaseClient (/Users/yann/spx-app/node_modules/@supabase/supabase-js/src/SupabaseClient.ts:284:21)
    at createClient (/Users/yann/spx-app/node_modules/@supabase/supabase-js/src/index.ts:65:10)
    at admin (/Users/yann/spx-app/src/lib/desk/special-kpis.ts:107:10)
    at listPublishedForTicker (/Users/yann/spx-app/src/lib/desk/special-kpis.ts:130:16)
    at loadV17Company (/Users/yann/spx-app/src/lib/company-core/load-company.ts:1611:30)
    at async auditTicker (/Users/yann/spx-app/scripts/audit-pages-full.ts:51:19)
    at async main (/Users/yann/spx-app/scripts/audit-pages-full.ts:153:17)
kpi_requests merge failed for HAS: Error: supabaseUrl is required.
    at validateSupabaseUrl (/Users/yann/spx-app/node_modules/@supabase/supabase-js/src/lib/helpers.ts:86:11)
    at new SupabaseClient (/Users/yann/spx-app/node_modules/@supabase/supabase-js/src/SupabaseClient.ts:284:21)
    at createClient (/Users/yann/spx-app/node_modules/@supabase/supabase-js/src/index.ts:65:10)
    at loadV17Company (/Users/yann/spx-app/src/lib/company-core/load-company.ts:1675:18)
    at async auditTicker (/Users/yann/spx-app/scripts/audit-pages-full.ts:51:19)
    at async main (/Users/yann/spx-app/scripts/audit-pages-full.ts:153:17)
image_findings merge failed for HAS: Error: supabaseUrl is required.
    at validateSupabaseUrl (/Users/yann/spx-app/node_modules/@supabase/supabase-js/src/lib/helpers.ts:86:11)
    at new SupabaseClient (/Users/yann/spx-app/node_modules/@supabase/supabase-js/src/SupabaseClient.ts:284:21)
    at createClient (/Users/yann/spx-app/node_modules/@supabase/supabase-js/src/index.ts:65:10)
    at admin (/Users/yann/spx-app/src/lib/desk/image-findings.ts:118:10)
    at listApprovedForTicker (/Users/yann/spx-app/src/lib/desk/image-findings.ts:222:16)
    at loadV17Company (/Users/yann/spx-app/src/lib/company-core/load-company.ts:1738:30)
    at async auditTicker (/Users/yann/spx-app/scripts/audit-pages-full.ts:51:19)
    at async main (/Users/yann/spx-app/scripts/audit-pages-full.ts:153:17)
[hero-kpi-overrides] refetch failed, using stale cache Error: SUPABASE_SERVICE_ROLE_KEY manquante — vérifier .env.local
    at createSupabaseAdminClient (/Users/yann/spx-app/src/lib/supabase/admin.ts:16:11)
    at fetchAll (/Users/yann/spx-app/src/lib/company-core/hero-kpi-overrides.ts:31:20)
    at getHeroKpiOverride (/Users/yann/spx-app/src/lib/company-core/hero-kpi-overrides.ts:58:21)
    at loadV17Company (/Users/yann/spx-app/src/lib/company-core/load-company.ts:2731:28)
    at async auditTicker (/Users/yann/spx-app/scripts/audit-pages-full.ts:51:19)
    at async main (/Users/yann/spx-app/scripts/audit-pages-full.ts:153:17)
special_kpis merge failed for HII: Error: supabaseUrl is required.
    at validateSupabaseUrl (/Users/yann/spx-app/node_modules/@supabase/supabase-js/src/lib/helpers.ts:86:11)
    at new SupabaseClient (/Users/yann/spx-app/node_modules/@supabase/supabase-js/src/SupabaseClient.ts:284:21)
    at createClient (/Users/yann/spx-app/node_modules/@supabase/supabase-js/src/index.ts:65:10)
    at admin (/Users/yann/spx-app/src/lib/desk/special-kpis.ts:107:10)
    at listPublishedForTicker (/Users/yann/spx-app/src/lib/desk/special-kpis.ts:130:16)
    at loadV17Company (/Users/yann/spx-app/src/lib/company-core/load-company.ts:1611:30)
    at async auditTicker (/Users/yann/spx-app/scripts/audit-pages-full.ts:51:19)
    at async main (/Users/yann/spx-app/scripts/audit-pages-full.ts:153:17)
kpi_requests merge failed for HII: Error: supabaseUrl is required.
    at validateSupabaseUrl (/Users/yann/spx-app/node_modules/@supabase/supabase-js/src/lib/helpers.ts:86:11)
    at new SupabaseClient (/Users/yann/spx-app/node_modules/@supabase/supabase-js/src/SupabaseClient.ts:284:21)
    at createClient (/Users/yann/spx-app/node_modules/@supabase/supabase-js/src/index.ts:65:10)
    at loadV17Company (/Users/yann/spx-app/src/lib/company-core/load-company.ts:1675:18)
    at async auditTicker (/Users/yann/spx-app/scripts/audit-pages-full.ts:51:19)
    at async main (/Users/yann/spx-app/scripts/audit-pages-full.ts:153:17)
image_findings merge failed for HII: Error: supabaseUrl is required.
    at validateSupabaseUrl (/Users/yann/spx-app/node_modules/@supabase/supabase-js/src/lib/helpers.ts:86:11)
    at new SupabaseClient (/Users/yann/spx-app/node_modules/@supabase/supabase-js/src/SupabaseClient.ts:284:21)
    at createClient (/Users/yann/spx-app/node_modules/@supabase/supabase-js/src/index.ts:65:10)
    at admin (/Users/yann/spx-app/src/lib/desk/image-findings.ts:118:10)
    at listApprovedForTicker (/Users/yann/spx-app/src/lib/desk/image-findings.ts:222:16)
    at loadV17Company (/Users/yann/spx-app/src/lib/company-core/load-company.ts:1738:30)
    at async auditTicker (/Users/yann/spx-app/scripts/audit-pages-full.ts:51:19)
    at async main (/Users/yann/spx-app/scripts/audit-pages-full.ts:153:17)
[hero-kpi-overrides] refetch failed, using stale cache Error: SUPABASE_SERVICE_ROLE_KEY manquante — vérifier .env.local
    at createSupabaseAdminClient (/Users/yann/spx-app/src/lib/supabase/admin.ts:16:11)
    at fetchAll (/Users/yann/spx-app/src/lib/company-core/hero-kpi-overrides.ts:31:20)
    at getHeroKpiOverride (/Users/yann/spx-app/src/lib/company-core/hero-kpi-overrides.ts:58:21)
    at loadV17Company (/Users/yann/spx-app/src/lib/company-core/load-company.ts:2731:28)
    at async auditTicker (/Users/yann/spx-app/scripts/audit-pages-full.ts:51:19)
    at async main (/Users/yann/spx-app/scripts/audit-pages-full.ts:153:17)
special_kpis merge failed for HOOD: Error: supabaseUrl is required.
    at validateSupabaseUrl (/Users/yann/spx-app/node_modules/@supabase/supabase-js/src/lib/helpers.ts:86:11)
    at new SupabaseClient (/Users/yann/spx-app/node_modules/@supabase/supabase-js/src/SupabaseClient.ts:284:21)
    at createClient (/Users/yann/spx-app/node_modules/@supabase/supabase-js/src/index.ts:65:10)
    at admin (/Users/yann/spx-app/src/lib/desk/special-kpis.ts:107:10)
    at listPublishedForTicker (/Users/yann/spx-app/src/lib/desk/special-kpis.ts:130:16)
    at loadV17Company (/Users/yann/spx-app/src/lib/company-core/load-company.ts:1611:30)
    at async auditTicker (/Users/yann/spx-app/scripts/audit-pages-full.ts:51:19)
    at async main (/Users/yann/spx-app/scripts/audit-pages-full.ts:153:17)
kpi_requests merge failed for HOOD: Error: supabaseUrl is required.
    at validateSupabaseUrl (/Users/yann/spx-app/node_modules/@supabase/supabase-js/src/lib/helpers.ts:86:11)
    at new SupabaseClient (/Users/yann/spx-app/node_modules/@supabase/supabase-js/src/SupabaseClient.ts:284:21)
    at createClient (/Users/yann/spx-app/node_modules/@supabase/supabase-js/src/index.ts:65:10)
    at loadV17Company (/Users/yann/spx-app/src/lib/company-core/load-company.ts:1675:18)
    at async auditTicker (/Users/yann/spx-app/scripts/audit-pages-full.ts:51:19)
    at async main (/Users/yann/spx-app/scripts/audit-pages-full.ts:153:17)
image_findings merge failed for HOOD: Error: supabaseUrl is required.
    at validateSupabaseUrl (/Users/yann/spx-app/node_modules/@supabase/supabase-js/src/lib/helpers.ts:86:11)
    at new SupabaseClient (/Users/yann/spx-app/node_modules/@supabase/supabase-js/src/SupabaseClient.ts:284:21)
    at createClient (/Users/yann/spx-app/node_modules/@supabase/supabase-js/src/index.ts:65:10)
    at admin (/Users/yann/spx-app/src/lib/desk/image-findings.ts:118:10)
    at listApprovedForTicker (/Users/yann/spx-app/src/lib/desk/image-findings.ts:222:16)
    at loadV17Company (/Users/yann/spx-app/src/lib/company-core/load-company.ts:1738:30)
    at async auditTicker (/Users/yann/spx-app/scripts/audit-pages-full.ts:51:19)
    at async main (/Users/yann/spx-app/scripts/audit-pages-full.ts:153:17)
[hero-kpi-overrides] refetch failed, using stale cache Error: SUPABASE_SERVICE_ROLE_KEY manquante — vérifier .env.local
    at createSupabaseAdminClient (/Users/yann/spx-app/src/lib/supabase/admin.ts:16:11)
    at fetchAll (/Users/yann/spx-app/src/lib/company-core/hero-kpi-overrides.ts:31:20)
    at getHeroKpiOverride (/Users/yann/spx-app/src/lib/company-core/hero-kpi-overrides.ts:58:21)
    at loadV17Company (/Users/yann/spx-app/src/lib/company-core/load-company.ts:2731:28)
    at async auditTicker (/Users/yann/spx-app/scripts/audit-pages-full.ts:51:19)
    at async main (/Users/yann/spx-app/scripts/audit-pages-full.ts:153:17)
special_kpis merge failed for HSIC: Error: supabaseUrl is required.
    at validateSupabaseUrl (/Users/yann/spx-app/node_modules/@supabase/supabase-js/src/lib/helpers.ts:86:11)
    at new SupabaseClient (/Users/yann/spx-app/node_modules/@supabase/supabase-js/src/SupabaseClient.ts:284:21)
    at createClient (/Users/yann/spx-app/node_modules/@supabase/supabase-js/src/index.ts:65:10)
    at admin (/Users/yann/spx-app/src/lib/desk/special-kpis.ts:107:10)
    at listPublishedForTicker (/Users/yann/spx-app/src/lib/desk/special-kpis.ts:130:16)
    at loadV17Company (/Users/yann/spx-app/src/lib/company-core/load-company.ts:1611:30)
    at async auditTicker (/Users/yann/spx-app/scripts/audit-pages-full.ts:51:19)
    at async main (/Users/yann/spx-app/scripts/audit-pages-full.ts:153:17)
kpi_requests merge failed for HSIC: Error: supabaseUrl is required.
    at validateSupabaseUrl (/Users/yann/spx-app/node_modules/@supabase/supabase-js/src/lib/helpers.ts:86:11)
    at new SupabaseClient (/Users/yann/spx-app/node_modules/@supabase/supabase-js/src/SupabaseClient.ts:284:21)
    at createClient (/Users/yann/spx-app/node_modules/@supabase/supabase-js/src/index.ts:65:10)
    at loadV17Company (/Users/yann/spx-app/src/lib/company-core/load-company.ts:1675:18)
    at async auditTicker (/Users/yann/spx-app/scripts/audit-pages-full.ts:51:19)
    at async main (/Users/yann/spx-app/scripts/audit-pages-full.ts:153:17)
image_findings merge failed for HSIC: Error: supabaseUrl is required.
    at validateSupabaseUrl (/Users/yann/spx-app/node_modules/@supabase/supabase-js/src/lib/helpers.ts:86:11)
    at new SupabaseClient (/Users/yann/spx-app/node_modules/@supabase/supabase-js/src/SupabaseClient.ts:284:21)
    at createClient (/Users/yann/spx-app/node_modules/@supabase/supabase-js/src/index.ts:65:10)
    at admin (/Users/yann/spx-app/src/lib/desk/image-findings.ts:118:10)
    at listApprovedForTicker (/Users/yann/spx-app/src/lib/desk/image-findings.ts:222:16)
    at loadV17Company (/Users/yann/spx-app/src/lib/company-core/load-company.ts:1738:30)
    at async auditTicker (/Users/yann/spx-app/scripts/audit-pages-full.ts:51:19)
    at async main (/Users/yann/spx-app/scripts/audit-pages-full.ts:153:17)
[hero-kpi-overrides] refetch failed, using stale cache Error: SUPABASE_SERVICE_ROLE_KEY manquante — vérifier .env.local
    at createSupabaseAdminClient (/Users/yann/spx-app/src/lib/supabase/admin.ts:16:11)
    at fetchAll (/Users/yann/spx-app/src/lib/company-core/hero-kpi-overrides.ts:31:20)
    at getHeroKpiOverride (/Users/yann/spx-app/src/lib/company-core/hero-kpi-overrides.ts:58:21)
    at loadV17Company (/Users/yann/spx-app/src/lib/company-core/load-company.ts:2731:28)
    at async auditTicker (/Users/yann/spx-app/scripts/audit-pages-full.ts:51:19)
    at async main (/Users/yann/spx-app/scripts/audit-pages-full.ts:153:17)
special_kpis merge failed for HSY: Error: supabaseUrl is required.
    at validateSupabaseUrl (/Users/yann/spx-app/node_modules/@supabase/supabase-js/src/lib/helpers.ts:86:11)
    at new SupabaseClient (/Users/yann/spx-app/node_modules/@supabase/supabase-js/src/SupabaseClient.ts:284:21)
    at createClient (/Users/yann/spx-app/node_modules/@supabase/supabase-js/src/index.ts:65:10)
    at admin (/Users/yann/spx-app/src/lib/desk/special-kpis.ts:107:10)
    at listPublishedForTicker (/Users/yann/spx-app/src/lib/desk/special-kpis.ts:130:16)
    at loadV17Company (/Users/yann/spx-app/src/lib/company-core/load-company.ts:1611:30)
    at async auditTicker (/Users/yann/spx-app/scripts/audit-pages-full.ts:51:19)
    at async main (/Users/yann/spx-app/scripts/audit-pages-full.ts:153:17)
kpi_requests merge failed for HSY: Error: supabaseUrl is required.
    at validateSupabaseUrl (/Users/yann/spx-app/node_modules/@supabase/supabase-js/src/lib/helpers.ts:86:11)
    at new SupabaseClient (/Users/yann/spx-app/node_modules/@supabase/supabase-js/src/SupabaseClient.ts:284:21)
    at createClient (/Users/yann/spx-app/node_modules/@supabase/supabase-js/src/index.ts:65:10)
    at loadV17Company (/Users/yann/spx-app/src/lib/company-core/load-company.ts:1675:18)
    at async auditTicker (/Users/yann/spx-app/scripts/audit-pages-full.ts:51:19)
    at async main (/Users/yann/spx-app/scripts/audit-pages-full.ts:153:17)
image_findings merge failed for HSY: Error: supabaseUrl is required.
    at validateSupabaseUrl (/Users/yann/spx-app/node_modules/@supabase/supabase-js/src/lib/helpers.ts:86:11)
    at new SupabaseClient (/Users/yann/spx-app/node_modules/@supabase/supabase-js/src/SupabaseClient.ts:284:21)
    at createClient (/Users/yann/spx-app/node_modules/@supabase/supabase-js/src/index.ts:65:10)
    at admin (/Users/yann/spx-app/src/lib/desk/image-findings.ts:118:10)
    at listApprovedForTicker (/Users/yann/spx-app/src/lib/desk/image-findings.ts:222:16)
    at loadV17Company (/Users/yann/spx-app/src/lib/company-core/load-company.ts:1738:30)
    at async auditTicker (/Users/yann/spx-app/scripts/audit-pages-full.ts:51:19)
    at async main (/Users/yann/spx-app/scripts/audit-pages-full.ts:153:17)
[hero-kpi-overrides] refetch failed, using stale cache Error: SUPABASE_SERVICE_ROLE_KEY manquante — vérifier .env.local
    at createSupabaseAdminClient (/Users/yann/spx-app/src/lib/supabase/admin.ts:16:11)
    at fetchAll (/Users/yann/spx-app/src/lib/company-core/hero-kpi-overrides.ts:31:20)
    at getHeroKpiOverride (/Users/yann/spx-app/src/lib/company-core/hero-kpi-overrides.ts:58:21)
    at loadV17Company (/Users/yann/spx-app/src/lib/company-core/load-company.ts:2731:28)
    at async auditTicker (/Users/yann/spx-app/scripts/audit-pages-full.ts:51:19)
    at async main (/Users/yann/spx-app/scripts/audit-pages-full.ts:153:17)
special_kpis merge failed for ICE: Error: supabaseUrl is required.
    at validateSupabaseUrl (/Users/yann/spx-app/node_modules/@supabase/supabase-js/src/lib/helpers.ts:86:11)
    at new SupabaseClient (/Users/yann/spx-app/node_modules/@supabase/supabase-js/src/SupabaseClient.ts:284:21)
    at createClient (/Users/yann/spx-app/node_modules/@supabase/supabase-js/src/index.ts:65:10)
    at admin (/Users/yann/spx-app/src/lib/desk/special-kpis.ts:107:10)
    at listPublishedForTicker (/Users/yann/spx-app/src/lib/desk/special-kpis.ts:130:16)
    at loadV17Company (/Users/yann/spx-app/src/lib/company-core/load-company.ts:1611:30)
    at async auditTicker (/Users/yann/spx-app/scripts/audit-pages-full.ts:51:19)
    at async main (/Users/yann/spx-app/scripts/audit-pages-full.ts:153:17)
kpi_requests merge failed for ICE: Error: supabaseUrl is required.
    at validateSupabaseUrl (/Users/yann/spx-app/node_modules/@supabase/supabase-js/src/lib/helpers.ts:86:11)
    at new SupabaseClient (/Users/yann/spx-app/node_modules/@supabase/supabase-js/src/SupabaseClient.ts:284:21)
    at createClient (/Users/yann/spx-app/node_modules/@supabase/supabase-js/src/index.ts:65:10)
    at loadV17Company (/Users/yann/spx-app/src/lib/company-core/load-company.ts:1675:18)
    at async auditTicker (/Users/yann/spx-app/scripts/audit-pages-full.ts:51:19)
    at async main (/Users/yann/spx-app/scripts/audit-pages-full.ts:153:17)
image_findings merge failed for ICE: Error: supabaseUrl is required.
    at validateSupabaseUrl (/Users/yann/spx-app/node_modules/@supabase/supabase-js/src/lib/helpers.ts:86:11)
    at new SupabaseClient (/Users/yann/spx-app/node_modules/@supabase/supabase-js/src/SupabaseClient.ts:284:21)
    at createClient (/Users/yann/spx-app/node_modules/@supabase/supabase-js/src/index.ts:65:10)
    at admin (/Users/yann/spx-app/src/lib/desk/image-findings.ts:118:10)
    at listApprovedForTicker (/Users/yann/spx-app/src/lib/desk/image-findings.ts:222:16)
    at loadV17Company (/Users/yann/spx-app/src/lib/company-core/load-company.ts:1738:30)
    at async auditTicker (/Users/yann/spx-app/scripts/audit-pages-full.ts:51:19)
    at async main (/Users/yann/spx-app/scripts/audit-pages-full.ts:153:17)
[hero-kpi-overrides] refetch failed, using stale cache Error: SUPABASE_SERVICE_ROLE_KEY manquante — vérifier .env.local
    at createSupabaseAdminClient (/Users/yann/spx-app/src/lib/supabase/admin.ts:16:11)
    at fetchAll (/Users/yann/spx-app/src/lib/company-core/hero-kpi-overrides.ts:31:20)
    at getHeroKpiOverride (/Users/yann/spx-app/src/lib/company-core/hero-kpi-overrides.ts:58:21)
    at loadV17Company (/Users/yann/spx-app/src/lib/company-core/load-company.ts:2731:28)
    at async auditTicker (/Users/yann/spx-app/scripts/audit-pages-full.ts:51:19)
    at async main (/Users/yann/spx-app/scripts/audit-pages-full.ts:153:17)
special_kpis merge failed for INVH: Error: supabaseUrl is required.
    at validateSupabaseUrl (/Users/yann/spx-app/node_modules/@supabase/supabase-js/src/lib/helpers.ts:86:11)
    at new SupabaseClient (/Users/yann/spx-app/node_modules/@supabase/supabase-js/src/SupabaseClient.ts:284:21)
    at createClient (/Users/yann/spx-app/node_modules/@supabase/supabase-js/src/index.ts:65:10)
    at admin (/Users/yann/spx-app/src/lib/desk/special-kpis.ts:107:10)
    at listPublishedForTicker (/Users/yann/spx-app/src/lib/desk/special-kpis.ts:130:16)
    at loadV17Company (/Users/yann/spx-app/src/lib/company-core/load-company.ts:1611:30)
    at async auditTicker (/Users/yann/spx-app/scripts/audit-pages-full.ts:51:19)
    at async main (/Users/yann/spx-app/scripts/audit-pages-full.ts:153:17)
kpi_requests merge failed for INVH: Error: supabaseUrl is required.
    at validateSupabaseUrl (/Users/yann/spx-app/node_modules/@supabase/supabase-js/src/lib/helpers.ts:86:11)
    at new SupabaseClient (/Users/yann/spx-app/node_modules/@supabase/supabase-js/src/SupabaseClient.ts:284:21)
    at createClient (/Users/yann/spx-app/node_modules/@supabase/supabase-js/src/index.ts:65:10)
    at loadV17Company (/Users/yann/spx-app/src/lib/company-core/load-company.ts:1675:18)
    at async auditTicker (/Users/yann/spx-app/scripts/audit-pages-full.ts:51:19)
    at async main (/Users/yann/spx-app/scripts/audit-pages-full.ts:153:17)
image_findings merge failed for INVH: Error: supabaseUrl is required.
    at validateSupabaseUrl (/Users/yann/spx-app/node_modules/@supabase/supabase-js/src/lib/helpers.ts:86:11)
    at new SupabaseClient (/Users/yann/spx-app/node_modules/@supabase/supabase-js/src/SupabaseClient.ts:284:21)
    at createClient (/Users/yann/spx-app/node_modules/@supabase/supabase-js/src/index.ts:65:10)
    at admin (/Users/yann/spx-app/src/lib/desk/image-findings.ts:118:10)
    at listApprovedForTicker (/Users/yann/spx-app/src/lib/desk/image-findings.ts:222:16)
    at loadV17Company (/Users/yann/spx-app/src/lib/company-core/load-company.ts:1738:30)
    at async auditTicker (/Users/yann/spx-app/scripts/audit-pages-full.ts:51:19)
    at async main (/Users/yann/spx-app/scripts/audit-pages-full.ts:153:17)
[hero-kpi-overrides] refetch failed, using stale cache Error: SUPABASE_SERVICE_ROLE_KEY manquante — vérifier .env.local
    at createSupabaseAdminClient (/Users/yann/spx-app/src/lib/supabase/admin.ts:16:11)
    at fetchAll (/Users/yann/spx-app/src/lib/company-core/hero-kpi-overrides.ts:31:20)
    at getHeroKpiOverride (/Users/yann/spx-app/src/lib/company-core/hero-kpi-overrides.ts:58:21)
    at loadV17Company (/Users/yann/spx-app/src/lib/company-core/load-company.ts:2731:28)
    at async auditTicker (/Users/yann/spx-app/scripts/audit-pages-full.ts:51:19)
    at async main (/Users/yann/spx-app/scripts/audit-pages-full.ts:153:17)
special_kpis merge failed for IP: Error: supabaseUrl is required.
    at validateSupabaseUrl (/Users/yann/spx-app/node_modules/@supabase/supabase-js/src/lib/helpers.ts:86:11)
    at new SupabaseClient (/Users/yann/spx-app/node_modules/@supabase/supabase-js/src/SupabaseClient.ts:284:21)
    at createClient (/Users/yann/spx-app/node_modules/@supabase/supabase-js/src/index.ts:65:10)
    at admin (/Users/yann/spx-app/src/lib/desk/special-kpis.ts:107:10)
    at listPublishedForTicker (/Users/yann/spx-app/src/lib/desk/special-kpis.ts:130:16)
    at loadV17Company (/Users/yann/spx-app/src/lib/company-core/load-company.ts:1611:30)
    at async auditTicker (/Users/yann/spx-app/scripts/audit-pages-full.ts:51:19)
    at async main (/Users/yann/spx-app/scripts/audit-pages-full.ts:153:17)
kpi_requests merge failed for IP: Error: supabaseUrl is required.
    at validateSupabaseUrl (/Users/yann/spx-app/node_modules/@supabase/supabase-js/src/lib/helpers.ts:86:11)
    at new SupabaseClient (/Users/yann/spx-app/node_modules/@supabase/supabase-js/src/SupabaseClient.ts:284:21)
    at createClient (/Users/yann/spx-app/node_modules/@supabase/supabase-js/src/index.ts:65:10)
    at loadV17Company (/Users/yann/spx-app/src/lib/company-core/load-company.ts:1675:18)
    at async auditTicker (/Users/yann/spx-app/scripts/audit-pages-full.ts:51:19)
    at async main (/Users/yann/spx-app/scripts/audit-pages-full.ts:153:17)
image_findings merge failed for IP: Error: supabaseUrl is required.
    at validateSupabaseUrl (/Users/yann/spx-app/node_modules/@supabase/supabase-js/src/lib/helpers.ts:86:11)
    at new SupabaseClient (/Users/yann/spx-app/node_modules/@supabase/supabase-js/src/SupabaseClient.ts:284:21)
    at createClient (/Users/yann/spx-app/node_modules/@supabase/supabase-js/src/index.ts:65:10)
    at admin (/Users/yann/spx-app/src/lib/desk/image-findings.ts:118:10)
    at listApprovedForTicker (/Users/yann/spx-app/src/lib/desk/image-findings.ts:222:16)
    at loadV17Company (/Users/yann/spx-app/src/lib/company-core/load-company.ts:1738:30)
    at async auditTicker (/Users/yann/spx-app/scripts/audit-pages-full.ts:51:19)
    at async main (/Users/yann/spx-app/scripts/audit-pages-full.ts:153:17)
[hero-kpi-overrides] refetch failed, using stale cache Error: SUPABASE_SERVICE_ROLE_KEY manquante — vérifier .env.local
    at createSupabaseAdminClient (/Users/yann/spx-app/src/lib/supabase/admin.ts:16:11)
    at fetchAll (/Users/yann/spx-app/src/lib/company-core/hero-kpi-overrides.ts:31:20)
    at getHeroKpiOverride (/Users/yann/spx-app/src/lib/company-core/hero-kpi-overrides.ts:58:21)
    at loadV17Company (/Users/yann/spx-app/src/lib/company-core/load-company.ts:2731:28)
    at async auditTicker (/Users/yann/spx-app/scripts/audit-pages-full.ts:51:19)
    at async main (/Users/yann/spx-app/scripts/audit-pages-full.ts:153:17)
special_kpis merge failed for IR: Error: supabaseUrl is required.
    at validateSupabaseUrl (/Users/yann/spx-app/node_modules/@supabase/supabase-js/src/lib/helpers.ts:86:11)
    at new SupabaseClient (/Users/yann/spx-app/node_modules/@supabase/supabase-js/src/SupabaseClient.ts:284:21)
    at createClient (/Users/yann/spx-app/node_modules/@supabase/supabase-js/src/index.ts:65:10)
    at admin (/Users/yann/spx-app/src/lib/desk/special-kpis.ts:107:10)
    at listPublishedForTicker (/Users/yann/spx-app/src/lib/desk/special-kpis.ts:130:16)
    at loadV17Company (/Users/yann/spx-app/src/lib/company-core/load-company.ts:1611:30)
    at async auditTicker (/Users/yann/spx-app/scripts/audit-pages-full.ts:51:19)
    at async main (/Users/yann/spx-app/scripts/audit-pages-full.ts:153:17)
kpi_requests merge failed for IR: Error: supabaseUrl is required.
    at validateSupabaseUrl (/Users/yann/spx-app/node_modules/@supabase/supabase-js/src/lib/helpers.ts:86:11)
    at new SupabaseClient (/Users/yann/spx-app/node_modules/@supabase/supabase-js/src/SupabaseClient.ts:284:21)
    at createClient (/Users/yann/spx-app/node_modules/@supabase/supabase-js/src/index.ts:65:10)
    at loadV17Company (/Users/yann/spx-app/src/lib/company-core/load-company.ts:1675:18)
    at async auditTicker (/Users/yann/spx-app/scripts/audit-pages-full.ts:51:19)
    at async main (/Users/yann/spx-app/scripts/audit-pages-full.ts:153:17)
image_findings merge failed for IR: Error: supabaseUrl is required.
    at validateSupabaseUrl (/Users/yann/spx-app/node_modules/@supabase/supabase-js/src/lib/helpers.ts:86:11)
    at new SupabaseClient (/Users/yann/spx-app/node_modules/@supabase/supabase-js/src/SupabaseClient.ts:284:21)
    at createClient (/Users/yann/spx-app/node_modules/@supabase/supabase-js/src/index.ts:65:10)
    at admin (/Users/yann/spx-app/src/lib/desk/image-findings.ts:118:10)
    at listApprovedForTicker (/Users/yann/spx-app/src/lib/desk/image-findings.ts:222:16)
    at loadV17Company (/Users/yann/spx-app/src/lib/company-core/load-company.ts:1738:30)
    at async auditTicker (/Users/yann/spx-app/scripts/audit-pages-full.ts:51:19)
    at async main (/Users/yann/spx-app/scripts/audit-pages-full.ts:153:17)
[hero-kpi-overrides] refetch failed, using stale cache Error: SUPABASE_SERVICE_ROLE_KEY manquante — vérifier .env.local
    at createSupabaseAdminClient (/Users/yann/spx-app/src/lib/supabase/admin.ts:16:11)
    at fetchAll (/Users/yann/spx-app/src/lib/company-core/hero-kpi-overrides.ts:31:20)
    at getHeroKpiOverride (/Users/yann/spx-app/src/lib/company-core/hero-kpi-overrides.ts:58:21)
    at loadV17Company (/Users/yann/spx-app/src/lib/company-core/load-company.ts:2731:28)
    at async auditTicker (/Users/yann/spx-app/scripts/audit-pages-full.ts:51:19)
    at async main (/Users/yann/spx-app/scripts/audit-pages-full.ts:153:17)
special_kpis merge failed for KKR: Error: supabaseUrl is required.
    at validateSupabaseUrl (/Users/yann/spx-app/node_modules/@supabase/supabase-js/src/lib/helpers.ts:86:11)
    at new SupabaseClient (/Users/yann/spx-app/node_modules/@supabase/supabase-js/src/SupabaseClient.ts:284:21)
    at createClient (/Users/yann/spx-app/node_modules/@supabase/supabase-js/src/index.ts:65:10)
    at admin (/Users/yann/spx-app/src/lib/desk/special-kpis.ts:107:10)
    at listPublishedForTicker (/Users/yann/spx-app/src/lib/desk/special-kpis.ts:130:16)
    at loadV17Company (/Users/yann/spx-app/src/lib/company-core/load-company.ts:1611:30)
    at async auditTicker (/Users/yann/spx-app/scripts/audit-pages-full.ts:51:19)
    at async main (/Users/yann/spx-app/scripts/audit-pages-full.ts:153:17)
kpi_requests merge failed for KKR: Error: supabaseUrl is required.
    at validateSupabaseUrl (/Users/yann/spx-app/node_modules/@supabase/supabase-js/src/lib/helpers.ts:86:11)
    at new SupabaseClient (/Users/yann/spx-app/node_modules/@supabase/supabase-js/src/SupabaseClient.ts:284:21)
    at createClient (/Users/yann/spx-app/node_modules/@supabase/supabase-js/src/index.ts:65:10)
    at loadV17Company (/Users/yann/spx-app/src/lib/company-core/load-company.ts:1675:18)
    at async auditTicker (/Users/yann/spx-app/scripts/audit-pages-full.ts:51:19)
    at async main (/Users/yann/spx-app/scripts/audit-pages-full.ts:153:17)
image_findings merge failed for KKR: Error: supabaseUrl is required.
    at validateSupabaseUrl (/Users/yann/spx-app/node_modules/@supabase/supabase-js/src/lib/helpers.ts:86:11)
    at new SupabaseClient (/Users/yann/spx-app/node_modules/@supabase/supabase-js/src/SupabaseClient.ts:284:21)
    at createClient (/Users/yann/spx-app/node_modules/@supabase/supabase-js/src/index.ts:65:10)
    at admin (/Users/yann/spx-app/src/lib/desk/image-findings.ts:118:10)
    at listApprovedForTicker (/Users/yann/spx-app/src/lib/desk/image-findings.ts:222:16)
    at loadV17Company (/Users/yann/spx-app/src/lib/company-core/load-company.ts:1738:30)
    at async auditTicker (/Users/yann/spx-app/scripts/audit-pages-full.ts:51:19)
    at async main (/Users/yann/spx-app/scripts/audit-pages-full.ts:153:17)
[hero-kpi-overrides] refetch failed, using stale cache Error: SUPABASE_SERVICE_ROLE_KEY manquante — vérifier .env.local
    at createSupabaseAdminClient (/Users/yann/spx-app/src/lib/supabase/admin.ts:16:11)
    at fetchAll (/Users/yann/spx-app/src/lib/company-core/hero-kpi-overrides.ts:31:20)
    at getHeroKpiOverride (/Users/yann/spx-app/src/lib/company-core/hero-kpi-overrides.ts:58:21)
    at loadV17Company (/Users/yann/spx-app/src/lib/company-core/load-company.ts:2731:28)
    at async auditTicker (/Users/yann/spx-app/scripts/audit-pages-full.ts:51:19)
    at async main (/Users/yann/spx-app/scripts/audit-pages-full.ts:153:17)
special_kpis merge failed for LH: Error: supabaseUrl is required.
    at validateSupabaseUrl (/Users/yann/spx-app/node_modules/@supabase/supabase-js/src/lib/helpers.ts:86:11)
    at new SupabaseClient (/Users/yann/spx-app/node_modules/@supabase/supabase-js/src/SupabaseClient.ts:284:21)
    at createClient (/Users/yann/spx-app/node_modules/@supabase/supabase-js/src/index.ts:65:10)
    at admin (/Users/yann/spx-app/src/lib/desk/special-kpis.ts:107:10)
    at listPublishedForTicker (/Users/yann/spx-app/src/lib/desk/special-kpis.ts:130:16)
    at loadV17Company (/Users/yann/spx-app/src/lib/company-core/load-company.ts:1611:30)
    at async auditTicker (/Users/yann/spx-app/scripts/audit-pages-full.ts:51:19)
    at async main (/Users/yann/spx-app/scripts/audit-pages-full.ts:153:17)
kpi_requests merge failed for LH: Error: supabaseUrl is required.
    at validateSupabaseUrl (/Users/yann/spx-app/node_modules/@supabase/supabase-js/src/lib/helpers.ts:86:11)
    at new SupabaseClient (/Users/yann/spx-app/node_modules/@supabase/supabase-js/src/SupabaseClient.ts:284:21)
    at createClient (/Users/yann/spx-app/node_modules/@supabase/supabase-js/src/index.ts:65:10)
    at loadV17Company (/Users/yann/spx-app/src/lib/company-core/load-company.ts:1675:18)
    at async auditTicker (/Users/yann/spx-app/scripts/audit-pages-full.ts:51:19)
    at async main (/Users/yann/spx-app/scripts/audit-pages-full.ts:153:17)
image_findings merge failed for LH: Error: supabaseUrl is required.
    at validateSupabaseUrl (/Users/yann/spx-app/node_modules/@supabase/supabase-js/src/lib/helpers.ts:86:11)
    at new SupabaseClient (/Users/yann/spx-app/node_modules/@supabase/supabase-js/src/SupabaseClient.ts:284:21)
    at createClient (/Users/yann/spx-app/node_modules/@supabase/supabase-js/src/index.ts:65:10)
    at admin (/Users/yann/spx-app/src/lib/desk/image-findings.ts:118:10)
    at listApprovedForTicker (/Users/yann/spx-app/src/lib/desk/image-findings.ts:222:16)
    at loadV17Company (/Users/yann/spx-app/src/lib/company-core/load-company.ts:1738:30)
    at async auditTicker (/Users/yann/spx-app/scripts/audit-pages-full.ts:51:19)
    at async main (/Users/yann/spx-app/scripts/audit-pages-full.ts:153:17)
[hero-kpi-overrides] refetch failed, using stale cache Error: SUPABASE_SERVICE_ROLE_KEY manquante — vérifier .env.local
    at createSupabaseAdminClient (/Users/yann/spx-app/src/lib/supabase/admin.ts:16:11)
    at fetchAll (/Users/yann/spx-app/src/lib/company-core/hero-kpi-overrides.ts:31:20)
    at getHeroKpiOverride (/Users/yann/spx-app/src/lib/company-core/hero-kpi-overrides.ts:58:21)
    at loadV17Company (/Users/yann/spx-app/src/lib/company-core/load-company.ts:2731:28)
    at async auditTicker (/Users/yann/spx-app/scripts/audit-pages-full.ts:51:19)
    at async main (/Users/yann/spx-app/scripts/audit-pages-full.ts:153:17)
special_kpis merge failed for LHX: Error: supabaseUrl is required.
    at validateSupabaseUrl (/Users/yann/spx-app/node_modules/@supabase/supabase-js/src/lib/helpers.ts:86:11)
    at new SupabaseClient (/Users/yann/spx-app/node_modules/@supabase/supabase-js/src/SupabaseClient.ts:284:21)
    at createClient (/Users/yann/spx-app/node_modules/@supabase/supabase-js/src/index.ts:65:10)
    at admin (/Users/yann/spx-app/src/lib/desk/special-kpis.ts:107:10)
    at listPublishedForTicker (/Users/yann/spx-app/src/lib/desk/special-kpis.ts:130:16)
    at loadV17Company (/Users/yann/spx-app/src/lib/company-core/load-company.ts:1611:30)
    at async auditTicker (/Users/yann/spx-app/scripts/audit-pages-full.ts:51:19)
    at async main (/Users/yann/spx-app/scripts/audit-pages-full.ts:153:17)
kpi_requests merge failed for LHX: Error: supabaseUrl is required.
    at validateSupabaseUrl (/Users/yann/spx-app/node_modules/@supabase/supabase-js/src/lib/helpers.ts:86:11)
    at new SupabaseClient (/Users/yann/spx-app/node_modules/@supabase/supabase-js/src/SupabaseClient.ts:284:21)
    at createClient (/Users/yann/spx-app/node_modules/@supabase/supabase-js/src/index.ts:65:10)
    at loadV17Company (/Users/yann/spx-app/src/lib/company-core/load-company.ts:1675:18)
    at async auditTicker (/Users/yann/spx-app/scripts/audit-pages-full.ts:51:19)
    at async main (/Users/yann/spx-app/scripts/audit-pages-full.ts:153:17)
image_findings merge failed for LHX: Error: supabaseUrl is required.
    at validateSupabaseUrl (/Users/yann/spx-app/node_modules/@supabase/supabase-js/src/lib/helpers.ts:86:11)
    at new SupabaseClient (/Users/yann/spx-app/node_modules/@supabase/supabase-js/src/SupabaseClient.ts:284:21)
    at createClient (/Users/yann/spx-app/node_modules/@supabase/supabase-js/src/index.ts:65:10)
    at admin (/Users/yann/spx-app/src/lib/desk/image-findings.ts:118:10)
    at listApprovedForTicker (/Users/yann/spx-app/src/lib/desk/image-findings.ts:222:16)
    at loadV17Company (/Users/yann/spx-app/src/lib/company-core/load-company.ts:1738:30)
    at async auditTicker (/Users/yann/spx-app/scripts/audit-pages-full.ts:51:19)
    at async main (/Users/yann/spx-app/scripts/audit-pages-full.ts:153:17)
[hero-kpi-overrides] refetch failed, using stale cache Error: SUPABASE_SERVICE_ROLE_KEY manquante — vérifier .env.local
    at createSupabaseAdminClient (/Users/yann/spx-app/src/lib/supabase/admin.ts:16:11)
    at fetchAll (/Users/yann/spx-app/src/lib/company-core/hero-kpi-overrides.ts:31:20)
    at getHeroKpiOverride (/Users/yann/spx-app/src/lib/company-core/hero-kpi-overrides.ts:58:21)
    at loadV17Company (/Users/yann/spx-app/src/lib/company-core/load-company.ts:2731:28)
    at async auditTicker (/Users/yann/spx-app/scripts/audit-pages-full.ts:51:19)
    at async main (/Users/yann/spx-app/scripts/audit-pages-full.ts:153:17)
special_kpis merge failed for LITE: Error: supabaseUrl is required.
    at validateSupabaseUrl (/Users/yann/spx-app/node_modules/@supabase/supabase-js/src/lib/helpers.ts:86:11)
    at new SupabaseClient (/Users/yann/spx-app/node_modules/@supabase/supabase-js/src/SupabaseClient.ts:284:21)
    at createClient (/Users/yann/spx-app/node_modules/@supabase/supabase-js/src/index.ts:65:10)
    at admin (/Users/yann/spx-app/src/lib/desk/special-kpis.ts:107:10)
    at listPublishedForTicker (/Users/yann/spx-app/src/lib/desk/special-kpis.ts:130:16)
    at loadV17Company (/Users/yann/spx-app/src/lib/company-core/load-company.ts:1611:30)
    at async auditTicker (/Users/yann/spx-app/scripts/audit-pages-full.ts:51:19)
    at async main (/Users/yann/spx-app/scripts/audit-pages-full.ts:153:17)
kpi_requests merge failed for LITE: Error: supabaseUrl is required.
    at validateSupabaseUrl (/Users/yann/spx-app/node_modules/@supabase/supabase-js/src/lib/helpers.ts:86:11)
    at new SupabaseClient (/Users/yann/spx-app/node_modules/@supabase/supabase-js/src/SupabaseClient.ts:284:21)
    at createClient (/Users/yann/spx-app/node_modules/@supabase/supabase-js/src/index.ts:65:10)
    at loadV17Company (/Users/yann/spx-app/src/lib/company-core/load-company.ts:1675:18)
    at async auditTicker (/Users/yann/spx-app/scripts/audit-pages-full.ts:51:19)
    at async main (/Users/yann/spx-app/scripts/audit-pages-full.ts:153:17)
image_findings merge failed for LITE: Error: supabaseUrl is required.
    at validateSupabaseUrl (/Users/yann/spx-app/node_modules/@supabase/supabase-js/src/lib/helpers.ts:86:11)
    at new SupabaseClient (/Users/yann/spx-app/node_modules/@supabase/supabase-js/src/SupabaseClient.ts:284:21)
    at createClient (/Users/yann/spx-app/node_modules/@supabase/supabase-js/src/index.ts:65:10)
    at admin (/Users/yann/spx-app/src/lib/desk/image-findings.ts:118:10)
    at listApprovedForTicker (/Users/yann/spx-app/src/lib/desk/image-findings.ts:222:16)
    at loadV17Company (/Users/yann/spx-app/src/lib/company-core/load-company.ts:1738:30)
    at async auditTicker (/Users/yann/spx-app/scripts/audit-pages-full.ts:51:19)
    at async main (/Users/yann/spx-app/scripts/audit-pages-full.ts:153:17)
[hero-kpi-overrides] refetch failed, using stale cache Error: SUPABASE_SERVICE_ROLE_KEY manquante — vérifier .env.local
    at createSupabaseAdminClient (/Users/yann/spx-app/src/lib/supabase/admin.ts:16:11)
    at fetchAll (/Users/yann/spx-app/src/lib/company-core/hero-kpi-overrides.ts:31:20)
    at getHeroKpiOverride (/Users/yann/spx-app/src/lib/company-core/hero-kpi-overrides.ts:58:21)
    at loadV17Company (/Users/yann/spx-app/src/lib/company-core/load-company.ts:2731:28)
    at async auditTicker (/Users/yann/spx-app/scripts/audit-pages-full.ts:51:19)
    at async main (/Users/yann/spx-app/scripts/audit-pages-full.ts:153:17)
special_kpis merge failed for LYV: Error: supabaseUrl is required.
    at validateSupabaseUrl (/Users/yann/spx-app/node_modules/@supabase/supabase-js/src/lib/helpers.ts:86:11)
    at new SupabaseClient (/Users/yann/spx-app/node_modules/@supabase/supabase-js/src/SupabaseClient.ts:284:21)
    at createClient (/Users/yann/spx-app/node_modules/@supabase/supabase-js/src/index.ts:65:10)
    at admin (/Users/yann/spx-app/src/lib/desk/special-kpis.ts:107:10)
    at listPublishedForTicker (/Users/yann/spx-app/src/lib/desk/special-kpis.ts:130:16)
    at loadV17Company (/Users/yann/spx-app/src/lib/company-core/load-company.ts:1611:30)
    at async auditTicker (/Users/yann/spx-app/scripts/audit-pages-full.ts:51:19)
    at async main (/Users/yann/spx-app/scripts/audit-pages-full.ts:153:17)
kpi_requests merge failed for LYV: Error: supabaseUrl is required.
    at validateSupabaseUrl (/Users/yann/spx-app/node_modules/@supabase/supabase-js/src/lib/helpers.ts:86:11)
    at new SupabaseClient (/Users/yann/spx-app/node_modules/@supabase/supabase-js/src/SupabaseClient.ts:284:21)
    at createClient (/Users/yann/spx-app/node_modules/@supabase/supabase-js/src/index.ts:65:10)
    at loadV17Company (/Users/yann/spx-app/src/lib/company-core/load-company.ts:1675:18)
    at async auditTicker (/Users/yann/spx-app/scripts/audit-pages-full.ts:51:19)
    at async main (/Users/yann/spx-app/scripts/audit-pages-full.ts:153:17)
image_findings merge failed for LYV: Error: supabaseUrl is required.
    at validateSupabaseUrl (/Users/yann/spx-app/node_modules/@supabase/supabase-js/src/lib/helpers.ts:86:11)
    at new SupabaseClient (/Users/yann/spx-app/node_modules/@supabase/supabase-js/src/SupabaseClient.ts:284:21)
    at createClient (/Users/yann/spx-app/node_modules/@supabase/supabase-js/src/index.ts:65:10)
    at admin (/Users/yann/spx-app/src/lib/desk/image-findings.ts:118:10)
    at listApprovedForTicker (/Users/yann/spx-app/src/lib/desk/image-findings.ts:222:16)
    at loadV17Company (/Users/yann/spx-app/src/lib/company-core/load-company.ts:1738:30)
    at async auditTicker (/Users/yann/spx-app/scripts/audit-pages-full.ts:51:19)
    at async main (/Users/yann/spx-app/scripts/audit-pages-full.ts:153:17)
[hero-kpi-overrides] refetch failed, using stale cache Error: SUPABASE_SERVICE_ROLE_KEY manquante — vérifier .env.local
    at createSupabaseAdminClient (/Users/yann/spx-app/src/lib/supabase/admin.ts:16:11)
    at fetchAll (/Users/yann/spx-app/src/lib/company-core/hero-kpi-overrides.ts:31:20)
    at getHeroKpiOverride (/Users/yann/spx-app/src/lib/company-core/hero-kpi-overrides.ts:58:21)
    at loadV17Company (/Users/yann/spx-app/src/lib/company-core/load-company.ts:2731:28)
    at async auditTicker (/Users/yann/spx-app/scripts/audit-pages-full.ts:51:19)
    at async main (/Users/yann/spx-app/scripts/audit-pages-full.ts:153:17)
...50/75
special_kpis merge failed for MA: Error: supabaseUrl is required.
    at validateSupabaseUrl (/Users/yann/spx-app/node_modules/@supabase/supabase-js/src/lib/helpers.ts:86:11)
    at new SupabaseClient (/Users/yann/spx-app/node_modules/@supabase/supabase-js/src/SupabaseClient.ts:284:21)
    at createClient (/Users/yann/spx-app/node_modules/@supabase/supabase-js/src/index.ts:65:10)
    at admin (/Users/yann/spx-app/src/lib/desk/special-kpis.ts:107:10)
    at listPublishedForTicker (/Users/yann/spx-app/src/lib/desk/special-kpis.ts:130:16)
    at loadV17Company (/Users/yann/spx-app/src/lib/company-core/load-company.ts:1611:30)
    at async auditTicker (/Users/yann/spx-app/scripts/audit-pages-full.ts:51:19)
    at async main (/Users/yann/spx-app/scripts/audit-pages-full.ts:153:17)
kpi_requests merge failed for MA: Error: supabaseUrl is required.
    at validateSupabaseUrl (/Users/yann/spx-app/node_modules/@supabase/supabase-js/src/lib/helpers.ts:86:11)
    at new SupabaseClient (/Users/yann/spx-app/node_modules/@supabase/supabase-js/src/SupabaseClient.ts:284:21)
    at createClient (/Users/yann/spx-app/node_modules/@supabase/supabase-js/src/index.ts:65:10)
    at loadV17Company (/Users/yann/spx-app/src/lib/company-core/load-company.ts:1675:18)
    at async auditTicker (/Users/yann/spx-app/scripts/audit-pages-full.ts:51:19)
    at async main (/Users/yann/spx-app/scripts/audit-pages-full.ts:153:17)
image_findings merge failed for MA: Error: supabaseUrl is required.
    at validateSupabaseUrl (/Users/yann/spx-app/node_modules/@supabase/supabase-js/src/lib/helpers.ts:86:11)
    at new SupabaseClient (/Users/yann/spx-app/node_modules/@supabase/supabase-js/src/SupabaseClient.ts:284:21)
    at createClient (/Users/yann/spx-app/node_modules/@supabase/supabase-js/src/index.ts:65:10)
    at admin (/Users/yann/spx-app/src/lib/desk/image-findings.ts:118:10)
    at listApprovedForTicker (/Users/yann/spx-app/src/lib/desk/image-findings.ts:222:16)
    at loadV17Company (/Users/yann/spx-app/src/lib/company-core/load-company.ts:1738:30)
    at async auditTicker (/Users/yann/spx-app/scripts/audit-pages-full.ts:51:19)
    at async main (/Users/yann/spx-app/scripts/audit-pages-full.ts:153:17)
[hero-kpi-overrides] refetch failed, using stale cache Error: SUPABASE_SERVICE_ROLE_KEY manquante — vérifier .env.local
    at createSupabaseAdminClient (/Users/yann/spx-app/src/lib/supabase/admin.ts:16:11)
    at fetchAll (/Users/yann/spx-app/src/lib/company-core/hero-kpi-overrides.ts:31:20)
    at getHeroKpiOverride (/Users/yann/spx-app/src/lib/company-core/hero-kpi-overrides.ts:58:21)
    at loadV17Company (/Users/yann/spx-app/src/lib/company-core/load-company.ts:2731:28)
    at async auditTicker (/Users/yann/spx-app/scripts/audit-pages-full.ts:51:19)
    at async main (/Users/yann/spx-app/scripts/audit-pages-full.ts:153:17)
special_kpis merge failed for MAA: Error: supabaseUrl is required.
    at validateSupabaseUrl (/Users/yann/spx-app/node_modules/@supabase/supabase-js/src/lib/helpers.ts:86:11)
    at new SupabaseClient (/Users/yann/spx-app/node_modules/@supabase/supabase-js/src/SupabaseClient.ts:284:21)
    at createClient (/Users/yann/spx-app/node_modules/@supabase/supabase-js/src/index.ts:65:10)
    at admin (/Users/yann/spx-app/src/lib/desk/special-kpis.ts:107:10)
    at listPublishedForTicker (/Users/yann/spx-app/src/lib/desk/special-kpis.ts:130:16)
    at loadV17Company (/Users/yann/spx-app/src/lib/company-core/load-company.ts:1611:30)
    at async auditTicker (/Users/yann/spx-app/scripts/audit-pages-full.ts:51:19)
    at async main (/Users/yann/spx-app/scripts/audit-pages-full.ts:153:17)
kpi_requests merge failed for MAA: Error: supabaseUrl is required.
    at validateSupabaseUrl (/Users/yann/spx-app/node_modules/@supabase/supabase-js/src/lib/helpers.ts:86:11)
    at new SupabaseClient (/Users/yann/spx-app/node_modules/@supabase/supabase-js/src/SupabaseClient.ts:284:21)
    at createClient (/Users/yann/spx-app/node_modules/@supabase/supabase-js/src/index.ts:65:10)
    at loadV17Company (/Users/yann/spx-app/src/lib/company-core/load-company.ts:1675:18)
    at async auditTicker (/Users/yann/spx-app/scripts/audit-pages-full.ts:51:19)
    at async main (/Users/yann/spx-app/scripts/audit-pages-full.ts:153:17)
image_findings merge failed for MAA: Error: supabaseUrl is required.
    at validateSupabaseUrl (/Users/yann/spx-app/node_modules/@supabase/supabase-js/src/lib/helpers.ts:86:11)
    at new SupabaseClient (/Users/yann/spx-app/node_modules/@supabase/supabase-js/src/SupabaseClient.ts:284:21)
    at createClient (/Users/yann/spx-app/node_modules/@supabase/supabase-js/src/index.ts:65:10)
    at admin (/Users/yann/spx-app/src/lib/desk/image-findings.ts:118:10)
    at listApprovedForTicker (/Users/yann/spx-app/src/lib/desk/image-findings.ts:222:16)
    at loadV17Company (/Users/yann/spx-app/src/lib/company-core/load-company.ts:1738:30)
    at async auditTicker (/Users/yann/spx-app/scripts/audit-pages-full.ts:51:19)
    at async main (/Users/yann/spx-app/scripts/audit-pages-full.ts:153:17)
[hero-kpi-overrides] refetch failed, using stale cache Error: SUPABASE_SERVICE_ROLE_KEY manquante — vérifier .env.local
    at createSupabaseAdminClient (/Users/yann/spx-app/src/lib/supabase/admin.ts:16:11)
    at fetchAll (/Users/yann/spx-app/src/lib/company-core/hero-kpi-overrides.ts:31:20)
    at getHeroKpiOverride (/Users/yann/spx-app/src/lib/company-core/hero-kpi-overrides.ts:58:21)
    at loadV17Company (/Users/yann/spx-app/src/lib/company-core/load-company.ts:2731:28)
    at async auditTicker (/Users/yann/spx-app/scripts/audit-pages-full.ts:51:19)
    at async main (/Users/yann/spx-app/scripts/audit-pages-full.ts:153:17)
special_kpis merge failed for META: Error: supabaseUrl is required.
    at validateSupabaseUrl (/Users/yann/spx-app/node_modules/@supabase/supabase-js/src/lib/helpers.ts:86:11)
    at new SupabaseClient (/Users/yann/spx-app/node_modules/@supabase/supabase-js/src/SupabaseClient.ts:284:21)
    at createClient (/Users/yann/spx-app/node_modules/@supabase/supabase-js/src/index.ts:65:10)
    at admin (/Users/yann/spx-app/src/lib/desk/special-kpis.ts:107:10)
    at listPublishedForTicker (/Users/yann/spx-app/src/lib/desk/special-kpis.ts:130:16)
    at loadV17Company (/Users/yann/spx-app/src/lib/company-core/load-company.ts:1611:30)
    at async auditTicker (/Users/yann/spx-app/scripts/audit-pages-full.ts:51:19)
    at async main (/Users/yann/spx-app/scripts/audit-pages-full.ts:153:17)
kpi_requests merge failed for META: Error: supabaseUrl is required.
    at validateSupabaseUrl (/Users/yann/spx-app/node_modules/@supabase/supabase-js/src/lib/helpers.ts:86:11)
    at new SupabaseClient (/Users/yann/spx-app/node_modules/@supabase/supabase-js/src/SupabaseClient.ts:284:21)
    at createClient (/Users/yann/spx-app/node_modules/@supabase/supabase-js/src/index.ts:65:10)
    at loadV17Company (/Users/yann/spx-app/src/lib/company-core/load-company.ts:1675:18)
    at async auditTicker (/Users/yann/spx-app/scripts/audit-pages-full.ts:51:19)
    at async main (/Users/yann/spx-app/scripts/audit-pages-full.ts:153:17)
image_findings merge failed for META: Error: supabaseUrl is required.
    at validateSupabaseUrl (/Users/yann/spx-app/node_modules/@supabase/supabase-js/src/lib/helpers.ts:86:11)
    at new SupabaseClient (/Users/yann/spx-app/node_modules/@supabase/supabase-js/src/SupabaseClient.ts:284:21)
    at createClient (/Users/yann/spx-app/node_modules/@supabase/supabase-js/src/index.ts:65:10)
    at admin (/Users/yann/spx-app/src/lib/desk/image-findings.ts:118:10)
    at listApprovedForTicker (/Users/yann/spx-app/src/lib/desk/image-findings.ts:222:16)
    at loadV17Company (/Users/yann/spx-app/src/lib/company-core/load-company.ts:1738:30)
    at async auditTicker (/Users/yann/spx-app/scripts/audit-pages-full.ts:51:19)
    at async main (/Users/yann/spx-app/scripts/audit-pages-full.ts:153:17)
[hero-kpi-overrides] refetch failed, using stale cache Error: SUPABASE_SERVICE_ROLE_KEY manquante — vérifier .env.local
    at createSupabaseAdminClient (/Users/yann/spx-app/src/lib/supabase/admin.ts:16:11)
    at fetchAll (/Users/yann/spx-app/src/lib/company-core/hero-kpi-overrides.ts:31:20)
    at getHeroKpiOverride (/Users/yann/spx-app/src/lib/company-core/hero-kpi-overrides.ts:58:21)
    at loadV17Company (/Users/yann/spx-app/src/lib/company-core/load-company.ts:2731:28)
    at async auditTicker (/Users/yann/spx-app/scripts/audit-pages-full.ts:51:19)
    at async main (/Users/yann/spx-app/scripts/audit-pages-full.ts:153:17)
special_kpis merge failed for MLM: Error: supabaseUrl is required.
    at validateSupabaseUrl (/Users/yann/spx-app/node_modules/@supabase/supabase-js/src/lib/helpers.ts:86:11)
    at new SupabaseClient (/Users/yann/spx-app/node_modules/@supabase/supabase-js/src/SupabaseClient.ts:284:21)
    at createClient (/Users/yann/spx-app/node_modules/@supabase/supabase-js/src/index.ts:65:10)
    at admin (/Users/yann/spx-app/src/lib/desk/special-kpis.ts:107:10)
    at listPublishedForTicker (/Users/yann/spx-app/src/lib/desk/special-kpis.ts:130:16)
    at loadV17Company (/Users/yann/spx-app/src/lib/company-core/load-company.ts:1611:30)
    at async auditTicker (/Users/yann/spx-app/scripts/audit-pages-full.ts:51:19)
    at async main (/Users/yann/spx-app/scripts/audit-pages-full.ts:153:17)
kpi_requests merge failed for MLM: Error: supabaseUrl is required.
    at validateSupabaseUrl (/Users/yann/spx-app/node_modules/@supabase/supabase-js/src/lib/helpers.ts:86:11)
    at new SupabaseClient (/Users/yann/spx-app/node_modules/@supabase/supabase-js/src/SupabaseClient.ts:284:21)
    at createClient (/Users/yann/spx-app/node_modules/@supabase/supabase-js/src/index.ts:65:10)
    at loadV17Company (/Users/yann/spx-app/src/lib/company-core/load-company.ts:1675:18)
    at async auditTicker (/Users/yann/spx-app/scripts/audit-pages-full.ts:51:19)
    at async main (/Users/yann/spx-app/scripts/audit-pages-full.ts:153:17)
image_findings merge failed for MLM: Error: supabaseUrl is required.
    at validateSupabaseUrl (/Users/yann/spx-app/node_modules/@supabase/supabase-js/src/lib/helpers.ts:86:11)
    at new SupabaseClient (/Users/yann/spx-app/node_modules/@supabase/supabase-js/src/SupabaseClient.ts:284:21)
    at createClient (/Users/yann/spx-app/node_modules/@supabase/supabase-js/src/index.ts:65:10)
    at admin (/Users/yann/spx-app/src/lib/desk/image-findings.ts:118:10)
    at listApprovedForTicker (/Users/yann/spx-app/src/lib/desk/image-findings.ts:222:16)
    at loadV17Company (/Users/yann/spx-app/src/lib/company-core/load-company.ts:1738:30)
    at async auditTicker (/Users/yann/spx-app/scripts/audit-pages-full.ts:51:19)
    at async main (/Users/yann/spx-app/scripts/audit-pages-full.ts:153:17)
[hero-kpi-overrides] refetch failed, using stale cache Error: SUPABASE_SERVICE_ROLE_KEY manquante — vérifier .env.local
    at createSupabaseAdminClient (/Users/yann/spx-app/src/lib/supabase/admin.ts:16:11)
    at fetchAll (/Users/yann/spx-app/src/lib/company-core/hero-kpi-overrides.ts:31:20)
    at getHeroKpiOverride (/Users/yann/spx-app/src/lib/company-core/hero-kpi-overrides.ts:58:21)
    at loadV17Company (/Users/yann/spx-app/src/lib/company-core/load-company.ts:2731:28)
    at async auditTicker (/Users/yann/spx-app/scripts/audit-pages-full.ts:51:19)
    at async main (/Users/yann/spx-app/scripts/audit-pages-full.ts:153:17)
special_kpis merge failed for MO: Error: supabaseUrl is required.
    at validateSupabaseUrl (/Users/yann/spx-app/node_modules/@supabase/supabase-js/src/lib/helpers.ts:86:11)
    at new SupabaseClient (/Users/yann/spx-app/node_modules/@supabase/supabase-js/src/SupabaseClient.ts:284:21)
    at createClient (/Users/yann/spx-app/node_modules/@supabase/supabase-js/src/index.ts:65:10)
    at admin (/Users/yann/spx-app/src/lib/desk/special-kpis.ts:107:10)
    at listPublishedForTicker (/Users/yann/spx-app/src/lib/desk/special-kpis.ts:130:16)
    at loadV17Company (/Users/yann/spx-app/src/lib/company-core/load-company.ts:1611:30)
    at async auditTicker (/Users/yann/spx-app/scripts/audit-pages-full.ts:51:19)
    at async main (/Users/yann/spx-app/scripts/audit-pages-full.ts:153:17)
kpi_requests merge failed for MO: Error: supabaseUrl is required.
    at validateSupabaseUrl (/Users/yann/spx-app/node_modules/@supabase/supabase-js/src/lib/helpers.ts:86:11)
    at new SupabaseClient (/Users/yann/spx-app/node_modules/@supabase/supabase-js/src/SupabaseClient.ts:284:21)
    at createClient (/Users/yann/spx-app/node_modules/@supabase/supabase-js/src/index.ts:65:10)
    at loadV17Company (/Users/yann/spx-app/src/lib/company-core/load-company.ts:1675:18)
    at async auditTicker (/Users/yann/spx-app/scripts/audit-pages-full.ts:51:19)
    at async main (/Users/yann/spx-app/scripts/audit-pages-full.ts:153:17)
image_findings merge failed for MO: Error: supabaseUrl is required.
    at validateSupabaseUrl (/Users/yann/spx-app/node_modules/@supabase/supabase-js/src/lib/helpers.ts:86:11)
    at new SupabaseClient (/Users/yann/spx-app/node_modules/@supabase/supabase-js/src/SupabaseClient.ts:284:21)
    at createClient (/Users/yann/spx-app/node_modules/@supabase/supabase-js/src/index.ts:65:10)
    at admin (/Users/yann/spx-app/src/lib/desk/image-findings.ts:118:10)
    at listApprovedForTicker (/Users/yann/spx-app/src/lib/desk/image-findings.ts:222:16)
    at loadV17Company (/Users/yann/spx-app/src/lib/company-core/load-company.ts:1738:30)
    at async auditTicker (/Users/yann/spx-app/scripts/audit-pages-full.ts:51:19)
    at async main (/Users/yann/spx-app/scripts/audit-pages-full.ts:153:17)
[hero-kpi-overrides] refetch failed, using stale cache Error: SUPABASE_SERVICE_ROLE_KEY manquante — vérifier .env.local
    at createSupabaseAdminClient (/Users/yann/spx-app/src/lib/supabase/admin.ts:16:11)
    at fetchAll (/Users/yann/spx-app/src/lib/company-core/hero-kpi-overrides.ts:31:20)
    at getHeroKpiOverride (/Users/yann/spx-app/src/lib/company-core/hero-kpi-overrides.ts:58:21)
    at loadV17Company (/Users/yann/spx-app/src/lib/company-core/load-company.ts:2731:28)
    at async auditTicker (/Users/yann/spx-app/scripts/audit-pages-full.ts:51:19)
    at async main (/Users/yann/spx-app/scripts/audit-pages-full.ts:153:17)
special_kpis merge failed for MPWR: Error: supabaseUrl is required.
    at validateSupabaseUrl (/Users/yann/spx-app/node_modules/@supabase/supabase-js/src/lib/helpers.ts:86:11)
    at new SupabaseClient (/Users/yann/spx-app/node_modules/@supabase/supabase-js/src/SupabaseClient.ts:284:21)
    at createClient (/Users/yann/spx-app/node_modules/@supabase/supabase-js/src/index.ts:65:10)
    at admin (/Users/yann/spx-app/src/lib/desk/special-kpis.ts:107:10)
    at listPublishedForTicker (/Users/yann/spx-app/src/lib/desk/special-kpis.ts:130:16)
    at loadV17Company (/Users/yann/spx-app/src/lib/company-core/load-company.ts:1611:30)
    at async auditTicker (/Users/yann/spx-app/scripts/audit-pages-full.ts:51:19)
    at async main (/Users/yann/spx-app/scripts/audit-pages-full.ts:153:17)
kpi_requests merge failed for MPWR: Error: supabaseUrl is required.
    at validateSupabaseUrl (/Users/yann/spx-app/node_modules/@supabase/supabase-js/src/lib/helpers.ts:86:11)
    at new SupabaseClient (/Users/yann/spx-app/node_modules/@supabase/supabase-js/src/SupabaseClient.ts:284:21)
    at createClient (/Users/yann/spx-app/node_modules/@supabase/supabase-js/src/index.ts:65:10)
    at loadV17Company (/Users/yann/spx-app/src/lib/company-core/load-company.ts:1675:18)
    at async auditTicker (/Users/yann/spx-app/scripts/audit-pages-full.ts:51:19)
    at async main (/Users/yann/spx-app/scripts/audit-pages-full.ts:153:17)
image_findings merge failed for MPWR: Error: supabaseUrl is required.
    at validateSupabaseUrl (/Users/yann/spx-app/node_modules/@supabase/supabase-js/src/lib/helpers.ts:86:11)
    at new SupabaseClient (/Users/yann/spx-app/node_modules/@supabase/supabase-js/src/SupabaseClient.ts:284:21)
    at createClient (/Users/yann/spx-app/node_modules/@supabase/supabase-js/src/index.ts:65:10)
    at admin (/Users/yann/spx-app/src/lib/desk/image-findings.ts:118:10)
    at listApprovedForTicker (/Users/yann/spx-app/src/lib/desk/image-findings.ts:222:16)
    at loadV17Company (/Users/yann/spx-app/src/lib/company-core/load-company.ts:1738:30)
    at async auditTicker (/Users/yann/spx-app/scripts/audit-pages-full.ts:51:19)
    at async main (/Users/yann/spx-app/scripts/audit-pages-full.ts:153:17)
[hero-kpi-overrides] refetch failed, using stale cache Error: SUPABASE_SERVICE_ROLE_KEY manquante — vérifier .env.local
    at createSupabaseAdminClient (/Users/yann/spx-app/src/lib/supabase/admin.ts:16:11)
    at fetchAll (/Users/yann/spx-app/src/lib/company-core/hero-kpi-overrides.ts:31:20)
    at getHeroKpiOverride (/Users/yann/spx-app/src/lib/company-core/hero-kpi-overrides.ts:58:21)
    at loadV17Company (/Users/yann/spx-app/src/lib/company-core/load-company.ts:2731:28)
    at async auditTicker (/Users/yann/spx-app/scripts/audit-pages-full.ts:51:19)
    at async main (/Users/yann/spx-app/scripts/audit-pages-full.ts:153:17)
special_kpis merge failed for MTD: Error: supabaseUrl is required.
    at validateSupabaseUrl (/Users/yann/spx-app/node_modules/@supabase/supabase-js/src/lib/helpers.ts:86:11)
    at new SupabaseClient (/Users/yann/spx-app/node_modules/@supabase/supabase-js/src/SupabaseClient.ts:284:21)
    at createClient (/Users/yann/spx-app/node_modules/@supabase/supabase-js/src/index.ts:65:10)
    at admin (/Users/yann/spx-app/src/lib/desk/special-kpis.ts:107:10)
    at listPublishedForTicker (/Users/yann/spx-app/src/lib/desk/special-kpis.ts:130:16)
    at loadV17Company (/Users/yann/spx-app/src/lib/company-core/load-company.ts:1611:30)
    at async auditTicker (/Users/yann/spx-app/scripts/audit-pages-full.ts:51:19)
    at async main (/Users/yann/spx-app/scripts/audit-pages-full.ts:153:17)
kpi_requests merge failed for MTD: Error: supabaseUrl is required.
    at validateSupabaseUrl (/Users/yann/spx-app/node_modules/@supabase/supabase-js/src/lib/helpers.ts:86:11)
    at new SupabaseClient (/Users/yann/spx-app/node_modules/@supabase/supabase-js/src/SupabaseClient.ts:284:21)
    at createClient (/Users/yann/spx-app/node_modules/@supabase/supabase-js/src/index.ts:65:10)
    at loadV17Company (/Users/yann/spx-app/src/lib/company-core/load-company.ts:1675:18)
    at async auditTicker (/Users/yann/spx-app/scripts/audit-pages-full.ts:51:19)
    at async main (/Users/yann/spx-app/scripts/audit-pages-full.ts:153:17)
image_findings merge failed for MTD: Error: supabaseUrl is required.
    at validateSupabaseUrl (/Users/yann/spx-app/node_modules/@supabase/supabase-js/src/lib/helpers.ts:86:11)
    at new SupabaseClient (/Users/yann/spx-app/node_modules/@supabase/supabase-js/src/SupabaseClient.ts:284:21)
    at createClient (/Users/yann/spx-app/node_modules/@supabase/supabase-js/src/index.ts:65:10)
    at admin (/Users/yann/spx-app/src/lib/desk/image-findings.ts:118:10)
    at listApprovedForTicker (/Users/yann/spx-app/src/lib/desk/image-findings.ts:222:16)
    at loadV17Company (/Users/yann/spx-app/src/lib/company-core/load-company.ts:1738:30)
    at async auditTicker (/Users/yann/spx-app/scripts/audit-pages-full.ts:51:19)
    at async main (/Users/yann/spx-app/scripts/audit-pages-full.ts:153:17)
[hero-kpi-overrides] refetch failed, using stale cache Error: SUPABASE_SERVICE_ROLE_KEY manquante — vérifier .env.local
    at createSupabaseAdminClient (/Users/yann/spx-app/src/lib/supabase/admin.ts:16:11)
    at fetchAll (/Users/yann/spx-app/src/lib/company-core/hero-kpi-overrides.ts:31:20)
    at getHeroKpiOverride (/Users/yann/spx-app/src/lib/company-core/hero-kpi-overrides.ts:58:21)
    at loadV17Company (/Users/yann/spx-app/src/lib/company-core/load-company.ts:2731:28)
    at async auditTicker (/Users/yann/spx-app/scripts/audit-pages-full.ts:51:19)
    at async main (/Users/yann/spx-app/scripts/audit-pages-full.ts:153:17)
special_kpis merge failed for NCLH: Error: supabaseUrl is required.
    at validateSupabaseUrl (/Users/yann/spx-app/node_modules/@supabase/supabase-js/src/lib/helpers.ts:86:11)
    at new SupabaseClient (/Users/yann/spx-app/node_modules/@supabase/supabase-js/src/SupabaseClient.ts:284:21)
    at createClient (/Users/yann/spx-app/node_modules/@supabase/supabase-js/src/index.ts:65:10)
    at admin (/Users/yann/spx-app/src/lib/desk/special-kpis.ts:107:10)
    at listPublishedForTicker (/Users/yann/spx-app/src/lib/desk/special-kpis.ts:130:16)
    at loadV17Company (/Users/yann/spx-app/src/lib/company-core/load-company.ts:1611:30)
    at async auditTicker (/Users/yann/spx-app/scripts/audit-pages-full.ts:51:19)
    at async main (/Users/yann/spx-app/scripts/audit-pages-full.ts:153:17)
kpi_requests merge failed for NCLH: Error: supabaseUrl is required.
    at validateSupabaseUrl (/Users/yann/spx-app/node_modules/@supabase/supabase-js/src/lib/helpers.ts:86:11)
    at new SupabaseClient (/Users/yann/spx-app/node_modules/@supabase/supabase-js/src/SupabaseClient.ts:284:21)
    at createClient (/Users/yann/spx-app/node_modules/@supabase/supabase-js/src/index.ts:65:10)
    at loadV17Company (/Users/yann/spx-app/src/lib/company-core/load-company.ts:1675:18)
    at async auditTicker (/Users/yann/spx-app/scripts/audit-pages-full.ts:51:19)
    at async main (/Users/yann/spx-app/scripts/audit-pages-full.ts:153:17)
image_findings merge failed for NCLH: Error: supabaseUrl is required.
    at validateSupabaseUrl (/Users/yann/spx-app/node_modules/@supabase/supabase-js/src/lib/helpers.ts:86:11)
    at new SupabaseClient (/Users/yann/spx-app/node_modules/@supabase/supabase-js/src/SupabaseClient.ts:284:21)
    at createClient (/Users/yann/spx-app/node_modules/@supabase/supabase-js/src/index.ts:65:10)
    at admin (/Users/yann/spx-app/src/lib/desk/image-findings.ts:118:10)
    at listApprovedForTicker (/Users/yann/spx-app/src/lib/desk/image-findings.ts:222:16)
    at loadV17Company (/Users/yann/spx-app/src/lib/company-core/load-company.ts:1738:30)
    at async auditTicker (/Users/yann/spx-app/scripts/audit-pages-full.ts:51:19)
    at async main (/Users/yann/spx-app/scripts/audit-pages-full.ts:153:17)
[hero-kpi-overrides] refetch failed, using stale cache Error: SUPABASE_SERVICE_ROLE_KEY manquante — vérifier .env.local
    at createSupabaseAdminClient (/Users/yann/spx-app/src/lib/supabase/admin.ts:16:11)
    at fetchAll (/Users/yann/spx-app/src/lib/company-core/hero-kpi-overrides.ts:31:20)
    at getHeroKpiOverride (/Users/yann/spx-app/src/lib/company-core/hero-kpi-overrides.ts:58:21)
    at loadV17Company (/Users/yann/spx-app/src/lib/company-core/load-company.ts:2731:28)
    at async auditTicker (/Users/yann/spx-app/scripts/audit-pages-full.ts:51:19)
    at async main (/Users/yann/spx-app/scripts/audit-pages-full.ts:153:17)
special_kpis merge failed for NFLX: Error: supabaseUrl is required.
    at validateSupabaseUrl (/Users/yann/spx-app/node_modules/@supabase/supabase-js/src/lib/helpers.ts:86:11)
    at new SupabaseClient (/Users/yann/spx-app/node_modules/@supabase/supabase-js/src/SupabaseClient.ts:284:21)
    at createClient (/Users/yann/spx-app/node_modules/@supabase/supabase-js/src/index.ts:65:10)
    at admin (/Users/yann/spx-app/src/lib/desk/special-kpis.ts:107:10)
    at listPublishedForTicker (/Users/yann/spx-app/src/lib/desk/special-kpis.ts:130:16)
    at loadV17Company (/Users/yann/spx-app/src/lib/company-core/load-company.ts:1611:30)
    at async auditTicker (/Users/yann/spx-app/scripts/audit-pages-full.ts:51:19)
    at async main (/Users/yann/spx-app/scripts/audit-pages-full.ts:153:17)
kpi_requests merge failed for NFLX: Error: supabaseUrl is required.
    at validateSupabaseUrl (/Users/yann/spx-app/node_modules/@supabase/supabase-js/src/lib/helpers.ts:86:11)
    at new SupabaseClient (/Users/yann/spx-app/node_modules/@supabase/supabase-js/src/SupabaseClient.ts:284:21)
    at createClient (/Users/yann/spx-app/node_modules/@supabase/supabase-js/src/index.ts:65:10)
    at loadV17Company (/Users/yann/spx-app/src/lib/company-core/load-company.ts:1675:18)
    at async auditTicker (/Users/yann/spx-app/scripts/audit-pages-full.ts:51:19)
    at async main (/Users/yann/spx-app/scripts/audit-pages-full.ts:153:17)
image_findings merge failed for NFLX: Error: supabaseUrl is required.
    at validateSupabaseUrl (/Users/yann/spx-app/node_modules/@supabase/supabase-js/src/lib/helpers.ts:86:11)
    at new SupabaseClient (/Users/yann/spx-app/node_modules/@supabase/supabase-js/src/SupabaseClient.ts:284:21)
    at createClient (/Users/yann/spx-app/node_modules/@supabase/supabase-js/src/index.ts:65:10)
    at admin (/Users/yann/spx-app/src/lib/desk/image-findings.ts:118:10)
    at listApprovedForTicker (/Users/yann/spx-app/src/lib/desk/image-findings.ts:222:16)
    at loadV17Company (/Users/yann/spx-app/src/lib/company-core/load-company.ts:1738:30)
    at async auditTicker (/Users/yann/spx-app/scripts/audit-pages-full.ts:51:19)
    at async main (/Users/yann/spx-app/scripts/audit-pages-full.ts:153:17)
[hero-kpi-overrides] refetch failed, using stale cache Error: SUPABASE_SERVICE_ROLE_KEY manquante — vérifier .env.local
    at createSupabaseAdminClient (/Users/yann/spx-app/src/lib/supabase/admin.ts:16:11)
    at fetchAll (/Users/yann/spx-app/src/lib/company-core/hero-kpi-overrides.ts:31:20)
    at getHeroKpiOverride (/Users/yann/spx-app/src/lib/company-core/hero-kpi-overrides.ts:58:21)
    at loadV17Company (/Users/yann/spx-app/src/lib/company-core/load-company.ts:2731:28)
    at async auditTicker (/Users/yann/spx-app/scripts/audit-pages-full.ts:51:19)
    at async main (/Users/yann/spx-app/scripts/audit-pages-full.ts:153:17)
special_kpis merge failed for NTRS: Error: supabaseUrl is required.
    at validateSupabaseUrl (/Users/yann/spx-app/node_modules/@supabase/supabase-js/src/lib/helpers.ts:86:11)
    at new SupabaseClient (/Users/yann/spx-app/node_modules/@supabase/supabase-js/src/SupabaseClient.ts:284:21)
    at createClient (/Users/yann/spx-app/node_modules/@supabase/supabase-js/src/index.ts:65:10)
    at admin (/Users/yann/spx-app/src/lib/desk/special-kpis.ts:107:10)
    at listPublishedForTicker (/Users/yann/spx-app/src/lib/desk/special-kpis.ts:130:16)
    at loadV17Company (/Users/yann/spx-app/src/lib/company-core/load-company.ts:1611:30)
    at async auditTicker (/Users/yann/spx-app/scripts/audit-pages-full.ts:51:19)
    at async main (/Users/yann/spx-app/scripts/audit-pages-full.ts:153:17)
kpi_requests merge failed for NTRS: Error: supabaseUrl is required.
    at validateSupabaseUrl (/Users/yann/spx-app/node_modules/@supabase/supabase-js/src/lib/helpers.ts:86:11)
    at new SupabaseClient (/Users/yann/spx-app/node_modules/@supabase/supabase-js/src/SupabaseClient.ts:284:21)
    at createClient (/Users/yann/spx-app/node_modules/@supabase/supabase-js/src/index.ts:65:10)
    at loadV17Company (/Users/yann/spx-app/src/lib/company-core/load-company.ts:1675:18)
    at async auditTicker (/Users/yann/spx-app/scripts/audit-pages-full.ts:51:19)
    at async main (/Users/yann/spx-app/scripts/audit-pages-full.ts:153:17)
image_findings merge failed for NTRS: Error: supabaseUrl is required.
    at validateSupabaseUrl (/Users/yann/spx-app/node_modules/@supabase/supabase-js/src/lib/helpers.ts:86:11)
    at new SupabaseClient (/Users/yann/spx-app/node_modules/@supabase/supabase-js/src/SupabaseClient.ts:284:21)
    at createClient (/Users/yann/spx-app/node_modules/@supabase/supabase-js/src/index.ts:65:10)
    at admin (/Users/yann/spx-app/src/lib/desk/image-findings.ts:118:10)
    at listApprovedForTicker (/Users/yann/spx-app/src/lib/desk/image-findings.ts:222:16)
    at loadV17Company (/Users/yann/spx-app/src/lib/company-core/load-company.ts:1738:30)
    at async auditTicker (/Users/yann/spx-app/scripts/audit-pages-full.ts:51:19)
    at async main (/Users/yann/spx-app/scripts/audit-pages-full.ts:153:17)
[hero-kpi-overrides] refetch failed, using stale cache Error: SUPABASE_SERVICE_ROLE_KEY manquante — vérifier .env.local
    at createSupabaseAdminClient (/Users/yann/spx-app/src/lib/supabase/admin.ts:16:11)
    at fetchAll (/Users/yann/spx-app/src/lib/company-core/hero-kpi-overrides.ts:31:20)
    at getHeroKpiOverride (/Users/yann/spx-app/src/lib/company-core/hero-kpi-overrides.ts:58:21)
    at loadV17Company (/Users/yann/spx-app/src/lib/company-core/load-company.ts:2731:28)
    at async auditTicker (/Users/yann/spx-app/scripts/audit-pages-full.ts:51:19)
    at async main (/Users/yann/spx-app/scripts/audit-pages-full.ts:153:17)
special_kpis merge failed for NWS: Error: supabaseUrl is required.
    at validateSupabaseUrl (/Users/yann/spx-app/node_modules/@supabase/supabase-js/src/lib/helpers.ts:86:11)
    at new SupabaseClient (/Users/yann/spx-app/node_modules/@supabase/supabase-js/src/SupabaseClient.ts:284:21)
    at createClient (/Users/yann/spx-app/node_modules/@supabase/supabase-js/src/index.ts:65:10)
    at admin (/Users/yann/spx-app/src/lib/desk/special-kpis.ts:107:10)
    at listPublishedForTicker (/Users/yann/spx-app/src/lib/desk/special-kpis.ts:130:16)
    at loadV17Company (/Users/yann/spx-app/src/lib/company-core/load-company.ts:1611:30)
    at async auditTicker (/Users/yann/spx-app/scripts/audit-pages-full.ts:51:19)
    at async main (/Users/yann/spx-app/scripts/audit-pages-full.ts:153:17)
kpi_requests merge failed for NWS: Error: supabaseUrl is required.
    at validateSupabaseUrl (/Users/yann/spx-app/node_modules/@supabase/supabase-js/src/lib/helpers.ts:86:11)
    at new SupabaseClient (/Users/yann/spx-app/node_modules/@supabase/supabase-js/src/SupabaseClient.ts:284:21)
    at createClient (/Users/yann/spx-app/node_modules/@supabase/supabase-js/src/index.ts:65:10)
    at loadV17Company (/Users/yann/spx-app/src/lib/company-core/load-company.ts:1675:18)
    at async auditTicker (/Users/yann/spx-app/scripts/audit-pages-full.ts:51:19)
    at async main (/Users/yann/spx-app/scripts/audit-pages-full.ts:153:17)
image_findings merge failed for NWS: Error: supabaseUrl is required.
    at validateSupabaseUrl (/Users/yann/spx-app/node_modules/@supabase/supabase-js/src/lib/helpers.ts:86:11)
    at new SupabaseClient (/Users/yann/spx-app/node_modules/@supabase/supabase-js/src/SupabaseClient.ts:284:21)
    at createClient (/Users/yann/spx-app/node_modules/@supabase/supabase-js/src/index.ts:65:10)
    at admin (/Users/yann/spx-app/src/lib/desk/image-findings.ts:118:10)
    at listApprovedForTicker (/Users/yann/spx-app/src/lib/desk/image-findings.ts:222:16)
    at loadV17Company (/Users/yann/spx-app/src/lib/company-core/load-company.ts:1738:30)
    at async auditTicker (/Users/yann/spx-app/scripts/audit-pages-full.ts:51:19)
    at async main (/Users/yann/spx-app/scripts/audit-pages-full.ts:153:17)
[hero-kpi-overrides] refetch failed, using stale cache Error: SUPABASE_SERVICE_ROLE_KEY manquante — vérifier .env.local
    at createSupabaseAdminClient (/Users/yann/spx-app/src/lib/supabase/admin.ts:16:11)
    at fetchAll (/Users/yann/spx-app/src/lib/company-core/hero-kpi-overrides.ts:31:20)
    at getHeroKpiOverride (/Users/yann/spx-app/src/lib/company-core/hero-kpi-overrides.ts:58:21)
    at loadV17Company (/Users/yann/spx-app/src/lib/company-core/load-company.ts:2731:28)
    at async auditTicker (/Users/yann/spx-app/scripts/audit-pages-full.ts:51:19)
    at async main (/Users/yann/spx-app/scripts/audit-pages-full.ts:153:17)
special_kpis merge failed for NWSA: Error: supabaseUrl is required.
    at validateSupabaseUrl (/Users/yann/spx-app/node_modules/@supabase/supabase-js/src/lib/helpers.ts:86:11)
    at new SupabaseClient (/Users/yann/spx-app/node_modules/@supabase/supabase-js/src/SupabaseClient.ts:284:21)
    at createClient (/Users/yann/spx-app/node_modules/@supabase/supabase-js/src/index.ts:65:10)
    at admin (/Users/yann/spx-app/src/lib/desk/special-kpis.ts:107:10)
    at listPublishedForTicker (/Users/yann/spx-app/src/lib/desk/special-kpis.ts:130:16)
    at loadV17Company (/Users/yann/spx-app/src/lib/company-core/load-company.ts:1611:30)
    at async auditTicker (/Users/yann/spx-app/scripts/audit-pages-full.ts:51:19)
    at async main (/Users/yann/spx-app/scripts/audit-pages-full.ts:153:17)
kpi_requests merge failed for NWSA: Error: supabaseUrl is required.
    at validateSupabaseUrl (/Users/yann/spx-app/node_modules/@supabase/supabase-js/src/lib/helpers.ts:86:11)
    at new SupabaseClient (/Users/yann/spx-app/node_modules/@supabase/supabase-js/src/SupabaseClient.ts:284:21)
    at createClient (/Users/yann/spx-app/node_modules/@supabase/supabase-js/src/index.ts:65:10)
    at loadV17Company (/Users/yann/spx-app/src/lib/company-core/load-company.ts:1675:18)
    at async auditTicker (/Users/yann/spx-app/scripts/audit-pages-full.ts:51:19)
    at async main (/Users/yann/spx-app/scripts/audit-pages-full.ts:153:17)
image_findings merge failed for NWSA: Error: supabaseUrl is required.
    at validateSupabaseUrl (/Users/yann/spx-app/node_modules/@supabase/supabase-js/src/lib/helpers.ts:86:11)
    at new SupabaseClient (/Users/yann/spx-app/node_modules/@supabase/supabase-js/src/SupabaseClient.ts:284:21)
    at createClient (/Users/yann/spx-app/node_modules/@supabase/supabase-js/src/index.ts:65:10)
    at admin (/Users/yann/spx-app/src/lib/desk/image-findings.ts:118:10)
    at listApprovedForTicker (/Users/yann/spx-app/src/lib/desk/image-findings.ts:222:16)
    at loadV17Company (/Users/yann/spx-app/src/lib/company-core/load-company.ts:1738:30)
    at async auditTicker (/Users/yann/spx-app/scripts/audit-pages-full.ts:51:19)
    at async main (/Users/yann/spx-app/scripts/audit-pages-full.ts:153:17)
[hero-kpi-overrides] refetch failed, using stale cache Error: SUPABASE_SERVICE_ROLE_KEY manquante — vérifier .env.local
    at createSupabaseAdminClient (/Users/yann/spx-app/src/lib/supabase/admin.ts:16:11)
    at fetchAll (/Users/yann/spx-app/src/lib/company-core/hero-kpi-overrides.ts:31:20)
    at getHeroKpiOverride (/Users/yann/spx-app/src/lib/company-core/hero-kpi-overrides.ts:58:21)
    at loadV17Company (/Users/yann/spx-app/src/lib/company-core/load-company.ts:2731:28)
    at async auditTicker (/Users/yann/spx-app/scripts/audit-pages-full.ts:51:19)
    at async main (/Users/yann/spx-app/scripts/audit-pages-full.ts:153:17)
special_kpis merge failed for PWR: Error: supabaseUrl is required.
    at validateSupabaseUrl (/Users/yann/spx-app/node_modules/@supabase/supabase-js/src/lib/helpers.ts:86:11)
    at new SupabaseClient (/Users/yann/spx-app/node_modules/@supabase/supabase-js/src/SupabaseClient.ts:284:21)
    at createClient (/Users/yann/spx-app/node_modules/@supabase/supabase-js/src/index.ts:65:10)
    at admin (/Users/yann/spx-app/src/lib/desk/special-kpis.ts:107:10)
    at listPublishedForTicker (/Users/yann/spx-app/src/lib/desk/special-kpis.ts:130:16)
    at loadV17Company (/Users/yann/spx-app/src/lib/company-core/load-company.ts:1611:30)
    at async auditTicker (/Users/yann/spx-app/scripts/audit-pages-full.ts:51:19)
    at async main (/Users/yann/spx-app/scripts/audit-pages-full.ts:153:17)
kpi_requests merge failed for PWR: Error: supabaseUrl is required.
    at validateSupabaseUrl (/Users/yann/spx-app/node_modules/@supabase/supabase-js/src/lib/helpers.ts:86:11)
    at new SupabaseClient (/Users/yann/spx-app/node_modules/@supabase/supabase-js/src/SupabaseClient.ts:284:21)
    at createClient (/Users/yann/spx-app/node_modules/@supabase/supabase-js/src/index.ts:65:10)
    at loadV17Company (/Users/yann/spx-app/src/lib/company-core/load-company.ts:1675:18)
    at async auditTicker (/Users/yann/spx-app/scripts/audit-pages-full.ts:51:19)
    at async main (/Users/yann/spx-app/scripts/audit-pages-full.ts:153:17)
image_findings merge failed for PWR: Error: supabaseUrl is required.
    at validateSupabaseUrl (/Users/yann/spx-app/node_modules/@supabase/supabase-js/src/lib/helpers.ts:86:11)
    at new SupabaseClient (/Users/yann/spx-app/node_modules/@supabase/supabase-js/src/SupabaseClient.ts:284:21)
    at createClient (/Users/yann/spx-app/node_modules/@supabase/supabase-js/src/index.ts:65:10)
    at admin (/Users/yann/spx-app/src/lib/desk/image-findings.ts:118:10)
    at listApprovedForTicker (/Users/yann/spx-app/src/lib/desk/image-findings.ts:222:16)
    at loadV17Company (/Users/yann/spx-app/src/lib/company-core/load-company.ts:1738:30)
    at async auditTicker (/Users/yann/spx-app/scripts/audit-pages-full.ts:51:19)
    at async main (/Users/yann/spx-app/scripts/audit-pages-full.ts:153:17)
[hero-kpi-overrides] refetch failed, using stale cache Error: SUPABASE_SERVICE_ROLE_KEY manquante — vérifier .env.local
    at createSupabaseAdminClient (/Users/yann/spx-app/src/lib/supabase/admin.ts:16:11)
    at fetchAll (/Users/yann/spx-app/src/lib/company-core/hero-kpi-overrides.ts:31:20)
    at getHeroKpiOverride (/Users/yann/spx-app/src/lib/company-core/hero-kpi-overrides.ts:58:21)
    at loadV17Company (/Users/yann/spx-app/src/lib/company-core/load-company.ts:2731:28)
    at async auditTicker (/Users/yann/spx-app/scripts/audit-pages-full.ts:51:19)
    at async main (/Users/yann/spx-app/scripts/audit-pages-full.ts:153:17)
special_kpis merge failed for REGN: Error: supabaseUrl is required.
    at validateSupabaseUrl (/Users/yann/spx-app/node_modules/@supabase/supabase-js/src/lib/helpers.ts:86:11)
    at new SupabaseClient (/Users/yann/spx-app/node_modules/@supabase/supabase-js/src/SupabaseClient.ts:284:21)
    at createClient (/Users/yann/spx-app/node_modules/@supabase/supabase-js/src/index.ts:65:10)
    at admin (/Users/yann/spx-app/src/lib/desk/special-kpis.ts:107:10)
    at listPublishedForTicker (/Users/yann/spx-app/src/lib/desk/special-kpis.ts:130:16)
    at loadV17Company (/Users/yann/spx-app/src/lib/company-core/load-company.ts:1611:30)
    at async auditTicker (/Users/yann/spx-app/scripts/audit-pages-full.ts:51:19)
    at async main (/Users/yann/spx-app/scripts/audit-pages-full.ts:153:17)
kpi_requests merge failed for REGN: Error: supabaseUrl is required.
    at validateSupabaseUrl (/Users/yann/spx-app/node_modules/@supabase/supabase-js/src/lib/helpers.ts:86:11)
    at new SupabaseClient (/Users/yann/spx-app/node_modules/@supabase/supabase-js/src/SupabaseClient.ts:284:21)
    at createClient (/Users/yann/spx-app/node_modules/@supabase/supabase-js/src/index.ts:65:10)
    at loadV17Company (/Users/yann/spx-app/src/lib/company-core/load-company.ts:1675:18)
    at async auditTicker (/Users/yann/spx-app/scripts/audit-pages-full.ts:51:19)
    at async main (/Users/yann/spx-app/scripts/audit-pages-full.ts:153:17)
image_findings merge failed for REGN: Error: supabaseUrl is required.
    at validateSupabaseUrl (/Users/yann/spx-app/node_modules/@supabase/supabase-js/src/lib/helpers.ts:86:11)
    at new SupabaseClient (/Users/yann/spx-app/node_modules/@supabase/supabase-js/src/SupabaseClient.ts:284:21)
    at createClient (/Users/yann/spx-app/node_modules/@supabase/supabase-js/src/index.ts:65:10)
    at admin (/Users/yann/spx-app/src/lib/desk/image-findings.ts:118:10)
    at listApprovedForTicker (/Users/yann/spx-app/src/lib/desk/image-findings.ts:222:16)
    at loadV17Company (/Users/yann/spx-app/src/lib/company-core/load-company.ts:1738:30)
    at async auditTicker (/Users/yann/spx-app/scripts/audit-pages-full.ts:51:19)
    at async main (/Users/yann/spx-app/scripts/audit-pages-full.ts:153:17)
[hero-kpi-overrides] refetch failed, using stale cache Error: SUPABASE_SERVICE_ROLE_KEY manquante — vérifier .env.local
    at createSupabaseAdminClient (/Users/yann/spx-app/src/lib/supabase/admin.ts:16:11)
    at fetchAll (/Users/yann/spx-app/src/lib/company-core/hero-kpi-overrides.ts:31:20)
    at getHeroKpiOverride (/Users/yann/spx-app/src/lib/company-core/hero-kpi-overrides.ts:58:21)
    at loadV17Company (/Users/yann/spx-app/src/lib/company-core/load-company.ts:2731:28)
    at async auditTicker (/Users/yann/spx-app/scripts/audit-pages-full.ts:51:19)
    at async main (/Users/yann/spx-app/scripts/audit-pages-full.ts:153:17)
special_kpis merge failed for RSG: Error: supabaseUrl is required.
    at validateSupabaseUrl (/Users/yann/spx-app/node_modules/@supabase/supabase-js/src/lib/helpers.ts:86:11)
    at new SupabaseClient (/Users/yann/spx-app/node_modules/@supabase/supabase-js/src/SupabaseClient.ts:284:21)
    at createClient (/Users/yann/spx-app/node_modules/@supabase/supabase-js/src/index.ts:65:10)
    at admin (/Users/yann/spx-app/src/lib/desk/special-kpis.ts:107:10)
    at listPublishedForTicker (/Users/yann/spx-app/src/lib/desk/special-kpis.ts:130:16)
    at loadV17Company (/Users/yann/spx-app/src/lib/company-core/load-company.ts:1611:30)
    at async auditTicker (/Users/yann/spx-app/scripts/audit-pages-full.ts:51:19)
    at async main (/Users/yann/spx-app/scripts/audit-pages-full.ts:153:17)
kpi_requests merge failed for RSG: Error: supabaseUrl is required.
    at validateSupabaseUrl (/Users/yann/spx-app/node_modules/@supabase/supabase-js/src/lib/helpers.ts:86:11)
    at new SupabaseClient (/Users/yann/spx-app/node_modules/@supabase/supabase-js/src/SupabaseClient.ts:284:21)
    at createClient (/Users/yann/spx-app/node_modules/@supabase/supabase-js/src/index.ts:65:10)
    at loadV17Company (/Users/yann/spx-app/src/lib/company-core/load-company.ts:1675:18)
    at async auditTicker (/Users/yann/spx-app/scripts/audit-pages-full.ts:51:19)
    at async main (/Users/yann/spx-app/scripts/audit-pages-full.ts:153:17)
image_findings merge failed for RSG: Error: supabaseUrl is required.
    at validateSupabaseUrl (/Users/yann/spx-app/node_modules/@supabase/supabase-js/src/lib/helpers.ts:86:11)
    at new SupabaseClient (/Users/yann/spx-app/node_modules/@supabase/supabase-js/src/SupabaseClient.ts:284:21)
    at createClient (/Users/yann/spx-app/node_modules/@supabase/supabase-js/src/index.ts:65:10)
    at admin (/Users/yann/spx-app/src/lib/desk/image-findings.ts:118:10)
    at listApprovedForTicker (/Users/yann/spx-app/src/lib/desk/image-findings.ts:222:16)
    at loadV17Company (/Users/yann/spx-app/src/lib/company-core/load-company.ts:1738:30)
    at async auditTicker (/Users/yann/spx-app/scripts/audit-pages-full.ts:51:19)
    at async main (/Users/yann/spx-app/scripts/audit-pages-full.ts:153:17)
[hero-kpi-overrides] refetch failed, using stale cache Error: SUPABASE_SERVICE_ROLE_KEY manquante — vérifier .env.local
    at createSupabaseAdminClient (/Users/yann/spx-app/src/lib/supabase/admin.ts:16:11)
    at fetchAll (/Users/yann/spx-app/src/lib/company-core/hero-kpi-overrides.ts:31:20)
    at getHeroKpiOverride (/Users/yann/spx-app/src/lib/company-core/hero-kpi-overrides.ts:58:21)
    at loadV17Company (/Users/yann/spx-app/src/lib/company-core/load-company.ts:2731:28)
    at async auditTicker (/Users/yann/spx-app/scripts/audit-pages-full.ts:51:19)
    at async main (/Users/yann/spx-app/scripts/audit-pages-full.ts:153:17)
special_kpis merge failed for SO: Error: supabaseUrl is required.
    at validateSupabaseUrl (/Users/yann/spx-app/node_modules/@supabase/supabase-js/src/lib/helpers.ts:86:11)
    at new SupabaseClient (/Users/yann/spx-app/node_modules/@supabase/supabase-js/src/SupabaseClient.ts:284:21)
    at createClient (/Users/yann/spx-app/node_modules/@supabase/supabase-js/src/index.ts:65:10)
    at admin (/Users/yann/spx-app/src/lib/desk/special-kpis.ts:107:10)
    at listPublishedForTicker (/Users/yann/spx-app/src/lib/desk/special-kpis.ts:130:16)
    at loadV17Company (/Users/yann/spx-app/src/lib/company-core/load-company.ts:1611:30)
    at async auditTicker (/Users/yann/spx-app/scripts/audit-pages-full.ts:51:19)
    at async main (/Users/yann/spx-app/scripts/audit-pages-full.ts:153:17)
kpi_requests merge failed for SO: Error: supabaseUrl is required.
    at validateSupabaseUrl (/Users/yann/spx-app/node_modules/@supabase/supabase-js/src/lib/helpers.ts:86:11)
    at new SupabaseClient (/Users/yann/spx-app/node_modules/@supabase/supabase-js/src/SupabaseClient.ts:284:21)
    at createClient (/Users/yann/spx-app/node_modules/@supabase/supabase-js/src/index.ts:65:10)
    at loadV17Company (/Users/yann/spx-app/src/lib/company-core/load-company.ts:1675:18)
    at async auditTicker (/Users/yann/spx-app/scripts/audit-pages-full.ts:51:19)
    at async main (/Users/yann/spx-app/scripts/audit-pages-full.ts:153:17)
image_findings merge failed for SO: Error: supabaseUrl is required.
    at validateSupabaseUrl (/Users/yann/spx-app/node_modules/@supabase/supabase-js/src/lib/helpers.ts:86:11)
    at new SupabaseClient (/Users/yann/spx-app/node_modules/@supabase/supabase-js/src/SupabaseClient.ts:284:21)
    at createClient (/Users/yann/spx-app/node_modules/@supabase/supabase-js/src/index.ts:65:10)
    at admin (/Users/yann/spx-app/src/lib/desk/image-findings.ts:118:10)
    at listApprovedForTicker (/Users/yann/spx-app/src/lib/desk/image-findings.ts:222:16)
    at loadV17Company (/Users/yann/spx-app/src/lib/company-core/load-company.ts:1738:30)
    at async auditTicker (/Users/yann/spx-app/scripts/audit-pages-full.ts:51:19)
    at async main (/Users/yann/spx-app/scripts/audit-pages-full.ts:153:17)
[hero-kpi-overrides] refetch failed, using stale cache Error: SUPABASE_SERVICE_ROLE_KEY manquante — vérifier .env.local
    at createSupabaseAdminClient (/Users/yann/spx-app/src/lib/supabase/admin.ts:16:11)
    at fetchAll (/Users/yann/spx-app/src/lib/company-core/hero-kpi-overrides.ts:31:20)
    at getHeroKpiOverride (/Users/yann/spx-app/src/lib/company-core/hero-kpi-overrides.ts:58:21)
    at loadV17Company (/Users/yann/spx-app/src/lib/company-core/load-company.ts:2731:28)
    at async auditTicker (/Users/yann/spx-app/scripts/audit-pages-full.ts:51:19)
    at async main (/Users/yann/spx-app/scripts/audit-pages-full.ts:153:17)
special_kpis merge failed for STT: Error: supabaseUrl is required.
    at validateSupabaseUrl (/Users/yann/spx-app/node_modules/@supabase/supabase-js/src/lib/helpers.ts:86:11)
    at new SupabaseClient (/Users/yann/spx-app/node_modules/@supabase/supabase-js/src/SupabaseClient.ts:284:21)
    at createClient (/Users/yann/spx-app/node_modules/@supabase/supabase-js/src/index.ts:65:10)
    at admin (/Users/yann/spx-app/src/lib/desk/special-kpis.ts:107:10)
    at listPublishedForTicker (/Users/yann/spx-app/src/lib/desk/special-kpis.ts:130:16)
    at loadV17Company (/Users/yann/spx-app/src/lib/company-core/load-company.ts:1611:30)
    at async auditTicker (/Users/yann/spx-app/scripts/audit-pages-full.ts:51:19)
    at async main (/Users/yann/spx-app/scripts/audit-pages-full.ts:153:17)
kpi_requests merge failed for STT: Error: supabaseUrl is required.
    at validateSupabaseUrl (/Users/yann/spx-app/node_modules/@supabase/supabase-js/src/lib/helpers.ts:86:11)
    at new SupabaseClient (/Users/yann/spx-app/node_modules/@supabase/supabase-js/src/SupabaseClient.ts:284:21)
    at createClient (/Users/yann/spx-app/node_modules/@supabase/supabase-js/src/index.ts:65:10)
    at loadV17Company (/Users/yann/spx-app/src/lib/company-core/load-company.ts:1675:18)
    at async auditTicker (/Users/yann/spx-app/scripts/audit-pages-full.ts:51:19)
    at async main (/Users/yann/spx-app/scripts/audit-pages-full.ts:153:17)
image_findings merge failed for STT: Error: supabaseUrl is required.
    at validateSupabaseUrl (/Users/yann/spx-app/node_modules/@supabase/supabase-js/src/lib/helpers.ts:86:11)
    at new SupabaseClient (/Users/yann/spx-app/node_modules/@supabase/supabase-js/src/SupabaseClient.ts:284:21)
    at createClient (/Users/yann/spx-app/node_modules/@supabase/supabase-js/src/index.ts:65:10)
    at admin (/Users/yann/spx-app/src/lib/desk/image-findings.ts:118:10)
    at listApprovedForTicker (/Users/yann/spx-app/src/lib/desk/image-findings.ts:222:16)
    at loadV17Company (/Users/yann/spx-app/src/lib/company-core/load-company.ts:1738:30)
    at async auditTicker (/Users/yann/spx-app/scripts/audit-pages-full.ts:51:19)
    at async main (/Users/yann/spx-app/scripts/audit-pages-full.ts:153:17)
[hero-kpi-overrides] refetch failed, using stale cache Error: SUPABASE_SERVICE_ROLE_KEY manquante — vérifier .env.local
    at createSupabaseAdminClient (/Users/yann/spx-app/src/lib/supabase/admin.ts:16:11)
    at fetchAll (/Users/yann/spx-app/src/lib/company-core/hero-kpi-overrides.ts:31:20)
    at getHeroKpiOverride (/Users/yann/spx-app/src/lib/company-core/hero-kpi-overrides.ts:58:21)
    at loadV17Company (/Users/yann/spx-app/src/lib/company-core/load-company.ts:2731:28)
    at async auditTicker (/Users/yann/spx-app/scripts/audit-pages-full.ts:51:19)
    at async main (/Users/yann/spx-app/scripts/audit-pages-full.ts:153:17)
special_kpis merge failed for SYK: Error: supabaseUrl is required.
    at validateSupabaseUrl (/Users/yann/spx-app/node_modules/@supabase/supabase-js/src/lib/helpers.ts:86:11)
    at new SupabaseClient (/Users/yann/spx-app/node_modules/@supabase/supabase-js/src/SupabaseClient.ts:284:21)
    at createClient (/Users/yann/spx-app/node_modules/@supabase/supabase-js/src/index.ts:65:10)
    at admin (/Users/yann/spx-app/src/lib/desk/special-kpis.ts:107:10)
    at listPublishedForTicker (/Users/yann/spx-app/src/lib/desk/special-kpis.ts:130:16)
    at loadV17Company (/Users/yann/spx-app/src/lib/company-core/load-company.ts:1611:30)
    at async auditTicker (/Users/yann/spx-app/scripts/audit-pages-full.ts:51:19)
    at async main (/Users/yann/spx-app/scripts/audit-pages-full.ts:153:17)
kpi_requests merge failed for SYK: Error: supabaseUrl is required.
    at validateSupabaseUrl (/Users/yann/spx-app/node_modules/@supabase/supabase-js/src/lib/helpers.ts:86:11)
    at new SupabaseClient (/Users/yann/spx-app/node_modules/@supabase/supabase-js/src/SupabaseClient.ts:284:21)
    at createClient (/Users/yann/spx-app/node_modules/@supabase/supabase-js/src/index.ts:65:10)
    at loadV17Company (/Users/yann/spx-app/src/lib/company-core/load-company.ts:1675:18)
    at async auditTicker (/Users/yann/spx-app/scripts/audit-pages-full.ts:51:19)
    at async main (/Users/yann/spx-app/scripts/audit-pages-full.ts:153:17)
image_findings merge failed for SYK: Error: supabaseUrl is required.
    at validateSupabaseUrl (/Users/yann/spx-app/node_modules/@supabase/supabase-js/src/lib/helpers.ts:86:11)
    at new SupabaseClient (/Users/yann/spx-app/node_modules/@supabase/supabase-js/src/SupabaseClient.ts:284:21)
    at createClient (/Users/yann/spx-app/node_modules/@supabase/supabase-js/src/index.ts:65:10)
    at admin (/Users/yann/spx-app/src/lib/desk/image-findings.ts:118:10)
    at listApprovedForTicker (/Users/yann/spx-app/src/lib/desk/image-findings.ts:222:16)
    at loadV17Company (/Users/yann/spx-app/src/lib/company-core/load-company.ts:1738:30)
    at async auditTicker (/Users/yann/spx-app/scripts/audit-pages-full.ts:51:19)
    at async main (/Users/yann/spx-app/scripts/audit-pages-full.ts:153:17)
[hero-kpi-overrides] refetch failed, using stale cache Error: SUPABASE_SERVICE_ROLE_KEY manquante — vérifier .env.local
    at createSupabaseAdminClient (/Users/yann/spx-app/src/lib/supabase/admin.ts:16:11)
    at fetchAll (/Users/yann/spx-app/src/lib/company-core/hero-kpi-overrides.ts:31:20)
    at getHeroKpiOverride (/Users/yann/spx-app/src/lib/company-core/hero-kpi-overrides.ts:58:21)
    at loadV17Company (/Users/yann/spx-app/src/lib/company-core/load-company.ts:2731:28)
    at async auditTicker (/Users/yann/spx-app/scripts/audit-pages-full.ts:51:19)
    at async main (/Users/yann/spx-app/scripts/audit-pages-full.ts:153:17)
special_kpis merge failed for TT: Error: supabaseUrl is required.
    at validateSupabaseUrl (/Users/yann/spx-app/node_modules/@supabase/supabase-js/src/lib/helpers.ts:86:11)
    at new SupabaseClient (/Users/yann/spx-app/node_modules/@supabase/supabase-js/src/SupabaseClient.ts:284:21)
    at createClient (/Users/yann/spx-app/node_modules/@supabase/supabase-js/src/index.ts:65:10)
    at admin (/Users/yann/spx-app/src/lib/desk/special-kpis.ts:107:10)
    at listPublishedForTicker (/Users/yann/spx-app/src/lib/desk/special-kpis.ts:130:16)
    at loadV17Company (/Users/yann/spx-app/src/lib/company-core/load-company.ts:1611:30)
    at async auditTicker (/Users/yann/spx-app/scripts/audit-pages-full.ts:51:19)
    at async main (/Users/yann/spx-app/scripts/audit-pages-full.ts:153:17)
kpi_requests merge failed for TT: Error: supabaseUrl is required.
    at validateSupabaseUrl (/Users/yann/spx-app/node_modules/@supabase/supabase-js/src/lib/helpers.ts:86:11)
    at new SupabaseClient (/Users/yann/spx-app/node_modules/@supabase/supabase-js/src/SupabaseClient.ts:284:21)
    at createClient (/Users/yann/spx-app/node_modules/@supabase/supabase-js/src/index.ts:65:10)
    at loadV17Company (/Users/yann/spx-app/src/lib/company-core/load-company.ts:1675:18)
    at async auditTicker (/Users/yann/spx-app/scripts/audit-pages-full.ts:51:19)
    at async main (/Users/yann/spx-app/scripts/audit-pages-full.ts:153:17)
image_findings merge failed for TT: Error: supabaseUrl is required.
    at validateSupabaseUrl (/Users/yann/spx-app/node_modules/@supabase/supabase-js/src/lib/helpers.ts:86:11)
    at new SupabaseClient (/Users/yann/spx-app/node_modules/@supabase/supabase-js/src/SupabaseClient.ts:284:21)
    at createClient (/Users/yann/spx-app/node_modules/@supabase/supabase-js/src/index.ts:65:10)
    at admin (/Users/yann/spx-app/src/lib/desk/image-findings.ts:118:10)
    at listApprovedForTicker (/Users/yann/spx-app/src/lib/desk/image-findings.ts:222:16)
    at loadV17Company (/Users/yann/spx-app/src/lib/company-core/load-company.ts:1738:30)
    at async auditTicker (/Users/yann/spx-app/scripts/audit-pages-full.ts:51:19)
    at async main (/Users/yann/spx-app/scripts/audit-pages-full.ts:153:17)
[hero-kpi-overrides] refetch failed, using stale cache Error: SUPABASE_SERVICE_ROLE_KEY manquante — vérifier .env.local
    at createSupabaseAdminClient (/Users/yann/spx-app/src/lib/supabase/admin.ts:16:11)
    at fetchAll (/Users/yann/spx-app/src/lib/company-core/hero-kpi-overrides.ts:31:20)
    at getHeroKpiOverride (/Users/yann/spx-app/src/lib/company-core/hero-kpi-overrides.ts:58:21)
    at loadV17Company (/Users/yann/spx-app/src/lib/company-core/load-company.ts:2731:28)
    at async auditTicker (/Users/yann/spx-app/scripts/audit-pages-full.ts:51:19)
    at async main (/Users/yann/spx-app/scripts/audit-pages-full.ts:153:17)
special_kpis merge failed for VLO: Error: supabaseUrl is required.
    at validateSupabaseUrl (/Users/yann/spx-app/node_modules/@supabase/supabase-js/src/lib/helpers.ts:86:11)
    at new SupabaseClient (/Users/yann/spx-app/node_modules/@supabase/supabase-js/src/SupabaseClient.ts:284:21)
    at createClient (/Users/yann/spx-app/node_modules/@supabase/supabase-js/src/index.ts:65:10)
    at admin (/Users/yann/spx-app/src/lib/desk/special-kpis.ts:107:10)
    at listPublishedForTicker (/Users/yann/spx-app/src/lib/desk/special-kpis.ts:130:16)
    at loadV17Company (/Users/yann/spx-app/src/lib/company-core/load-company.ts:1611:30)
    at async auditTicker (/Users/yann/spx-app/scripts/audit-pages-full.ts:51:19)
    at async main (/Users/yann/spx-app/scripts/audit-pages-full.ts:153:17)
kpi_requests merge failed for VLO: Error: supabaseUrl is required.
    at validateSupabaseUrl (/Users/yann/spx-app/node_modules/@supabase/supabase-js/src/lib/helpers.ts:86:11)
    at new SupabaseClient (/Users/yann/spx-app/node_modules/@supabase/supabase-js/src/SupabaseClient.ts:284:21)
    at createClient (/Users/yann/spx-app/node_modules/@supabase/supabase-js/src/index.ts:65:10)
    at loadV17Company (/Users/yann/spx-app/src/lib/company-core/load-company.ts:1675:18)
    at async auditTicker (/Users/yann/spx-app/scripts/audit-pages-full.ts:51:19)
    at async main (/Users/yann/spx-app/scripts/audit-pages-full.ts:153:17)
image_findings merge failed for VLO: Error: supabaseUrl is required.
    at validateSupabaseUrl (/Users/yann/spx-app/node_modules/@supabase/supabase-js/src/lib/helpers.ts:86:11)
    at new SupabaseClient (/Users/yann/spx-app/node_modules/@supabase/supabase-js/src/SupabaseClient.ts:284:21)
    at createClient (/Users/yann/spx-app/node_modules/@supabase/supabase-js/src/index.ts:65:10)
    at admin (/Users/yann/spx-app/src/lib/desk/image-findings.ts:118:10)
    at listApprovedForTicker (/Users/yann/spx-app/src/lib/desk/image-findings.ts:222:16)
    at loadV17Company (/Users/yann/spx-app/src/lib/company-core/load-company.ts:1738:30)
    at async auditTicker (/Users/yann/spx-app/scripts/audit-pages-full.ts:51:19)
    at async main (/Users/yann/spx-app/scripts/audit-pages-full.ts:153:17)
[hero-kpi-overrides] refetch failed, using stale cache Error: SUPABASE_SERVICE_ROLE_KEY manquante — vérifier .env.local
    at createSupabaseAdminClient (/Users/yann/spx-app/src/lib/supabase/admin.ts:16:11)
    at fetchAll (/Users/yann/spx-app/src/lib/company-core/hero-kpi-overrides.ts:31:20)
    at getHeroKpiOverride (/Users/yann/spx-app/src/lib/company-core/hero-kpi-overrides.ts:58:21)
    at loadV17Company (/Users/yann/spx-app/src/lib/company-core/load-company.ts:2731:28)
    at async auditTicker (/Users/yann/spx-app/scripts/audit-pages-full.ts:51:19)
    at async main (/Users/yann/spx-app/scripts/audit-pages-full.ts:153:17)
special_kpis merge failed for VTR: Error: supabaseUrl is required.
    at validateSupabaseUrl (/Users/yann/spx-app/node_modules/@supabase/supabase-js/src/lib/helpers.ts:86:11)
    at new SupabaseClient (/Users/yann/spx-app/node_modules/@supabase/supabase-js/src/SupabaseClient.ts:284:21)
    at createClient (/Users/yann/spx-app/node_modules/@supabase/supabase-js/src/index.ts:65:10)
    at admin (/Users/yann/spx-app/src/lib/desk/special-kpis.ts:107:10)
    at listPublishedForTicker (/Users/yann/spx-app/src/lib/desk/special-kpis.ts:130:16)
    at loadV17Company (/Users/yann/spx-app/src/lib/company-core/load-company.ts:1611:30)
    at async auditTicker (/Users/yann/spx-app/scripts/audit-pages-full.ts:51:19)
    at async main (/Users/yann/spx-app/scripts/audit-pages-full.ts:153:17)
kpi_requests merge failed for VTR: Error: supabaseUrl is required.
    at validateSupabaseUrl (/Users/yann/spx-app/node_modules/@supabase/supabase-js/src/lib/helpers.ts:86:11)
    at new SupabaseClient (/Users/yann/spx-app/node_modules/@supabase/supabase-js/src/SupabaseClient.ts:284:21)
    at createClient (/Users/yann/spx-app/node_modules/@supabase/supabase-js/src/index.ts:65:10)
    at loadV17Company (/Users/yann/spx-app/src/lib/company-core/load-company.ts:1675:18)
    at async auditTicker (/Users/yann/spx-app/scripts/audit-pages-full.ts:51:19)
    at async main (/Users/yann/spx-app/scripts/audit-pages-full.ts:153:17)
image_findings merge failed for VTR: Error: supabaseUrl is required.
    at validateSupabaseUrl (/Users/yann/spx-app/node_modules/@supabase/supabase-js/src/lib/helpers.ts:86:11)
    at new SupabaseClient (/Users/yann/spx-app/node_modules/@supabase/supabase-js/src/SupabaseClient.ts:284:21)
    at createClient (/Users/yann/spx-app/node_modules/@supabase/supabase-js/src/index.ts:65:10)
    at admin (/Users/yann/spx-app/src/lib/desk/image-findings.ts:118:10)
    at listApprovedForTicker (/Users/yann/spx-app/src/lib/desk/image-findings.ts:222:16)
    at loadV17Company (/Users/yann/spx-app/src/lib/company-core/load-company.ts:1738:30)
    at async auditTicker (/Users/yann/spx-app/scripts/audit-pages-full.ts:51:19)
    at async main (/Users/yann/spx-app/scripts/audit-pages-full.ts:153:17)
[hero-kpi-overrides] refetch failed, using stale cache Error: SUPABASE_SERVICE_ROLE_KEY manquante — vérifier .env.local
    at createSupabaseAdminClient (/Users/yann/spx-app/src/lib/supabase/admin.ts:16:11)
    at fetchAll (/Users/yann/spx-app/src/lib/company-core/hero-kpi-overrides.ts:31:20)
    at getHeroKpiOverride (/Users/yann/spx-app/src/lib/company-core/hero-kpi-overrides.ts:58:21)
    at loadV17Company (/Users/yann/spx-app/src/lib/company-core/load-company.ts:2731:28)
    at async auditTicker (/Users/yann/spx-app/scripts/audit-pages-full.ts:51:19)
    at async main (/Users/yann/spx-app/scripts/audit-pages-full.ts:153:17)
special_kpis merge failed for WTW: Error: supabaseUrl is required.
    at validateSupabaseUrl (/Users/yann/spx-app/node_modules/@supabase/supabase-js/src/lib/helpers.ts:86:11)
    at new SupabaseClient (/Users/yann/spx-app/node_modules/@supabase/supabase-js/src/SupabaseClient.ts:284:21)
    at createClient (/Users/yann/spx-app/node_modules/@supabase/supabase-js/src/index.ts:65:10)
    at admin (/Users/yann/spx-app/src/lib/desk/special-kpis.ts:107:10)
    at listPublishedForTicker (/Users/yann/spx-app/src/lib/desk/special-kpis.ts:130:16)
    at loadV17Company (/Users/yann/spx-app/src/lib/company-core/load-company.ts:1611:30)
    at async auditTicker (/Users/yann/spx-app/scripts/audit-pages-full.ts:51:19)
    at async main (/Users/yann/spx-app/scripts/audit-pages-full.ts:153:17)
kpi_requests merge failed for WTW: Error: supabaseUrl is required.
    at validateSupabaseUrl (/Users/yann/spx-app/node_modules/@supabase/supabase-js/src/lib/helpers.ts:86:11)
    at new SupabaseClient (/Users/yann/spx-app/node_modules/@supabase/supabase-js/src/SupabaseClient.ts:284:21)
    at createClient (/Users/yann/spx-app/node_modules/@supabase/supabase-js/src/index.ts:65:10)
    at loadV17Company (/Users/yann/spx-app/src/lib/company-core/load-company.ts:1675:18)
    at async auditTicker (/Users/yann/spx-app/scripts/audit-pages-full.ts:51:19)
    at async main (/Users/yann/spx-app/scripts/audit-pages-full.ts:153:17)
image_findings merge failed for WTW: Error: supabaseUrl is required.
    at validateSupabaseUrl (/Users/yann/spx-app/node_modules/@supabase/supabase-js/src/lib/helpers.ts:86:11)
    at new SupabaseClient (/Users/yann/spx-app/node_modules/@supabase/supabase-js/src/SupabaseClient.ts:284:21)
    at createClient (/Users/yann/spx-app/node_modules/@supabase/supabase-js/src/index.ts:65:10)
    at admin (/Users/yann/spx-app/src/lib/desk/image-findings.ts:118:10)
    at listApprovedForTicker (/Users/yann/spx-app/src/lib/desk/image-findings.ts:222:16)
    at loadV17Company (/Users/yann/spx-app/src/lib/company-core/load-company.ts:1738:30)
    at async auditTicker (/Users/yann/spx-app/scripts/audit-pages-full.ts:51:19)
    at async main (/Users/yann/spx-app/scripts/audit-pages-full.ts:153:17)
[hero-kpi-overrides] refetch failed, using stale cache Error: SUPABASE_SERVICE_ROLE_KEY manquante — vérifier .env.local
    at createSupabaseAdminClient (/Users/yann/spx-app/src/lib/supabase/admin.ts:16:11)
    at fetchAll (/Users/yann/spx-app/src/lib/company-core/hero-kpi-overrides.ts:31:20)
    at getHeroKpiOverride (/Users/yann/spx-app/src/lib/company-core/hero-kpi-overrides.ts:58:21)
    at loadV17Company (/Users/yann/spx-app/src/lib/company-core/load-company.ts:2731:28)
    at async auditTicker (/Users/yann/spx-app/scripts/audit-pages-full.ts:51:19)
    at async main (/Users/yann/spx-app/scripts/audit-pages-full.ts:153:17)
special_kpis merge failed for WY: Error: supabaseUrl is required.
    at validateSupabaseUrl (/Users/yann/spx-app/node_modules/@supabase/supabase-js/src/lib/helpers.ts:86:11)
    at new SupabaseClient (/Users/yann/spx-app/node_modules/@supabase/supabase-js/src/SupabaseClient.ts:284:21)
    at createClient (/Users/yann/spx-app/node_modules/@supabase/supabase-js/src/index.ts:65:10)
    at admin (/Users/yann/spx-app/src/lib/desk/special-kpis.ts:107:10)
    at listPublishedForTicker (/Users/yann/spx-app/src/lib/desk/special-kpis.ts:130:16)
    at loadV17Company (/Users/yann/spx-app/src/lib/company-core/load-company.ts:1611:30)
    at async auditTicker (/Users/yann/spx-app/scripts/audit-pages-full.ts:51:19)
    at async main (/Users/yann/spx-app/scripts/audit-pages-full.ts:153:17)
kpi_requests merge failed for WY: Error: supabaseUrl is required.
    at validateSupabaseUrl (/Users/yann/spx-app/node_modules/@supabase/supabase-js/src/lib/helpers.ts:86:11)
    at new SupabaseClient (/Users/yann/spx-app/node_modules/@supabase/supabase-js/src/SupabaseClient.ts:284:21)
    at createClient (/Users/yann/spx-app/node_modules/@supabase/supabase-js/src/index.ts:65:10)
    at loadV17Company (/Users/yann/spx-app/src/lib/company-core/load-company.ts:1675:18)
    at async auditTicker (/Users/yann/spx-app/scripts/audit-pages-full.ts:51:19)
    at async main (/Users/yann/spx-app/scripts/audit-pages-full.ts:153:17)
image_findings merge failed for WY: Error: supabaseUrl is required.
    at validateSupabaseUrl (/Users/yann/spx-app/node_modules/@supabase/supabase-js/src/lib/helpers.ts:86:11)
    at new SupabaseClient (/Users/yann/spx-app/node_modules/@supabase/supabase-js/src/SupabaseClient.ts:284:21)
    at createClient (/Users/yann/spx-app/node_modules/@supabase/supabase-js/src/index.ts:65:10)
    at admin (/Users/yann/spx-app/src/lib/desk/image-findings.ts:118:10)
    at listApprovedForTicker (/Users/yann/spx-app/src/lib/desk/image-findings.ts:222:16)
    at loadV17Company (/Users/yann/spx-app/src/lib/company-core/load-company.ts:1738:30)
    at async auditTicker (/Users/yann/spx-app/scripts/audit-pages-full.ts:51:19)
    at async main (/Users/yann/spx-app/scripts/audit-pages-full.ts:153:17)
[hero-kpi-overrides] refetch failed, using stale cache Error: SUPABASE_SERVICE_ROLE_KEY manquante — vérifier .env.local
    at createSupabaseAdminClient (/Users/yann/spx-app/src/lib/supabase/admin.ts:16:11)
    at fetchAll (/Users/yann/spx-app/src/lib/company-core/hero-kpi-overrides.ts:31:20)
    at getHeroKpiOverride (/Users/yann/spx-app/src/lib/company-core/hero-kpi-overrides.ts:58:21)
    at loadV17Company (/Users/yann/spx-app/src/lib/company-core/load-company.ts:2731:28)
    at async auditTicker (/Users/yann/spx-app/scripts/audit-pages-full.ts:51:19)
    at async main (/Users/yann/spx-app/scripts/audit-pages-full.ts:153:17)
special_kpis merge failed for XEL: Error: supabaseUrl is required.
    at validateSupabaseUrl (/Users/yann/spx-app/node_modules/@supabase/supabase-js/src/lib/helpers.ts:86:11)
    at new SupabaseClient (/Users/yann/spx-app/node_modules/@supabase/supabase-js/src/SupabaseClient.ts:284:21)
    at createClient (/Users/yann/spx-app/node_modules/@supabase/supabase-js/src/index.ts:65:10)
    at admin (/Users/yann/spx-app/src/lib/desk/special-kpis.ts:107:10)
    at listPublishedForTicker (/Users/yann/spx-app/src/lib/desk/special-kpis.ts:130:16)
    at loadV17Company (/Users/yann/spx-app/src/lib/company-core/load-company.ts:1611:30)
    at async auditTicker (/Users/yann/spx-app/scripts/audit-pages-full.ts:51:19)
    at async main (/Users/yann/spx-app/scripts/audit-pages-full.ts:153:17)
kpi_requests merge failed for XEL: Error: supabaseUrl is required.
    at validateSupabaseUrl (/Users/yann/spx-app/node_modules/@supabase/supabase-js/src/lib/helpers.ts:86:11)
    at new SupabaseClient (/Users/yann/spx-app/node_modules/@supabase/supabase-js/src/SupabaseClient.ts:284:21)
    at createClient (/Users/yann/spx-app/node_modules/@supabase/supabase-js/src/index.ts:65:10)
    at loadV17Company (/Users/yann/spx-app/src/lib/company-core/load-company.ts:1675:18)
    at async auditTicker (/Users/yann/spx-app/scripts/audit-pages-full.ts:51:19)
    at async main (/Users/yann/spx-app/scripts/audit-pages-full.ts:153:17)
image_findings merge failed for XEL: Error: supabaseUrl is required.
    at validateSupabaseUrl (/Users/yann/spx-app/node_modules/@supabase/supabase-js/src/lib/helpers.ts:86:11)
    at new SupabaseClient (/Users/yann/spx-app/node_modules/@supabase/supabase-js/src/SupabaseClient.ts:284:21)
    at createClient (/Users/yann/spx-app/node_modules/@supabase/supabase-js/src/index.ts:65:10)
    at admin (/Users/yann/spx-app/src/lib/desk/image-findings.ts:118:10)
    at listApprovedForTicker (/Users/yann/spx-app/src/lib/desk/image-findings.ts:222:16)
    at loadV17Company (/Users/yann/spx-app/src/lib/company-core/load-company.ts:1738:30)
    at async auditTicker (/Users/yann/spx-app/scripts/audit-pages-full.ts:51:19)
    at async main (/Users/yann/spx-app/scripts/audit-pages-full.ts:153:17)
[hero-kpi-overrides] refetch failed, using stale cache Error: SUPABASE_SERVICE_ROLE_KEY manquante — vérifier .env.local
    at createSupabaseAdminClient (/Users/yann/spx-app/src/lib/supabase/admin.ts:16:11)
    at fetchAll (/Users/yann/spx-app/src/lib/company-core/hero-kpi-overrides.ts:31:20)
    at getHeroKpiOverride (/Users/yann/spx-app/src/lib/company-core/hero-kpi-overrides.ts:58:21)
    at loadV17Company (/Users/yann/spx-app/src/lib/company-core/load-company.ts:2731:28)
    at async auditTicker (/Users/yann/spx-app/scripts/audit-pages-full.ts:51:19)
    at async main (/Users/yann/spx-app/scripts/audit-pages-full.ts:153:17)
special_kpis merge failed for YUM: Error: supabaseUrl is required.
    at validateSupabaseUrl (/Users/yann/spx-app/node_modules/@supabase/supabase-js/src/lib/helpers.ts:86:11)
    at new SupabaseClient (/Users/yann/spx-app/node_modules/@supabase/supabase-js/src/SupabaseClient.ts:284:21)
    at createClient (/Users/yann/spx-app/node_modules/@supabase/supabase-js/src/index.ts:65:10)
    at admin (/Users/yann/spx-app/src/lib/desk/special-kpis.ts:107:10)
    at listPublishedForTicker (/Users/yann/spx-app/src/lib/desk/special-kpis.ts:130:16)
    at loadV17Company (/Users/yann/spx-app/src/lib/company-core/load-company.ts:1611:30)
    at async auditTicker (/Users/yann/spx-app/scripts/audit-pages-full.ts:51:19)
    at async main (/Users/yann/spx-app/scripts/audit-pages-full.ts:153:17)
kpi_requests merge failed for YUM: Error: supabaseUrl is required.
    at validateSupabaseUrl (/Users/yann/spx-app/node_modules/@supabase/supabase-js/src/lib/helpers.ts:86:11)
    at new SupabaseClient (/Users/yann/spx-app/node_modules/@supabase/supabase-js/src/SupabaseClient.ts:284:21)
    at createClient (/Users/yann/spx-app/node_modules/@supabase/supabase-js/src/index.ts:65:10)
    at loadV17Company (/Users/yann/spx-app/src/lib/company-core/load-company.ts:1675:18)
    at async auditTicker (/Users/yann/spx-app/scripts/audit-pages-full.ts:51:19)
    at async main (/Users/yann/spx-app/scripts/audit-pages-full.ts:153:17)
image_findings merge failed for YUM: Error: supabaseUrl is required.
    at validateSupabaseUrl (/Users/yann/spx-app/node_modules/@supabase/supabase-js/src/lib/helpers.ts:86:11)
    at new SupabaseClient (/Users/yann/spx-app/node_modules/@supabase/supabase-js/src/SupabaseClient.ts:284:21)
    at createClient (/Users/yann/spx-app/node_modules/@supabase/supabase-js/src/index.ts:65:10)
    at admin (/Users/yann/spx-app/src/lib/desk/image-findings.ts:118:10)
    at listApprovedForTicker (/Users/yann/spx-app/src/lib/desk/image-findings.ts:222:16)
    at loadV17Company (/Users/yann/spx-app/src/lib/company-core/load-company.ts:1738:30)
    at async auditTicker (/Users/yann/spx-app/scripts/audit-pages-full.ts:51:19)
    at async main (/Users/yann/spx-app/scripts/audit-pages-full.ts:153:17)
[hero-kpi-overrides] refetch failed, using stale cache Error: SUPABASE_SERVICE_ROLE_KEY manquante — vérifier .env.local
    at createSupabaseAdminClient (/Users/yann/spx-app/src/lib/supabase/admin.ts:16:11)
    at fetchAll (/Users/yann/spx-app/src/lib/company-core/hero-kpi-overrides.ts:31:20)
    at getHeroKpiOverride (/Users/yann/spx-app/src/lib/company-core/hero-kpi-overrides.ts:58:21)
    at loadV17Company (/Users/yann/spx-app/src/lib/company-core/load-company.ts:2731:28)
    at async auditTicker (/Users/yann/spx-app/scripts/audit-pages-full.ts:51:19)
    at async main (/Users/yann/spx-app/scripts/audit-pages-full.ts:153:17)
{
 "audited": 75,
 "stes_with_issues": 12,
 "stats": {
  "R2": 6,
  "H2": 3,
  "K4": 24
 }
}
[quarterly-refresh] rapport ecrit: /Users/yann/spx-app/.conv-state/quarterly-refresh-report.json (75 stes)
[lock4] run archivé: 75 sté(s), 0 publiable(s), 75 bloquée(s) → /Users/yann/spx-app/src/data/_quarterly-refresh-history.json
[quarterly-refresh] lock4 rc=0
[publish] 0 sté publiable (75 bloquée(s)), rien à publier
[quarterly-refresh] publish rc=0
[quarterly-refresh] done 20260731-074413
