[14:41:07] START : 3 stés (top 307 V1.8 d'abord, puis cat1 beyond)
[14:41:23] START : 3 stés (top 307 V1.8 d'abord, puis cat1 beyond)
[14:41:27]   ✅ NVDA : board=13 ceo=?                         top_cap=0
[14:41:33]   ✅ GOOGL : board=10 ceo=Sundar Pichai             top_cap=3
[14:41:38]   ✅ MSFT : board=12 ceo=Satya Nadella             top_cap=0
[14:41:38] END : written=3 skipped=0 no_source=0 fails=0
[14:41:54] START : 1207 stés (top 307 V1.8 d'abord, puis cat1 beyond)
[14:41:59]   ✅ NVDA : board=13 ceo=?                         top_cap=0
[14:42:05]   ✅ MSFT : board=12 ceo=Satya Nadella             top_cap=0
[14:42:10]   ✅ TSLA : board=9 ceo=Elon Musk                 top_cap=0
[14:42:13]   ✅ MU : board=8 ceo=Sanjay Mehrotra           top_cap=0
[14:42:18]   ✅ V : board=11 ceo=Ryan McInerney            top_cap=0
[14:42:22]   ✅ JNJ : board=12 ceo=Non spécifié dans les ex  top_cap=0
[14:42:26]   ✅ COST : board=12 ceo=Ron M. Vachris            top_cap=2
[14:42:34]   ✅ CVX : board=12 ceo=Michael K. Wirth          top_cap=0
[14:42:39]   ✅ PG : board=14 ceo=Jon R. Moeller            top_cap=0
[14:42:44]   ✅ AMAT : board=10 ceo=Gary E. Dickerson         top_cap=1
[14:42:49]   ✅ UNH : board=9 ceo=Stephen Hemsley           top_cap=0
[14:42:53]   ✅ GE : board=9 ceo=Larry Culp                top_cap=0
[14:42:58]   ✅ TXN : board=12 ceo=?                         top_cap=0
[14:43:03]   ✅ KLAC : board=10 ceo=Richard Wallace           top_cap=2
[14:43:10]   ✅ C : board=13 ceo=Jane Fraser               top_cap=0
[14:43:15]   ✅ QCOM : board=11 ceo=Cristiano R. Amon         top_cap=0
[14:43:20]   ✅ VZ : board=9 ceo=Daniel Schulman           top_cap=0
[14:43:26]   ✅ BA : board=12 ceo=Robert Kelly Ortberg      top_cap=2
[14:43:31]   ✅ AMGN : board=12 ceo=Robert A. Bradway         top_cap=0
[14:43:35]   ✅ T : board=10 ceo=?                         top_cap=0
[14:43:39]   ✅ TMO : board=12 ceo=Marc Casper               top_cap=0
[14:43:45]   ✅ BLK : board=12 ceo=Laurence D. Fink          top_cap=0
[14:43:48]   ✅ APP : board=9 ceo=Adam Foroughi             top_cap=0
[14:43:54]   ✅ PFE : board=12 ceo=Albert Bourla             top_cap=3
[14:43:54]   📊 [25/1207] written=24 skipped=1 no_source=0 fails=0 | rate=12.6/min ETA=94min
[14:43:58]   ✅ PANW : board=... ceo=Nikesh Arora              top_cap=0
[14:44:03]   ✅ CRM : board=12 ceo=Marc Benioff              top_cap=0
[14:44:06]   ✅ PLD : board=11 ceo=Hamid Moghadam            top_cap=0
[14:44:11]   ✅ MO : board=10 ceo=William F. Gifford, Jr.   top_cap=0
[14:44:17]   ✅ PGR : board=12 ceo=Tricia Griffith           top_cap=2
[14:44:21]   ✅ HWM : board=9 ceo=John C. Plant             top_cap=0
[14:44:26]   ✅ MDT : board=12 ceo=?                         top_cap=0
[14:44:30]   ✅ MAR : board=12 ceo=David Marriott            top_cap=0
[14:44:36]   ✅ KKR : board=None ceo=Joseph Bae et Scott Nutt  top_cap=0
[14:44:41]   ✅ NOW : board=9 ceo=William McDermott         top_cap=0
[14:44:46]   ✅ FDX : board=13 ceo=Rajesh Subramaniam        top_cap=0
[14:44:55]   ✅ BSX : board=10 ceo=Michael F. Mahoney        top_cap=0
[14:45:01]   ✅ SHW : board=9 ceo=?                         top_cap=0
[14:45:06]   ✅ CRH : board=12 ceo=Jim Mintern               top_cap=0
[14:45:11]   ✅ ROST : board=9 ceo=?                         top_cap=2
[14:45:16]   ✅ CRWV : board=6 ceo=Michael Intrator          top_cap=0
[14:45:20]   ✅ AEP : board=10 ceo=?                         top_cap=0
[14:45:25]   ✅ PSX : board=12 ceo=Mark E. Lashier           top_cap=1
[14:45:30]   ✅ BKR : board=8 ceo=Lorenzo Simonelli         top_cap=0
[14:45:35]   ✅ MSTR : board=8 ceo=Phong Q. Le               top_cap=0
[14:45:40]   ✅ NKE : board=12 ceo=Elliott Hill              top_cap=0
[14:45:46]   ✅ TRV : board=8 ceo=Alan D. Schnitzer         top_cap=0
[14:45:50]   ✅ TGT : board=12 ceo=Michael Fiddelke          top_cap=0
[14:45:55]   ✅ AZO : board=11 ceo=Philip B. Daniele III     top_cap=0
[14:46:00]   ✅ AFL : board=12 ceo=Daniel P. Amos            top_cap=0
[14:46:00]   📊 [50/1207] written=49 skipped=1 no_source=0 fails=0 | rate=12.2/min ETA=95min
[14:46:04]   ✅ MCHP : board=12 ceo=Steve Sanghi              top_cap=0
[14:46:09]   ✅ GWW : board=12 ceo=?                         top_cap=0
[14:46:13]   ✅ PSA : board=12 ceo=Joseph D. Russell, Jr.    top_cap=0
[14:46:17]   ✅ ADSK : board=10 ceo=Andrew Anagnost           top_cap=0
[14:46:22]   ✅ AJG : board=9 ceo=J. Patrick Gallagher Jr.  top_cap=0
[14:46:26]   ✅ DAL : board=None ceo=Edward H. Bastian         top_cap=0
[14:46:30]   ✅ EW : board=9 ceo=Bernard Zovighian         top_cap=0
[14:46:36]   ✅ STT : board=13 ceo=Ronald P. O'Hanley        top_cap=0
[14:46:40]   ✅ ON : board=7 ceo=Hassane El-Khoury         top_cap=0
[14:46:45]   ✅ ARES : board=None ceo=Antony P. Ressler         top_cap=0
[14:46:50]   ✅ PYPL : board=11 ceo=Enrique Lores             top_cap=2
[14:46:55]   ✅ JBL : board=7 ceo=Michael Dastoor           top_cap=0
[14:46:59]   ✅ MLM : board=10 ceo=C. Howard Nye             top_cap=0
[14:47:04]   ✅ RDDT : board=8 ceo=Steven Huffman            top_cap=0
[14:47:09]   ✅ MTB : board=12 ceo=Ren F. Jones              top_cap=2
[14:47:14]   ✅ VICI : board=7 ceo=Edward B. Pitoniak        top_cap=0
[14:47:19]   ✅ RMD : board=11 ceo=Michael Mick Farrell      top_cap=0
[14:47:25]   ✅ AEE : board=12 ceo=Martin J. Lyons, Jr.      top_cap=0
[14:47:28]   ✅ PPL : board=10 ceo=Craig A. Rogerson         top_cap=0
[14:47:33]   ✅ KHC : board=None ceo=Steve Cahillane           top_cap=0
[14:47:37]   ✅ HUBB : board=11 ceo=Anthony J. Guzzi          top_cap=1
[14:47:42]   ✅ EIX : board=11 ceo=Pedro J. Pizarro          top_cap=0
[14:47:47]   ✅ FICO : board=8 ceo=William J. Lansing        top_cap=0
[14:47:52]   ✅ CTRA : board=10 ceo=Thomas E. Jorden          top_cap=0
[14:47:56]   ✅ WRB : board=5 ceo=W. Robert Berkley Jr.     top_cap=0
[14:47:56]   📊 [75/1207] written=74 skipped=1 no_source=0 fails=0 | rate=12.4/min ETA=91min
[14:48:01]   ✅ WTW : board=9 ceo=Carl Hess                 top_cap=0
[14:48:06]   ✅ ENTG : board=8 ceo=David Reeder              top_cap=1
[14:48:09]   ✅ PHM : board=11 ceo=Ryan R. Marshall          top_cap=0
[14:48:15]   ✅ CMS : board=11 ceo=?                         top_cap=0
[14:48:20]   ✅ WWD : board=3 ceo=?                         top_cap=0
[14:48:23]   ✅ PSTG : board=10 ceo=Charles Giancarlo         top_cap=0
[14:48:27]   ✅ STE : board=None ceo=?                         top_cap=0
[14:48:31]   ✅ SOFI : board=10 ceo=Anthony Noto              top_cap=0
[14:48:35]   ✅ EFX : board=10 ceo=?                         top_cap=0
[14:48:40]   ✅ DKS : board=12 ceo=Lauren R. Hobart          top_cap=0
[14:48:43]   ✅ BURL : board=7 ceo=?                         top_cap=0
[14:48:48]   ✅ CHRW : board=10 ceo=Dave Bozeman              top_cap=0
[14:48:53]   ✅ MKSI : board=? ceo=John T.C. Lee             top_cap=0
[14:48:58]   ✅ RBA : board=10 ceo=Jim Kessler               top_cap=0
[14:49:02]   ✅ RIVN : board=7 ceo=Robert J. Scaringe        top_cap=0
[14:49:07]   ✅ MRNA : board=9 ceo=Stéphane Bancel           top_cap=0
[14:49:11]   ✅ RS : board=9 ceo=?                         top_cap=0
[14:49:15]   ✅ GIS : board=11 ceo=Jeff Harmening            top_cap=0
[14:49:19]   ✅ ESS : board=9 ceo=Angela L. Kleiman         top_cap=1
[14:49:23]   ✅ CF : board=11 ceo=Christopher D. Bohn       top_cap=0
[14:49:28]   ✅ LDOS : board=10 ceo=Thomas A. Bell            top_cap=0
[14:49:34]   ✅ NVR : board=11 ceo=?                         top_cap=0
[14:49:39]   ✅ NLY : board=9 ceo=David L. Finkelstein      top_cap=0
[14:49:44]   ✅ PTC : board=8 ceo=Neil Barua                top_cap=0
[14:49:48]   ✅ NBIX : board=3 ceo=?                         top_cap=0
[14:49:48]   📊 [100/1207] written=99 skipped=1 no_source=0 fails=0 | rate=12.7/min ETA=87min
[14:49:52]   ✅ DECK : board=10 ceo=Stefano Caroti            top_cap=0
[14:49:57]   ✅ GPC : board=11 ceo=William P. Stengel II     top_cap=0
[14:50:01]   ✅ ONTO : board=7 ceo=?                         top_cap=0
[14:50:05]   ✅ OHI : board=8 ceo=C. Taylor Pickett         top_cap=0
[14:50:09]   ✅ JAZZ : board=12 ceo=?                         top_cap=0
[14:50:14]   ✅ DY : board=9 ceo=Ryan F. Urness            top_cap=0
[14:50:18]   ✅ GLPI : board=8 ceo=Peter M. Carlino          top_cap=0
[14:50:24]   ✅ NYT : board=13 ceo=Meredith Kopit Levien     top_cap=1
[14:50:29]   ✅ APA : board=10 ceo=John J. Christmann IV     top_cap=0
[14:50:34]   ✅ ALGN : board=? ceo=Kelsey Wirth              top_cap=0
[14:50:41]   ✅ VIAV : board=? ceo=Oleg Khaykin              top_cap=0
[14:50:45]   ✅ SOLV : board=4 ceo=Bryan Hanson              top_cap=0
[14:50:51]   ✅ MEDP : board=11 ceo=?                         top_cap=0
[14:50:59]   ✅ BJ : board=10 ceo=Bob Eddy                  top_cap=0
[14:51:06]   ✅ FHN : board=12 ceo=D. Bryan Jordan           top_cap=0
[14:51:10]   ✅ GEN : board=9 ceo=Vincent Pilette           top_cap=0
[14:51:14]   ✅ AIZ : board=10 ceo=Keith W. Demmings         top_cap=0
[14:51:19]   ✅ POWL : board=8 ceo=?                         top_cap=0
[14:51:24]   ✅ NTNX : board=9 ceo=Rajiv Ramaswami           top_cap=0
[14:51:28]   ✅ WMS : board=11 ceo=?                         top_cap=0
[14:51:33]   ✅ SMTC : board=9 ceo=?                         top_cap=0
[14:51:37]   ✅ CAVA : board=9 ceo=Brett Schulman            top_cap=0
[14:51:42]   ✅ CHWY : board=None ceo=?                         top_cap=1
[14:51:47]   ✅ AES : board=12 ceo=John B. Morse, Jr.        top_cap=0
[14:51:53]   ✅ OSK : board=10 ceo=?                         top_cap=0
[14:51:53]   📊 [125/1207] written=124 skipped=1 no_source=0 fails=0 | rate=12.5/min ETA=86min
[14:51:57]   ✅ SWKS : board=9 ceo=Philip G. Brace           top_cap=0
[14:52:02]   ✅ RRC : board=7 ceo=Dennis L. Degner          top_cap=0
[14:52:05]   ✅ AA : board=11 ceo=William F. Oplinger       top_cap=0
[14:52:12]   ✅ AAL : board=12 ceo=Robert D. Isom            top_cap=0
[14:52:17]   ✅ AAMI : board=5 ceo=?                         top_cap=0
[14:52:21]   ✅ AAON : board=9 ceo=?                         top_cap=0
[14:52:26]   ✅ AAT : board=5 ceo=Adam Wyll                 top_cap=0
[14:52:26]   🚫 AB : section governance introuvable dans DEF14A
[14:52:32]   ✅ ABBV : board=12 ceo=Robert A. Michael         top_cap=0
[14:52:37]   ✅ ABCB : board=10 ceo=H. Palmer Proctor, Jr.    top_cap=0
[14:52:42]   ✅ ABG : board=11 ceo=David W. Hult             top_cap=0
[14:52:45]   ✅ ABR : board=None ceo=Ivan Kaufman              top_cap=0
[14:52:50]   ✅ ABT : board=12 ceo=Robert B. Ford            top_cap=0
[14:52:55]   ✅ ACA : board=9 ceo=?                         top_cap=0
[14:52:59]   ✅ ACAD : board=9 ceo=?                         top_cap=0
[14:53:04]   ✅ ACGL : board=12 ceo=Nicolas Papadopoulo       top_cap=0
[14:53:09]   ✅ ACHC : board=10 ceo=Debra K. Osteen           top_cap=4
[14:53:14]   ✅ ACHR : board=7 ceo=Adam Goldstein            top_cap=0
[14:53:19]   ✅ ACIW : board=9 ceo=?                         top_cap=0
[14:53:24]   ✅ ACLX : board=None ceo=Rami Elghandour           top_cap=0
[14:53:29]   ✅ ACM : board=8 ceo=Troy Rudd                 top_cap=0
[14:53:33]   ✅ ACMR : board=4 ceo=David H. Wang             top_cap=0
[14:53:38]   ✅ ACN : board=10 ceo=Julie Sweet               top_cap=0
[14:53:43]   ✅ ADAM : board=7 ceo=Steven R. Mumma           top_cap=0
[14:53:48]   ✅ ADC : board=9 ceo=Richard Agree             top_cap=0
[14:53:48]   📊 [150/1207] written=148 skipped=1 no_source=1 fails=0 | rate=12.6/min ETA=84min
[14:53:51]   ✅ ADEA : board=7 ceo=?                         top_cap=0
[14:53:58]   ✅ ADI : board=10 ceo=Not specified             top_cap=0
[14:54:06]   ✅ ADM : board=12 ceo=?                         top_cap=0
[14:54:11]   ✅ ADMA : board=? ceo=Adam S. Grossman          top_cap=0
[14:54:16]   ✅ ADNT : board=None ceo=Jerome J. Dorlack         top_cap=0
[14:54:21]   ✅ ADUS : board=2 ceo=?                         top_cap=0
[14:54:26]   ✅ AEIS : board=10 ceo=Stephen D. Kelley         top_cap=10
[14:54:31]   ✅ AEO : board=None ceo=Jay L. Schottenstein      top_cap=0
[14:54:35]   ✅ AESI : board=2 ceo=?                         top_cap=0
[14:54:41]   ✅ AGX : board=9 ceo=?                         top_cap=0
[14:54:46]   ✅ AGYS : board=9 ceo=?                         top_cap=0
[14:54:50]   ✅ AHCO : board=9 ceo=?                         top_cap=0
[14:54:53]   ✅ AHR : board=9 ceo=Jeffrey T. Hanson         top_cap=0
[14:54:59]   ✅ AI : board=9 ceo=Thomas M. Siebel          top_cap=0
[14:55:03]   ✅ AIG : board=10 ceo=Peter Zaffino             top_cap=0
[14:55:08]   ✅ AIT : board=9 ceo=Neil A. Schrimsher        top_cap=0
[14:55:11]   ✅ AKR : board=8 ceo=Kenneth F. Bernstein      top_cap=0
[14:55:16]   ✅ ALB : board=10 ceo=J. Kent Masters, Jr.      top_cap=0
[14:55:21]   ✅ ALG : board=9 ceo=Robert Hureau             top_cap=0
[14:55:26]   ✅ ALGM : board=9 ceo=Yoshihiro (Zen) Suzuki    top_cap=0
[14:55:31]   ✅ ALGT : board=8 ceo=Maurice J. Gallagher, Jr  top_cap=5
[14:55:35]   ✅ ALK : board=10 ceo=Ben Minicucci             top_cap=0
[14:55:40]   ✅ ALKS : board=9 ceo=Richard F. Pops           top_cap=1
[14:55:45]   ✅ ALL : board=12 ceo=Tom Wilson                top_cap=0
[14:55:49]   ✅ ALLE : board=8 ceo=John H. Stone             top_cap=0
[14:55:49]   📊 [175/1207] written=173 skipped=1 no_source=1 fails=0 | rate=12.6/min ETA=82min
[14:55:54]   ✅ ALV : board=9 ceo=Mikael Bratt              top_cap=0
[14:55:59]   ✅ AM : board=None ceo=Kennedy                   top_cap=0
[14:56:03]   ✅ AMC : board=10 ceo=Adam M. Aron              top_cap=0
[14:56:08]   ✅ AMD : board=8 ceo=?                         top_cap=0
[14:56:12]   ✅ AME : board=3 ceo=David A. Zapico           top_cap=0
[14:56:17]   ✅ AMH : board=11 ceo=Bryan Smith               top_cap=0
[14:56:21]   ✅ AMKR : board=11 ceo=Stephen D. Kelley         top_cap=0
[14:56:27]   ✅ AMN : board=9 ceo=Cary Grace                top_cap=0
[14:56:31]   ✅ AMPH : board=None ceo=Jack Yongfeng Zhang       top_cap=0
[14:56:36]   ✅ AMR : board=6 ceo=Andy Eidson               top_cap=0
[14:56:41]   ✅ AMRX : board=9 ceo=Chintu Patel / Chirag Pa  top_cap=2
[14:56:45]   ✅ AMSF : board=3 ceo=G. Janelle Frost          top_cap=0
[14:56:50]   ✅ AMT : board=11 ceo=Steven O. Vondran         top_cap=0
[14:56:55]   ✅ AMTM : board=13 ceo=John Heller               top_cap=0
[14:57:00]   ✅ AMWD : board=8 ceo=M. Scott Culbreth         top_cap=0
[14:57:06]   ✅ AMZN : board=None ceo=Andy Jassy                top_cap=0
[14:57:11]   ✅ ANDE : board=9 ceo=Patrick E. Bowe           top_cap=0
[14:57:15]   ✅ ANIP : board=? ceo=Meredith W. Cook          top_cap=1
[14:57:18]   ✅ AOSL : board=9 ceo=Stephen C. Chang          top_cap=0
[14:57:22]   ✅ APAM : board=9 ceo=?                         top_cap=0
[14:57:25]   ✅ APD : board=10 ceo=Eduardo Menezes           top_cap=0
[14:57:38]   ✅ APG : board=9 ceo=Russell A. Becker         top_cap=0
[14:57:43]   ✅ APLE : board=8 ceo=Justin G. Knight          top_cap=0
[14:57:46]   ✅ APLS : board=None ceo=Cedric Francois           top_cap=0
[14:57:51]   ✅ APO : board=13 ceo=?                         top_cap=3
[14:57:51]   📊 [200/1207] written=198 skipped=1 no_source=1 fails=0 | rate=12.5/min ETA=80min
[14:57:57]   ✅ APOG : board=2 ceo=Mr. Silberhorn            top_cap=0
[14:58:01]   ✅ APPF : board=None ceo=Shane Trigg               top_cap=0
[14:58:06]   ✅ APTV : board=11 ceo=Kevin P. Clark            top_cap=1
[14:58:11]   ✅ AR : board=None ceo=Kennedy                   top_cap=0
[14:58:18]   ✅ ARE : board=? ceo=Joel S. Marcus            top_cap=0
[14:58:22]   ✅ ARI : board=9 ceo=Not specified             top_cap=0
[14:58:26]   ✅ ARMK : board=11 ceo=John J. Zillmer           top_cap=0
[14:58:34]   ✅ AROC : board=9 ceo=Brad Childers             top_cap=0
[14:58:38]   ✅ ARR : board=8 ceo=Scott J. Ulm              top_cap=0
[14:58:43]   ✅ ARW : board=8 ceo=William F. Austen         top_cap=0
[14:58:47]   ✅ ARWR : board=9 ceo=?                         top_cap=0
[14:58:51]   ✅ ASB : board=? ceo=?                         top_cap=0
[14:58:54]   ✅ ASGN : board=9 ceo=Theodore S. Hanson        top_cap=0
[14:59:00]   ✅ ASH : board=8 ceo=Guillermo Novo            top_cap=0
[14:59:04]   ✅ ASTE : board=11 ceo=Jaco G. van der Merwe     top_cap=0
[14:59:09]   ✅ ASTH : board=9 ceo=Kenneth Sim, M.D.         top_cap=1
[14:59:14]   ✅ ASTS : board=10 ceo=Abel Avellan              top_cap=0
[14:59:18]   ✅ ATEN : board=5 ceo=Dhrupad Trivedi           top_cap=0
[14:59:23]   ✅ ATMU : board=8 ceo=Steph Disher              top_cap=0
[14:59:27]   ✅ ATO : board=12 ceo=J. Kevin Akers            top_cap=0
[14:59:33]   ✅ ATR : board=None ceo=Stephan B. Tanda          top_cap=0
[14:59:39]   ✅ AUB : board=16 ceo=John C. Asbury            top_cap=0
[14:59:44]   ✅ AVA : board=8 ceo=Non spécifié              top_cap=12
[14:59:49]   ✅ AVAV : board=10 ceo=Wahid Nawabi              top_cap=0
[14:59:54]   ✅ AVNS : board=8 ceo=David C. Pacitti          top_cap=0
[14:59:54]   📊 [225/1207] written=223 skipped=1 no_source=1 fails=0 | rate=12.5/min ETA=79min
[14:59:58]   ✅ AVTR : board=9 ceo=Emmanuel Ligner           top_cap=0
[15:00:04]   ✅ AVY : board=10 ceo=Vikas Arora               top_cap=0
[15:00:09]   ✅ AWI : board=7 ceo=Victor D. Grizzle         top_cap=0
[15:00:12]   ✅ AWR : board=None ceo=?                         top_cap=0
[15:00:18]   ✅ AX : board=None ceo=Gregory Garrabrants       top_cap=0
[15:00:25]   ✅ AXTA : board=9 ceo=?                         top_cap=0
[15:00:29]   ✅ AYI : board=9 ceo=Neil M. Ashe              top_cap=9
[15:00:33]   ✅ AZZ : board=7 ceo=Thomas E. Ferguson        top_cap=0
[15:00:39]   ✅ BAH : board=12 ceo=Horacio D. Rozanski       top_cap=0
[15:00:44]   ✅ BALL : board=9 ceo=Ronald J. Lewis           top_cap=1
[15:00:48]   ✅ BANC : board=10 ceo=Jared M. Wolff            top_cap=4
[15:00:53]   ✅ BANF : board=17 ceo=?                         top_cap=0
[15:00:58]   ✅ BANR : board=12 ceo=Mark J. Grescovich        top_cap=4
[15:01:02]   ✅ BBT : board=16 ceo=Paul A. Perrault          top_cap=0
[15:01:06]   ✅ BCC : board=10 ceo=Jeff Strom                top_cap=2
[15:01:10]   ✅ BCO : board=9 ceo=Mark Eubanks              top_cap=0
[15:01:17]   ✅ BCPC : board=9 ceo=?                         top_cap=0
[15:01:23]   ✅ BEN : board=11 ceo=Jennifer M. Johnson       top_cap=2
[15:01:27]   ✅ BFH : board=12 ceo=Ralph Andretta            top_cap=0
[15:01:31]   ✅ BFS : board=11 ceo=?                         top_cap=1
[15:01:35]   ✅ BG : board=12 ceo=?                         top_cap=0
[15:01:40]   ✅ BGC : board=6 ceo=?                         top_cap=0
[15:01:44]   ✅ BHE : board=9 ceo=?                         top_cap=0
[15:01:49]   ✅ BIIB : board=11 ceo=?                         top_cap=0
[15:01:54]   ✅ BILL : board=13 ceo=Ren Lacerte               top_cap=1
[15:01:54]   📊 [250/1207] written=248 skipped=1 no_source=1 fails=0 | rate=12.5/min ETA=77min
[15:01:59]   ✅ BIO : board=6 ceo=?                         top_cap=2
[15:02:04]   ✅ BJRI : board=8 ceo=Lyle D. Tick              top_cap=0
[15:02:09]   ✅ BK : board=11 ceo=Robin Vince               top_cap=0
[15:02:14]   ✅ BKU : board=9 ceo=Rajinder P. Singh         top_cap=1
[15:02:19]   ✅ BL : board=None ceo=Owen Ryan                 top_cap=0
[15:02:24]   ✅ BLDR : board=14 ceo=Peter M. Jackson          top_cap=0
[15:02:28]   ✅ BLFS : board=? ceo=Roderick de Greef         top_cap=0
[15:02:32]   ✅ BLKB : board=None ceo=?                         top_cap=0
[15:02:38]   ✅ BMI : board=9 ceo=Kenneth C. Bockhorst      top_cap=0
[15:02:42]   ✅ BMY : board=11 ceo=Christopher S. Boerner    top_cap=0
[15:02:48]   ✅ BNL : board=9 ceo=?                         top_cap=0
[15:02:52]   ✅ BOH : board=12 ceo=Peter S. Ho               top_cap=0
[15:02:57]   ✅ BOOT : board=8 ceo=John Hazen                top_cap=0
[15:03:02]   ✅ BOX : board=8 ceo=Aaron Levie               top_cap=0
[15:03:06]   ✅ BR : board=8 ceo=Timothy C. Gokey          top_cap=0
[15:03:11]   ✅ BRBR : board=5 ceo=Darcy Horn Davenport      top_cap=0
[15:03:16]   ✅ BRK-B : board=13 ceo=Gregory E. Abel           top_cap=2
[15:03:21]   ✅ BRKR : board=None ceo=Frank H. Laukien          top_cap=0
[15:03:26]   ✅ BRO : board=14 ceo=?                         top_cap=0
[15:03:31]   ✅ BROS : board=9 ceo=?                         top_cap=2
[15:03:36]   ✅ BRX : board=9 ceo=Brian T. Finnegan         top_cap=0
[15:03:40]   ✅ BTSG : board=3 ceo=Jennifer Phipps           top_cap=0
[15:03:44]   ✅ BTU : board=10 ceo=Bob Malone                top_cap=0
[15:03:49]   ✅ BWXT : board=10 ceo=Rex D. Geveden            top_cap=0
[15:03:53]   ✅ BXMT : board=8 ceo=Katharine A. Keenan       top_cap=0
[15:03:53]   📊 [275/1207] written=273 skipped=1 no_source=1 fails=0 | rate=12.5/min ETA=74min
[15:03:58]   ✅ BXP : board=11 ceo=Owen D. Thomas            top_cap=0
[15:04:02]   ✅ BYD : board=9 ceo=?                         top_cap=1
[15:04:07]   ✅ CACI : board=10 ceo=John S. Mengucci          top_cap=0
[15:04:11]   ✅ CAG : board=10 ceo=Sean Connolly             top_cap=0
[15:04:16]   ✅ CAH : board=12 ceo=Gregory B. Kenny          top_cap=0
[15:04:20]   ✅ CALM : board=? ceo=?                         top_cap=0
[15:04:25]   ✅ CALX : board=9 ceo=?                         top_cap=0
[15:04:30]   ✅ CALY : board=9 ceo=Oliver G. Brewer III      top_cap=0
[15:04:35]   ✅ CAR : board=6 ceo=Brian J. Choi             top_cap=0
[15:04:40]   ✅ CARG : board=? ceo=Jason Trevisan            top_cap=0
[15:04:44]   ✅ CARR : board=10 ceo=David L. Gitlin           top_cap=0
[15:04:49]   ✅ CART : board=9 ceo=Chris Rogers              top_cap=2
[15:04:54]   ✅ CASH : board=9 ceo=Brett L. Pharr            top_cap=0
[15:05:01]   ✅ CASY : board=11 ceo=Darren M. Rebelez         top_cap=0
[15:05:06]   ✅ CAT : board=10 ceo=Joseph E. Creed           top_cap=0
[15:05:11]   ✅ CATY : board=12 ceo=Dunson K. Cheng           top_cap=2
[15:05:16]   ✅ CB : board=13 ceo=Evan G. Greenberg         top_cap=2
[15:05:21]   ✅ CBOE : board=12 ceo=Craig S. Donohue          top_cap=0
[15:05:26]   ✅ CBRE : board=10 ceo=Robert E. Sulentic        top_cap=0
[15:05:31]   ✅ CBSH : board=None ceo=?                         top_cap=0
[15:05:37]   ✅ CBT : board=9 ceo=Sean D. Keohane           top_cap=0
[15:05:42]   ✅ CBU : board=12 ceo=Dimitar A. Karaivanov     top_cap=0
[15:05:47]   ✅ CC : board=11 ceo=Denise Dignam             top_cap=0
[15:05:53]   ✅ CCK : board=10 ceo=Timothy J. Donahue        top_cap=0
[15:06:01]   ✅ CCOI : board=8 ceo=David Schaeffer           top_cap=0
[15:06:01]   📊 [300/1207] written=298 skipped=1 no_source=1 fails=0 | rate=12.4/min ETA=73min
[15:06:07]   ✅ CCS : board=7 ceo=Robert J. Francescon      top_cap=0
[15:06:12]   ✅ CDNS : board=11 ceo=?                         top_cap=0
[15:06:22]   ✅ CDP : board=8 ceo=Stephen E. Budorick       top_cap=0
[15:06:30]   ✅ CDW : board=9 ceo=Christine A. Leahy        top_cap=0
[15:06:36]   ✅ CE : board=9 ceo=Scott Richardson          top_cap=0
[15:06:39]   ✅ CEG : board=12 ceo=?                         top_cap=0
[15:06:43]   ✅ CELH : board=10 ceo=John Fieldly              top_cap=0
[15:06:48]   ✅ CENT : board=9 ceo=?                         top_cap=1
[15:06:52]   ✅ CENTA : board=9 ceo=George A. Yuhas           top_cap=0
[15:06:57]   ✅ CENX : board=7 ceo=?                         top_cap=0
[15:07:02]   ✅ CERT : board=None ceo=Jon Resnick               top_cap=0
[15:07:07]   ✅ CFFN : board=9 ceo=John B. Dicus             top_cap=0
[15:07:11]   ✅ CFG : board=12 ceo=Bruce Van Saun            top_cap=0
[15:07:16]   ✅ CFR : board=14 ceo=Phillip D. Green          top_cap=1
[15:07:22]   ✅ CG : board=13 ceo=Harvey M. Schwartz        top_cap=0
[15:07:27]   ✅ CHCO : board=None ceo=Charles R. Hageboeck      top_cap=0
[15:07:31]   ✅ CHD : board=11 ceo=Richard A. Dierker        top_cap=0
[15:07:35]   ✅ CHE : board=9 ceo=?                         top_cap=0
[15:07:39]   ✅ CHEF : board=9 ceo=Christopher Pappas        top_cap=0
[15:07:43]   ✅ CHRD : board=11 ceo=Daniel Brown              top_cap=0
[15:07:49]   ✅ CHTR : board=13 ceo=Christopher L. Winfrey    top_cap=1
[15:07:55]   ✅ CI : board=12 ceo=David M. Cordani          top_cap=0
[15:08:01]   ✅ CIEN : board=9 ceo=?                         top_cap=0
[15:08:06]   ✅ CL : board=10 ceo=Noel Wallace              top_cap=0
[15:08:10]   ✅ CLB : board=2 ceo=?                         top_cap=0
[15:08:10]   📊 [325/1207] written=323 skipped=1 no_source=1 fails=0 | rate=12.4/min ETA=71min
[15:08:16]   ✅ CLH : board=? ceo=Michael L. Battles / Eri  top_cap=0
[15:08:20]   ✅ CLOV : board=9 ceo=Andrew Toy                top_cap=0
[15:08:28]   ✅ CLX : board=12 ceo=Russell Weiner            top_cap=2
[15:08:32]   ✅ CMC : board=3 ceo=Andrew Ghazi              top_cap=1
[15:08:36]   ✅ CMG : board=10 ceo=Scott Boatwright          top_cap=0
[15:08:41]   ✅ CNC : board=9 ceo=Not specified             top_cap=0
[15:08:45]   ✅ CNH : board=9 ceo=?                         top_cap=0
[15:08:50]   ✅ CNK : board=None ceo=Sean Gamble               top_cap=0
[15:08:55]   ✅ CNM : board=10 ceo=Mark R. Witkowski         top_cap=1
[15:09:00]   ✅ CNMD : board=7 ceo=Patrick J. Beyer          top_cap=0
[15:09:05]   ✅ CNO : board=9 ceo=Rachel J. Spehler         top_cap=0
[15:09:09]   ✅ CNP : board=11 ceo=Jason P. Wells            top_cap=0
[15:09:14]   ✅ CNR : board=9 ceo=James A. Brock            top_cap=0
[15:09:17]   ✅ CNS : board=9 ceo=Joseph M. Harvey          top_cap=0
[15:09:22]   ✅ CNXC : board=9 ceo=Chris Caldwell            top_cap=0
[15:09:26]   ✅ CNXN : board=8 ceo=?                         top_cap=4
[15:09:30]   ✅ COCO : board=None ceo=?                         top_cap=0
[15:09:35]   ✅ COF : board=13 ceo=Richard D. Fairbank       top_cap=0
[15:11:14]   ✅ COHR : board=10 ceo=James R. Anderson         top_cap=0
[15:11:18]   ✅ COHU : board=9 ceo=James A. Donahue          top_cap=2
[15:11:22]   ✅ COIN : board=9 ceo=Brian Armstrong           top_cap=0
[15:11:27]   ✅ COKE : board=11 ceo=J. Frank Harrison III     top_cap=0
[15:11:31]   ✅ COLL : board=8 ceo=Vikram Karnani            top_cap=0
[15:11:37]   ✅ CON : board=7 ceo=?                         top_cap=0
[15:11:37]   📊 [350/1207] written=347 skipped=1 no_source=1 fails=0 | rate=11.8/min ETA=73min
[15:11:42]   ✅ COO : board=11 ceo=Albert G. White III       top_cap=0
[15:11:46]   ✅ COR : board=11 ceo=?                         top_cap=3
[15:11:49]   ✅ CORT : board=8 ceo=Joseph K. Belanoff        top_cap=0
[15:11:53]   ✅ COTY : board=9 ceo=Sue Nabi                  top_cap=2
[15:11:58]   ✅ CPAY : board=12 ceo=Ronald F. Clarke          top_cap=0
[15:12:02]   ✅ CPF : board=10 ceo=Arnold D. Martines        top_cap=0
[15:12:07]   ✅ CPK : board=None ceo=?                         top_cap=0
[15:12:12]   ✅ CPRI : board=9 ceo=?                         top_cap=0
[15:12:16]   ✅ CPRT : board=12 ceo=?                         top_cap=0
[15:12:23]   ✅ CPRX : board=6 ceo=?                         top_cap=0
[15:12:28]   ✅ CPT : board=11 ceo=Alexander J. Jessett      top_cap=3
[15:12:33]   ✅ CRC : board=9 ceo=Francisco J. Leon         top_cap=0
[15:12:38]   ✅ CRI : board=9 ceo=Douglas C. Palladini      top_cap=0
[15:12:43]   ✅ CRK : board=5 ceo=M. Jay Allison            top_cap=0
[15:12:46]   ✅ CRL : board=12 ceo=James C. Foster           top_cap=0
[15:12:46]   🚫 CRNT : section governance introuvable dans DEF14A
[15:12:53]   ✅ CROX : board=9 ceo=?                         top_cap=0
[15:12:57]   ✅ CRSR : board=? ceo=?                         top_cap=0
[15:13:02]   ✅ CRVL : board=6 ceo=?                         top_cap=0
[15:13:07]   ✅ CRWD : board=9 ceo=George Kurtz              top_cap=0
[15:13:12]   ✅ CSCO : board=9 ceo=Chuck Robbins             top_cap=2
[15:13:17]   ✅ CSGP : board=8 ceo=Non spécifié              top_cap=0
[15:13:21]   ✅ CSGS : board=10 ceo=Brian Shepherd            top_cap=0
[15:13:26]   ✅ CSR : board=6 ceo=Anne Olson                top_cap=0
[15:13:30]   ✅ CSW : board=8 ceo=Joseph B. Armes           top_cap=0
[15:13:30]   📊 [375/1207] written=371 skipped=1 no_source=2 fails=0 | rate=11.9/min ETA=70min
[15:13:35]   ✅ CTKB : board=9 ceo=?                         top_cap=0
[15:13:39]   ✅ CTVA : board=12 ceo=Charles V. Magro          top_cap=0
[15:13:43]   ✅ CUBE : board=9 ceo=?                         top_cap=0
[15:13:48]   ✅ CUBI : board=12 ceo=Samvir S. Sidhu           top_cap=5
[15:13:55]   ✅ CURB : board=7 ceo=?                         top_cap=0
[15:13:59]   ✅ CUZ : board=9 ceo=Colin Connolly            top_cap=0
[15:14:04]   ✅ CVBF : board=10 ceo=?                         top_cap=0
[15:14:10]   ✅ CVCO : board=9 ceo=?                         top_cap=0
[15:14:14]   ✅ CVI : board=10 ceo=Mark A. Pytosh            top_cap=1
[15:14:20]   ✅ CVNA : board=2 ceo=Ernest C. Garcia, II      top_cap=1
[15:14:25]   ✅ CWEN : board=11 ceo=Craig Cornelius           top_cap=1
[15:14:30]   ✅ CWK : board=10 ceo=Jodie McLean              top_cap=0
[15:14:35]   ✅ CWST : board=4 ceo=Edmond R. Coletta         top_cap=0
[15:14:40]   ✅ CWT : board=11 ceo=Scott L. Morris           top_cap=0
[15:14:42]   ✅ CXM : board=3 ceo=?                         top_cap=0
[15:14:48]   ✅ CXT : board=9 ceo=Jeffrey Benck             top_cap=0
[15:14:53]   ✅ CXW : board=11 ceo=Patrick D. Swindle        top_cap=2
[15:14:58]   ✅ CYTK : board=3 ceo=John O. Faurescu          top_cap=0
[15:15:03]   ✅ D : board=12 ceo=Bob Blue                  top_cap=0
[15:15:08]   ✅ DAN : board=8 ceo=?                         top_cap=0
[15:15:15]   ✅ DAR : board=10 ceo=Randall C. Stuewe         top_cap=0
[15:15:20]   ✅ DASH : board=None ceo=Tony Xu                   top_cap=0
[15:15:25]   ✅ DAVE : board=? ceo=Jason Wilk                top_cap=0
[15:15:30]   ✅ DBD : board=8 ceo=Octavio Marquez           top_cap=0
[15:15:33]   ✅ DBX : board=7 ceo=Andrew W. Houston         top_cap=0
[15:15:33]   📊 [400/1207] written=396 skipped=1 no_source=2 fails=0 | rate=11.9/min ETA=68min
[15:15:37]   ✅ DCOM : board=11 ceo=Stuart H. Lubow           top_cap=0
[15:15:41]   ✅ DD : board=11 ceo=Edward D. Breen           top_cap=2
[15:15:48]   ✅ DDOG : board=None ceo=Olivier Pomel             top_cap=0
[15:15:52]   ✅ DE : board=10 ceo=John C. May               top_cap=0
[15:15:57]   ✅ DEA : board=7 ceo=?                         top_cap=0
[15:16:01]   ✅ DEI : board=8 ceo=Jordan L. Kaplan          top_cap=1
[15:16:05]   ✅ DELL : board=8 ceo=Michael S. Dell           top_cap=0
[15:16:09]   ✅ DFH : board=? ceo=?                         top_cap=0
[15:17:48]   ✅ DFIN : board=9 ceo=Daniel N. Leib            top_cap=1
[15:17:52]   ✅ DG : board=9 ceo=Todd J. Vasos             top_cap=0
[15:17:56]   ✅ DGII : board=9 ceo=?                         top_cap=1
[15:18:02]   ✅ DGX : board=11 ceo=James E. Davis            top_cap=0
[15:18:07]   ✅ DIOD : board=7 ceo=?                         top_cap=0
[15:18:12]   ✅ DIS : board=11 ceo=Robert A. Iger            top_cap=0
[15:18:14]   ✅ DLB : board=8 ceo=Kevin Yeaman              top_cap=0
[15:18:18]   ✅ DLR : board=10 ceo=Andrew P. Power           top_cap=0
[15:18:22]   ✅ DLTR : board=12 ceo=Michael C. Creedon Jr.    top_cap=0
[15:18:27]   ✅ DLX : board=9 ceo=Barry C. McCarthy         top_cap=0
[15:18:31]   ✅ DNOW : board=9 ceo=W. Steve Krablin          top_cap=0
[15:18:35]   ✅ DOCN : board=? ceo=Padmanabhan Srinivasan    top_cap=0
[15:18:40]   ✅ DORM : board=8 ceo=Kevin M. Olsen            top_cap=0
[15:18:45]   ✅ DOW : board=12 ceo=Jim Fitterling            top_cap=0
[15:18:50]   ✅ DPZ : board=8 ceo=Russell J. Weiner         top_cap=0
[15:18:53]   ✅ DRH : board=? ceo=?                         top_cap=0
[15:18:58]   ✅ DRI : board=9 ceo=?                         top_cap=0
[15:18:58]   📊 [425/1207] written=421 skipped=1 no_source=2 fails=0 | rate=11.5/min ETA=68min
[15:19:03]   ✅ DT : board=9 ceo=Rajeev Gupta              top_cap=4
[15:19:07]   ✅ DTM : board=7 ceo=David Slater              top_cap=0
[15:19:11]   ✅ DUK : board=15 ceo=Harry K. Sideris          top_cap=1
[15:19:15]   ✅ DUOL : board=9 ceo=Luis von Ahn              top_cap=0
[15:19:18]   ✅ DV : board=9 ceo=Mark Zagorski             top_cap=0
[15:19:21]   ✅ DVA : board=9 ceo=Javier J. Rodriguez       top_cap=0
[15:19:28]   ✅ DVN : board=9 ceo=?                         top_cap=0
[15:19:32]   ✅ DXCM : board=12 ceo=Jacob Leach               top_cap=0
[15:19:37]   ✅ DXPE : board=6 ceo=David R. Little           top_cap=0
[15:19:42]   ✅ EA : board=8 ceo=Andrew Wilson             top_cap=0
[15:19:46]   ✅ EAT : board=10 ceo=Kevin D. Hochman          top_cap=0
[15:19:50]   ✅ ECG : board=None ceo=?                         top_cap=0
[15:19:54]   ✅ ECL : board=13 ceo=?                         top_cap=0
[15:20:03]   ✅ ECPG : board=8 ceo=?                         top_cap=0
[15:20:07]   ✅ EEFT : board=? ceo=Michael J. Brown          top_cap=0
[15:20:09]   ✅ EFC : board=5 ceo=Laurence Penn             top_cap=0
[15:20:13]   ✅ EGBN : board=8 ceo=?                         top_cap=0
[15:20:18]   ✅ EGP : board=14 ceo=Marshall A. Loeb          top_cap=3
[15:20:22]   ✅ EHC : board=10 ceo=?                         top_cap=0
[15:20:25]   ✅ EIG : board=9 ceo=?                         top_cap=0
[15:20:30]   ✅ EL : board=12 ceo=de La Faverie             top_cap=1
[15:20:33]   ✅ ELF : board=9 ceo=?                         top_cap=0
[15:20:37]   ✅ ELS : board=9 ceo=?                         top_cap=0
[15:20:41]   ✅ EMBC : board=7 ceo=Devdatt Kurdikar          top_cap=0
[15:20:41]   📊 [450/1207] written=445 skipped=2 no_source=2 fails=0 | rate=11.6/min ETA=65min
[15:20:47]   ✅ EMN : board=12 ceo=Mark J. Costa             top_cap=0
[15:20:52]   ✅ ENOV : board=9 ceo=Damien McDonald           top_cap=0
[15:20:57]   ✅ ENS : board=9 ceo=?                         top_cap=0
[15:21:02]   ✅ ENSG : board=None ceo=Barry R. Port             top_cap=0
[15:21:07]   ✅ ENVA : board=11 ceo=Steven Cunningham         top_cap=0
[15:21:12]   ✅ EPAC : board=9 ceo=E. JAMES FERLAND          top_cap=0
[15:21:17]   ✅ EPAM : board=4 ceo=?                         top_cap=0
[15:21:22]   ✅ EPC : board=9 ceo=Rod R. Little             top_cap=0
[15:21:26]   ✅ EPR : board=10 ceo=Gregory K. Silvers        top_cap=0
[15:21:31]   ✅ EPRT : board=8 ceo=Not specified             top_cap=0
[15:21:35]   ✅ EQH : board=10 ceo=?                         top_cap=0
[15:21:40]   ✅ EQR : board=10 ceo=Mark J. Parrell           top_cap=2
[15:21:45]   ✅ EQT : board=10 ceo=Toby Z. Rice              top_cap=0
[15:21:50]   ✅ ESAB : board=9 ceo=Shyam P. Kambeyanda       top_cap=0
[15:21:55]   ✅ ESE : board=8 ceo=Bryan Sayler              top_cap=0
[15:22:03]   ✅ ESI : board=7 ceo=Benjamin H. Gliklich      top_cap=0
[15:22:07]   ✅ EVR : board=10 ceo=John Weinberg             top_cap=0
[15:22:11]   ✅ EVRG : board=12 ceo=David A. Campbell         top_cap=0
[15:22:15]   ✅ EXC : board=9 ceo=Calvin G. Butler, Jr.     top_cap=0
[15:22:18]   ✅ EXE : board=9 ceo=Michael A. Wichterich     top_cap=0
[15:22:22]   ✅ EXEL : board=11 ceo=?                         top_cap=0
[15:22:26]   ✅ EXLS : board=7 ceo=Rohit Kapoor              top_cap=1
[15:22:31]   ✅ EXPO : board=6 ceo=?                         top_cap=0
[15:22:35]   ✅ EXR : board=10 ceo=Joseph D. Margolis        top_cap=0
[15:22:40]   ✅ EXTR : board=9 ceo=?                         top_cap=0
[15:22:40]   📊 [475/1207] written=470 skipped=2 no_source=2 fails=0 | rate=11.7/min ETA=63min
[15:22:44]   ✅ EYE : board=10 ceo=L. Reade Fahs             top_cap=0
[15:22:44]   🚫 EZPW : section governance introuvable dans DEF14A
[15:22:50]   ✅ F : board=15 ceo=James D. Farley, Jr.      top_cap=3
[15:22:54]   ✅ FAF : board=9 ceo=Mark E. Seaton            top_cap=0
[15:22:58]   ✅ FAST : board=11 ceo=?                         top_cap=0
[15:23:04]   ✅ FBK : board=13 ceo=Christopher T. Holmes     top_cap=0
[15:23:08]   ✅ FBNC : board=None ceo=Richard H. Moore          top_cap=0
[15:23:14]   ✅ FBP : board=9 ceo=?                         top_cap=0
[15:23:19]   ✅ FBRT : board=6 ceo=Michael Comparato         top_cap=0
[15:23:23]   ✅ FCFS : board=8 ceo=?                         top_cap=0
[15:23:28]   ✅ FCN : board=8 ceo=Steven H. Gunby           top_cap=0
[15:23:33]   ✅ FCPT : board=8 ceo=William H. Lenehan        top_cap=0
[15:23:38]   ✅ FCX : board=11 ceo=?                         top_cap=0
[15:23:43]   ✅ FDS : board=10 ceo=Sanoke Viswanathan        top_cap=0
[15:23:47]   ✅ FE : board=9 ceo=?                         top_cap=0
[15:23:51]   ✅ FELE : board=9 ceo=Joe Ruzynski              top_cap=3
[15:23:56]   ✅ FFBC : board=10 ceo=Archie M. Brown           top_cap=1
[15:24:03]   ✅ FFIN : board=13 ceo=?                         top_cap=0
[15:24:08]   ✅ FFIV : board=8 ceo=?                         top_cap=0
[15:24:13]   ✅ FHB : board=8 ceo=Robert S. Harrison        top_cap=0
[15:24:18]   ✅ FIS : board=9 ceo=Jeffrey A. Goldstein      top_cap=0
[15:24:23]   ✅ FISV : board=11 ceo=Michael P. Lyons          top_cap=0
[15:24:28]   ✅ FITB : board=16 ceo=?                         top_cap=0
[15:24:34]   ✅ FIX : board=10 ceo=Brian E. Lane             top_cap=0
[15:24:39]   ✅ FLG : board=None ceo=Joseph M. Otting          top_cap=0
[15:24:39]   📊 [500/1207] written=494 skipped=2 no_source=3 fails=0 | rate=11.7/min ETA=60min
[15:24:42]   ✅ FLO : board=9 ceo=?                         top_cap=0
[15:24:46]   ✅ FLR : board=10 ceo=James R. Breuer           top_cap=0
[15:24:52]   ✅ FLS : board=9 ceo=R. Scott Rowe             top_cap=0
[15:24:56]   ✅ FMC : board=10 ceo=?                         top_cap=0
[15:25:02]   ✅ FNB : board=10 ceo=Vincent J. Delie Jr.      top_cap=0
[15:25:06]   ✅ FND : board=11 ceo=Bradley Paulsen           top_cap=0
[15:25:10]   ✅ FNF : board=? ceo=Michael J. Nolan          top_cap=0
[15:25:16]   ✅ FORM : board=7 ceo=Michael D. Slessor        top_cap=0
[15:25:20]   ✅ FOUR : board=9 ceo=?                         top_cap=51
[15:25:25]   ✅ FOX : board=None ceo=Lachlan K. Murdoch        top_cap=0
[15:25:31]   ✅ FOXA : board=? ceo=?                         top_cap=0
[15:25:34]   ✅ FOXF : board=2 ceo=?                         top_cap=0
[15:25:39]   ✅ FR : board=6 ceo=Matthew S. Dominski       top_cap=1
[15:25:44]   ✅ FRPT : board=12 ceo=William B. Cyr            top_cap=0
[15:25:48]   ✅ FRT : board=8 ceo=Donald C. Wood            top_cap=0
[15:25:52]   ✅ FSLR : board=10 ceo=Mark Widmar               top_cap=3
[15:25:57]   ✅ FSS : board=8 ceo=Jennifer L. Sherman       top_cap=1
[15:26:01]   ✅ FTDR : board=8 ceo=William C. Cobb           top_cap=0
[15:26:05]   ✅ FTI : board=None ceo=Douglas J. Pferdehirt     top_cap=0
[15:26:11]   ✅ FTNT : board=9 ceo=Ken Xie                   top_cap=2
[15:26:15]   ✅ FTV : board=9 ceo=?                         top_cap=0
[15:26:20]   ✅ FUL : board=9 ceo=?                         top_cap=0
[15:26:25]   ✅ FULT : board=10 ceo=Curtis J. Myers           top_cap=0
[15:26:30]   ✅ FUN : board=10 ceo=John Reilly               top_cap=0
[15:26:36]   ✅ FWRD : board=11 ceo=?                         top_cap=0
[15:26:36]   📊 [525/1207] written=519 skipped=2 no_source=3 fails=0 | rate=11.7/min ETA=58min
[15:26:41]   ✅ G : board=10 ceo=Balkrishan BK Kalra       top_cap=0
[15:26:45]   ✅ GATX : board=9 ceo=President and Chief Exec  top_cap=0
[15:26:49]   ✅ GBCI : board=10 ceo=Ron J. Copher             top_cap=1
[15:26:53]   ✅ GBX : board=10 ceo=Lorie L. Tekorius         top_cap=0
[15:26:59]   ✅ GD : board=12 ceo=Phebe N. Novakovic        top_cap=1
[15:27:02]   ✅ GDEN : board=5 ceo=Blake L. Sartini          top_cap=0
[15:27:07]   ✅ GDYN : board=9 ceo=Leonard Livschitz         top_cap=3
[15:27:12]   ✅ GEF : board=10 ceo=Oleg Rosgaard             top_cap=0
[15:27:16]   ✅ GEO : board=7 ceo=George C. Zoley           top_cap=0
[15:27:22]   ✅ GFF : board=11 ceo=Ronald J. Kramer          top_cap=0
[15:27:27]   ✅ GGG : board=10 ceo=Mark W. Sheahan           top_cap=0
[15:27:33]   ✅ GHC : board=10 ceo=?                         top_cap=1
[15:27:37]   ✅ GIII : board=13 ceo=Morris Goldfarb           top_cap=0
[15:27:42]   ✅ GILD : board=9 ceo=Daniel O'Day              top_cap=0
[15:27:47]   ✅ GLW : board=10 ceo=Wendell P. Weeks          top_cap=0
[15:27:52]   ✅ GME : board=5 ceo=Ryan Cohen                top_cap=0
[15:27:58]   ✅ GNL : board=8 ceo=Edward M. Weil, Jr.       top_cap=0
[15:28:02]   ✅ GNRC : board=11 ceo=Aaron P. Jagdfeld         top_cap=0
[15:28:07]   ✅ GNTX : board=9 ceo=?                         top_cap=0
[15:28:12]   ✅ GNW : board=9 ceo=Thomas J. McInerney       top_cap=1
[15:28:17]   ✅ GO : board=10 ceo=Jason Potter              top_cap=0
[15:28:21]   ✅ GOGO : board=9 ceo=Christopher Moore         top_cap=0
[15:28:27]   ✅ GOLF : board=8 ceo=David Maher               top_cap=1
[15:28:33]   ✅ GOOG : board=10 ceo=Sundar Pichai             top_cap=3
[15:28:38]   ✅ GPI : board=9 ceo=Daryl A. Kenningham       top_cap=0
[15:28:38]   📊 [550/1207] written=544 skipped=2 no_source=3 fails=0 | rate=11.8/min ETA=56min
[15:28:42]   ✅ GPK : board=9 ceo=Robbert E. Rietbroek      top_cap=1
[15:28:46]   ✅ GPN : board=12 ceo=Cameron M. Bready         top_cap=0
[15:28:50]   ✅ GRMN : board=6 ceo=Clifton A. Pemble         top_cap=0
[15:28:55]   ✅ GS : board=13 ceo=David Solomon             top_cap=0
[15:29:03]   ✅ GSHD : board=None ceo=John T. O'Connor          top_cap=1
[15:29:07]   ✅ GT : board=12 ceo=Mark W. Stewart           top_cap=0
[15:29:11]   ✅ GTES : board=8 ceo=Ivo Jurek                 top_cap=0
[15:29:16]   ✅ GTLS : board=8 ceo=?                         top_cap=3
[15:29:21]   ✅ GTM : board=9 ceo=?                         top_cap=0
[15:29:26]   ✅ GTY : board=6 ceo=?                         top_cap=0
[15:29:31]   ✅ GVA : board=9 ceo=?                         top_cap=0
[15:29:36]   ✅ H : board=11 ceo=Mark S. Hoplamazian       top_cap=0
[15:29:43]   ✅ HAE : board=9 ceo=Christopher A. Simon      top_cap=0
[15:29:48]   ✅ HAFC : board=11 ceo=Bonita I. Lee             top_cap=0
[15:29:52]   ✅ HAL : board=12 ceo=Jeffrey A. Miller         top_cap=1
[15:29:56]   ✅ HALO : board=8 ceo=Helen I. Torley           top_cap=0
[15:30:01]   ✅ HAS : board=11 ceo=?                         top_cap=0
[15:30:05]   ✅ HASI : board=10 ceo=Jeffrey A. Lipson         top_cap=0
[15:30:11]   ❌ HAYW : LLM fail
[15:30:16]   ✅ HBAN : board=15 ceo=Stephen D. Steinour       top_cap=0
[15:30:21]   ✅ HCA : board=None ceo=?                         top_cap=0
[15:30:25]   ✅ HCC : board=6 ceo=Walter J. Scheller, III   top_cap=0
[15:30:29]   ✅ HCI : board=9 ceo=Paresh Patel              top_cap=0
[15:30:34]   ✅ HCSG : board=9 ceo=Ted Wahl                  top_cap=2
[15:30:39]   ✅ HE : board=7 ceo=Scott W. H. Seu           top_cap=0
[15:30:39]   📊 [575/1207] written=568 skipped=2 no_source=3 fails=1 | rate=11.8/min ETA=54min
[15:30:42]   ✅ HFWA : board=11 ceo=Bryan D. McDonald         top_cap=0
[15:30:48]   ✅ HIG : board=12 ceo=Christopher J. Swift      top_cap=2
[15:30:53]   ✅ HII : board=11 ceo=Augustus L. Collins       top_cap=0
[15:30:57]   ✅ HL : board=7 ceo=?                         top_cap=0
[15:31:03]   ✅ HLNE : board=None ceo=Erik R. Hirsch et Juan D  top_cap=0
[15:31:07]   ✅ HMN : board=9 ceo=Marita Zuraitis           top_cap=0
[15:31:13]   ✅ HNI : board=12 ceo=Mr. Lorenger              top_cap=0
[15:31:18]   ✅ HOG : board=8 ceo=Artie Starrs              top_cap=0
[15:31:23]   ✅ HOMB : board=14 ceo=John W. Allison           top_cap=0
[15:31:27]   ✅ HOPE : board=9 ceo=Kevin S. Kim              top_cap=1
[15:31:33]   ✅ HP : board=10 ceo=Raymond John Trey Adams   top_cap=0
[15:31:37]   ✅ HPQ : board=12 ceo=Bruce Broussard           top_cap=0
[15:31:42]   ✅ HQY : board=9 ceo=Scott Cutler              top_cap=0
[15:31:47]   ✅ HR : board=6 ceo=Peter A. Scott            top_cap=0
[15:31:52]   ✅ HRB : board=8 ceo=Jeff Jones                top_cap=0
[15:31:56]   ✅ HRL : board=12 ceo=?                         top_cap=0
[15:32:00]   ✅ HRMY : board=? ceo=Jeffrey M. Dayno          top_cap=1
[15:32:05]   ✅ HSIC : board=10 ceo=Frederick M. Lowery       top_cap=0
[15:32:10]   ✅ HSY : board=11 ceo=Kirk Tanner               top_cap=0
[15:32:15]   ✅ HTLD : board=7 ceo=Christopher A. Strain     top_cap=0
[15:32:20]   ✅ HTO : board=9 ceo=Andrew F. Walters         top_cap=0
[15:32:26]   ✅ HTZ : board=7 ceo=Wayne Gil West            top_cap=1
[15:32:31]   ✅ HUM : board=10 ceo=James A. Rechtin          top_cap=0
[15:32:34]   ✅ HUT : board=8 ceo=Asher Genoot              top_cap=0
[15:32:39]   ✅ HWC : board=5 ceo=John M. Hairston          top_cap=0
[15:32:39]   📊 [600/1207] written=593 skipped=2 no_source=3 fails=1 | rate=11.8/min ETA=51min
[15:32:43]   ✅ HWKN : board=8 ceo=Patrick H. Hawkins        top_cap=0
[15:32:48]   ✅ HZO : board=None ceo=?                         top_cap=0
[15:32:53]   ✅ IAC : board=12 ceo=Barry Diller              top_cap=0
[15:32:58]   ✅ IBM : board=13 ceo=Arvind Krishna            top_cap=0
[15:33:03]   ✅ IBOC : board=8 ceo=Dennis E. Nixon           top_cap=0
[15:33:07]   ✅ IBP : board=9 ceo=Jeffrey W. Edwards        top_cap=0
[15:33:12]   ✅ ICE : board=11 ceo=Jeffrey C. Sprecher       top_cap=0
[15:33:16]   ✅ ICHR : board=7 ceo=Philip Barros             top_cap=0
[15:33:20]   ✅ ICUI : board=7 ceo=Vivek Jain                top_cap=0
[15:33:25]   ✅ IDA : board=10 ceo=Lisa A. Grow              top_cap=0
[15:33:30]   ✅ IDCC : board=9 ceo=?                         top_cap=0
[15:33:35]   ✅ IDXX : board=11 ceo=Jonathan Mazelsky         top_cap=0
[15:33:40]   ✅ IEX : board=9 ceo=?                         top_cap=0
[15:33:44]   ✅ IFF : board=10 ceo=J. Erik Fyrwald           top_cap=0
[15:33:49]   ✅ IIIN : board=9 ceo=?                         top_cap=0
[15:33:54]   ✅ IIPR : board=5 ceo=Alan Gold                 top_cap=0
[15:33:59]   ✅ INCY : board=9 ceo=?                         top_cap=0
[15:34:04]   ✅ INDB : board=9 ceo=Jeffrey Tengel            top_cap=1
[15:34:09]   ✅ INGR : board=11 ceo=James P. Zallie           top_cap=0
[15:34:14]   ✅ INSW : board=9 ceo=?                         top_cap=0
[15:34:19]   ✅ INTC : board=11 ceo=Lip-Bu Tan                top_cap=0
[15:34:23]   ✅ INVA : board=5 ceo=Pavel Raifeld             top_cap=0
[15:34:27]   ✅ INVH : board=None ceo=?                         top_cap=0
[15:34:31]   ✅ INVX : board=10 ceo=Adam Anderson             top_cap=5
[15:34:36]   ✅ IONQ : board=None ceo=?                         top_cap=0
[15:34:36]   📊 [625/1207] written=618 skipped=2 no_source=3 fails=1 | rate=11.9/min ETA=49min
[15:34:42]   ✅ IP : board=11 ceo=Andrew K. Silvernail      top_cap=0
[15:34:48]   ✅ IPAR : board=11 ceo=Jean Madar                top_cap=4
[15:34:53]   ✅ IPGP : board=10 ceo=Mark Gitin                top_cap=0
[15:34:58]   ✅ IQV : board=None ceo=Ari Bousbib               top_cap=0
[15:35:03]   ✅ IRDM : board=11 ceo=Matthew J. Desch          top_cap=1
[15:35:08]   ✅ IRM : board=11 ceo=William L. Meaney         top_cap=1
[15:35:13]   ✅ IT : board=13 ceo=Eugene A. Hall            top_cap=0
[15:35:18]   ✅ ITGR : board=11 ceo=Payman Khales             top_cap=0
[15:35:23]   ✅ ITRI : board=5 ceo=?                         top_cap=0
[15:35:27]   ✅ ITW : board=13 ceo=E. Scott Santi            top_cap=0
[15:35:33]   ✅ IVZ : board=11 ceo=Andrew Schlossberg        top_cap=0
[15:35:37]   ✅ J : board=? ceo=Bob Pragada               top_cap=0
[15:35:41]   ✅ JBHT : board=9 ceo=Shelley Simpson           top_cap=2
[15:35:46]   ✅ JBLU : board=13 ceo=Joanna L. Geraghty        top_cap=0
[15:35:50]   ✅ JBTM : board=10 ceo=?                         top_cap=0
[15:35:56]   ✅ JCI : board=11 ceo=Joakim Weidemanis         top_cap=0
[15:36:02]   ✅ JHG : board=11 ceo=?                         top_cap=2
[15:36:07]   ✅ JJSF : board=1 ceo=?                         top_cap=0
[15:36:11]   ✅ JLL : board=12 ceo=Christian Ulbrich         top_cap=0
[15:36:15]   ✅ JOE : board=6 ceo=?                         top_cap=0
[15:36:21]   ✅ JXN : board=9 ceo=?                         top_cap=0
[15:36:24]   ✅ KAI : board=7 ceo=Jon W. Vought             top_cap=0
[15:36:28]   ✅ KALU : board=3 ceo=Keith A. Harvey           top_cap=0
[15:36:32]   ✅ KBH : board=10 ceo=Robert McGibney           top_cap=0
[15:36:32]   📊 [650/1207] written=642 skipped=2 no_source=3 fails=1 | rate=11.9/min ETA=47min
[15:36:37]   ✅ KBR : board=11 ceo=Stuart J. B. Bradie       top_cap=0
[15:36:43]   ✅ KD : board=3 ceo=Martin Schroeter          top_cap=0
[15:36:49]   ✅ KDP : board=9 ceo=Timothy Cofer             top_cap=1
[15:36:54]   ✅ KEY : board=14 ceo=Christopher M. Gorman     top_cap=0
[15:36:59]   ✅ KFY : board=8 ceo=?                         top_cap=0
[15:37:04]   ✅ KGS : board=9 ceo=Robert McKee              top_cap=0
[15:37:10]   ✅ KLIC : board=2 ceo=Dr. Fusen Chen            top_cap=0
[15:37:13]   ✅ KMI : board=11 ceo=Richard D. Kinder         top_cap=0
[15:37:17]   ✅ KMPR : board=9 ceo=Alberto J. Paracchini     top_cap=0
[15:37:22]   ✅ KMT : board=8 ceo=Sanjay Chowbey            top_cap=0
[15:37:26]   ✅ KN : board=8 ceo=Jeffrey Niew              top_cap=0
[15:37:31]   ✅ KNF : board=2 ceo=Brian R. Gray             top_cap=1
[15:37:34]   ✅ KNSL : board=9 ceo=?                         top_cap=0
[15:37:40]   ✅ KNTK : board=10 ceo=?                         top_cap=3
[15:37:44]   ✅ KNX : board=11 ceo=Adam Miller               top_cap=0
[15:37:54]   ✅ KO : board=12 ceo=James Quincey             top_cap=0
[15:37:58]   ✅ KOP : board=8 ceo=?                         top_cap=0
[15:38:04]   ✅ KRC : board=11 ceo=Angela M. Aman            top_cap=0
[15:38:10]   ✅ KRG : board=10 ceo=?                         top_cap=0
[15:38:18]   ✅ KRYS : board=2 ceo=Krish S. Krishnan         top_cap=0
[15:38:23]   ✅ KSS : board=8 ceo=Michael J. Bender         top_cap=0
[15:38:28]   ✅ KTB : board=6 ceo=Scott H. Baxter           top_cap=0
[15:38:34]   ✅ KW : board=3 ceo=?                         top_cap=0
[15:38:38]   ✅ KWR : board=3 ceo=?                         top_cap=0
[15:38:42]   ✅ LAMR : board=13 ceo=Kevin P. Reilly, Jr.      top_cap=8
[15:38:42]   📊 [675/1207] written=667 skipped=2 no_source=3 fails=1 | rate=11.9/min ETA=45min
[15:38:47]   ✅ LAUR : board=9 ceo=Eilif Serck-Hanssen       top_cap=0
[15:38:51]   ✅ LBRT : board=None ceo=?                         top_cap=0
[15:38:55]   ✅ LCII : board=8 ceo=Jason D. Lippert          top_cap=0
[15:39:00]   ✅ LEA : board=11 ceo=Raymond E. Scott          top_cap=0
[15:39:05]   ✅ LECO : board=10 ceo=Steven B. Hedlund         top_cap=2
[15:39:10]   ✅ LEN : board=9 ceo=Stuart Miller             top_cap=2
[15:39:15]   ✅ LGIH : board=7 ceo=?                         top_cap=0
[15:39:20]   ✅ LGND : board=8 ceo=Todd C. Davis             top_cap=8
[15:39:26]   ✅ LH : board=11 ceo=Adam H. Schechter         top_cap=0
[15:39:31]   ✅ LHX : board=11 ceo=Christopher Kubasik       top_cap=1
[15:39:36]   ❌ LII : LLM fail
[15:39:41]   ✅ LIN : board=10 ceo=Sanjiv Lamba              top_cap=0
[15:39:46]   ✅ LITE : board=8 ceo=Michael E. Hurlston       top_cap=0
[15:39:46]   🚫 LKFN : section governance introuvable dans DEF14A
[15:39:52]   ✅ LKQ : board=8 ceo=Justin Jude               top_cap=0
[15:39:55]   ✅ LMAT : board=7 ceo=George W. LeMaitre        top_cap=0
[15:40:03]   ✅ LNC : board=10 ceo=Ellen G. Cooper           top_cap=0
[15:40:08]   ✅ LNN : board=3 ceo=Eric R. Arneson           top_cap=1
[15:40:10]   ✅ LNT : board=4 ceo=Mr. Garcia                top_cap=0
[15:40:16]   ✅ LNTH : board=8 ceo=Mary Anne Heino           top_cap=0
[15:40:21]   ✅ LOW : board=12 ceo=Marvin R. Ellison         top_cap=0
[15:40:32]   ✅ LPG : board=3 ceo=John C. Hadjipateras      top_cap=0
[15:40:37]   ✅ LPX : board=9 ceo=Jason P. Ringblom         top_cap=0
[15:40:42]   ✅ LQDT : board=? ceo=?                         top_cap=0
[15:40:46]   ✅ LRCX : board=11 ceo=?                         top_cap=0
[15:40:46]   📊 [700/1207] written=690 skipped=2 no_source=4 fails=2 | rate=11.9/min ETA=43min
[15:40:51]   ✅ LRN : board=8 ceo=James J. Rhyu             top_cap=0
[15:40:55]   ✅ LSCC : board=8 ceo=?                         top_cap=0
[15:41:00]   ✅ LSTR : board=9 ceo=Frank Lonegro             top_cap=0
[15:41:05]   ✅ LTC : board=6 ceo=Wendy L. Simpson          top_cap=0
[15:41:09]   ✅ LTH : board=5 ceo=Bahram Akradi             top_cap=0
[15:41:14]   ✅ LULU : board=None ceo=Calvin McDonald           top_cap=1
[15:41:19]   ✅ LUMN : board=9 ceo=T. Michael Glenn          top_cap=0
[15:41:24]   ✅ LUV : board=11 ceo=Bob Jordan                top_cap=2
[15:41:28]   ✅ LW : board=12 ceo=Michael J. Smith          top_cap=0
[15:41:33]   ✅ LXP : board=8 ceo=T. Wilson Eglin           top_cap=0
[15:41:38]   ✅ LZ : board=6 ceo=Jeffrey Stibel            top_cap=0
[15:41:42]   ✅ LZB : board=9 ceo=Melinda D. Whittington    top_cap=0
[15:41:47]   ✅ M : board=None ceo=Tony Spring               top_cap=0
[15:41:51]   ✅ MAC : board=8 ceo=Jackson Hsieh             top_cap=0
[15:41:57]   ✅ MARA : board=7 ceo=Fred Thiel                top_cap=0
[15:42:01]   ✅ MASI : board=5 ceo=?                         top_cap=0
[15:42:06]   ✅ MAT : board=10 ceo=Ynon Kreiz                top_cap=0
[15:42:11]   ✅ MATW : board=None ceo=Joseph C. Bartolacci      top_cap=0
[15:42:14]   ✅ MATX : board=7 ceo=Matthew J. Cox            top_cap=0
[15:42:19]   ✅ MBC : board=None ceo=Andrean R. Horton         top_cap=0
[15:42:22]   ✅ MBIN : board=9 ceo=Michael F. Petrie         top_cap=0
[15:42:27]   ✅ MC : board=5 ceo=Ken Moelis                top_cap=0
[15:42:31]   ✅ MCD : board=12 ceo=Christopher Kempczinski   top_cap=0
[15:42:36]   ✅ MCK : board=12 ceo=?                         top_cap=0
[15:42:40]   ✅ MCO : board=10 ceo=Robert Fauber             top_cap=0
[15:42:40]   📊 [725/1207] written=715 skipped=2 no_source=4 fails=2 | rate=11.9/min ETA=40min
[15:42:44]   ✅ MCRI : board=4 ceo=?                         top_cap=0
[15:42:50]   ✅ MD : board=9 ceo=Mark S. Ordan             top_cap=0
[15:42:58]   ✅ MDLZ : board=10 ceo=Not specified             top_cap=13
[15:43:03]   ✅ MDU : board=8 ceo=Nicole A. Kivisto         top_cap=0
[15:43:08]   ✅ META : board=12 ceo=Mark Zuckerberg           top_cap=3
[15:43:12]   ✅ MGEE : board=9 ceo=Cari Anne Renlund         top_cap=1
[15:43:16]   ✅ MGM : board=12 ceo=?                         top_cap=0
[15:43:20]   ✅ MGY : board=8 ceo=Christopher G. Stavros    top_cap=0
[15:43:24]   ✅ MHK : board=9 ceo=Jeffrey S. Lorberbaum     top_cap=0
[15:43:30]   ✅ MHO : board=9 ceo=?                         top_cap=0
[15:43:35]   ✅ MIDD : board=11 ceo=Timothy J. FitzGerald     top_cap=2
[15:43:35]   🚫 MIR : section governance introuvable dans DEF14A
[15:43:43]   ✅ MLKN : board=11 ceo=Andi R. Owen              top_cap=0
[15:43:47]   ✅ MMI : board=? ceo=Hessam Nadji              top_cap=0
[15:43:52]   ✅ MMM : board=10 ceo=William M. Brown          top_cap=0
[15:43:57]   ✅ MMS : board=8 ceo=Bruce L. Caswell          top_cap=0
[15:44:02]   ✅ MMSI : board=9 ceo=Martha G. Aronson         top_cap=0
[15:44:05]   ✅ MNRO : board=8 ceo=Peter D. Fitzsimmons      top_cap=0
[15:44:08]   ✅ MNST : board=10 ceo=Rodney C. Sacks           top_cap=0
[15:44:12]   ✅ MOH : board=10 ceo=Joseph M. Zubretsky       top_cap=3
[15:44:16]   ✅ MOS : board=12 ceo=Bruce M. Bodine           top_cap=0
[15:44:21]   ✅ MPC : board=12 ceo=Not specified             top_cap=0
[15:44:25]   ✅ MPT : board=9 ceo=?                         top_cap=0
[15:44:30]   ✅ MPWR : board=3 ceo=Michael Hsing             top_cap=0
[15:44:35]   ✅ MRCY : board=9 ceo=William L. Ballhaus       top_cap=0
[15:44:35]   📊 [750/1207] written=739 skipped=2 no_source=5 fails=2 | rate=12.0/min ETA=38min
[15:44:39]   ✅ MRP : board=5 ceo=?                         top_cap=1
[15:44:43]   ✅ MRTN : board=7 ceo=Randolph L. Marten        top_cap=0
[15:44:48]   ✅ MS : board=13 ceo=Ted Pick                  top_cap=0
[15:44:51]   ✅ MSEX : board=11 ceo=?                         top_cap=0
[15:44:56]   ✅ MSI : board=8 ceo=Gregory Q. Brown          top_cap=0
[15:45:00]   ✅ MSM : board=10 ceo=Erik Gershwind            top_cap=0
[15:45:04]   ✅ MTCH : board=None ceo=Spencer Rascoff           top_cap=0
[15:45:09]   ✅ MTG : board=10 ceo=Timothy J. Mattke         top_cap=0
[15:45:14]   ✅ MTN : board=9 ceo=Robert A. Katz            top_cap=0
[15:45:21]   ✅ MTRN : board=9 ceo=?                         top_cap=0
[15:45:25]   ✅ MTSI : board=8 ceo=?                         top_cap=0
[15:45:30]   ✅ MTUS : board=12 ceo=Mike Williams             top_cap=0
[15:45:36]   ✅ MTX : board=9 ceo=Douglas T. Dietrich       top_cap=0
[15:45:41]   ✅ MTZ : board=3 ceo=Jorge Mas                 top_cap=0
[15:45:46]   ✅ MUSA : board=8 ceo=?                         top_cap=0
[15:45:51]   ✅ MWA : board=None ceo=Paul McAndrew             top_cap=0
[15:45:56]   ✅ MYRG : board=8 ceo=Richard S. Swartz         top_cap=0
[15:46:00]   ✅ MZTI : board=10 ceo=David A. Ciesinski        top_cap=10
[15:46:05]   ✅ NABL : board=None ceo=John Pagliuca             top_cap=2
[15:46:10]   ✅ NATL : board=7 ceo=Timothy C. Oliver         top_cap=0
[15:46:15]   ✅ NAVI : board=6 ceo=David Yowan               top_cap=0
[15:46:20]   ✅ NBHC : board=10 ceo=?                         top_cap=0
[15:46:23]   ✅ NBTB : board=12 ceo=?                         top_cap=0
[15:46:28]   ✅ NCLH : board=9 ceo=Jos E. Cil                top_cap=0
[15:46:33]   ✅ NDSN : board=10 ceo=Victor Richey, Jr.        top_cap=0
[15:46:33]   📊 [775/1207] written=764 skipped=2 no_source=5 fails=2 | rate=12.0/min ETA=36min
[15:46:38]   ✅ NE : board=7 ceo=?                         top_cap=0
[15:46:44]   ✅ NEM : board=12 ceo=Natascha Viljoen          top_cap=0
[15:46:48]   ✅ NEO : board=9 ceo=?                         top_cap=0
[15:46:52]   ✅ NEOG : board=4 ceo=?                         top_cap=0
[15:46:58]   ✅ NEU : board=7 ceo=Thomas E. Gottwald        top_cap=0
[15:47:02]   ✅ NFG : board=11 ceo=David P. Bauer            top_cap=0
[15:47:07]   ✅ NGVT : board=9 ceo=David H. Li               top_cap=0
[15:47:11]   ✅ NHC : board=9 ceo=?                         top_cap=6
[15:47:17]   ✅ NJR : board=10 ceo=Westhoven                 top_cap=0
[15:47:22]   ✅ NMIH : board=9 ceo=Adam S. Pollitzer         top_cap=0
[15:47:28]   ✅ NNN : board=7 ceo=?                         top_cap=0
[15:47:32]   ✅ NOG : board=7 ceo=Bahram Akradi             top_cap=0
[15:47:37]   ✅ NOV : board=9 ceo=?                         top_cap=0
[15:47:41]   ✅ NOVT : board=9 ceo=Matthijs Glastra          top_cap=0
[15:47:46]   ✅ NPK : board=5 ceo=?                         top_cap=3
[15:47:50]   ✅ NPO : board=8 ceo=Eric A. Vaillancourt      top_cap=0
[15:47:54]   ✅ NRG : board=10 ceo=Lawrence Coben            top_cap=0
[15:47:59]   ✅ NSA : board=10 ceo=David G. Cramer           top_cap=0
[15:48:03]   ✅ NSC : board=12 ceo=Mark George               top_cap=0
[15:48:08]   ✅ NSIT : board=10 ceo=Joyce A. Mullen           top_cap=0
[15:48:13]   ✅ NSP : board=4 ceo=Paul J. Sarvadi           top_cap=0
[15:48:18]   ✅ NTAP : board=10 ceo=George Kurian             top_cap=0
[15:48:23]   ✅ NTCT : board=8 ceo=Anil K. Singhal           top_cap=0
[15:48:27]   ✅ NUE : board=8 ceo=Leon J. Topalian          top_cap=0
[15:48:32]   ✅ NVRI : board=8 ceo=F. Nicholas Grasberger I  top_cap=0
[15:48:32]   📊 [800/1207] written=789 skipped=2 no_source=5 fails=2 | rate=12.0/min ETA=34min
[15:48:37]   ✅ NVST : board=None ceo=?                         top_cap=0
[15:48:41]   ✅ NVT : board=10 ceo=Beth A. Wozniak           top_cap=0
[15:48:44]   ✅ NWBI : board=3 ceo=Louis J. Torchio          top_cap=0
[15:48:49]   ✅ NWE : board=9 ceo=Non spécifié dans l'extr  top_cap=0
[15:48:53]   ✅ NWL : board=8 ceo=?                         top_cap=0
[15:48:57]   ✅ NWN : board=None ceo=Justin B. Palfreyman      top_cap=0
[15:49:02]   ✅ NWSA : board=? ceo=?                         top_cap=0
[15:49:07]   ✅ NX : board=8 ceo=George Wilson             top_cap=0
[15:49:12]   ✅ NXRT : board=7 ceo=James Dondero             top_cap=0
[15:49:16]   ✅ O : board=11 ceo=Sumit Roy                 top_cap=0
[15:49:21]   ✅ OC : board=9 ceo=Brian Chambers            top_cap=0
[15:49:25]   ✅ OFG : board=9 ceo=?                         top_cap=0
[15:49:30]   ✅ OGE : board=None ceo=Sean Trauschke            top_cap=0
[15:49:35]   ✅ OGN : board=10 ceo=Joe Morrissey             top_cap=0
[15:49:40]   ✅ OGS : board=8 ceo=?                         top_cap=0
[15:49:45]   ✅ OI : board=10 ceo=?                         top_cap=0
[15:49:50]   ✅ OII : board=10 ceo=Roderick A. Larson        top_cap=0
[15:49:56]   ✅ OKE : board=? ceo=Pierce H. Norton II       top_cap=0
[15:50:01]   ✅ OKLO : board=3 ceo=Jacob DeWitte             top_cap=1
[15:50:07]   ✅ OLED : board=11 ceo=Steven V. Abramson        top_cap=0
[15:50:11]   ✅ OLLI : board=10 ceo=?                         top_cap=0
[15:50:17]   ✅ OLN : board=8 ceo=?                         top_cap=0
[15:50:22]   ✅ OMC : board=14 ceo=John D. Wren              top_cap=0
[15:50:27]   ✅ OMCL : board=9 ceo=?                         top_cap=0
[15:50:31]   ✅ ONB : board=12 ceo=?                         top_cap=0
[15:50:31]   📊 [825/1207] written=814 skipped=2 no_source=5 fails=2 | rate=12.0/min ETA=32min
[15:50:36]   ❌ OPCH : LLM fail
[15:50:42]   ✅ OPEN : board=9 ceo=Kaz Nejatian              top_cap=0
[15:50:47]   ✅ ORA : board=8 ceo=Doron Blachar             top_cap=0
[15:50:54]   ✅ ORI : board=12 ceo=?                         top_cap=0
[15:50:59]   ✅ ORLY : board=9 ceo=?                         top_cap=0
[15:51:03]   ✅ OSIS : board=6 ceo=?                         top_cap=0
[15:51:08]   ✅ OSW : board=7 ceo=Leonard Fluxman           top_cap=0
[15:51:13]   ✅ OTTR : board=None ceo=Charles MacFarlane        top_cap=0
[15:51:17]   ✅ OUT : board=None ceo=?                         top_cap=0
[15:51:21]   ✅ OVV : board=12 ceo=?                         top_cap=0
[15:51:26]   ✅ OXM : board=10 ceo=?                         top_cap=0
[15:51:30]   ✅ OXY : board=10 ceo=Vicki Hollub              top_cap=0
[15:51:35]   ✅ PAHC : board=None ceo=?                         top_cap=0
[15:51:39]   ✅ PARR : board=None ceo=?                         top_cap=0
[15:51:43]   ✅ PATH : board=8 ceo=Daniel Dines              top_cap=0
[15:51:48]   ✅ PATK : board=9 ceo=Andy L. Nemeth            top_cap=0
[15:51:55]   ✅ PAYC : board=9 ceo=Chad Richison             top_cap=0
[15:51:59]   ✅ PAYO : board=8 ceo=John Caplan               top_cap=0
[15:52:04]   ✅ PB : board=12 ceo=David Zalman              top_cap=1
[15:52:09]   ✅ PBF : board=9 ceo=?                         top_cap=0
[15:52:14]   ✅ PBH : board=7 ceo=Ronald M. Lombardi        top_cap=0
[15:52:18]   ✅ PBI : board=5 ceo=?                         top_cap=0
[15:52:22]   ✅ PCAR : board=12 ceo=Mark C. Pigott            top_cap=3
[15:52:27]   ✅ PCG : board=None ceo=Patricia K. Poppe         top_cap=0
[15:52:31]   ✅ PCRX : board=9 ceo=Frank D. Lee              top_cap=0
[15:52:31]   📊 [850/1207] written=838 skipped=2 no_source=5 fails=3 | rate=12.0/min ETA=30min
[15:52:36]   ✅ PCTY : board=10 ceo=Toby J. Williams          top_cap=0
[15:52:41]   ✅ PDFS : board=8 ceo=John K. Kibarian          top_cap=0
[15:52:46]   ✅ PEB : board=7 ceo=Jon E. Bortz              top_cap=0
[15:52:51]   ✅ PECO : board=None ceo=Jeff Edison               top_cap=0
[15:52:57]   ✅ PEG : board=12 ceo=?                         top_cap=0
[15:53:02]   ✅ PEN : board=None ceo=?                         top_cap=0
[15:53:06]   ✅ PENG : board=None ceo=?                         top_cap=0
[15:53:09]   ✅ PENN : board=9 ceo=?                         top_cap=0
[15:53:15]   ✅ PEP : board=13 ceo=Ramon L. Laguarta         top_cap=3
[15:53:22]   ✅ PFG : board=11 ceo=Deanna Strable-Soethout   top_cap=0
[15:53:26]   ✅ PFGC : board=13 ceo=George L. Holm            top_cap=0
[15:53:30]   ✅ PFS : board=13 ceo=Christopher Martin        top_cap=0
[15:53:34]   ✅ PGNY : board=None ceo=?                         top_cap=0
[15:53:38]   ✅ PH : board=11 ceo=?                         top_cap=0
[15:53:43]   ✅ PHIN : board=8 ceo=Brady Ericson             top_cap=0
[15:53:46]   ✅ PI : board=8 ceo=Chris Diorio              top_cap=0
[15:53:51]   ✅ PII : board=9 ceo=?                         top_cap=0
[15:53:56]   ✅ PJT : board=8 ceo=?                         top_cap=0
[15:54:01]   ✅ PK : board=9 ceo=Thomas J. Baltimore, Jr.  top_cap=0
[15:54:05]   ✅ PKG : board=9 ceo=?                         top_cap=0
[15:54:10]   ✅ PLAB : board=8 ceo=George C. Macricostas     top_cap=0
[15:54:20]   ✅ PLMR : board=7 ceo=Mac Armstrong             top_cap=0
[15:54:25]   ✅ PLTR : board=7 ceo=Alexander Karp            top_cap=0
[15:54:29]   ✅ PLUS : board=7 ceo=Mark P. Marron            top_cap=0
[15:54:34]   ✅ PLXS : board=10 ceo=?                         top_cap=0
[15:54:34]   📊 [875/1207] written=863 skipped=2 no_source=5 fails=3 | rate=12.0/min ETA=28min
[15:54:39]   ✅ PM : board=12 ceo=?                         top_cap=0
[15:54:43]   ✅ PMT : board=9 ceo=?                         top_cap=0
[15:54:48]   ✅ PNC : board=12 ceo=?                         top_cap=0
[15:54:53]   ✅ PNFP : board=15 ceo=Kevin S. Blair            top_cap=0
[15:54:56]   ✅ PNR : board=9 ceo=John L. Stauch            top_cap=0
[15:55:02]   ✅ POOL : board=9 ceo=?                         top_cap=0
[15:55:07]   ✅ POR : board=9 ceo=Maria Pope                top_cap=0
[15:55:12]   ✅ POST : board=7 ceo=Robert V. Vitale          top_cap=1
[15:55:15]   ✅ POWI : board=7 ceo=Jennifer A. Lloyd         top_cap=0
[15:55:19]   ✅ PPC : board=10 ceo=Fabio Sandri              top_cap=1
[15:55:25]   ✅ PR : board=10 ceo=WILLIAM M. HICKEY III, J  top_cap=0
[15:55:29]   ✅ PRA : board=10 ceo=?                         top_cap=0
[15:55:34]   ✅ PRAA : board=9 ceo=?                         top_cap=0
[15:55:39]   ✅ PRDO : board=9 ceo=Todd S. Nelson            top_cap=0
[15:55:45]   ✅ PRG : board=10 ceo=?                         top_cap=0
[15:55:49]   ✅ PRGO : board=9 ceo=Patrick Lockwood-Taylor   top_cap=0
[15:55:54]   ✅ PRGS : board=9 ceo=?                         top_cap=0
[15:55:59]   ✅ PRI : board=9 ceo=Glenn J. Williams         top_cap=0
[15:56:03]   ✅ PRIM : board=8 ceo=David L. King             top_cap=0
[15:56:10]   ✅ PRK : board=12 ceo=?                         top_cap=0
[15:56:16]   ✅ PRKS : board=None ceo=?                         top_cap=2
[15:56:21]   ✅ PRLB : board=7 ceo=?                         top_cap=0
[15:56:27]   ✅ PRSU : board=7 ceo=?                         top_cap=1
[15:56:31]   ✅ PRU : board=11 ceo=Joseph J. Wolk            top_cap=0
[15:56:37]   ✅ PRVA : board=6 ceo=Parth Mehrotra            top_cap=0
[15:56:37]   📊 [900/1207] written=888 skipped=2 no_source=5 fails=3 | rate=12.0/min ETA=25min
[15:56:41]   ✅ PSMT : board=11 ceo=?                         top_cap=0
[15:56:46]   ✅ PSN : board=12 ceo=Carey A. Smith            top_cap=0
[15:56:49]   ✅ PTCT : board=4 ceo=Matthew B. Klein          top_cap=0
[15:56:54]   ✅ PTEN : board=None ceo=?                         top_cap=0
[15:56:58]   ✅ PTGX : board=None ceo=Dinesh V. Patel           top_cap=0
[15:57:03]   ✅ PVH : board=None ceo=Stefan Larsson            top_cap=0
[15:57:07]   ✅ PWR : board=10 ceo=Earl C. Austin Jr.        top_cap=0
[15:57:12]   ✅ PZZA : board=8 ceo=Todd Penegor              top_cap=0
[15:57:16]   ✅ Q : board=10 ceo=Jon Kemp                  top_cap=0
[15:57:22]   ✅ QBTS : board=None ceo=?                         top_cap=0
[15:57:27]   ✅ QDEL : board=10 ceo=Brian J. Blaser           top_cap=0
[15:57:32]   ✅ QLYS : board=None ceo=Sumedh S. Thakar          top_cap=0
[15:57:37]   ✅ QNST : board=9 ceo=Douglas Valenti           top_cap=0
[15:57:41]   ✅ QRVO : board=10 ceo=Robert A. Bruggeworth     top_cap=0
[15:57:46]   ✅ QTWO : board=7 ceo=?                         top_cap=0
[15:57:51]   ✅ R : board=11 ceo=Robert E. Sanchez         top_cap=0
[15:57:55]   ✅ RAL : board=9 ceo=Tami Newcombe             top_cap=0
[15:58:00]   ✅ RAMP : board=9 ceo=?                         top_cap=0
[15:58:05]   ✅ RCL : board=12 ceo=Jason T. Liberty          top_cap=1
[15:58:09]   ✅ RCUS : board=4 ceo=Terry Rosen               top_cap=0
[15:58:13]   ✅ RDN : board=9 ceo=?                         top_cap=0
[15:58:17]   ✅ RDNT : board=6 ceo=?                         top_cap=0
[15:58:21]   ✅ REG : board=11 ceo=?                         top_cap=0
[15:58:26]   ✅ REGN : board=5 ceo=?                         top_cap=0
[15:58:30]   ✅ RES : board=9 ceo=Ben M. Palmer             top_cap=0
[15:58:30]   📊 [925/1207] written=913 skipped=2 no_source=5 fails=3 | rate=12.1/min ETA=23min
[15:58:35]   ✅ REX : board=9 ceo=Zafar A. Rizvi            top_cap=0
[15:58:41]   ✅ REXR : board=7 ceo=Laura Clark               top_cap=0
[15:58:46]   ✅ REZI : board=9 ceo=Jay Geldmacher            top_cap=0
[15:58:50]   ✅ RF : board=12 ceo=John M. Turner, Jr.       top_cap=0
[15:58:54]   ✅ RGA : board=12 ceo=Stephen O'Hearn           top_cap=0
[15:58:59]   ✅ RGEN : board=9 ceo=Olivier Loeillot          top_cap=0
[15:59:03]   ✅ RGLD : board=7 ceo=William Heissenbuttel     top_cap=0
[15:59:07]   ✅ RGTI : board=? ceo=Subodh Kulkarni           top_cap=0
[15:59:10]   ✅ RH : board=? ceo=Gary Friedman             top_cap=0
[15:59:16]   ✅ RHI : board=9 ceo=?                         top_cap=0
[15:59:22]   ✅ RHP : board=10 ceo=Mark Fioravanti           top_cap=1
[15:59:27]   ✅ RITM : board=2 ceo=Michael Nierenberg        top_cap=0
[15:59:31]   ✅ RJF : board=12 ceo=Paul M. Shoukry           top_cap=0
[15:59:36]   ✅ RKLB : board=None ceo=?                         top_cap=0
[15:59:40]   ✅ RL : board=None ceo=?                         top_cap=0
[15:59:46]   ✅ RMBS : board=8 ceo=?                         top_cap=0
[15:59:52]   ✅ RNG : board=6 ceo=Vladimir Shmunis          top_cap=0
[15:59:56]   ✅ RNR : board=8 ceo=Kevin J. O'Donnell        top_cap=0
[16:00:01]   ✅ RNST : board=17 ceo=Kevin D. Chapman          top_cap=0
[16:00:05]   ✅ ROCK : board=8 ceo=William T. Bosway         top_cap=0
[16:00:09]   ✅ ROG : board=9 ceo=?                         top_cap=0
[16:00:14]   ✅ ROIV : board=3 ceo=Matthew Gline             top_cap=0
[16:00:18]   ✅ ROL : board=11 ceo=Jerry E. Gahlhoff, Jr.    top_cap=0
[16:00:22]   ✅ ROP : board=9 ceo=L. Neil Hunn              top_cap=0
[16:00:28]   ✅ RPM : board=9 ceo=Frank C. Sullivan         top_cap=0
[16:00:28]   📊 [950/1207] written=938 skipped=2 no_source=5 fails=3 | rate=12.1/min ETA=21min
[16:00:31]   ✅ RRR : board=5 ceo=Frank J. Fertitta III     top_cap=1
[16:00:35]   ✅ RRX : board=11 ceo=Louis V. Pinkham          top_cap=0
[16:00:40]   ✅ RSG : board=13 ceo=Jon Vander Ark            top_cap=1
[16:00:44]   ✅ RTX : board=10 ceo=Christopher T. Calio      top_cap=0
[16:00:48]   ✅ RUN : board=9 ceo=Mary Powell               top_cap=0
[16:00:53]   ✅ RUSHA : board=9 ceo=W.M. Rusty Rush           top_cap=0
[16:00:58]   ✅ RXO : board=8 ceo=Drew Wilkerson            top_cap=0
[16:01:02]   ✅ RYAN : board=5 ceo=Patrick G. Ryan           top_cap=1
[16:01:08]   ✅ SABR : board=10 ceo=Kurt Ekert                top_cap=0
[16:01:14]   ✅ SAFE : board=5 ceo=Jay Sugarman              top_cap=0
[16:01:18]   ✅ SAFT : board=7 ceo=?                         top_cap=1
[16:01:22]   ✅ SAH : board=? ceo=?                         top_cap=0
[16:01:24]   ✅ SAIA : board=10 ceo=Frederick J. Holzgrefe,   top_cap=0
[16:01:28]   ✅ SAIC : board=13 ceo=James C. Reagan           top_cap=0
[16:01:33]   ✅ SARO : board=3 ceo=Peter J. Clare            top_cap=3
[16:01:37]   ✅ SATS : board=11 ceo=CHARLES W. ERGEN          top_cap=0
[16:01:42]   ✅ SBAC : board=11 ceo=Jeffrey A. Stoops         top_cap=1
[16:01:47]   ✅ SBCF : board=14 ceo=Charles M. Shaffer        top_cap=0
[16:01:52]   ✅ SBH : board=10 ceo=Denise Paulonis           top_cap=0
[16:01:56]   ✅ SBRA : board=7 ceo=?                         top_cap=0
[16:02:01]   ✅ SBUX : board=11 ceo=Brian Niccol              top_cap=0
[16:02:06]   ✅ SCHW : board=4 ceo=Richard A. Wurster        top_cap=0
[16:02:10]   ✅ SCL : board=9 ceo=F. Quinn Stepan, Jr.      top_cap=0
[16:02:13]   ✅ SCSC : board=8 ceo=Michael L. Baur           top_cap=0
[16:02:19]   ✅ SDGR : board=9 ceo=?                         top_cap=0
[16:02:19]   📊 [975/1207] written=963 skipped=2 no_source=5 fails=3 | rate=12.1/min ETA=19min
[16:02:23]   ✅ SEDG : board=7 ceo=Shuki Nir                 top_cap=0
[16:02:27]   ✅ SEIC : board=9 ceo=?                         top_cap=0
[16:02:32]   ✅ SEM : board=10 ceo=?                         top_cap=0
[16:02:37]   ✅ SEZL : board=5 ceo=Charles Youakim           top_cap=5
[16:02:42]   ✅ SF : board=11 ceo=Ronald J. Kruszewski      top_cap=0
[16:02:46]   ✅ SFBS : board=7 ceo=Thomas A. Broughton III   top_cap=0
[16:02:50]   ✅ SFM : board=2 ceo=Jack Sinclair             top_cap=0
[16:02:56]   ✅ SFNC : board=14 ceo=?                         top_cap=0
[16:03:00]   ✅ SGI : board=8 ceo=?                         top_cap=0
[16:03:04]   ✅ SHC : board=12 ceo=Christopher A. Simon      top_cap=2
[16:03:08]   ✅ SHEN : board=11 ceo=Christopher E. French     top_cap=0
[16:03:13]   ✅ SHO : board=9 ceo=Bryan A. Giglia           top_cap=0
[16:03:17]   ✅ SHOO : board=10 ceo=?                         top_cap=0
[16:03:26]   ✅ SIG : board=12 ceo=J.K. Symancyk             top_cap=2
[16:03:32]   ✅ SIGI : board=12 ceo=?                         top_cap=0
[16:03:36]   ✅ SITM : board=None ceo=Rajesh Vashist            top_cap=0
[16:03:41]   ✅ SJM : board=9 ceo=Mark Smucker              top_cap=0
[16:03:46]   ✅ SKT : board=8 ceo=Stephen Yalof             top_cap=0
[16:03:51]   ✅ SKY : board=8 ceo=Tim Larson                top_cap=0
[16:03:55]   ✅ SKYW : board=7 ceo=?                         top_cap=0
[16:04:01]   ✅ SLAB : board=2 ceo=Navdeep S. Sooch          top_cap=1
[16:04:06]   ✅ SLB : board=9 ceo=Omitted                   top_cap=0
[16:04:11]   ✅ SLG : board=8 ceo=Marc Holliday             top_cap=0
[16:04:17]   ✅ SLGN : board=9 ceo=?                         top_cap=0
[16:04:20]   ✅ SLM : board=13 ceo=Jonathan W. Witter        top_cap=0
[16:04:20]   📊 [1000/1207] written=988 skipped=2 no_source=5 fails=3 | rate=12.1/min ETA=17min
[16:04:27]   ✅ SLVM : board=7 ceo=John V. Sims              top_cap=0
[16:04:31]   ✅ SM : board=11 ceo=Beth McDonald             top_cap=0
[16:04:37]   ✅ SMCI : board=9 ceo=Charles Liang             top_cap=9
[16:04:41]   ✅ SMG : board=9 ceo=James Hagedorn            top_cap=0
[16:04:46]   ✅ SMP : board=8 ceo=Eric P. Sills             top_cap=0
[16:04:51]   ✅ SMPL : board=11 ceo=Geoff E. Tanner           top_cap=0
[16:04:56]   ✅ SNA : board=10 ceo=Nicholas T. Pinchuk       top_cap=0
[16:05:00]   ✅ SNCY : board=9 ceo=Thomas C. Kennedy         top_cap=0
[16:05:05]   ✅ SNDK : board=7 ceo=David V. Goeckeler        top_cap=1
[16:05:09]   ✅ SNDR : board=10 ceo=Mark B. Rourke            top_cap=0
[16:05:12]   ✅ SNEX : board=10 ceo=John Radziwill            top_cap=0
[16:05:17]   ✅ SNOW : board=5 ceo=Sridhar Ramaswamy         top_cap=0
[16:05:22]   ✅ SNPS : board=12 ceo=Sassine Ghazi             top_cap=0
[16:05:25]   ✅ SNX : board=10 ceo=Patrick Zammit            top_cap=0
[16:05:30]   ✅ SO : board=12 ceo=Christopher C. Womack     top_cap=0
[16:05:35]   ✅ SON : board=11 ceo=Howard Coker              top_cap=0
[16:05:43]   ✅ SONO : board=None ceo=Tom Conrad                top_cap=0
[16:05:48]   ✅ SOUN : board=5 ceo=Keyvan Mohajer            top_cap=0
[16:05:53]   ✅ SPG : board=13 ceo=Eli Simon                 top_cap=1
[16:05:58]   ✅ SPHR : board=15 ceo=?                         top_cap=0
[16:06:04]   ✅ SPNT : board=11 ceo=?                         top_cap=1
[16:06:07]   ✅ SPSC : board=9 ceo=Chad Collins              top_cap=0
[16:06:13]   ✅ SPXC : board=None ceo=Gene Lowe                 top_cap=0
[16:06:17]   ✅ SR : board=3 ceo=Scott E. Doyle            top_cap=0
[16:06:22]   ✅ SRE : board=11 ceo=Jeffrey W. Martin         top_cap=0
[16:06:22]   📊 [1025/1207] written=1013 skipped=2 no_source=5 fails=3 | rate=12.1/min ETA=15min
[16:06:28]   ✅ SRPT : board=None ceo=Douglas S. Ingram         top_cap=0
[16:06:33]   ✅ SSB : board=14 ceo=John C. Corbett           top_cap=0
[16:06:37]   ✅ SSTK : board=7 ceo=Paul J. Hennessy          top_cap=0
[16:06:41]   ✅ ST : board=None ceo=?                         top_cap=0
[16:06:45]   ✅ STAA : board=6 ceo=Stephen C. Farrell        top_cap=0
[16:06:49]   ✅ STBA : board=11 ceo=?                         top_cap=0
[16:06:54]   ✅ STEL : board=15 ceo=Steven F. Retzloff        top_cap=0
[16:06:58]   ✅ STEP : board=9 ceo=?                         top_cap=1
[16:07:03]   ✅ STLD : board=None ceo=Mark D. Millett           top_cap=0
[16:07:07]   ✅ STRA : board=12 ceo=?                         top_cap=0
[16:07:12]   ✅ STRL : board=8 ceo=Joseph A. Cutillo         top_cap=0
[16:07:17]   ✅ STWD : board=10 ceo=Barry S. Sternlicht       top_cap=10
[16:07:21]   ✅ STX : board=11 ceo=William D. Mosley         top_cap=0
[16:07:25]   ✅ STZ : board=12 ceo=?                         top_cap=0
[16:07:30]   ✅ SUPN : board=None ceo=Jack A. Khattar           top_cap=5
[16:07:35]   ✅ SW : board=12 ceo=Tony Smurfit              top_cap=1
[16:07:40]   ✅ SWK : board=11 ceo=Christopher J. Nelson     top_cap=1
[16:07:44]   ✅ SWX : board=11 ceo=Karen S. Haller           top_cap=0
[16:07:48]   ✅ SXT : board=9 ceo=Paul Manning              top_cap=0
[16:07:52]   ✅ SYF : board=11 ceo=Jeffrey Naylor            top_cap=0
[16:07:57]   ✅ SYNA : board=6 ceo=Rahul Patel               top_cap=0
[16:08:02]   ✅ SYY : board=11 ceo=Kevin Hourican            top_cap=0
[16:08:06]   ✅ TALO : board=7 ceo=Paul Goodfellow           top_cap=0
[16:08:10]   ✅ TAP : board=14 ceo=Rahul Goyal               top_cap=1
[16:08:16]   ✅ TBBK : board=10 ceo=Damian M. Kozlowski       top_cap=0
[16:08:16]   📊 [1050/1207] written=1038 skipped=2 no_source=5 fails=3 | rate=12.2/min ETA=13min
[16:08:22]   ✅ TCBI : board=10 ceo=Rob C. Holmes             top_cap=0
[16:08:27]   ✅ TDC : board=9 ceo=Stephen McMillan          top_cap=2
[16:08:31]   ✅ TDS : board=12 ceo=Walter C. D. Carlson      top_cap=0
[16:08:35]   ✅ TDW : board=7 ceo=Quintin V. Kneen          top_cap=0
[16:08:38]   ✅ TDY : board=None ceo=?                         top_cap=0
[16:08:43]   ✅ TEL : board=13 ceo=Terrence R. Curtin        top_cap=0
[16:08:49]   ✅ TFC : board=12 ceo=William H. Rogers, Jr.    top_cap=0
[16:08:53]   ✅ TFIN : board=9 ceo=Aaron P. Graft            top_cap=0
[16:09:01]   ✅ TFX : board=7 ceo=?                         top_cap=0
[16:09:05]   ✅ TGTX : board=6 ceo=Michael S. Weiss          top_cap=0
[16:09:10]   ✅ THC : board=12 ceo=Saumya Sutaria            top_cap=0
[16:09:15]   ✅ THO : board=9 ceo=Andrew E. Graves          top_cap=0
[16:09:20]   ✅ THRM : board=9 ceo=Bill Presley              top_cap=0
[16:09:27]   ✅ TJX : board=10 ceo=Ernie Herrman             top_cap=0
[16:09:32]   ✅ TKO : board=12 ceo=Ariel Emanuel             top_cap=1
[16:09:36]   ✅ TKR : board=12 ceo=Lucian Boldea             top_cap=0
[16:09:41]   ✅ TLN : board=6 ceo=Mark Mac McFarland        top_cap=1
[16:09:46]   ✅ TMDX : board=8 ceo=?                         top_cap=0
[16:09:49]   ✅ TMHC : board=None ceo=Sheryl D. Palmer          top_cap=0
[16:09:53]   ✅ TMP : board=11 ceo=?                         top_cap=0
[16:10:00]   ✅ TNDM : board=9 ceo=John Sheridan             top_cap=0
[16:10:05]   ✅ TNL : board=9 ceo=Michael D. Brown          top_cap=0
[16:10:12]   ✅ TPH : board=6 ceo=?                         top_cap=0
[16:10:16]   ✅ TPL : board=9 ceo=Tyler Glover              top_cap=0
[16:10:21]   ✅ TPR : board=10 ceo=Joanne Crevoiserat        top_cap=0
[16:10:21]   📊 [1075/1207] written=1063 skipped=2 no_source=5 fails=3 | rate=12.2/min ETA=11min
[16:10:25]   ✅ TR : board=6 ceo=Ellen R. Gordon           top_cap=3
[16:10:31]   ✅ TREX : board=9 ceo=?                         top_cap=0
[16:10:34]   ✅ TRGP : board=4 ceo=?                         top_cap=0
[16:10:38]   ✅ TRIP : board=8 ceo=Seth J. Kalvert           top_cap=1
[16:10:43]   ✅ TRMB : board=11 ceo=?                         top_cap=0
[16:10:48]   ✅ TRMK : board=11 ceo=Duane A. Dewey            top_cap=0
[16:10:52]   ✅ TRN : board=8 ceo=E. Jean Savage            top_cap=0
[16:10:56]   ✅ TRNO : board=8 ceo=W. Blake Baird            top_cap=0
[16:10:59]   ✅ TRST : board=None ceo=?                         top_cap=0
[16:11:04]   ✅ TRU : board=12 ceo=Christopher A. Cartwrigh  top_cap=0
[16:11:08]   ✅ TRUP : board=9 ceo=?                         top_cap=0
[16:11:13]   ✅ TSCO : board=10 ceo=Harry A. Lawton III       top_cap=0
[16:11:19]   ✅ TT : board=11 ceo=David S. Regnery          top_cap=0
[16:11:24]   ✅ TTC : board=9 ceo=Richard M. Olson          top_cap=0
[16:11:28]   ✅ TTD : board=? ceo=?                         top_cap=0
[16:11:33]   ✅ TTMI : board=9 ceo=?                         top_cap=0
[16:11:39]   ✅ TWLO : board=10 ceo=Khozema Shipchandler      top_cap=0
[16:11:44]   ✅ TWO : board=8 ceo=William Greenberg         top_cap=0
[16:11:50]   ✅ TXNM : board=9 ceo=J. D. Tarry               top_cap=1
[16:11:54]   ✅ TXRH : board=None ceo=?                         top_cap=0
[16:11:59]   ✅ TXT : board=11 ceo=Lisa Atherton             top_cap=0
[16:12:03]   ✅ UA : board=11 ceo=Stephanie Linnartz        top_cap=2
[16:12:08]   ✅ UAA : board=11 ceo=Stephanie Linnartz        top_cap=2
[16:12:13]   ✅ UAL : board=Non spécifié ceo=Scott Kirby               top_cap=12
[16:12:18]   ✅ UBER : board=10 ceo=?                         top_cap=0
[16:12:18]   📊 [1100/1207] written=1088 skipped=2 no_source=5 fails=3 | rate=12.2/min ETA=9min
[16:12:22]   ✅ UBSI : board=14 ceo=Richard M. Adams          top_cap=0
[16:12:27]   ✅ UCB : board=12 ceo=H. Lynn Harton            top_cap=10
[16:12:32]   ✅ UCTT : board=None ceo=James Xiao                top_cap=0
[16:12:38]   ✅ UDR : board=10 ceo=Thomas W. Toomey          top_cap=0
[16:12:42]   ✅ UE : board=8 ceo=?                         top_cap=0
[16:12:47]   ✅ UFCS : board=5 ceo=?                         top_cap=0
[16:12:51]   ✅ UFPI : board=4 ceo=?                         top_cap=0
[16:12:55]   ✅ UFPT : board=7 ceo=R. Jeffrey Bailly         top_cap=0
[16:12:59]   ✅ UGI : board=10 ceo=?                         top_cap=0
[16:13:03]   ✅ UHS : board=None ceo=Marc D. Miller            top_cap=0
[16:13:07]   ✅ UHT : board=2 ceo=?                         top_cap=0
[16:13:13]   ✅ ULS : board=12 ceo=Jennifer F. Scanlon       top_cap=1
[16:13:18]   ✅ UMBF : board=14 ceo=?                         top_cap=0
[16:13:22]   ✅ UNF : board=9 ceo=?                         top_cap=0
[16:13:27]   ✅ UNFI : board=10 ceo=Sandy Douglas             top_cap=0
[16:13:31]   ✅ UNIT : board=9 ceo=Kenneth A. Gunderman      top_cap=0
[16:13:36]   ✅ UPBD : board=7 ceo=Fahmi Karam               top_cap=0
[16:13:40]   ✅ URBN : board=10 ceo=?                         top_cap=0
[16:13:44]   ✅ USB : board=12 ceo=Gunjan Kedia              top_cap=0
[16:13:49]   ✅ USFD : board=8 ceo=Dave Flitman              top_cap=0
[16:13:54]   ✅ USPH : board=7 ceo=Christopher J. Reading    top_cap=0
[16:14:00]   ✅ UTHR : board=9 ceo=?                         top_cap=0
[16:14:05]   ✅ UTL : board=9 ceo=Thomas P. Meissner, Jr.   top_cap=0
[16:14:09]   ✅ UUUU : board=None ceo=Ross Bhappu               top_cap=0
[16:14:14]   ✅ UVV : board=3 ceo=Preston D. Wigner         top_cap=0
[16:14:14]   📊 [1125/1207] written=1113 skipped=2 no_source=5 fails=3 | rate=12.2/min ETA=7min
[16:14:19]   ✅ VAC : board=9 ceo=Matthew E. Avril          top_cap=0
[16:14:24]   ✅ VAL : board=6 ceo=Anton Dibowitz            top_cap=0
[16:14:27]   ✅ VC : board=9 ceo=Lawande                   top_cap=0
[16:14:31]   ✅ VCEL : board=7 ceo=Dominick Colangelo        top_cap=0
[16:14:36]   ✅ VCTR : board=None ceo=David C. Brown            top_cap=0
[16:14:40]   ✅ VCYT : board=9 ceo=Marc Stapley              top_cap=0
[16:14:44]   ✅ VFC : board=12 ceo=Bracken Darrell           top_cap=0
[16:14:50]   ✅ VIR : board=9 ceo=?                         top_cap=0
[16:14:54]   ✅ VIRT : board=10 ceo=Aaron Simons              top_cap=1
[16:14:59]   ✅ VITL : board=8 ceo=Russell Diez-Canseco      top_cap=2
[16:15:03]   ✅ VLO : board=12 ceo=?                         top_cap=0
[16:15:08]   ✅ VLTO : board=12 ceo=Jennifer L. Honeycutt     top_cap=0
[16:15:13]   ✅ VLY : board=11 ceo=Ira Robbins               top_cap=0
[16:15:17]   ✅ VMC : board=13 ceo=Ronnie Pruitt             top_cap=0
[16:15:22]   ✅ VMI : board=11 ceo=Avner M. Applbaum         top_cap=3
[16:15:28]   ✅ VNO : board=10 ceo=?                         top_cap=0
[16:15:33]   ✅ VNOM : board=8 ceo=?                         top_cap=1
[16:15:37]   ✅ VOYA : board=12 ceo=Heather Lavallee          top_cap=0
[16:15:41]   ✅ VRE : board=9 ceo=?                         top_cap=0
[16:15:45]   ✅ VRRM : board=9 ceo=David M. Roberts          top_cap=0
[16:15:49]   ✅ VRSK : board=11 ceo=?                         top_cap=0
[16:15:54]   ✅ VRT : board=11 ceo=Albertazzi                top_cap=0
[16:15:59]   ✅ VRTS : board=9 ceo=?                         top_cap=0
[16:16:06]   ✅ VSAT : board=None ceo=Mark Dankberg             top_cap=0
[16:16:10]   ✅ VSCO : board=10 ceo=Hillary Super             top_cap=0
[16:16:10]   📊 [1150/1207] written=1138 skipped=2 no_source=5 fails=3 | rate=12.2/min ETA=5min
[16:16:14]   ✅ VSH : board=12 ceo=?                         top_cap=0
[16:16:19]   ✅ VSTS : board=10 ceo=Phillip Holloman          top_cap=0
[16:16:27]   ✅ VTOL : board=9 ceo=?                         top_cap=0
[16:16:32]   ✅ VTR : board=12 ceo=Debra A. Cafaro           top_cap=0
[16:16:36]   ✅ VTRS : board=13 ceo=Scott A. Smith            top_cap=0
[16:16:40]   ✅ VYX : board=8 ceo=James G. Kelly            top_cap=0
[16:16:45]   ✅ WAB : board=9 ceo=Rafael Santana            top_cap=0
[16:16:50]   ✅ WABC : board=8 ceo=Kris Irvine               top_cap=0
[16:16:54]   ✅ WAFD : board=None ceo=?                         top_cap=0
[16:16:58]   ✅ WCC : board=10 ceo=John J. Engel             top_cap=0
[16:17:03]   ✅ WCN : board=8 ceo=Ronald J. Mittelstaedt    top_cap=0
[16:17:08]   ✅ WDAY : board=12 ceo=Carl M. Eschenbach        top_cap=1
[16:17:12]   ✅ WDC : board=8 ceo=David Goeckeler           top_cap=0
[16:17:16]   ✅ WDFC : board=None ceo=?                         top_cap=0
[16:17:21]   ✅ WEC : board=12 ceo=Gale E. Klappa            top_cap=0
[16:17:26]   ✅ WELL : board=12 ceo=?                         top_cap=3
[16:17:32]   ✅ WEN : board=8 ceo=Ken Cook                  top_cap=0
[16:17:37]   ✅ WEX : board=11 ceo=Melissa Smith             top_cap=0
[16:17:41]   ✅ WFC : board=12 ceo=Charles W. Scharf         top_cap=0
[16:17:47]   ✅ WFRD : board=7 ceo=Charles M. Sledge         top_cap=0
[16:17:51]   ✅ WGO : board=9 ceo=Michael J. Happe          top_cap=0
[16:17:57]   ✅ WH : board=9 ceo=Geoffrey A. Ballotti      top_cap=0
[16:18:01]   ✅ WHR : board=12 ceo=Marc Bitzer               top_cap=1
[16:18:06]   ✅ WINA : board=7 ceo=Brett D. Heffes           top_cap=0
[16:18:09]   ✅ WKC : board=10 ceo=Ira M. Birns              top_cap=0
[16:18:09]   📊 [1175/1207] written=1163 skipped=2 no_source=5 fails=3 | rate=12.2/min ETA=3min
[16:18:13]   ✅ WLK : board=14 ceo=?                         top_cap=1
[16:18:19]   ✅ WLY : board=10 ceo=Matthew S. Kissner        top_cap=0
[16:18:22]   ✅ WM : board=9 ceo=?                         top_cap=0
[16:18:27]   ✅ WMB : board=11 ceo=Chad J. Zamarin           top_cap=0
[16:18:37]   ✅ WMG : board=11 ceo=Robert Kyncl              top_cap=1
[16:18:41]   ✅ WMT : board=11 ceo=John Furner               top_cap=0
[16:18:47]   ✅ WOR : board=4 ceo=John B. Blystone          top_cap=0
[16:18:52]   ✅ WPC : board=9 ceo=Jason E. Fox              top_cap=1
[16:18:56]   ✅ WRLD : board=7 ceo=R. Chad Prashad           top_cap=2
[16:19:00]   ✅ WSC : board=9 ceo=Timothy D. Boswell        top_cap=0
[16:19:04]   ✅ WSFS : board=9 ceo=Rodger Levenson           top_cap=0
[16:19:06]   ✅ WSM : board=8 ceo=Laura Alber               top_cap=0
[16:19:11]   ✅ WSO : board=9 ceo=?                         top_cap=0
[16:19:15]   ✅ WTFC : board=12 ceo=?                         top_cap=0
[16:19:19]   ✅ WTRG : board=7 ceo=Christopher H. Franklin   top_cap=0
[16:19:24]   ✅ WTS : board=9 ceo=?                         top_cap=0
[16:19:29]   ✅ WU : board=None ceo=Devin McGranahan          top_cap=0
[16:19:33]   ✅ WWW : board=12 ceo=Christopher Hufnagel      top_cap=0
[16:19:37]   ✅ WYNN : board=9 ceo=Craig Billings            top_cap=0
[16:19:41]   ✅ XEL : board=10 ceo=Bob Frenzel               top_cap=0
[16:19:45]   ✅ XHR : board=8 ceo=Marcel Verbaas            top_cap=0
[16:19:49]   ✅ XNCR : board=9 ceo=?                         top_cap=0
[16:19:54]   ✅ XPO : board=7 ceo=Mario Harik               top_cap=0
[16:19:58]   ✅ XYL : board=9 ceo=Matthew F. Pine           top_cap=0
[16:20:02]   ✅ YELP : board=9 ceo=Jeremy Stoppelman         top_cap=0
[16:20:02]   📊 [1200/1207] written=1188 skipped=2 no_source=5 fails=3 | rate=12.2/min ETA=1min
[16:20:06]   ✅ YETI : board=? ceo=Matthew J. Reintjes       top_cap=0
[16:20:11]   ✅ YOU : board=9 ceo=?                         top_cap=0
[16:20:16]   ✅ YUM : board=11 ceo=Chris Turner              top_cap=0
[16:20:20]   ✅ ZBH : board=10 ceo=Ivan Tornos               top_cap=0
[16:20:24]   ✅ ZD : board=8 ceo=Vivek Shah                top_cap=0
[16:20:28]   ✅ ZION : board=11 ceo=?                         top_cap=0
[16:20:37]   ✅ ZWS : board=9 ceo=?                         top_cap=0
[16:20:37] END : written=1195 skipped=2 no_source=5 fails=3
[13:07:40] START : 185 stés (top 307 V1.8 d'abord, puis cat1 beyond)
[13:07:45]   ✅ NVDA : board=13 ceo=?                         top_cap=0
[13:07:49]   ✅ TSLA : board=9 ceo=Elon Musk                 top_cap=0
[13:07:49]   🚫 ASML : section governance introuvable dans DEF14A
[13:07:50]   🚫 ASMLF : section governance introuvable dans DEF14A
[13:07:51]   🚫 ROG.SW : section governance introuvable dans DEF14A
[13:07:56]   ✅ GE : board=9 ceo=Larry Culp                top_cap=3
[13:07:56]   🚫 AZN.ST : section governance introuvable dans DEF14A
[13:07:58]   🚫 NVS : section governance introuvable dans DEF14A
[13:08:04]   ✅ TXN : board=12 ceo=?                         top_cap=0
[13:08:04]   🚫 ARM : section governance introuvable dans DEF14A
[13:08:05]   🚫 9984.T : section governance introuvable dans DEF14A
[13:08:06]   🚫 OR.PA : section governance introuvable dans DEF14A
[13:08:08]   🚫 MUFG : section governance introuvable dans DEF14A
[13:08:09]   🚫 SIE.DE : section governance introuvable dans DEF14A
[13:08:10]   🚫 SAP : section governance introuvable dans DEF14A
[13:08:16]   ✅ QCOM : board=11 ceo=Cristiano R. Amon         top_cap=0
[13:08:16]   🚫 TTE.PA : section governance introuvable dans DEF14A
[13:08:18]   🚫 ABBN.SW : section governance introuvable dans DEF14A
[13:08:19]   🚫 ABBNY : section governance introuvable dans DEF14A
[13:08:20]   🚫 ABLZF : section governance introuvable dans DEF14A
[13:08:22]   🚫 TD : section governance introuvable dans DEF14A
[13:08:27]   ✅ T : board=10 ceo=?                         top_cap=0
[13:08:27]   🚫 DTEGF : section governance introuvable dans DEF14A
[13:08:28]   🚫 DTEGY : section governance introuvable dans DEF14A
[13:08:29]   🚫 BUD : section governance introuvable dans DEF14A
[13:08:35]   ✅ PANW : board=... ceo=Nikesh Arora              top_cap=0
[13:08:39]   ✅ CRM : board=12 ceo=Marc Benioff              top_cap=3
[13:08:39]   🚫 ATEYY : section governance introuvable dans DEF14A
[13:08:40]   🚫 ADTTF : section governance introuvable dans DEF14A
[13:08:41]   🚫 SHOP : section governance introuvable dans DEF14A
[13:08:43]   🚫 PBR : section governance introuvable dans DEF14A
[13:08:44]   🚫 BTAFF : section governance introuvable dans DEF14A
[13:08:45]   🚫 UL : section governance introuvable dans DEF14A
[13:08:47]   🚫 BBVXF : section governance introuvable dans DEF14A
[13:08:48]   🚫 BBVA.MC : section governance introuvable dans DEF14A
[13:08:49]   🚫 ISP.MI : section governance introuvable dans DEF14A
[13:08:51]   🚫 BPAQF : section governance introuvable dans DEF14A
[13:08:56]   ✅ MO : board=10 ceo=William F. Gifford, Jr.   top_cap=1
[13:08:56]   🚫 BP : section governance introuvable dans DEF14A
[13:08:58]   🚫 BP.L : section governance introuvable dans DEF14A
[13:09:03]   ✅ MDT : board=12 ceo=?                         top_cap=0
[13:09:03]   🚫 CS.PA : section governance introuvable dans DEF14A
[13:09:04]   🚫 ATCO-A.ST : section governance introuvable dans DEF14A
[13:09:10]   ✅ MAR : board=12 ceo=David Marriott            top_cap=3
[13:09:15]   ✅ KKR : board=None ceo=Joseph Bae et Scott Nutt  top_cap=0
[13:09:15]   🚫 EQNR.OL : section governance introuvable dans DEF14A
[13:09:17]   🚫 GLEN.L : section governance introuvable dans DEF14A
[13:09:18]   🚫 INGA.AS : section governance introuvable dans DEF14A
[13:09:19]   🚫 DG.PA : section governance introuvable dans DEF14A
[13:09:21]   🚫 NG.L : section governance introuvable dans DEF14A
[13:09:26]   ✅ BSX : board=10 ceo=Michael F. Mahoney        top_cap=3
[13:09:26]   🚫 BARC.L : section governance introuvable dans DEF14A
[13:09:28]   🚫 BCLYF : section governance introuvable dans DEF14A
[13:09:29]   🚫 BA.L : section governance introuvable dans DEF14A
[13:09:30]   🚫 EIPAF : section governance introuvable dans DEF14A
[13:09:35]   ✅ SHW : board=9 ceo=?                         top_cap=0
[13:09:39]   ✅ CRH : board=12 ceo=Jim Mintern               top_cap=0
[13:09:47]   ✅ ROST : board=9 ceo=?                         top_cap=2
[13:09:52]   ✅ AEP : board=10 ceo=?                         top_cap=0
[13:09:52]   🚫 NOKIA.HE : section governance introuvable dans DEF14A
[13:09:54]   🚫 MUV2.DE : section governance introuvable dans DEF14A
[13:10:00]   ✅ MSTR : board=8 ceo=Phong Q. Le               top_cap=0
[13:10:00]   🚫 NDA-FI.HE : section governance introuvable dans DEF14A
[13:10:01]   🚫 NDA-DK.CO : section governance introuvable dans DEF14A
[13:10:03]   🚫 NDA-SE.ST : section governance introuvable dans DEF14A
[13:10:04]   🚫 NWG.L : section governance introuvable dans DEF14A
[13:10:05]   🚫 REL.L : section governance introuvable dans DEF14A
[13:10:12]   ✅ TGT : board=12 ceo=Michael Fiddelke          top_cap=0
[13:10:16]   ✅ AFL : board=12 ceo=Daniel P. Amos            top_cap=0
[13:10:16]   🚫 SAND.ST : section governance introuvable dans DEF14A
[13:10:22]   ✅ AJG : board=9 ceo=J. Patrick Gallagher, Jr  top_cap=3
[13:10:22]   🚫 ARGX : section governance introuvable dans DEF14A
[13:10:24]   🚫 MRK.DE : section governance introuvable dans DEF14A
[13:10:25]   🚫 PRY.MI : section governance introuvable dans DEF14A
[13:10:31]   ✅ DAL : board=None ceo=Edward H. Bastian         top_cap=0
[13:10:31]   📊 [75/185] written=22 skipped=0 no_source=53 fails=0 | rate=26.5/min ETA=4min
[13:10:31]   🚫 BN.PA : section governance introuvable dans DEF14A
[13:10:36]   ✅ EW : board=9 ceo=Bernard Zovighian         top_cap=0
[13:10:36]   🚫 DGE.L : section governance introuvable dans DEF14A
[13:10:37]   🚫 VOW.DE : section governance introuvable dans DEF14A
[13:10:38]   🚫 LONN.SW : section governance introuvable dans DEF14A
[13:10:40]   🚫 CCEP : section governance introuvable dans DEF14A
[13:10:41]   🚫 DANSKE.CO : section governance introuvable dans DEF14A
[13:10:48]   ✅ STT : board=13 ceo=Ronald P. O'Hanley        top_cap=0
[13:10:52]   ✅ ON : board=7 ceo=Hassane El-Khoury         top_cap=0
[13:10:57]   ✅ ARES : board=None ceo=Antony P. Ressler         top_cap=0
[13:10:57]   🚫 HLN.L : section governance introuvable dans DEF14A
[13:10:58]   🚫 SHL.DE : section governance introuvable dans DEF14A
[13:11:00]   🚫 FRES.L : section governance introuvable dans DEF14A
[13:11:01]   🚫 III.L : section governance introuvable dans DEF14A
[13:11:02]   🚫 KER.PA : section governance introuvable dans DEF14A
[13:11:03]   🚫 ADYEN.AS : section governance introuvable dans DEF14A
[13:11:05]   🚫 SLHN.SW : section governance introuvable dans DEF14A
[13:11:06]   🚫 KOG.OL : section governance introuvable dans DEF14A
[13:11:07]   🚫 VIE.PA : section governance introuvable dans DEF14A
[13:11:12]   ✅ AEE : board=12 ceo=Martin J. Lyons, Jr.      top_cap=0
[13:11:12]   🚫 VWS.CO : section governance introuvable dans DEF14A
[13:11:13]   🚫 HEXA-B.ST : section governance introuvable dans DEF14A
[13:11:14]   🚫 SAMPO.HE : section governance introuvable dans DEF14A
[13:11:20]   ✅ KHC : board=None ceo=Steve Cahillane           top_cap=3
[13:11:24]   ✅ HUBB : board=11 ceo=Anthony J. Guzzi          top_cap=1
[13:11:24]   📊 [100/185] written=29 skipped=0 no_source=71 fails=0 | rate=26.8/min ETA=3min
[13:11:24]   🚫 PHIA.AS : section governance introuvable dans DEF14A
[13:11:26]   🚫 AV.L : section governance introuvable dans DEF14A
[13:11:27]   🚫 HEN.DE : section governance introuvable dans DEF14A
[13:11:28]   🚫 NESTE.HE : section governance introuvable dans DEF14A
[13:11:29]   🚫 BESI.AS : section governance introuvable dans DEF14A
[13:11:31]   🚫 NMR : section governance introuvable dans DEF14A
[13:11:32]   🚫 FUTU : section governance introuvable dans DEF14A
[13:11:33]   🚫 NN.AS : section governance introuvable dans DEF14A
[13:11:35]   🚫 NHY.OL : section governance introuvable dans DEF14A
[13:11:40]   ✅ WWD : board=3 ceo=?                         top_cap=0
[13:11:40]   🚫 FRE.DE : section governance introuvable dans DEF14A
[13:11:42]   🚫 FORTUM.HE : section governance introuvable dans DEF14A
[13:11:43]   🚫 CLNX.MC : section governance introuvable dans DEF14A
[13:11:44]   🚫 SGSN.SW : section governance introuvable dans DEF14A
[13:11:46]   🚫 CCH.L : section governance introuvable dans DEF14A
[13:11:47]   🚫 EDP.LS : section governance introuvable dans DEF14A
[13:11:48]   🚫 EDPFY : section governance introuvable dans DEF14A
[13:11:54]   ✅ STE : board=None ceo=?                         top_cap=0
[13:12:00]   ✅ SOFI : board=10 ceo=Anthony Noto              top_cap=3
[13:12:04]   ✅ EFX : board=10 ceo=?                         top_cap=0
[13:12:04]   🚫 AMUN.PA : section governance introuvable dans DEF14A
[13:12:09]   ✅ BURL : board=7 ceo=?                         top_cap=0
[13:12:13]   ✅ CHRW : board=10 ceo=Dave Bozeman              top_cap=0
[13:12:18]   ✅ MKSI : board=? ceo=John T.C. Lee             top_cap=0
[13:12:23]   ✅ RBA : board=10 ceo=Jim Kessler               top_cap=0
[13:12:23]   📊 [125/185] written=37 skipped=0 no_source=88 fails=0 | rate=26.6/min ETA=2min
[13:12:23]   🚫 MB.MI : section governance introuvable dans DEF14A
[13:12:24]   🚫 VNA.DE : section governance introuvable dans DEF14A
[13:12:26]   🚫 RI.PA : section governance introuvable dans DEF14A
[13:12:27]   🚫 UNI.MI : section governance introuvable dans DEF14A
[13:12:28]   🚫 DIM.PA : section governance introuvable dans DEF14A
[13:12:29]   🚫 JDEP.AS : section governance introuvable dans DEF14A
[13:12:31]   🚫 FLTR.L : section governance introuvable dans DEF14A
[13:12:32]   🚫 URW.PA : section governance introuvable dans DEF14A
[13:12:33]   🚫 ABF.L : section governance introuvable dans DEF14A
[13:12:35]   🚫 BIP : section governance introuvable dans DEF14A
[13:12:40]   ✅ NVR : board=11 ceo=?                         top_cap=0
[13:12:40]   🚫 ANA.MC : section governance introuvable dans DEF14A
[13:12:46]   ✅ PTC : board=8 ceo=Neil Barua                top_cap=3
[13:12:46]   🚫 BCP.LS : section governance introuvable dans DEF14A
[13:12:47]   🚫 UPM.HE : section governance introuvable dans DEF14A
[13:12:49]   🚫 GRAB : section governance introuvable dans DEF14A
[13:12:50]   🚫 MAP.MC : section governance introuvable dans DEF14A
[13:12:51]   🚫 LOGN.SW : section governance introuvable dans DEF14A
[13:12:57]   ✅ NBIX : board=3 ceo=?                         top_cap=0
[13:13:02]   ✅ GPC : board=11 ceo=William P. Stengel II     top_cap=0
[13:13:02]   🚫 YAR.OL : section governance introuvable dans DEF14A
[13:13:04]   🚫 CA.PA : section governance introuvable dans DEF14A
[13:13:05]   🚫 BVI.PA : section governance introuvable dans DEF14A
[13:13:06]   🚫 SOON.SW : section governance introuvable dans DEF14A
[13:13:08]   🚫 TEL2-B.ST : section governance introuvable dans DEF14A
[13:13:09]   🚫 RXL.PA : section governance introuvable dans DEF14A
[13:13:10]   🚫 AGN.AS : section governance introuvable dans DEF14A
[13:13:12]   🚫 BNT : section governance introuvable dans DEF14A
[13:13:13]   🚫 CNA.L : section governance introuvable dans DEF14A
[13:13:14]   🚫 ERF.PA : section governance introuvable dans DEF14A
[13:13:19]   ✅ MEDP : board=11 ceo=?                         top_cap=0
[13:13:19]   🚫 CHKP : section governance introuvable dans DEF14A
[13:13:24]   ✅ POWL : board=8 ceo=?                         top_cap=0
[13:13:31]   ✅ WMS : board=11 ceo=?                         top_cap=0
[13:13:31]   🚫 LI.PA : section governance introuvable dans DEF14A
[13:13:32]   🚫 ERIE : section governance introuvable dans DEF14A
[13:13:38]   ✅ SMTC : board=9 ceo=?                         top_cap=0
[13:13:38]   🚫 ITRK.L : section governance introuvable dans DEF14A
[13:13:39]   🚫 AKZA.AS : section governance introuvable dans DEF14A
[13:13:40]   🚫 SNAP : section governance introuvable dans DEF14A
[13:13:46]   ✅ CHWY : board=None ceo=?                         top_cap=1
[13:13:46]   🚫 SPM.MI : section governance introuvable dans DEF14A
[13:13:47]   🚫 ABVX : section governance introuvable dans DEF14A
[13:13:49]   🚫 SBRY.L : section governance introuvable dans DEF14A
[13:13:50]   🚫 PAH3.DE : section governance introuvable dans DEF14A
[13:13:51]   🚫 KESKOB.HE : section governance introuvable dans DEF14A
[13:13:57]   ✅ AMZN : board=None ceo=Andy Jassy                top_cap=0
[13:14:02]   ✅ APO : board=13 ceo=?                         top_cap=3
[13:14:06]   ✅ CAH : board=12 ceo=Gregory B. Kenny          top_cap=0
[13:14:10]   ✅ FSLR : board=10 ceo=Mark Widmar               top_cap=3
[13:14:10]   📊 [175/185] written=50 skipped=0 no_source=125 fails=0 | rate=27.0/min ETA=0min
[13:14:14]   ✅ GRMN : board=6 ceo=Min H. Kao                top_cap=0
[13:14:22]   ✅ HSIC : board=10 ceo=Frederick M. Lowery       top_cap=3
[13:14:26]   ✅ MPC : board=12 ceo=Not specified             top_cap=3
[13:14:32]   ✅ MPWR : board=3 ceo=Michael Hsing             top_cap=0
[13:14:36]   ✅ MNST : board=10 ceo=Rodney C. Sacks           top_cap=3
[13:14:41]   ✅ POOL : board=9 ceo=?                         top_cap=0
[13:14:45]   ✅ REG : board=11 ceo=?                         top_cap=0
[13:14:49]   ✅ SNA : board=10 ceo=Nicholas T. Pinchuk       top_cap=0
[13:14:54]   ✅ SYY : board=11 ceo=Kevin Hourican            top_cap=0
[13:14:59]   ✅ DIS : board=11 ceo=Robert A. Iger            top_cap=0
[13:14:59] END : written=60 skipped=0 no_source=125 fails=0
[16:22:06] START : 50 stés (top 307 V1.8 d'abord, puis cat1 beyond)
[16:22:11]   ❌ ASML : LLM fail
[16:22:15]   ❌ ASMLF : LLM fail
[16:22:15]   🚫 ROG.SW : section governance introuvable dans DEF14A
[16:22:20]   ❌ AZN.ST : LLM fail
[16:22:24]   ❌ NVS : LLM fail
[16:22:29]   ❌ ARM : LLM fail
[16:22:29]   🚫 9984.T : section governance introuvable dans DEF14A
[16:22:35]   ✅ OR.PA : board=? ceo=Nicolas Hieronimus        top_cap=0
[16:22:39]   ❌ MUFG : LLM fail
[16:22:43]   ✅ SIE.DE : board=8 ceo=Sunil Mathur              top_cap=0
[16:22:48]   ❌ SAP : LLM fail
[16:22:53]   ✅ TTE.PA : board=? ceo=Patrick Pouyanné          top_cap=0
[16:22:53]   🚫 ABBN.SW : section governance introuvable dans DEF14A
[16:22:54]   🚫 ABBNY : section governance introuvable dans DEF14A
[16:22:55]   🚫 ABLZF : section governance introuvable dans DEF14A
[16:22:57]   🚫 TD : section governance introuvable dans DEF14A
[16:23:03]   ✅ DTEGF : board=? ceo=Timotheus Höttges         top_cap=0
[16:23:08]   ✅ DTEGY : board=? ceo=Timotheus Höttges         top_cap=0
[16:23:12]   ❌ BUD : LLM fail
[16:23:17]   ✅ ATEYY : board=? ceo=Douglas Lefever           top_cap=0
[16:23:22]   ✅ ADTTF : board=? ceo=Douglas Lefever           top_cap=0
[16:23:22]   🚫 SHOP : section governance introuvable dans DEF14A
[16:23:27]   ❌ PBR : LLM fail
[16:23:31]   ❌ BTAFF : LLM fail
[16:23:36]   ✅ UL : board=14 ceo=Fernando Fernandez        top_cap=3
[16:23:36]   📊 [25/50] written=8 skipped=0 no_source=7 fails=10 | rate=16.7/min ETA=1min
[16:23:40]   ❌ BBVXF : LLM fail
[16:23:45]   ✅ BBVA.MC : board=? ceo=Carlos Torres Vila        top_cap=0
[16:23:45]   🚫 ISP.MI : section governance introuvable dans DEF14A
[16:23:54]   ✅ BPAQF : board=? ceo=Meg O Neill               top_cap=0
[16:23:58]   ✅ BP : board=? ceo=Meg O Neill               top_cap=0
[16:24:02]   ❌ BP.L : LLM fail
[16:24:06]   ✅ CS.PA : board=? ceo=Robert L.G. Watson        top_cap=0
[16:24:15]   ❌ ATCO-A.ST : LLM fail
[16:24:19]   ❌ EQNR.OL : LLM fail
[16:24:19]   🚫 GLEN.L : section governance introuvable dans DEF14A
[16:24:21]   🚫 INGA.AS : section governance introuvable dans DEF14A
[16:24:26]   ✅ DG.PA : board=7 ceo=Sébastien Huron           top_cap=0
[16:24:30]   ❌ NG.L : LLM fail
[16:24:30]   🚫 BARC.L : section governance introuvable dans DEF14A
